scenario_id,time_step,obstacle_id,is_dynamic,pos_x,pos_y,radius
1,0,0,False,2.0,2.5,0.6
1,0,1,False,4.0,5.5,0.7
1,0,2,False,7.5,4.0,0.6
1,0,3,True,3.0,3.6,0.5
1,0,4,True,5.4243,4.6364,0.5
1,0,5,True,3.2,6.0,0.5
1,0,6,True,6.933,6.85,0.5
1,0,7,True,4.95,2.3464,0.5
1,1,0,False,2.0,2.5,0.6
1,1,1,False,4.0,5.5,0.7
1,1,2,False,7.5,4.0,0.6
1,1,3,True,3.1196,3.5933,0.5
1,1,4,True,5.472,4.5556,0.5
1,1,5,True,3.1887,5.9105,0.5
1,1,6,True,6.9558,6.7877,0.5
1,1,7,True,5.0544,2.3151,0.5
1,2,0,False,2.0,2.5,0.6
1,2,1,False,4.0,5.5,0.7
1,2,2,False,7.5,4.0,0.6
1,2,3,True,3.2364,3.5732,0.5
1,2,4,True,5.513,4.4669,0.5
1,2,5,True,3.1551,5.8239,0.5
1,2,6,True,6.974,6.7226,0.5
1,2,7,True,5.1479,2.2776,0.5
1,3,0,False,2.0,2.5,0.6
1,3,1,False,4.0,5.5,0.7
1,3,2,False,7.5,4.0,0.6
1,3,3,True,3.348,3.5403,0.5
1,3,4,True,5.5465,4.3714,0.5
1,3,5,True,3.1004,5.7429,0.5
1,3,6,True,6.9876,6.6552,0.5
1,3,7,True,5.2287,2.2348,0.5
1,4,0,False,2.0,2.5,0.6
1,4,1,False,4.0,5.5,0.7
1,4,2,False,7.5,4.0,0.6
1,4,3,True,3.4517,3.4952,0.5
1,4,4,True,5.5722,4.2706,0.5
1,4,5,True,3.0263,5.6703,0.5
1,4,6,True,6.9962,6.5863,0.5
1,4,7,True,5.2953,2.1873,0.5
1,5,0,False,2.0,2.5,0.6
1,5,1,False,4.0,5.5,0.7
1,5,2,False,7.5,4.0,0.6
1,5,3,True,3.5453,3.439,0.5
1,5,4,True,5.5897,4.1659,0.5
1,5,5,True,2.9351,5.6083,0.5
1,5,6,True,6.9999,6.5165,0.5
1,5,7,True,5.3463,2.1361,0.5
1,6,0,False,2.0,2.5,0.6
1,6,1,False,4.0,5.5,0.7
1,6,2,False,7.5,4.0,0.6
1,6,3,True,3.6267,3.373,0.5
1,6,4,True,5.5987,4.0588,0.5
1,6,5,True,2.8299,5.559,0.5
1,6,6,True,6.9985,6.4466,0.5
1,6,7,True,5.3808,2.0823,0.5
1,7,0,False,2.0,2.5,0.6
1,7,1,False,4.0,5.5,0.7
1,7,2,False,7.5,4.0,0.6
1,7,3,True,3.6939,3.2985,0.5
1,7,4,True,5.5991,3.9509,0.5
1,7,5,True,2.7141,5.524,0.5
1,7,6,True,6.9922,6.3772,0.5
1,7,7,True,5.398,2.0269,0.5
1,8,0,False,2.0,2.5,0.6
1,8,1,False,4.0,5.5,0.7
1,8,2,False,7.5,4.0,0.6
1,8,3,True,3.7456,3.2174,0.5
1,8,4,True,5.5909,3.8437,0.5
1,8,5,True,2.5913,5.5043,0.5
1,8,6,True,6.981,6.309,0.5
1,8,7,True,5.3976,1.9709,0.5
1,9,0,False,2.0,2.5,0.6
1,9,1,False,4.0,5.5,0.7
1,9,2,False,7.5,4.0,0.6
1,9,3,True,3.7806,3.1314,0.5
1,9,4,True,5.5742,3.7387,0.5
1,9,5,True,2.4656,5.5006,0.5
1,9,6,True,6.965,6.2427,0.5
1,9,7,True,5.3797,1.9155,0.5
1,10,0,False,2.0,2.5,0.6
1,10,1,False,4.0,5.5,0.7
1,10,2,False,7.5,4.0,0.6
1,10,3,True,3.798,3.0424,0.5
1,10,4,True,5.5492,3.6375,0.5
1,10,5,True,2.341,5.5131,0.5
1,10,6,True,6.9443,6.179,0.5
1,10,7,True,5.3446,1.8618,0.5
1,11,0,False,2.0,2.5,0.6
1,11,1,False,4.0,5.5,0.7
1,11,2,False,7.5,4.0,0.6
1,11,3,True,3.7975,2.9525,0.5
1,11,4,True,5.5163,3.5415,0.5
1,11,5,True,2.2215,5.5413,0.5
1,11,6,True,6.9192,6.1185,0.5
1,11,7,True,5.2929,1.8108,0.5
1,12,0,False,2.0,2.5,0.6
1,12,1,False,4.0,5.5,0.7
1,12,2,False,7.5,4.0,0.6
1,12,3,True,3.7791,2.8637,0.5
1,12,4,True,5.476,3.452,0.5
1,12,5,True,2.111,5.5843,0.5
1,12,6,True,6.8899,6.0618,0.5
1,12,7,True,5.2257,1.7634,0.5
1,13,0,False,2.0,2.5,0.6
1,13,1,False,4.0,5.5,0.7
1,13,2,False,7.5,4.0,0.6
1,13,3,True,3.7432,2.7779,0.5
1,13,4,True,5.4288,3.3705,0.5
1,13,5,True,2.0131,5.6408,0.5
1,13,6,True,6.8567,6.0095,0.5
1,13,7,True,5.1444,1.7207,0.5
1,14,0,False,2.0,2.5,0.6
1,14,1,False,4.0,5.5,0.7
1,14,2,False,7.5,4.0,0.6
1,14,3,True,3.6906,2.6971,0.5
1,14,4,True,5.3755,3.298,0.5
1,14,5,True,1.9309,5.7088,0.5
1,14,6,True,6.82,5.9621,0.5
1,14,7,True,5.0504,1.6835,0.5
1,15,0,False,2.0,2.5,0.6
1,15,1,False,4.0,5.5,0.7
1,15,2,False,7.5,4.0,0.6
1,15,3,True,3.6225,2.6231,0.5
1,15,4,True,5.3168,3.2357,0.5
1,15,5,True,1.8671,5.7863,0.5
1,15,6,True,6.78,5.9201,0.5
1,15,7,True,4.9456,1.6525,0.5
1,16,0,False,2.0,2.5,0.6
1,16,1,False,4.0,5.5,0.7
1,16,2,False,7.5,4.0,0.6
1,16,3,True,3.5404,2.5576,0.5
1,16,4,True,5.2535,3.1843,0.5
1,16,5,True,1.8238,5.8707,0.5
1,16,6,True,6.7372,5.8838,0.5
1,16,7,True,4.8322,1.6282,0.5
1,17,0,False,2.0,2.5,0.6
1,17,1,False,4.0,5.5,0.7
1,17,2,False,7.5,4.0,0.6
1,17,3,True,3.4461,2.502,0.5
1,17,4,True,5.1866,3.1446,0.5
1,17,5,True,1.8023,5.9592,0.5
1,17,6,True,6.6921,5.8537,0.5
1,17,7,True,4.7122,1.6113,0.5
1,18,0,False,2.0,2.5,0.6
1,18,1,False,4.0,5.5,0.7
1,18,2,False,7.5,4.0,0.6
1,18,3,True,3.3419,2.4576,0.5
1,18,4,True,5.117,3.1173,0.5
1,18,5,True,1.8034,6.0491,0.5
1,18,6,True,6.6451,5.8301,0.5
1,18,7,True,4.5881,1.6019,0.5
1,19,0,False,2.0,2.5,0.6
1,19,1,False,4.0,5.5,0.7
1,19,2,False,7.5,4.0,0.6
1,19,3,True,3.23,2.4253,0.5
1,19,4,True,5.0457,3.1026,0.5
1,19,5,True,1.827,6.1374,0.5
1,19,6,True,6.5966,5.8132,0.5
1,19,7,True,4.4622,1.6004,0.5
1,20,0,False,2.0,2.5,0.6
1,20,1,False,4.0,5.5,0.7
1,20,2,False,7.5,4.0,0.6
1,20,3,True,3.1129,2.406,0.5
1,20,4,True,4.9737,3.1009,0.5
1,20,5,True,1.8723,6.2213,0.5
1,20,6,True,6.5471,5.8031,0.5
1,20,7,True,4.3371,1.6066,0.5
1,21,0,False,2.0,2.5,0.6
1,21,1,False,4.0,5.5,0.7
1,21,2,False,7.5,4.0,0.6
1,21,3,True,2.9933,2.4,0.5
1,21,4,True,4.9022,3.112,0.5
1,21,5,True,1.9379,6.298,0.5
1,21,6,True,6.4972,5.8,0.5
1,21,7,True,4.2152,1.6206,0.5
1,22,0,False,2.0,2.5,0.6
1,22,1,False,4.0,5.5,0.7
1,22,2,False,7.5,4.0,0.6
1,22,3,True,2.8738,2.4075,0.5
1,22,4,True,4.832,3.136,0.5
1,22,5,True,2.0216,6.365,0.5
1,22,6,True,6.4473,5.8039,0.5
1,22,7,True,4.0988,1.6419,0.5
1,23,0,False,2.0,2.5,0.6
1,23,1,False,4.0,5.5,0.7
1,23,2,False,7.5,4.0,0.6
1,23,3,True,2.7572,2.4283,0.5
1,23,4,True,4.7642,3.1724,0.5
1,23,5,True,2.1209,6.4203,0.5
1,23,6,True,6.3979,5.8147,0.5
1,23,7,True,3.9903,1.6703,0.5
1,24,0,False,2.0,2.5,0.6
1,24,1,False,4.0,5.5,0.7
1,24,2,False,7.5,4.0,0.6
1,24,3,True,2.646,2.4619,0.5
1,24,4,True,4.6999,3.2207,0.5
1,24,5,True,2.2323,6.462,0.5
1,24,6,True,6.3496,5.8324,0.5
1,24,7,True,3.8918,1.7052,0.5
1,25,0,False,2.0,2.5,0.6
1,25,1,False,4.0,5.5,0.7
1,25,2,False,7.5,4.0,0.6
1,25,3,True,2.5428,2.5077,0.5
1,25,4,True,4.6399,3.2802,0.5
1,25,5,True,2.3524,6.4888,0.5
1,25,6,True,6.3027,5.8568,0.5
1,25,7,True,3.8052,1.7458,0.5
1,26,0,False,2.0,2.5,0.6
1,26,1,False,4.0,5.5,0.7
1,26,2,False,7.5,4.0,0.6
1,26,3,True,2.4498,2.5644,0.5
1,26,4,True,4.585,3.35,0.5
1,26,5,True,2.4773,6.4997,0.5
1,26,6,True,6.2578,5.8876,0.5
1,26,7,True,3.7322,1.7913,0.5
1,27,0,False,2.0,2.5,0.6
1,27,1,False,4.0,5.5,0.7
1,27,2,False,7.5,4.0,0.6
1,27,3,True,2.3692,2.631,0.5
1,27,4,True,4.5361,3.4292,0.5
1,27,5,True,2.603,6.4946,0.5
1,27,6,True,6.2154,5.9245,0.5
1,27,7,True,3.6742,1.841,0.5
1,28,0,False,2.0,2.5,0.6
1,28,1,False,4.0,5.5,0.7
1,28,2,False,7.5,4.0,0.6
1,28,3,True,2.3027,2.7058,0.5
1,28,4,True,4.4939,3.5166,0.5
1,28,5,True,2.7252,6.4734,0.5
1,28,6,True,6.1758,5.9671,0.5
1,28,7,True,3.6323,1.8938,0.5
1,29,0,False,2.0,2.5,0.6
1,29,1,False,4.0,5.5,0.7
1,29,2,False,7.5,4.0,0.6
1,29,3,True,2.252,2.7873,0.5
1,29,4,True,4.4589,3.611,0.5
1,29,5,True,2.8403,6.437,0.5
1,29,6,True,6.1394,6.0151,0.5
1,29,7,True,3.6075,1.9486,0.5
1,30,0,False,2.0,2.5,0.6
1,30,1,False,4.0,5.5,0.7
1,30,2,False,7.5,4.0,0.6
1,30,3,True,2.218,2.8735,0.5
1,30,4,True,4.4318,3.7109,0.5
1,30,5,True,2.9443,6.3864,0.5
1,30,6,True,6.1066,6.068,0.5
1,30,7,True,3.6001,2.0045,0.5
1,31,0,False,2.0,2.5,0.6
1,31,1,False,4.0,5.5,0.7
1,31,2,False,7.5,4.0,0.6
1,31,3,True,2.2016,2.9626,0.5
1,31,4,True,4.4128,3.815,0.5
1,31,5,True,3.034,6.3233,0.5
1,31,6,True,6.0778,6.1251,0.5
1,31,7,True,3.6103,2.0603,0.5
1,32,0,False,2.0,2.5,0.6
1,32,1,False,4.0,5.5,0.7
1,32,2,False,7.5,4.0,0.6
1,32,3,True,2.2031,3.0525,0.5
1,32,4,True,4.4023,3.9218,0.5
1,32,5,True,3.1064,6.2498,0.5
1,32,6,True,6.0531,6.186,0.5
1,32,7,True,3.6379,2.1148,0.5
1,33,0,False,2.0,2.5,0.6
1,33,1,False,4.0,5.5,0.7
1,33,2,False,7.5,4.0,0.6
1,33,3,True,2.2225,3.1412,0.5
1,33,4,True,4.4003,4.0297,0.5
1,33,5,True,3.1592,6.1682,0.5
1,33,6,True,6.033,6.25,0.5
1,33,7,True,3.6824,2.1672,0.5
1,34,0,False,2.0,2.5,0.6
1,34,1,False,4.0,5.5,0.7
1,34,2,False,7.5,4.0,0.6
1,34,3,True,2.2593,3.2268,0.5
1,34,4,True,4.407,4.1372,0.5
1,34,5,True,3.1907,6.0812,0.5
1,34,6,True,6.0175,6.3165,0.5
1,34,7,True,3.7429,2.2163,0.5
1,35,0,False,2.0,2.5,0.6
1,35,1,False,4.0,5.5,0.7
1,35,2,False,7.5,4.0,0.6
1,35,3,True,2.3129,3.3073,0.5
1,35,4,True,4.4222,4.2427,0.5
1,35,5,True,3.1999,5.9916,0.5
1,35,6,True,6.0068,6.3849,0.5
1,35,7,True,3.8182,2.2611,0.5
1,36,0,False,2.0,2.5,0.6
1,36,1,False,4.0,5.5,0.7
1,36,2,False,7.5,4.0,0.6
1,36,3,True,2.3818,3.3808,0.5
1,36,4,True,4.4457,4.3447,0.5
1,36,5,True,3.1865,5.9022,0.5
1,36,6,True,6.0011,6.4544,0.5
1,36,7,True,3.9068,2.3008,0.5
1,37,0,False,2.0,2.5,0.6
1,37,1,False,4.0,5.5,0.7
1,37,2,False,7.5,4.0,0.6
1,37,3,True,2.4646,3.4458,0.5
1,37,4,True,4.4772,4.4417,0.5
1,37,5,True,3.1509,5.816,0.5
1,37,6,True,6.0003,6.5244,0.5
1,37,7,True,4.0071,2.3347,0.5
1,38,0,False,2.0,2.5,0.6
1,38,1,False,4.0,5.5,0.7
1,38,2,False,7.5,4.0,0.6
1,38,3,True,2.5595,3.5008,0.5
1,38,4,True,4.5162,4.5324,0.5
1,38,5,True,3.0943,5.7358,0.5
1,38,6,True,6.0045,6.5941,0.5
1,38,7,True,4.117,2.362,0.5
1,39,0,False,2.0,2.5,0.6
1,39,1,False,4.0,5.5,0.7
1,39,2,False,7.5,4.0,0.6
1,39,3,True,2.6642,3.5446,0.5
1,39,4,True,4.5622,4.6155,0.5
1,39,5,True,3.0184,5.664,0.5
1,39,6,True,6.0137,6.6629,0.5
1,39,7,True,4.2344,2.3822,0.5
1,40,0,False,2.0,2.5,0.6
1,40,1,False,4.0,5.5,0.7
1,40,2,False,7.5,4.0,0.6
1,40,3,True,2.7765,3.5761,0.5
1,40,4,True,4.6145,4.6896,0.5
1,40,5,True,2.9258,5.6032,0.5
1,40,6,True,6.0278,6.73,0.5
1,40,7,True,4.357,2.3949,0.5
1,41,0,False,2.0,2.5,0.6
1,41,1,False,4.0,5.5,0.7
1,41,2,False,7.5,4.0,0.6
1,41,3,True,2.8938,3.5947,0.5
1,41,4,True,4.6723,4.7539,0.5
1,41,5,True,2.8195,5.5551,0.5
1,41,6,True,6.0465,6.7949,0.5
1,41,7,True,4.4824,2.3999,0.5
1,42,0,False,2.0,2.5,0.6
1,42,1,False,4.0,5.5,0.7
1,42,2,False,7.5,4.0,0.6
1,42,3,True,3.0135,3.5999,0.5
1,42,4,True,4.7348,4.8073,0.5
1,42,5,True,2.7028,5.5215,0.5
1,42,6,True,6.0698,6.8568,0.5
1,42,7,True,4.6081,2.3971,0.5
1,43,0,False,2.0,2.5,0.6
1,43,1,False,4.0,5.5,0.7
1,43,2,False,7.5,4.0,0.6
1,43,3,True,3.1328,3.5917,0.5
1,43,4,True,4.8012,4.8491,0.5
1,43,5,True,2.5796,5.5032,0.5
1,43,6,True,6.0974,6.9151,0.5
1,43,7,True,4.7317,2.3865,0.5
1,44,0,False,2.0,2.5,0.6
1,44,1,False,4.0,5.5,0.7
1,44,2,False,7.5,4.0,0.6
1,44,3,True,3.2492,3.5701,0.5
1,44,4,True,4.8704,4.8787,0.5
1,44,5,True,2.4538,5.5011,0.5
1,44,6,True,6.129,6.9693,0.5
1,44,7,True,4.8508,2.3684,0.5
1,45,0,False,2.0,2.5,0.6
1,45,1,False,4.0,5.5,0.7
1,45,2,False,7.5,4.0,0.6
1,45,3,True,3.36,3.5358,0.5
1,45,4,True,4.9414,4.8957,0.5
1,45,5,True,2.3295,5.5151,0.5
1,45,6,True,6.1643,7.0188,0.5
1,45,7,True,4.963,2.343,0.5
1,46,0,False,2.0,2.5,0.6
1,46,1,False,4.0,5.5,0.7
1,46,2,False,7.5,4.0,0.6
1,46,3,True,3.4628,3.4894,0.5
1,46,4,True,5.0133,4.8998,0.5
1,46,5,True,2.2107,5.5447,0.5
1,46,6,True,6.203,7.0631,0.5
1,46,7,True,5.0662,2.3109,0.5
1,47,0,False,2.0,2.5,0.6
1,47,1,False,4.0,5.5,0.7
1,47,2,False,7.5,4.0,0.6
1,47,3,True,3.5551,3.4321,0.5
1,47,4,True,5.085,4.8909,0.5
1,47,5,True,2.1013,5.589,0.5
1,47,6,True,6.2447,7.1018,0.5
1,47,7,True,5.1583,2.2728,0.5
1,48,0,False,2.0,2.5,0.6
1,48,1,False,4.0,5.5,0.7
1,48,2,False,7.5,4.0,0.6
1,48,3,True,3.6349,3.365,0.5
1,48,4,True,5.1555,4.8692,0.5
1,48,5,True,2.0047,5.6467,0.5
1,48,6,True,6.2888,7.1345,0.5
1,48,7,True,5.2375,2.2293,0.5
1,49,0,False,2.0,2.5,0.6
1,49,1,False,4.0,5.5,0.7
1,49,2,False,7.5,4.0,0.6
1,49,3,True,3.7005,3.2897,0.5
1,49,4,True,5.2238,4.8351,0.5
1,49,5,True,1.9242,5.7157,0.5
1,49,6,True,6.3351,7.1609,0.5
1,49,7,True,5.3023,2.1813,0.5
1,50,0,False,2.0,2.5,0.6
1,50,1,False,4.0,5.5,0.7
1,50,2,False,7.5,4.0,0.6
1,50,3,True,3.7504,3.208,0.5
1,50,4,True,5.2888,4.7889,0.5
1,50,5,True,1.8622,5.7939,0.5
1,50,6,True,6.3831,7.1806,0.5
1,50,7,True,5.3513,2.1298,0.5
1,51,0,False,2.0,2.5,0.6
1,51,1,False,4.0,5.5,0.7
1,51,2,False,7.5,4.0,0.6
1,51,3,True,3.7834,3.1215,0.5
1,51,4,True,5.3497,4.7313,0.5
1,51,5,True,1.8209,5.8788,0.5
1,51,6,True,6.4322,7.1935,0.5
1,51,7,True,5.3837,2.0757,0.5
1,52,0,False,2.0,2.5,0.6
1,52,1,False,4.0,5.5,0.7
1,52,2,False,7.5,4.0,0.6
1,52,3,True,3.7988,3.0324,0.5
1,52,4,True,5.4056,4.6633,0.5
1,52,5,True,1.8015,5.9676,0.5
1,52,6,True,6.482,7.1995,0.5
1,52,7,True,5.3989,2.0201,0.5
1,53,0,False,2.0,2.5,0.6
1,53,1,False,4.0,5.5,0.7
1,53,2,False,7.5,4.0,0.6
1,53,3,True,3.7963,2.9425,0.5
1,53,4,True,5.4556,4.5857,0.5
1,53,5,True,1.8046,6.0575,0.5
1,53,6,True,6.532,7.1986,0.5
1,53,7,True,5.3964,1.9642,0.5
1,54,0,False,2.0,2.5,0.6
1,54,1,False,4.0,5.5,0.7
1,54,2,False,7.5,4.0,0.6
1,54,3,True,3.7759,2.8539,0.5
1,54,4,True,5.499,4.4997,0.5
1,54,5,True,1.8303,6.1455,0.5
1,54,6,True,6.5816,7.1906,0.5
1,54,7,True,5.3764,1.909,0.5
1,55,0,False,2.0,2.5,0.6
1,55,1,False,4.0,5.5,0.7
1,55,2,False,7.5,4.0,0.6
1,55,3,True,3.7381,2.7686,0.5
1,55,4,True,5.5353,4.4065,0.5
1,55,5,True,1.8776,6.2288,0.5
1,55,6,True,6.6305,7.1757,0.5
1,55,7,True,5.3392,1.8555,0.5
1,56,0,False,2.0,2.5,0.6
1,56,1,False,4.0,5.5,0.7
1,56,2,False,7.5,4.0,0.6
1,56,3,True,3.6837,2.6884,0.5
1,56,4,True,5.5639,4.3074,0.5
1,56,5,True,1.945,6.3047,0.5
1,56,6,True,6.678,7.1541,0.5
1,56,7,True,5.2856,1.8049,0.5
1,57,0,False,2.0,2.5,0.6
1,57,1,False,4.0,5.5,0.7
1,57,2,False,7.5,4.0,0.6
1,57,3,True,3.6139,2.6153,0.5
1,57,4,True,5.5844,4.2039,0.5
1,57,5,True,2.0303,6.3707,0.5
1,57,6,True,6.7238,7.126,0.5
1,57,7,True,5.2167,1.758,0.5
1,58,0,False,2.0,2.5,0.6
1,58,1,False,4.0,5.5,0.7
1,58,2,False,7.5,4.0,0.6
1,58,3,True,3.5304,2.5508,0.5
1,58,4,True,5.5965,4.0975,0.5
1,58,5,True,2.1308,6.4248,0.5
1,58,6,True,6.7673,7.0916,0.5
1,58,7,True,5.1337,1.716,0.5
1,59,0,False,2.0,2.5,0.6
1,59,1,False,4.0,5.5,0.7
1,59,2,False,7.5,4.0,0.6
1,59,3,True,3.4349,2.4964,0.5
1,59,4,True,5.6,3.9897,0.5
1,59,5,True,2.2432,6.4651,0.5
1,59,6,True,6.8081,7.0513,0.5
1,59,7,True,5.0383,1.6794,0.5
1,60,0,False,2.0,2.5,0.6
1,60,1,False,4.0,5.5,0.7
1,60,2,False,7.5,4.0,0.6
1,60,3,True,3.3297,2.4533,0.5
1,60,4,True,5.5948,3.8821,0.5
1,60,5,True,2.364,6.4905,0.5
1,60,6,True,6.8459,7.0054,0.5
1,60,7,True,4.9324,1.6492,0.5
1,61,0,False,2.0,2.5,0.6
1,61,1,False,4.0,5.5,0.7
1,61,2,False,7.5,4.0,0.6
1,61,3,True,3.2171,2.4225,0.5
1,61,4,True,5.5811,3.7761,0.5
1,61,5,True,2.4891,6.4999,0.5
1,61,6,True,6.8802,6.9546,0.5
1,61,7,True,4.818,1.6258,0.5
1,62,0,False,2.0,2.5,0.6
1,62,1,False,4.0,5.5,0.7
1,62,2,False,7.5,4.0,0.6
1,62,3,True,3.0996,2.4047,0.5
1,62,4,True,5.5591,3.6734,0.5
1,62,5,True,2.6146,6.4933,0.5
1,62,6,True,6.9107,6.8992,0.5
1,62,7,True,4.6974,1.6097,0.5
1,63,0,False,2.0,2.5,0.6
1,63,1,False,4.0,5.5,0.7
1,63,2,False,7.5,4.0,0.6
1,63,3,True,2.9798,2.4002,0.5
1,63,4,True,5.529,3.5753,0.5
1,63,5,True,2.7364,6.4706,0.5
1,63,6,True,6.9372,6.8398,0.5
1,63,7,True,4.573,1.6013,0.5
1,64,0,False,2.0,2.5,0.6
1,64,1,False,4.0,5.5,0.7
1,64,2,False,7.5,4.0,0.6
1,64,3,True,2.8605,2.4092,0.5
1,64,4,True,5.4913,3.4834,0.5
1,64,5,True,2.8505,6.4328,0.5
1,64,6,True,6.9592,6.777,0.5
1,64,7,True,4.4471,1.6007,0.5
1,65,0,False,2.0,2.5,0.6
1,65,1,False,4.0,5.5,0.7
1,65,2,False,7.5,4.0,0.6
1,65,3,True,2.7444,2.4315,0.5
1,65,4,True,5.4465,3.3989,0.5
1,65,5,True,2.9533,6.381,0.5
1,65,6,True,6.9767,6.7114,0.5
1,65,7,True,4.3222,1.6079,0.5
1,66,0,False,2.0,2.5,0.6
1,66,1,False,4.0,5.5,0.7
1,66,2,False,7.5,4.0,0.6
1,66,3,True,2.634,2.4665,0.5
1,66,4,True,5.3954,3.323,0.5
1,66,5,True,3.0415,6.3169,0.5
1,66,6,True,6.9893,6.6437,0.5
1,66,7,True,4.2009,1.6227,0.5
1,67,0,False,2.0,2.5,0.6
1,67,1,False,4.0,5.5,0.7
1,67,2,False,7.5,4.0,0.6
1,67,3,True,2.5318,2.5135,0.5
1,67,4,True,5.3385,3.2569,0.5
1,67,5,True,3.1122,6.2425,0.5
1,67,6,True,6.9972,6.5746,0.5
1,67,7,True,4.0853,1.645,0.5
1,68,0,False,2.0,2.5,0.6
1,68,1,False,4.0,5.5,0.7
1,68,2,False,7.5,4.0,0.6
1,68,3,True,2.4401,2.5714,0.5
1,68,4,True,5.2767,3.2014,0.5
1,68,5,True,3.163,6.1603,0.5
1,68,6,True,7.0,6.5047,0.5
1,68,7,True,3.9779,1.6742,0.5
1,69,0,False,2.0,2.5,0.6
1,69,1,False,4.0,5.5,0.7
1,69,2,False,7.5,4.0,0.6
1,69,3,True,2.361,2.639,0.5
1,69,4,True,5.211,3.1575,0.5
1,69,5,True,3.1925,6.0729,0.5
1,69,6,True,6.9978,6.4348,0.5
1,69,7,True,3.8807,1.7097,0.5
1,70,0,False,2.0,2.5,0.6
1,70,1,False,4.0,5.5,0.7
1,70,2,False,7.5,4.0,0.6
1,70,3,True,2.2962,2.7147,0.5
1,70,4,True,5.1423,3.1257,0.5
1,70,5,True,3.1996,5.9832,0.5
1,70,6,True,6.9907,6.3656,0.5
1,70,7,True,3.7957,1.751,0.5
1,71,0,False,2.0,2.5,0.6
1,71,1,False,4.0,5.5,0.7
1,71,2,False,7.5,4.0,0.6
1,71,3,True,2.2473,2.7968,0.5
1,71,4,True,5.0715,3.1064,0.5
1,71,5,True,3.1841,5.894,0.5
1,71,6,True,6.9787,6.2977,0.5
1,71,7,True,3.7244,1.7971,0.5
1,72,0,False,2.0,2.5,0.6
1,72,1,False,4.0,5.5,0.7
1,72,2,False,7.5,4.0,0.6
1,72,3,True,2.2153,2.8834,0.5
1,72,4,True,4.9996,3.1,0.5
1,72,5,True,3.1465,5.8082,0.5
1,72,6,True,6.9618,6.2318,0.5
1,72,7,True,3.6683,1.8472,0.5
1,73,0,False,2.0,2.5,0.6
1,73,1,False,4.0,5.5,0.7
1,73,2,False,7.5,4.0,0.6
1,73,3,True,2.2008,2.9727,0.5
1,73,4,True,4.9278,3.1065,0.5
1,73,5,True,3.088,5.7287,0.5
1,73,6,True,6.9404,6.1686,0.5
1,73,7,True,3.6284,1.9003,0.5
1,74,0,False,2.0,2.5,0.6
1,74,1,False,4.0,5.5,0.7
1,74,2,False,7.5,4.0,0.6
1,74,3,True,2.2044,3.0625,0.5
1,74,4,True,4.857,3.1259,0.5
1,74,5,True,3.0104,5.6579,0.5
1,74,6,True,6.9146,6.1087,0.5
1,74,7,True,3.6056,1.9553,0.5
1,75,0,False,2.0,2.5,0.6
1,75,1,False,4.0,5.5,0.7
1,75,2,False,7.5,4.0,0.6
1,75,3,True,2.2258,3.151,0.5
1,75,4,True,4.7883,3.1579,0.5
1,75,5,True,2.9164,5.5981,0.5
1,75,6,True,6.8846,6.0527,0.5
1,75,7,True,3.6004,2.0112,0.5
1,76,0,False,2.0,2.5,0.6
1,76,1,False,4.0,5.5,0.7
1,76,2,False,7.5,4.0,0.6
1,76,3,True,2.2645,3.2361,0.5
1,76,4,True,4.7226,3.202,0.5
1,76,5,True,2.809,5.5513,0.5
1,76,6,True,6.8508,6.0012,0.5
1,76,7,True,3.6127,2.0669,0.5
1,77,0,False,2.0,2.5,0.6
1,77,1,False,4.0,5.5,0.7
1,77,2,False,7.5,4.0,0.6
1,77,3,True,2.3198,3.3159,0.5
1,77,4,True,4.6609,3.2575,0.5
1,77,5,True,2.6915,5.5191,0.5
1,77,6,True,6.8135,5.9546,0.5
1,77,7,True,3.6424,2.1213,0.5
1,78,0,False,2.0,2.5,0.6
1,78,1,False,4.0,5.5,0.7
1,78,2,False,7.5,4.0,0.6
1,78,3,True,2.3904,3.3886,0.5
1,78,4,True,4.6041,3.3237,0.5
1,78,5,True,2.5679,5.5024,0.5
1,78,6,True,6.773,5.9135,0.5
1,78,7,True,3.6888,2.1733,0.5
1,79,0,False,2.0,2.5,0.6
1,79,1,False,4.0,5.5,0.7
1,79,2,False,7.5,4.0,0.6
1,79,3,True,2.4747,3.4525,0.5
1,79,4,True,4.553,3.3997,0.5
1,79,5,True,2.4421,5.5017,0.5
1,79,6,True,6.7298,5.8783,0.5
1,79,7,True,3.7512,2.2219,0.5
1,80,0,False,2.0,2.5,0.6
1,80,1,False,4.0,5.5,0.7
1,80,2,False,7.5,4.0,0.6
1,80,3,True,2.5707,3.5063,0.5
1,80,4,True,4.5083,3.4843,0.5
1,80,5,True,2.3181,5.5172,0.5
1,80,6,True,6.6843,5.8493,0.5
1,80,7,True,3.8282,2.2662,0.5
1,81,0,False,2.0,2.5,0.6
1,81,1,False,4.0,5.5,0.7
1,81,2,False,7.5,4.0,0.6
1,81,3,True,2.6764,3.5487,0.5
1,81,4,True,4.4707,3.5763,0.5
1,81,5,True,2.2,5.5482,0.5
1,81,6,True,6.637,5.8268,0.5
1,81,7,True,3.9183,2.3052,0.5
1,82,0,False,2.0,2.5,0.6
1,82,1,False,4.0,5.5,0.7
1,82,2,False,7.5,4.0,0.6
1,82,3,True,2.7894,3.5788,0.5
1,82,4,True,4.4406,3.6744,0.5
1,82,5,True,2.0917,5.5939,0.5
1,82,6,True,6.5883,5.811,0.5
1,82,7,True,4.0198,2.3383,0.5
1,83,0,False,2.0,2.5,0.6
1,83,1,False,4.0,5.5,0.7
1,83,2,False,7.5,4.0,0.6
1,83,3,True,2.9071,3.5959,0.5
1,83,4,True,4.4187,3.7772,0.5
1,83,5,True,1.9965,5.6527,0.5
1,83,6,True,6.5388,5.8021,0.5
1,83,7,True,4.1307,2.3648,0.5
1,84,0,False,2.0,2.5,0.6
1,84,1,False,4.0,5.5,0.7
1,84,2,False,7.5,4.0,0.6
1,84,3,True,3.0269,3.5997,0.5
1,84,4,True,4.4051,3.8832,0.5
1,84,5,True,1.9175,5.7227,0.5
1,84,6,True,6.4888,5.8002,0.5
1,84,7,True,4.2489,2.3841,0.5
1,85,0,False,2.0,2.5,0.6
1,85,1,False,4.0,5.5,0.7
1,85,2,False,7.5,4.0,0.6
1,85,3,True,3.1461,3.5899,0.5
1,85,4,True,4.4,3.9908,0.5
1,85,5,True,1.8574,5.8016,0.5
1,85,6,True,6.4389,5.8052,0.5
1,85,7,True,4.3719,2.3959,0.5
1,86,0,False,2.0,2.5,0.6
1,86,1,False,4.0,5.5,0.7
1,86,2,False,7.5,4.0,0.6
1,86,3,True,3.262,3.5669,0.5
1,86,4,True,4.4036,4.0986,0.5
1,86,5,True,1.8181,5.887,0.5
1,86,6,True,6.3897,5.8172,0.5
1,86,7,True,4.4975,2.4,0.5
1,87,0,False,2.0,2.5,0.6
1,87,1,False,4.0,5.5,0.7
1,87,2,False,7.5,4.0,0.6
1,87,3,True,3.372,3.5312,0.5
1,87,4,True,4.4158,4.205,0.5
1,87,5,True,1.8008,5.976,0.5
1,87,6,True,6.3416,5.8361,0.5
1,87,7,True,4.6231,2.3962,0.5
1,88,0,False,2.0,2.5,0.6
1,88,1,False,4.0,5.5,0.7
1,88,2,False,7.5,4.0,0.6
1,88,3,True,3.4737,3.4835,0.5
1,88,4,True,4.4363,4.3085,0.5
1,88,5,True,1.8061,6.0658,0.5
1,88,6,True,6.295,5.8615,0.5
1,88,7,True,4.7463,2.3847,0.5
1,89,0,False,2.0,2.5,0.6
1,89,1,False,4.0,5.5,0.7
1,89,2,False,7.5,4.0,0.6
1,89,3,True,3.5647,3.425,0.5
1,89,4,True,4.465,4.4075,0.5
1,89,5,True,1.8338,6.1535,0.5
1,89,6,True,6.2505,5.8934,0.5
1,89,7,True,4.8647,2.3657,0.5
1,90,0,False,2.0,2.5,0.6
1,90,1,False,4.0,5.5,0.7
1,90,2,False,7.5,4.0,0.6
1,90,3,True,3.643,3.357,0.5
1,90,4,True,4.5014,4.5006,0.5
1,90,5,True,1.883,6.2362,0.5
1,90,6,True,6.2085,5.9313,0.5
1,90,7,True,4.976,2.3395,0.5
1,91,0,False,2.0,2.5,0.6
1,91,1,False,4.0,5.5,0.7
1,91,2,False,7.5,4.0,0.6
1,91,3,True,3.7069,3.2809,0.5
1,91,4,True,4.5449,4.5865,0.5
1,91,5,True,1.9522,6.3113,0.5
1,91,6,True,6.1694,5.9749,0.5
1,91,7,True,5.0779,2.3066,0.5
1,92,0,False,2.0,2.5,0.6
1,92,1,False,4.0,5.5,0.7
1,92,2,False,7.5,4.0,0.6
1,92,3,True,3.755,3.1985,0.5
1,92,4,True,4.595,4.664,0.5
1,92,5,True,2.0391,6.3763,0.5
1,92,6,True,6.1336,6.0237,0.5
1,92,7,True,5.1685,2.2678,0.5
1,93,0,False,2.0,2.5,0.6
1,93,1,False,4.0,5.5,0.7
1,93,2,False,7.5,4.0,0.6
1,93,3,True,3.786,3.1116,0.5
1,93,4,True,4.6509,4.732,0.5
1,93,5,True,2.1408,6.4292,0.5
1,93,6,True,6.1015,6.0773,0.5
1,93,7,True,5.2461,2.2237,0.5
1,94,0,False,2.0,2.5,0.6
1,94,1,False,4.0,5.5,0.7
1,94,2,False,7.5,4.0,0.6
1,94,3,True,3.7994,3.0223,0.5
1,94,4,True,4.7118,4.7894,0.5
1,94,5,True,2.2542,6.4682,0.5
1,94,6,True,6.0733,6.1351,0.5
1,94,7,True,5.309,2.1753,0.5
1,95,0,False,2.0,2.5,0.6
1,95,1,False,4.0,5.5,0.7
1,95,2,False,7.5,4.0,0.6
1,95,3,True,3.7949,2.9324,0.5
1,95,4,True,4.7769,4.8355,0.5
1,95,5,True,2.3755,6.492,0.5
1,95,6,True,6.0494,6.1965,0.5
1,95,7,True,5.3561,2.1234,0.5
1,96,0,False,2.0,2.5,0.6
1,96,1,False,4.0,5.5,0.7
1,96,2,False,7.5,4.0,0.6
1,96,3,True,3.7725,2.8441,0.5
1,96,4,True,4.8452,4.8695,0.5
1,96,5,True,2.5009,6.5,0.5
1,96,6,True,6.03,6.261,0.5
1,96,7,True,5.3865,2.0691,0.5
1,97,0,False,2.0,2.5,0.6
1,97,1,False,4.0,5.5,0.7
1,97,2,False,7.5,4.0,0.6
1,97,3,True,3.7328,2.7593,0.5
1,97,4,True,4.9157,4.8911,0.5
1,97,5,True,2.6262,6.4918,0.5
1,97,6,True,6.0153,6.3279,0.5
1,97,7,True,5.3995,2.0134,0.5
1,98,0,False,2.0,2.5,0.6
1,98,1,False,4.0,5.5,0.7
1,98,2,False,7.5,4.0,0.6
1,98,3,True,3.6766,2.6798,0.5
1,98,4,True,4.9874,4.8998,0.5
1,98,5,True,2.7474,6.4677,0.5
1,98,6,True,6.0055,6.3965,0.5
1,98,7,True,5.3949,1.9575,0.5
1,99,0,False,2.0,2.5,0.6
1,99,1,False,4.0,5.5,0.7
1,99,2,False,7.5,4.0,0.6
1,99,3,True,3.6052,2.6076,0.5
1,99,4,True,5.0593,4.8956,0.5
1,99,5,True,2.8606,6.4285,0.5
1,99,6,True,6.0006,6.4661,0.5
1,99,7,True,5.3728,1.9024,0.5
2,0,0,False,2.0,2.5,0.6
2,0,1,False,4.0,5.5,0.7
2,0,2,False,7.5,4.0,0.6
2,0,3,True,3.0,3.6,0.5
2,0,4,True,5.4243,4.6364,0.5
2,0,5,True,3.2,6.0,0.5
2,0,6,True,6.933,6.85,0.5
2,0,7,True,4.95,2.3464,0.5
2,1,0,False,2.0,2.5,0.6
2,1,1,False,4.0,5.5,0.7
2,1,2,False,7.5,4.0,0.6
2,1,3,True,3.1196,3.5933,0.5
2,1,4,True,5.472,4.5556,0.5
2,1,5,True,3.1887,5.9105,0.5
2,1,6,True,6.9558,6.7877,0.5
2,1,7,True,5.0544,2.3151,0.5
2,2,0,False,2.0,2.5,0.6
2,2,1,False,4.0,5.5,0.7
2,2,2,False,7.5,4.0,0.6
2,2,3,True,3.2364,3.5732,0.5
2,2,4,True,5.513,4.4669,0.5
2,2,5,True,3.1551,5.8239,0.5
2,2,6,True,6.974,6.7226,0.5
2,2,7,True,5.1479,2.2776,0.5
2,3,0,False,2.0,2.5,0.6
2,3,1,False,4.0,5.5,0.7
2,3,2,False,7.5,4.0,0.6
2,3,3,True,3.348,3.5403,0.5
2,3,4,True,5.5465,4.3714,0.5
2,3,5,True,3.1004,5.7429,0.5
2,3,6,True,6.9876,6.6552,0.5
2,3,7,True,5.2287,2.2348,0.5
2,4,0,False,2.0,2.5,0.6
2,4,1,False,4.0,5.5,0.7
2,4,2,False,7.5,4.0,0.6
2,4,3,True,3.4517,3.4952,0.5
2,4,4,True,5.5722,4.2706,0.5
2,4,5,True,3.0263,5.6703,0.5
2,4,6,True,6.9962,6.5863,0.5
2,4,7,True,5.2953,2.1873,0.5
2,5,0,False,2.0,2.5,0.6
2,5,1,False,4.0,5.5,0.7
2,5,2,False,7.5,4.0,0.6
2,5,3,True,3.5453,3.439,0.5
2,5,4,True,5.5897,4.1659,0.5
2,5,5,True,2.9351,5.6083,0.5
2,5,6,True,6.9999,6.5165,0.5
2,5,7,True,5.3463,2.1361,0.5
2,6,0,False,2.0,2.5,0.6
2,6,1,False,4.0,5.5,0.7
2,6,2,False,7.5,4.0,0.6
2,6,3,True,3.6267,3.373,0.5
2,6,4,True,5.5987,4.0588,0.5
2,6,5,True,2.8299,5.559,0.5
2,6,6,True,6.9985,6.4466,0.5
2,6,7,True,5.3808,2.0823,0.5
2,7,0,False,2.0,2.5,0.6
2,7,1,False,4.0,5.5,0.7
2,7,2,False,7.5,4.0,0.6
2,7,3,True,3.6939,3.2985,0.5
2,7,4,True,5.5991,3.9509,0.5
2,7,5,True,2.7141,5.524,0.5
2,7,6,True,6.9922,6.3772,0.5
2,7,7,True,5.398,2.0269,0.5
2,8,0,False,2.0,2.5,0.6
2,8,1,False,4.0,5.5,0.7
2,8,2,False,7.5,4.0,0.6
2,8,3,True,3.7456,3.2174,0.5
2,8,4,True,5.5909,3.8437,0.5
2,8,5,True,2.5913,5.5043,0.5
2,8,6,True,6.981,6.309,0.5
2,8,7,True,5.3976,1.9709,0.5
2,9,0,False,2.0,2.5,0.6
2,9,1,False,4.0,5.5,0.7
2,9,2,False,7.5,4.0,0.6
2,9,3,True,3.7806,3.1314,0.5
2,9,4,True,5.5742,3.7387,0.5
2,9,5,True,2.4656,5.5006,0.5
2,9,6,True,6.965,6.2427,0.5
2,9,7,True,5.3797,1.9155,0.5
2,10,0,False,2.0,2.5,0.6
2,10,1,False,4.0,5.5,0.7
2,10,2,False,7.5,4.0,0.6
2,10,3,True,3.798,3.0424,0.5
2,10,4,True,5.5492,3.6375,0.5
2,10,5,True,2.341,5.5131,0.5
2,10,6,True,6.9443,6.179,0.5
2,10,7,True,5.3446,1.8618,0.5
2,11,0,False,2.0,2.5,0.6
2,11,1,False,4.0,5.5,0.7
2,11,2,False,7.5,4.0,0.6
2,11,3,True,3.7975,2.9525,0.5
2,11,4,True,5.5163,3.5415,0.5
2,11,5,True,2.2215,5.5413,0.5
2,11,6,True,6.9192,6.1185,0.5
2,11,7,True,5.2929,1.8108,0.5
2,12,0,False,2.0,2.5,0.6
2,12,1,False,4.0,5.5,0.7
2,12,2,False,7.5,4.0,0.6
2,12,3,True,3.7791,2.8637,0.5
2,12,4,True,5.476,3.452,0.5
2,12,5,True,2.111,5.5843,0.5
2,12,6,True,6.8899,6.0618,0.5
2,12,7,True,5.2257,1.7634,0.5
2,13,0,False,2.0,2.5,0.6
2,13,1,False,4.0,5.5,0.7
2,13,2,False,7.5,4.0,0.6
2,13,3,True,3.7432,2.7779,0.5
2,13,4,True,5.4288,3.3705,0.5
2,13,5,True,2.0131,5.6408,0.5
2,13,6,True,6.8567,6.0095,0.5
2,13,7,True,5.1444,1.7207,0.5
2,14,0,False,2.0,2.5,0.6
2,14,1,False,4.0,5.5,0.7
2,14,2,False,7.5,4.0,0.6
2,14,3,True,3.6906,2.6971,0.5
2,14,4,True,5.3755,3.298,0.5
2,14,5,True,1.9309,5.7088,0.5
2,14,6,True,6.82,5.9621,0.5
2,14,7,True,5.0504,1.6835,0.5
2,15,0,False,2.0,2.5,0.6
2,15,1,False,4.0,5.5,0.7
2,15,2,False,7.5,4.0,0.6
2,15,3,True,3.6225,2.6231,0.5
2,15,4,True,5.3168,3.2357,0.5
2,15,5,True,1.8671,5.7863,0.5
2,15,6,True,6.78,5.9201,0.5
2,15,7,True,4.9456,1.6525,0.5
2,16,0,False,2.0,2.5,0.6
2,16,1,False,4.0,5.5,0.7
2,16,2,False,7.5,4.0,0.6
2,16,3,True,3.5404,2.5576,0.5
2,16,4,True,5.2535,3.1843,0.5
2,16,5,True,1.8238,5.8707,0.5
2,16,6,True,6.7372,5.8838,0.5
2,16,7,True,4.8322,1.6282,0.5
2,17,0,False,2.0,2.5,0.6
2,17,1,False,4.0,5.5,0.7
2,17,2,False,7.5,4.0,0.6
2,17,3,True,3.4461,2.502,0.5
2,17,4,True,5.1866,3.1446,0.5
2,17,5,True,1.8023,5.9592,0.5
2,17,6,True,6.6921,5.8537,0.5
2,17,7,True,4.7122,1.6113,0.5
2,18,0,False,2.0,2.5,0.6
2,18,1,False,4.0,5.5,0.7
2,18,2,False,7.5,4.0,0.6
2,18,3,True,3.3419,2.4576,0.5
2,18,4,True,5.117,3.1173,0.5
2,18,5,True,1.8034,6.0491,0.5
2,18,6,True,6.6451,5.8301,0.5
2,18,7,True,4.5881,1.6019,0.5
2,19,0,False,2.0,2.5,0.6
2,19,1,False,4.0,5.5,0.7
2,19,2,False,7.5,4.0,0.6
2,19,3,True,3.23,2.4253,0.5
2,19,4,True,5.0457,3.1026,0.5
2,19,5,True,1.827,6.1374,0.5
2,19,6,True,6.5966,5.8132,0.5
2,19,7,True,4.4622,1.6004,0.5
2,20,0,False,2.0,2.5,0.6
2,20,1,False,4.0,5.5,0.7
2,20,2,False,7.5,4.0,0.6
2,20,3,True,3.1129,2.406,0.5
2,20,4,True,4.9737,3.1009,0.5
2,20,5,True,1.8723,6.2213,0.5
2,20,6,True,6.5471,5.8031,0.5
2,20,7,True,4.3371,1.6066,0.5
2,21,0,False,2.0,2.5,0.6
2,21,1,False,4.0,5.5,0.7
2,21,2,False,7.5,4.0,0.6
2,21,3,True,2.9933,2.4,0.5
2,21,4,True,4.9022,3.112,0.5
2,21,5,True,1.9379,6.298,0.5
2,21,6,True,6.4972,5.8,0.5
2,21,7,True,4.2152,1.6206,0.5
2,22,0,False,2.0,2.5,0.6
2,22,1,False,4.0,5.5,0.7
2,22,2,False,7.5,4.0,0.6
2,22,3,True,2.8738,2.4075,0.5
2,22,4,True,4.832,3.136,0.5
2,22,5,True,2.0216,6.365,0.5
2,22,6,True,6.4473,5.8039,0.5
2,22,7,True,4.0988,1.6419,0.5
2,23,0,False,2.0,2.5,0.6
2,23,1,False,4.0,5.5,0.7
2,23,2,False,7.5,4.0,0.6
2,23,3,True,2.7572,2.4283,0.5
2,23,4,True,4.7642,3.1724,0.5
2,23,5,True,2.1209,6.4203,0.5
2,23,6,True,6.3979,5.8147,0.5
2,23,7,True,3.9903,1.6703,0.5
2,24,0,False,2.0,2.5,0.6
2,24,1,False,4.0,5.5,0.7
2,24,2,False,7.5,4.0,0.6
2,24,3,True,2.646,2.4619,0.5
2,24,4,True,4.6999,3.2207,0.5
2,24,5,True,2.2323,6.462,0.5
2,24,6,True,6.3496,5.8324,0.5
2,24,7,True,3.8918,1.7052,0.5
2,25,0,False,2.0,2.5,0.6
2,25,1,False,4.0,5.5,0.7
2,25,2,False,7.5,4.0,0.6
2,25,3,True,2.5428,2.5077,0.5
2,25,4,True,4.6399,3.2802,0.5
2,25,5,True,2.3524,6.4888,0.5
2,25,6,True,6.3027,5.8568,0.5
2,25,7,True,3.8052,1.7458,0.5
2,26,0,False,2.0,2.5,0.6
2,26,1,False,4.0,5.5,0.7
2,26,2,False,7.5,4.0,0.6
2,26,3,True,2.4498,2.5644,0.5
2,26,4,True,4.585,3.35,0.5
2,26,5,True,2.4773,6.4997,0.5
2,26,6,True,6.2578,5.8876,0.5
2,26,7,True,3.7322,1.7913,0.5
2,27,0,False,2.0,2.5,0.6
2,27,1,False,4.0,5.5,0.7
2,27,2,False,7.5,4.0,0.6
2,27,3,True,2.3692,2.631,0.5
2,27,4,True,4.5361,3.4292,0.5
2,27,5,True,2.603,6.4946,0.5
2,27,6,True,6.2154,5.9245,0.5
2,27,7,True,3.6742,1.841,0.5
2,28,0,False,2.0,2.5,0.6
2,28,1,False,4.0,5.5,0.7
2,28,2,False,7.5,4.0,0.6
2,28,3,True,2.3027,2.7058,0.5
2,28,4,True,4.4939,3.5166,0.5
2,28,5,True,2.7252,6.4734,0.5
2,28,6,True,6.1758,5.9671,0.5
2,28,7,True,3.6323,1.8938,0.5
2,29,0,False,2.0,2.5,0.6
2,29,1,False,4.0,5.5,0.7
2,29,2,False,7.5,4.0,0.6
2,29,3,True,2.252,2.7873,0.5
2,29,4,True,4.4589,3.611,0.5
2,29,5,True,2.8403,6.437,0.5
2,29,6,True,6.1394,6.0151,0.5
2,29,7,True,3.6075,1.9486,0.5
2,30,0,False,2.0,2.5,0.6
2,30,1,False,4.0,5.5,0.7
2,30,2,False,7.5,4.0,0.6
2,30,3,True,2.218,2.8735,0.5
2,30,4,True,4.4318,3.7109,0.5
2,30,5,True,2.9443,6.3864,0.5
2,30,6,True,6.1066,6.068,0.5
2,30,7,True,3.6001,2.0045,0.5
2,31,0,False,2.0,2.5,0.6
2,31,1,False,4.0,5.5,0.7
2,31,2,False,7.5,4.0,0.6
2,31,3,True,2.2016,2.9626,0.5
2,31,4,True,4.4128,3.815,0.5
2,31,5,True,3.034,6.3233,0.5
2,31,6,True,6.0778,6.1251,0.5
2,31,7,True,3.6103,2.0603,0.5
2,32,0,False,2.0,2.5,0.6
2,32,1,False,4.0,5.5,0.7
2,32,2,False,7.5,4.0,0.6
2,32,3,True,2.2031,3.0525,0.5
2,32,4,True,4.4023,3.9218,0.5
2,32,5,True,3.1064,6.2498,0.5
2,32,6,True,6.0531,6.186,0.5
2,32,7,True,3.6379,2.1148,0.5
2,33,0,False,2.0,2.5,0.6
2,33,1,False,4.0,5.5,0.7
2,33,2,False,7.5,4.0,0.6
2,33,3,True,2.2225,3.1412,0.5
2,33,4,True,4.4003,4.0297,0.5
2,33,5,True,3.1592,6.1682,0.5
2,33,6,True,6.033,6.25,0.5
2,33,7,True,3.6824,2.1672,0.5
2,34,0,False,2.0,2.5,0.6
2,34,1,False,4.0,5.5,0.7
2,34,2,False,7.5,4.0,0.6
2,34,3,True,2.2593,3.2268,0.5
2,34,4,True,4.407,4.1372,0.5
2,34,5,True,3.1907,6.0812,0.5
2,34,6,True,6.0175,6.3165,0.5
2,34,7,True,3.7429,2.2163,0.5
2,35,0,False,2.0,2.5,0.6
2,35,1,False,4.0,5.5,0.7
2,35,2,False,7.5,4.0,0.6
2,35,3,True,2.3129,3.3073,0.5
2,35,4,True,4.4222,4.2427,0.5
2,35,5,True,3.1999,5.9916,0.5
2,35,6,True,6.0068,6.3849,0.5
2,35,7,True,3.8182,2.2611,0.5
2,36,0,False,2.0,2.5,0.6
2,36,1,False,4.0,5.5,0.7
2,36,2,False,7.5,4.0,0.6
2,36,3,True,2.3818,3.3808,0.5
2,36,4,True,4.4457,4.3447,0.5
2,36,5,True,3.1865,5.9022,0.5
2,36,6,True,6.0011,6.4544,0.5
2,36,7,True,3.9068,2.3008,0.5
2,37,0,False,2.0,2.5,0.6
2,37,1,False,4.0,5.5,0.7
2,37,2,False,7.5,4.0,0.6
2,37,3,True,2.4646,3.4458,0.5
2,37,4,True,4.4772,4.4417,0.5
2,37,5,True,3.1509,5.816,0.5
2,37,6,True,6.0003,6.5244,0.5
2,37,7,True,4.0071,2.3347,0.5
2,38,0,False,2.0,2.5,0.6
2,38,1,False,4.0,5.5,0.7
2,38,2,False,7.5,4.0,0.6
2,38,3,True,2.5595,3.5008,0.5
2,38,4,True,4.5162,4.5324,0.5
2,38,5,True,3.0943,5.7358,0.5
2,38,6,True,6.0045,6.5941,0.5
2,38,7,True,4.117,2.362,0.5
2,39,0,False,2.0,2.5,0.6
2,39,1,False,4.0,5.5,0.7
2,39,2,False,7.5,4.0,0.6
2,39,3,True,2.6642,3.5446,0.5
2,39,4,True,4.5622,4.6155,0.5
2,39,5,True,3.0184,5.664,0.5
2,39,6,True,6.0137,6.6629,0.5
2,39,7,True,4.2344,2.3822,0.5
2,40,0,False,2.0,2.5,0.6
2,40,1,False,4.0,5.5,0.7
2,40,2,False,7.5,4.0,0.6
2,40,3,True,2.7765,3.5761,0.5
2,40,4,True,4.6145,4.6896,0.5
2,40,5,True,2.9258,5.6032,0.5
2,40,6,True,6.0278,6.73,0.5
2,40,7,True,4.357,2.3949,0.5
2,41,0,False,2.0,2.5,0.6
2,41,1,False,4.0,5.5,0.7
2,41,2,False,7.5,4.0,0.6
2,41,3,True,2.8938,3.5947,0.5
2,41,4,True,4.6723,4.7539,0.5
2,41,5,True,2.8195,5.5551,0.5
2,41,6,True,6.0465,6.7949,0.5
2,41,7,True,4.4824,2.3999,0.5
2,42,0,False,2.0,2.5,0.6
2,42,1,False,4.0,5.5,0.7
2,42,2,False,7.5,4.0,0.6
2,42,3,True,3.0135,3.5999,0.5
2,42,4,True,4.7348,4.8073,0.5
2,42,5,True,2.7028,5.5215,0.5
2,42,6,True,6.0698,6.8568,0.5
2,42,7,True,4.6081,2.3971,0.5
2,43,0,False,2.0,2.5,0.6
2,43,1,False,4.0,5.5,0.7
2,43,2,False,7.5,4.0,0.6
2,43,3,True,3.1328,3.5917,0.5
2,43,4,True,4.8012,4.8491,0.5
2,43,5,True,2.5796,5.5032,0.5
2,43,6,True,6.0974,6.9151,0.5
2,43,7,True,4.7317,2.3865,0.5
2,44,0,False,2.0,2.5,0.6
2,44,1,False,4.0,5.5,0.7
2,44,2,False,7.5,4.0,0.6
2,44,3,True,3.2492,3.5701,0.5
2,44,4,True,4.8704,4.8787,0.5
2,44,5,True,2.4538,5.5011,0.5
2,44,6,True,6.129,6.9693,0.5
2,44,7,True,4.8508,2.3684,0.5
2,45,0,False,2.0,2.5,0.6
2,45,1,False,4.0,5.5,0.7
2,45,2,False,7.5,4.0,0.6
2,45,3,True,3.36,3.5358,0.5
2,45,4,True,4.9414,4.8957,0.5
2,45,5,True,2.3295,5.5151,0.5
2,45,6,True,6.1643,7.0188,0.5
2,45,7,True,4.963,2.343,0.5
2,46,0,False,2.0,2.5,0.6
2,46,1,False,4.0,5.5,0.7
2,46,2,False,7.5,4.0,0.6
2,46,3,True,3.4628,3.4894,0.5
2,46,4,True,5.0133,4.8998,0.5
2,46,5,True,2.2107,5.5447,0.5
2,46,6,True,6.203,7.0631,0.5
2,46,7,True,5.0662,2.3109,0.5
2,47,0,False,2.0,2.5,0.6
2,47,1,False,4.0,5.5,0.7
2,47,2,False,7.5,4.0,0.6
2,47,3,True,3.5551,3.4321,0.5
2,47,4,True,5.085,4.8909,0.5
2,47,5,True,2.1013,5.589,0.5
2,47,6,True,6.2447,7.1018,0.5
2,47,7,True,5.1583,2.2728,0.5
2,48,0,False,2.0,2.5,0.6
2,48,1,False,4.0,5.5,0.7
2,48,2,False,7.5,4.0,0.6
2,48,3,True,3.6349,3.365,0.5
2,48,4,True,5.1555,4.8692,0.5
2,48,5,True,2.0047,5.6467,0.5
2,48,6,True,6.2888,7.1345,0.5
2,48,7,True,5.2375,2.2293,0.5
2,49,0,False,2.0,2.5,0.6
2,49,1,False,4.0,5.5,0.7
2,49,2,False,7.5,4.0,0.6
2,49,3,True,3.7005,3.2897,0.5
2,49,4,True,5.2238,4.8351,0.5
2,49,5,True,1.9242,5.7157,0.5
2,49,6,True,6.3351,7.1609,0.5
2,49,7,True,5.3023,2.1813,0.5
2,50,0,False,2.0,2.5,0.6
2,50,1,False,4.0,5.5,0.7
2,50,2,False,7.5,4.0,0.6
2,50,3,True,3.7504,3.208,0.5
2,50,4,True,5.2888,4.7889,0.5
2,50,5,True,1.8622,5.7939,0.5
2,50,6,True,6.3831,7.1806,0.5
2,50,7,True,5.3513,2.1298,0.5
2,51,0,False,2.0,2.5,0.6
2,51,1,False,4.0,5.5,0.7
2,51,2,False,7.5,4.0,0.6
2,51,3,True,3.7834,3.1215,0.5
2,51,4,True,5.3497,4.7313,0.5
2,51,5,True,1.8209,5.8788,0.5
2,51,6,True,6.4322,7.1935,0.5
2,51,7,True,5.3837,2.0757,0.5
2,52,0,False,2.0,2.5,0.6
2,52,1,False,4.0,5.5,0.7
2,52,2,False,7.5,4.0,0.6
2,52,3,True,3.7988,3.0324,0.5
2,52,4,True,5.4056,4.6633,0.5
2,52,5,True,1.8015,5.9676,0.5
2,52,6,True,6.482,7.1995,0.5
2,52,7,True,5.3989,2.0201,0.5
2,53,0,False,2.0,2.5,0.6
2,53,1,False,4.0,5.5,0.7
2,53,2,False,7.5,4.0,0.6
2,53,3,True,3.7963,2.9425,0.5
2,53,4,True,5.4556,4.5857,0.5
2,53,5,True,1.8046,6.0575,0.5
2,53,6,True,6.532,7.1986,0.5
2,53,7,True,5.3964,1.9642,0.5
2,54,0,False,2.0,2.5,0.6
2,54,1,False,4.0,5.5,0.7
2,54,2,False,7.5,4.0,0.6
2,54,3,True,3.7759,2.8539,0.5
2,54,4,True,5.499,4.4997,0.5
2,54,5,True,1.8303,6.1455,0.5
2,54,6,True,6.5816,7.1906,0.5
2,54,7,True,5.3764,1.909,0.5
2,55,0,False,2.0,2.5,0.6
2,55,1,False,4.0,5.5,0.7
2,55,2,False,7.5,4.0,0.6
2,55,3,True,3.7381,2.7686,0.5
2,55,4,True,5.5353,4.4065,0.5
2,55,5,True,1.8776,6.2288,0.5
2,55,6,True,6.6305,7.1757,0.5
2,55,7,True,5.3392,1.8555,0.5
2,56,0,False,2.0,2.5,0.6
2,56,1,False,4.0,5.5,0.7
2,56,2,False,7.5,4.0,0.6
2,56,3,True,3.6837,2.6884,0.5
2,56,4,True,5.5639,4.3074,0.5
2,56,5,True,1.945,6.3047,0.5
2,56,6,True,6.678,7.1541,0.5
2,56,7,True,5.2856,1.8049,0.5
2,57,0,False,2.0,2.5,0.6
2,57,1,False,4.0,5.5,0.7
2,57,2,False,7.5,4.0,0.6
2,57,3,True,3.6139,2.6153,0.5
2,57,4,True,5.5844,4.2039,0.5
2,57,5,True,2.0303,6.3707,0.5
2,57,6,True,6.7238,7.126,0.5
2,57,7,True,5.2167,1.758,0.5
2,58,0,False,2.0,2.5,0.6
2,58,1,False,4.0,5.5,0.7
2,58,2,False,7.5,4.0,0.6
2,58,3,True,3.5304,2.5508,0.5
2,58,4,True,5.5965,4.0975,0.5
2,58,5,True,2.1308,6.4248,0.5
2,58,6,True,6.7673,7.0916,0.5
2,58,7,True,5.1337,1.716,0.5
2,59,0,False,2.0,2.5,0.6
2,59,1,False,4.0,5.5,0.7
2,59,2,False,7.5,4.0,0.6
2,59,3,True,3.4349,2.4964,0.5
2,59,4,True,5.6,3.9897,0.5
2,59,5,True,2.2432,6.4651,0.5
2,59,6,True,6.8081,7.0513,0.5
2,59,7,True,5.0383,1.6794,0.5
2,60,0,False,2.0,2.5,0.6
2,60,1,False,4.0,5.5,0.7
2,60,2,False,7.5,4.0,0.6
2,60,3,True,3.3297,2.4533,0.5
2,60,4,True,5.5948,3.8821,0.5
2,60,5,True,2.364,6.4905,0.5
2,60,6,True,6.8459,7.0054,0.5
2,60,7,True,4.9324,1.6492,0.5
2,61,0,False,2.0,2.5,0.6
2,61,1,False,4.0,5.5,0.7
2,61,2,False,7.5,4.0,0.6
2,61,3,True,3.2171,2.4225,0.5
2,61,4,True,5.5811,3.7761,0.5
2,61,5,True,2.4891,6.4999,0.5
2,61,6,True,6.8802,6.9546,0.5
2,61,7,True,4.818,1.6258,0.5
2,62,0,False,2.0,2.5,0.6
2,62,1,False,4.0,5.5,0.7
2,62,2,False,7.5,4.0,0.6
2,62,3,True,3.0996,2.4047,0.5
2,62,4,True,5.5591,3.6734,0.5
2,62,5,True,2.6146,6.4933,0.5
2,62,6,True,6.9107,6.8992,0.5
2,62,7,True,4.6974,1.6097,0.5
2,63,0,False,2.0,2.5,0.6
2,63,1,False,4.0,5.5,0.7
2,63,2,False,7.5,4.0,0.6
2,63,3,True,2.9798,2.4002,0.5
2,63,4,True,5.529,3.5753,0.5
2,63,5,True,2.7364,6.4706,0.5
2,63,6,True,6.9372,6.8398,0.5
2,63,7,True,4.573,1.6013,0.5
2,64,0,False,2.0,2.5,0.6
2,64,1,False,4.0,5.5,0.7
2,64,2,False,7.5,4.0,0.6
2,64,3,True,2.8605,2.4092,0.5
2,64,4,True,5.4913,3.4834,0.5
2,64,5,True,2.8505,6.4328,0.5
2,64,6,True,6.9592,6.777,0.5
2,64,7,True,4.4471,1.6007,0.5
2,65,0,False,2.0,2.5,0.6
2,65,1,False,4.0,5.5,0.7
2,65,2,False,7.5,4.0,0.6
2,65,3,True,2.7444,2.4315,0.5
2,65,4,True,5.4465,3.3989,0.5
2,65,5,True,2.9533,6.381,0.5
2,65,6,True,6.9767,6.7114,0.5
2,65,7,True,4.3222,1.6079,0.5
2,66,0,False,2.0,2.5,0.6
2,66,1,False,4.0,5.5,0.7
2,66,2,False,7.5,4.0,0.6
2,66,3,True,2.634,2.4665,0.5
2,66,4,True,5.3954,3.323,0.5
2,66,5,True,3.0415,6.3169,0.5
2,66,6,True,6.9893,6.6437,0.5
2,66,7,True,4.2009,1.6227,0.5
2,67,0,False,2.0,2.5,0.6
2,67,1,False,4.0,5.5,0.7
2,67,2,False,7.5,4.0,0.6
2,67,3,True,2.5318,2.5135,0.5
2,67,4,True,5.3385,3.2569,0.5
2,67,5,True,3.1122,6.2425,0.5
2,67,6,True,6.9972,6.5746,0.5
2,67,7,True,4.0853,1.645,0.5
2,68,0,False,2.0,2.5,0.6
2,68,1,False,4.0,5.5,0.7
2,68,2,False,7.5,4.0,0.6
2,68,3,True,2.4401,2.5714,0.5
2,68,4,True,5.2767,3.2014,0.5
2,68,5,True,3.163,6.1603,0.5
2,68,6,True,7.0,6.5047,0.5
2,68,7,True,3.9779,1.6742,0.5
2,69,0,False,2.0,2.5,0.6
2,69,1,False,4.0,5.5,0.7
2,69,2,False,7.5,4.0,0.6
2,69,3,True,2.361,2.639,0.5
2,69,4,True,5.211,3.1575,0.5
2,69,5,True,3.1925,6.0729,0.5
2,69,6,True,6.9978,6.4348,0.5
2,69,7,True,3.8807,1.7097,0.5
2,70,0,False,2.0,2.5,0.6
2,70,1,False,4.0,5.5,0.7
2,70,2,False,7.5,4.0,0.6
2,70,3,True,2.2962,2.7147,0.5
2,70,4,True,5.1423,3.1257,0.5
2,70,5,True,3.1996,5.9832,0.5
2,70,6,True,6.9907,6.3656,0.5
2,70,7,True,3.7957,1.751,0.5
2,71,0,False,2.0,2.5,0.6
2,71,1,False,4.0,5.5,0.7
2,71,2,False,7.5,4.0,0.6
2,71,3,True,2.2473,2.7968,0.5
2,71,4,True,5.0715,3.1064,0.5
2,71,5,True,3.1841,5.894,0.5
2,71,6,True,6.9787,6.2977,0.5
2,71,7,True,3.7244,1.7971,0.5
2,72,0,False,2.0,2.5,0.6
2,72,1,False,4.0,5.5,0.7
2,72,2,False,7.5,4.0,0.6
2,72,3,True,2.2153,2.8834,0.5
2,72,4,True,4.9996,3.1,0.5
2,72,5,True,3.1465,5.8082,0.5
2,72,6,True,6.9618,6.2318,0.5
2,72,7,True,3.6683,1.8472,0.5
2,73,0,False,2.0,2.5,0.6
2,73,1,False,4.0,5.5,0.7
2,73,2,False,7.5,4.0,0.6
2,73,3,True,2.2008,2.9727,0.5
2,73,4,True,4.9278,3.1065,0.5
2,73,5,True,3.088,5.7287,0.5
2,73,6,True,6.9404,6.1686,0.5
2,73,7,True,3.6284,1.9003,0.5
2,74,0,False,2.0,2.5,0.6
2,74,1,False,4.0,5.5,0.7
2,74,2,False,7.5,4.0,0.6
2,74,3,True,2.2044,3.0625,0.5
2,74,4,True,4.857,3.1259,0.5
2,74,5,True,3.0104,5.6579,0.5
2,74,6,True,6.9146,6.1087,0.5
2,74,7,True,3.6056,1.9553,0.5
2,75,0,False,2.0,2.5,0.6
2,75,1,False,4.0,5.5,0.7
2,75,2,False,7.5,4.0,0.6
2,75,3,True,2.2258,3.151,0.5
2,75,4,True,4.7883,3.1579,0.5
2,75,5,True,2.9164,5.5981,0.5
2,75,6,True,6.8846,6.0527,0.5
2,75,7,True,3.6004,2.0112,0.5
2,76,0,False,2.0,2.5,0.6
2,76,1,False,4.0,5.5,0.7
2,76,2,False,7.5,4.0,0.6
2,76,3,True,2.2645,3.2361,0.5
2,76,4,True,4.7226,3.202,0.5
2,76,5,True,2.809,5.5513,0.5
2,76,6,True,6.8508,6.0012,0.5
2,76,7,True,3.6127,2.0669,0.5
2,77,0,False,2.0,2.5,0.6
2,77,1,False,4.0,5.5,0.7
2,77,2,False,7.5,4.0,0.6
2,77,3,True,2.3198,3.3159,0.5
2,77,4,True,4.6609,3.2575,0.5
2,77,5,True,2.6915,5.5191,0.5
2,77,6,True,6.8135,5.9546,0.5
2,77,7,True,3.6424,2.1213,0.5
2,78,0,False,2.0,2.5,0.6
2,78,1,False,4.0,5.5,0.7
2,78,2,False,7.5,4.0,0.6
2,78,3,True,2.3904,3.3886,0.5
2,78,4,True,4.6041,3.3237,0.5
2,78,5,True,2.5679,5.5024,0.5
2,78,6,True,6.773,5.9135,0.5
2,78,7,True,3.6888,2.1733,0.5
2,79,0,False,2.0,2.5,0.6
2,79,1,False,4.0,5.5,0.7
2,79,2,False,7.5,4.0,0.6
2,79,3,True,2.4747,3.4525,0.5
2,79,4,True,4.553,3.3997,0.5
2,79,5,True,2.4421,5.5017,0.5
2,79,6,True,6.7298,5.8783,0.5
2,79,7,True,3.7512,2.2219,0.5
2,80,0,False,2.0,2.5,0.6
2,80,1,False,4.0,5.5,0.7
2,80,2,False,7.5,4.0,0.6
2,80,3,True,2.5707,3.5063,0.5
2,80,4,True,4.5083,3.4843,0.5
2,80,5,True,2.3181,5.5172,0.5
2,80,6,True,6.6843,5.8493,0.5
2,80,7,True,3.8282,2.2662,0.5
2,81,0,False,2.0,2.5,0.6
2,81,1,False,4.0,5.5,0.7
2,81,2,False,7.5,4.0,0.6
2,81,3,True,2.6764,3.5487,0.5
2,81,4,True,4.4707,3.5763,0.5
2,81,5,True,2.2,5.5482,0.5
2,81,6,True,6.637,5.8268,0.5
2,81,7,True,3.9183,2.3052,0.5
2,82,0,False,2.0,2.5,0.6
2,82,1,False,4.0,5.5,0.7
2,82,2,False,7.5,4.0,0.6
2,82,3,True,2.7894,3.5788,0.5
2,82,4,True,4.4406,3.6744,0.5
2,82,5,True,2.0917,5.5939,0.5
2,82,6,True,6.5883,5.811,0.5
2,82,7,True,4.0198,2.3383,0.5
2,83,0,False,2.0,2.5,0.6
2,83,1,False,4.0,5.5,0.7
2,83,2,False,7.5,4.0,0.6
2,83,3,True,2.9071,3.5959,0.5
2,83,4,True,4.4187,3.7772,0.5
2,83,5,True,1.9965,5.6527,0.5
2,83,6,True,6.5388,5.8021,0.5
2,83,7,True,4.1307,2.3648,0.5
2,84,0,False,2.0,2.5,0.6
2,84,1,False,4.0,5.5,0.7
2,84,2,False,7.5,4.0,0.6
2,84,3,True,3.0269,3.5997,0.5
2,84,4,True,4.4051,3.8832,0.5
2,84,5,True,1.9175,5.7227,0.5
2,84,6,True,6.4888,5.8002,0.5
2,84,7,True,4.2489,2.3841,0.5
2,85,0,False,2.0,2.5,0.6
2,85,1,False,4.0,5.5,0.7
2,85,2,False,7.5,4.0,0.6
2,85,3,True,3.1461,3.5899,0.5
2,85,4,True,4.4,3.9908,0.5
2,85,5,True,1.8574,5.8016,0.5
2,85,6,True,6.4389,5.8052,0.5
2,85,7,True,4.3719,2.3959,0.5
2,86,0,False,2.0,2.5,0.6
2,86,1,False,4.0,5.5,0.7
2,86,2,False,7.5,4.0,0.6
2,86,3,True,3.262,3.5669,0.5
2,86,4,True,4.4036,4.0986,0.5
2,86,5,True,1.8181,5.887,0.5
2,86,6,True,6.3897,5.8172,0.5
2,86,7,True,4.4975,2.4,0.5
2,87,0,False,2.0,2.5,0.6
2,87,1,False,4.0,5.5,0.7
2,87,2,False,7.5,4.0,0.6
2,87,3,True,3.372,3.5312,0.5
2,87,4,True,4.4158,4.205,0.5
2,87,5,True,1.8008,5.976,0.5
2,87,6,True,6.3416,5.8361,0.5
2,87,7,True,4.6231,2.3962,0.5
2,88,0,False,2.0,2.5,0.6
2,88,1,False,4.0,5.5,0.7
2,88,2,False,7.5,4.0,0.6
2,88,3,True,3.4737,3.4835,0.5
2,88,4,True,4.4363,4.3085,0.5
2,88,5,True,1.8061,6.0658,0.5
2,88,6,True,6.295,5.8615,0.5
2,88,7,True,4.7463,2.3847,0.5
2,89,0,False,2.0,2.5,0.6
2,89,1,False,4.0,5.5,0.7
2,89,2,False,7.5,4.0,0.6
2,89,3,True,3.5647,3.425,0.5
2,89,4,True,4.465,4.4075,0.5
2,89,5,True,1.8338,6.1535,0.5
2,89,6,True,6.2505,5.8934,0.5
2,89,7,True,4.8647,2.3657,0.5
2,90,0,False,2.0,2.5,0.6
2,90,1,False,4.0,5.5,0.7
2,90,2,False,7.5,4.0,0.6
2,90,3,True,3.643,3.357,0.5
2,90,4,True,4.5014,4.5006,0.5
2,90,5,True,1.883,6.2362,0.5
2,90,6,True,6.2085,5.9313,0.5
2,90,7,True,4.976,2.3395,0.5
2,91,0,False,2.0,2.5,0.6
2,91,1,False,4.0,5.5,0.7
2,91,2,False,7.5,4.0,0.6
2,91,3,True,3.7069,3.2809,0.5
2,91,4,True,4.5449,4.5865,0.5
2,91,5,True,1.9522,6.3113,0.5
2,91,6,True,6.1694,5.9749,0.5
2,91,7,True,5.0779,2.3066,0.5
2,92,0,False,2.0,2.5,0.6
2,92,1,False,4.0,5.5,0.7
2,92,2,False,7.5,4.0,0.6
2,92,3,True,3.755,3.1985,0.5
2,92,4,True,4.595,4.664,0.5
2,92,5,True,2.0391,6.3763,0.5
2,92,6,True,6.1336,6.0237,0.5
2,92,7,True,5.1685,2.2678,0.5
2,93,0,False,2.0,2.5,0.6
2,93,1,False,4.0,5.5,0.7
2,93,2,False,7.5,4.0,0.6
2,93,3,True,3.786,3.1116,0.5
2,93,4,True,4.6509,4.732,0.5
2,93,5,True,2.1408,6.4292,0.5
2,93,6,True,6.1015,6.0773,0.5
2,93,7,True,5.2461,2.2237,0.5
2,94,0,False,2.0,2.5,0.6
2,94,1,False,4.0,5.5,0.7
2,94,2,False,7.5,4.0,0.6
2,94,3,True,3.7994,3.0223,0.5
2,94,4,True,4.7118,4.7894,0.5
2,94,5,True,2.2542,6.4682,0.5
2,94,6,True,6.0733,6.1351,0.5
2,94,7,True,5.309,2.1753,0.5
2,95,0,False,2.0,2.5,0.6
2,95,1,False,4.0,5.5,0.7
2,95,2,False,7.5,4.0,0.6
2,95,3,True,3.7949,2.9324,0.5
2,95,4,True,4.7769,4.8355,0.5
2,95,5,True,2.3755,6.492,0.5
2,95,6,True,6.0494,6.1965,0.5
2,95,7,True,5.3561,2.1234,0.5
2,96,0,False,2.0,2.5,0.6
2,96,1,False,4.0,5.5,0.7
2,96,2,False,7.5,4.0,0.6
2,96,3,True,3.7725,2.8441,0.5
2,96,4,True,4.8452,4.8695,0.5
2,96,5,True,2.5009,6.5,0.5
2,96,6,True,6.03,6.261,0.5
2,96,7,True,5.3865,2.0691,0.5
2,97,0,False,2.0,2.5,0.6
2,97,1,False,4.0,5.5,0.7
2,97,2,False,7.5,4.0,0.6
2,97,3,True,3.7328,2.7593,0.5
2,97,4,True,4.9157,4.8911,0.5
2,97,5,True,2.6262,6.4918,0.5
2,97,6,True,6.0153,6.3279,0.5
2,97,7,True,5.3995,2.0134,0.5
2,98,0,False,2.0,2.5,0.6
2,98,1,False,4.0,5.5,0.7
2,98,2,False,7.5,4.0,0.6
2,98,3,True,3.6766,2.6798,0.5
2,98,4,True,4.9874,4.8998,0.5
2,98,5,True,2.7474,6.4677,0.5
2,98,6,True,6.0055,6.3965,0.5
2,98,7,True,5.3949,1.9575,0.5
2,99,0,False,2.0,2.5,0.6
2,99,1,False,4.0,5.5,0.7
2,99,2,False,7.5,4.0,0.6
2,99,3,True,3.6052,2.6076,0.5
2,99,4,True,5.0593,4.8956,0.5
2,99,5,True,2.8606,6.4285,0.5
2,99,6,True,6.0006,6.4661,0.5
2,99,7,True,5.3728,1.9024,0.5
3,0,0,False,2.0,2.5,0.6
3,0,1,False,4.0,5.5,0.7
3,0,2,False,7.5,4.0,0.6
3,0,3,True,3.0,3.6,0.5
3,0,4,True,5.4243,4.6364,0.5
3,0,5,True,3.2,6.0,0.5
3,0,6,True,6.933,6.85,0.5
3,0,7,True,4.95,2.3464,0.5
3,1,0,False,2.0,2.5,0.6
3,1,1,False,4.0,5.5,0.7
3,1,2,False,7.5,4.0,0.6
3,1,3,True,3.1196,3.5933,0.5
3,1,4,True,5.472,4.5556,0.5
3,1,5,True,3.1887,5.9105,0.5
3,1,6,True,6.9558,6.7877,0.5
3,1,7,True,5.0544,2.3151,0.5
3,2,0,False,2.0,2.5,0.6
3,2,1,False,4.0,5.5,0.7
3,2,2,False,7.5,4.0,0.6
3,2,3,True,3.2364,3.5732,0.5
3,2,4,True,5.513,4.4669,0.5
3,2,5,True,3.1551,5.8239,0.5
3,2,6,True,6.974,6.7226,0.5
3,2,7,True,5.1479,2.2776,0.5
3,3,0,False,2.0,2.5,0.6
3,3,1,False,4.0,5.5,0.7
3,3,2,False,7.5,4.0,0.6
3,3,3,True,3.348,3.5403,0.5
3,3,4,True,5.5465,4.3714,0.5
3,3,5,True,3.1004,5.7429,0.5
3,3,6,True,6.9876,6.6552,0.5
3,3,7,True,5.2287,2.2348,0.5
3,4,0,False,2.0,2.5,0.6
3,4,1,False,4.0,5.5,0.7
3,4,2,False,7.5,4.0,0.6
3,4,3,True,3.4517,3.4952,0.5
3,4,4,True,5.5722,4.2706,0.5
3,4,5,True,3.0263,5.6703,0.5
3,4,6,True,6.9962,6.5863,0.5
3,4,7,True,5.2953,2.1873,0.5
3,5,0,False,2.0,2.5,0.6
3,5,1,False,4.0,5.5,0.7
3,5,2,False,7.5,4.0,0.6
3,5,3,True,3.5453,3.439,0.5
3,5,4,True,5.5897,4.1659,0.5
3,5,5,True,2.9351,5.6083,0.5
3,5,6,True,6.9999,6.5165,0.5
3,5,7,True,5.3463,2.1361,0.5
3,6,0,False,2.0,2.5,0.6
3,6,1,False,4.0,5.5,0.7
3,6,2,False,7.5,4.0,0.6
3,6,3,True,3.6267,3.373,0.5
3,6,4,True,5.5987,4.0588,0.5
3,6,5,True,2.8299,5.559,0.5
3,6,6,True,6.9985,6.4466,0.5
3,6,7,True,5.3808,2.0823,0.5
3,7,0,False,2.0,2.5,0.6
3,7,1,False,4.0,5.5,0.7
3,7,2,False,7.5,4.0,0.6
3,7,3,True,3.6939,3.2985,0.5
3,7,4,True,5.5991,3.9509,0.5
3,7,5,True,2.7141,5.524,0.5
3,7,6,True,6.9922,6.3772,0.5
3,7,7,True,5.398,2.0269,0.5
3,8,0,False,2.0,2.5,0.6
3,8,1,False,4.0,5.5,0.7
3,8,2,False,7.5,4.0,0.6
3,8,3,True,3.7456,3.2174,0.5
3,8,4,True,5.5909,3.8437,0.5
3,8,5,True,2.5913,5.5043,0.5
3,8,6,True,6.981,6.309,0.5
3,8,7,True,5.3976,1.9709,0.5
3,9,0,False,2.0,2.5,0.6
3,9,1,False,4.0,5.5,0.7
3,9,2,False,7.5,4.0,0.6
3,9,3,True,3.7806,3.1314,0.5
3,9,4,True,5.5742,3.7387,0.5
3,9,5,True,2.4656,5.5006,0.5
3,9,6,True,6.965,6.2427,0.5
3,9,7,True,5.3797,1.9155,0.5
3,10,0,False,2.0,2.5,0.6
3,10,1,False,4.0,5.5,0.7
3,10,2,False,7.5,4.0,0.6
3,10,3,True,3.798,3.0424,0.5
3,10,4,True,5.5492,3.6375,0.5
3,10,5,True,2.341,5.5131,0.5
3,10,6,True,6.9443,6.179,0.5
3,10,7,True,5.3446,1.8618,0.5
3,11,0,False,2.0,2.5,0.6
3,11,1,False,4.0,5.5,0.7
3,11,2,False,7.5,4.0,0.6
3,11,3,True,3.7975,2.9525,0.5
3,11,4,True,5.5163,3.5415,0.5
3,11,5,True,2.2215,5.5413,0.5
3,11,6,True,6.9192,6.1185,0.5
3,11,7,True,5.2929,1.8108,0.5
3,12,0,False,2.0,2.5,0.6
3,12,1,False,4.0,5.5,0.7
3,12,2,False,7.5,4.0,0.6
3,12,3,True,3.7791,2.8637,0.5
3,12,4,True,5.476,3.452,0.5
3,12,5,True,2.111,5.5843,0.5
3,12,6,True,6.8899,6.0618,0.5
3,12,7,True,5.2257,1.7634,0.5
3,13,0,False,2.0,2.5,0.6
3,13,1,False,4.0,5.5,0.7
3,13,2,False,7.5,4.0,0.6
3,13,3,True,3.7432,2.7779,0.5
3,13,4,True,5.4288,3.3705,0.5
3,13,5,True,2.0131,5.6408,0.5
3,13,6,True,6.8567,6.0095,0.5
3,13,7,True,5.1444,1.7207,0.5
3,14,0,False,2.0,2.5,0.6
3,14,1,False,4.0,5.5,0.7
3,14,2,False,7.5,4.0,0.6
3,14,3,True,3.6906,2.6971,0.5
3,14,4,True,5.3755,3.298,0.5
3,14,5,True,1.9309,5.7088,0.5
3,14,6,True,6.82,5.9621,0.5
3,14,7,True,5.0504,1.6835,0.5
3,15,0,False,2.0,2.5,0.6
3,15,1,False,4.0,5.5,0.7
3,15,2,False,7.5,4.0,0.6
3,15,3,True,3.6225,2.6231,0.5
3,15,4,True,5.3168,3.2357,0.5
3,15,5,True,1.8671,5.7863,0.5
3,15,6,True,6.78,5.9201,0.5
3,15,7,True,4.9456,1.6525,0.5
3,16,0,False,2.0,2.5,0.6
3,16,1,False,4.0,5.5,0.7
3,16,2,False,7.5,4.0,0.6
3,16,3,True,3.5404,2.5576,0.5
3,16,4,True,5.2535,3.1843,0.5
3,16,5,True,1.8238,5.8707,0.5
3,16,6,True,6.7372,5.8838,0.5
3,16,7,True,4.8322,1.6282,0.5
3,17,0,False,2.0,2.5,0.6
3,17,1,False,4.0,5.5,0.7
3,17,2,False,7.5,4.0,0.6
3,17,3,True,3.4461,2.502,0.5
3,17,4,True,5.1866,3.1446,0.5
3,17,5,True,1.8023,5.9592,0.5
3,17,6,True,6.6921,5.8537,0.5
3,17,7,True,4.7122,1.6113,0.5
3,18,0,False,2.0,2.5,0.6
3,18,1,False,4.0,5.5,0.7
3,18,2,False,7.5,4.0,0.6
3,18,3,True,3.3419,2.4576,0.5
3,18,4,True,5.117,3.1173,0.5
3,18,5,True,1.8034,6.0491,0.5
3,18,6,True,6.6451,5.8301,0.5
3,18,7,True,4.5881,1.6019,0.5
3,19,0,False,2.0,2.5,0.6
3,19,1,False,4.0,5.5,0.7
3,19,2,False,7.5,4.0,0.6
3,19,3,True,3.23,2.4253,0.5
3,19,4,True,5.0457,3.1026,0.5
3,19,5,True,1.827,6.1374,0.5
3,19,6,True,6.5966,5.8132,0.5
3,19,7,True,4.4622,1.6004,0.5
3,20,0,False,2.0,2.5,0.6
3,20,1,False,4.0,5.5,0.7
3,20,2,False,7.5,4.0,0.6
3,20,3,True,3.1129,2.406,0.5
3,20,4,True,4.9737,3.1009,0.5
3,20,5,True,1.8723,6.2213,0.5
3,20,6,True,6.5471,5.8031,0.5
3,20,7,True,4.3371,1.6066,0.5
3,21,0,False,2.0,2.5,0.6
3,21,1,False,4.0,5.5,0.7
3,21,2,False,7.5,4.0,0.6
3,21,3,True,2.9933,2.4,0.5
3,21,4,True,4.9022,3.112,0.5
3,21,5,True,1.9379,6.298,0.5
3,21,6,True,6.4972,5.8,0.5
3,21,7,True,4.2152,1.6206,0.5
3,22,0,False,2.0,2.5,0.6
3,22,1,False,4.0,5.5,0.7
3,22,2,False,7.5,4.0,0.6
3,22,3,True,2.8738,2.4075,0.5
3,22,4,True,4.832,3.136,0.5
3,22,5,True,2.0216,6.365,0.5
3,22,6,True,6.4473,5.8039,0.5
3,22,7,True,4.0988,1.6419,0.5
3,23,0,False,2.0,2.5,0.6
3,23,1,False,4.0,5.5,0.7
3,23,2,False,7.5,4.0,0.6
3,23,3,True,2.7572,2.4283,0.5
3,23,4,True,4.7642,3.1724,0.5
3,23,5,True,2.1209,6.4203,0.5
3,23,6,True,6.3979,5.8147,0.5
3,23,7,True,3.9903,1.6703,0.5
3,24,0,False,2.0,2.5,0.6
3,24,1,False,4.0,5.5,0.7
3,24,2,False,7.5,4.0,0.6
3,24,3,True,2.646,2.4619,0.5
3,24,4,True,4.6999,3.2207,0.5
3,24,5,True,2.2323,6.462,0.5
3,24,6,True,6.3496,5.8324,0.5
3,24,7,True,3.8918,1.7052,0.5
3,25,0,False,2.0,2.5,0.6
3,25,1,False,4.0,5.5,0.7
3,25,2,False,7.5,4.0,0.6
3,25,3,True,2.5428,2.5077,0.5
3,25,4,True,4.6399,3.2802,0.5
3,25,5,True,2.3524,6.4888,0.5
3,25,6,True,6.3027,5.8568,0.5
3,25,7,True,3.8052,1.7458,0.5
3,26,0,False,2.0,2.5,0.6
3,26,1,False,4.0,5.5,0.7
3,26,2,False,7.5,4.0,0.6
3,26,3,True,2.4498,2.5644,0.5
3,26,4,True,4.585,3.35,0.5
3,26,5,True,2.4773,6.4997,0.5
3,26,6,True,6.2578,5.8876,0.5
3,26,7,True,3.7322,1.7913,0.5
3,27,0,False,2.0,2.5,0.6
3,27,1,False,4.0,5.5,0.7
3,27,2,False,7.5,4.0,0.6
3,27,3,True,2.3692,2.631,0.5
3,27,4,True,4.5361,3.4292,0.5
3,27,5,True,2.603,6.4946,0.5
3,27,6,True,6.2154,5.9245,0.5
3,27,7,True,3.6742,1.841,0.5
3,28,0,False,2.0,2.5,0.6
3,28,1,False,4.0,5.5,0.7
3,28,2,False,7.5,4.0,0.6
3,28,3,True,2.3027,2.7058,0.5
3,28,4,True,4.4939,3.5166,0.5
3,28,5,True,2.7252,6.4734,0.5
3,28,6,True,6.1758,5.9671,0.5
3,28,7,True,3.6323,1.8938,0.5
3,29,0,False,2.0,2.5,0.6
3,29,1,False,4.0,5.5,0.7
3,29,2,False,7.5,4.0,0.6
3,29,3,True,2.252,2.7873,0.5
3,29,4,True,4.4589,3.611,0.5
3,29,5,True,2.8403,6.437,0.5
3,29,6,True,6.1394,6.0151,0.5
3,29,7,True,3.6075,1.9486,0.5
3,30,0,False,2.0,2.5,0.6
3,30,1,False,4.0,5.5,0.7
3,30,2,False,7.5,4.0,0.6
3,30,3,True,2.218,2.8735,0.5
3,30,4,True,4.4318,3.7109,0.5
3,30,5,True,2.9443,6.3864,0.5
3,30,6,True,6.1066,6.068,0.5
3,30,7,True,3.6001,2.0045,0.5
3,31,0,False,2.0,2.5,0.6
3,31,1,False,4.0,5.5,0.7
3,31,2,False,7.5,4.0,0.6
3,31,3,True,2.2016,2.9626,0.5
3,31,4,True,4.4128,3.815,0.5
3,31,5,True,3.034,6.3233,0.5
3,31,6,True,6.0778,6.1251,0.5
3,31,7,True,3.6103,2.0603,0.5
3,32,0,False,2.0,2.5,0.6
3,32,1,False,4.0,5.5,0.7
3,32,2,False,7.5,4.0,0.6
3,32,3,True,2.2031,3.0525,0.5
3,32,4,True,4.4023,3.9218,0.5
3,32,5,True,3.1064,6.2498,0.5
3,32,6,True,6.0531,6.186,0.5
3,32,7,True,3.6379,2.1148,0.5
3,33,0,False,2.0,2.5,0.6
3,33,1,False,4.0,5.5,0.7
3,33,2,False,7.5,4.0,0.6
3,33,3,True,2.2225,3.1412,0.5
3,33,4,True,4.4003,4.0297,0.5
3,33,5,True,3.1592,6.1682,0.5
3,33,6,True,6.033,6.25,0.5
3,33,7,True,3.6824,2.1672,0.5
3,34,0,False,2.0,2.5,0.6
3,34,1,False,4.0,5.5,0.7
3,34,2,False,7.5,4.0,0.6
3,34,3,True,2.2593,3.2268,0.5
3,34,4,True,4.407,4.1372,0.5
3,34,5,True,3.1907,6.0812,0.5
3,34,6,True,6.0175,6.3165,0.5
3,34,7,True,3.7429,2.2163,0.5
3,35,0,False,2.0,2.5,0.6
3,35,1,False,4.0,5.5,0.7
3,35,2,False,7.5,4.0,0.6
3,35,3,True,2.3129,3.3073,0.5
3,35,4,True,4.4222,4.2427,0.5
3,35,5,True,3.1999,5.9916,0.5
3,35,6,True,6.0068,6.3849,0.5
3,35,7,True,3.8182,2.2611,0.5
3,36,0,False,2.0,2.5,0.6
3,36,1,False,4.0,5.5,0.7
3,36,2,False,7.5,4.0,0.6
3,36,3,True,2.3818,3.3808,0.5
3,36,4,True,4.4457,4.3447,0.5
3,36,5,True,3.1865,5.9022,0.5
3,36,6,True,6.0011,6.4544,0.5
3,36,7,True,3.9068,2.3008,0.5
3,37,0,False,2.0,2.5,0.6
3,37,1,False,4.0,5.5,0.7
3,37,2,False,7.5,4.0,0.6
3,37,3,True,2.4646,3.4458,0.5
3,37,4,True,4.4772,4.4417,0.5
3,37,5,True,3.1509,5.816,0.5
3,37,6,True,6.0003,6.5244,0.5
3,37,7,True,4.0071,2.3347,0.5
3,38,0,False,2.0,2.5,0.6
3,38,1,False,4.0,5.5,0.7
3,38,2,False,7.5,4.0,0.6
3,38,3,True,2.5595,3.5008,0.5
3,38,4,True,4.5162,4.5324,0.5
3,38,5,True,3.0943,5.7358,0.5
3,38,6,True,6.0045,6.5941,0.5
3,38,7,True,4.117,2.362,0.5
3,39,0,False,2.0,2.5,0.6
3,39,1,False,4.0,5.5,0.7
3,39,2,False,7.5,4.0,0.6
3,39,3,True,2.6642,3.5446,0.5
3,39,4,True,4.5622,4.6155,0.5
3,39,5,True,3.0184,5.664,0.5
3,39,6,True,6.0137,6.6629,0.5
3,39,7,True,4.2344,2.3822,0.5
3,40,0,False,2.0,2.5,0.6
3,40,1,False,4.0,5.5,0.7
3,40,2,False,7.5,4.0,0.6
3,40,3,True,2.7765,3.5761,0.5
3,40,4,True,4.6145,4.6896,0.5
3,40,5,True,2.9258,5.6032,0.5
3,40,6,True,6.0278,6.73,0.5
3,40,7,True,4.357,2.3949,0.5
3,41,0,False,2.0,2.5,0.6
3,41,1,False,4.0,5.5,0.7
3,41,2,False,7.5,4.0,0.6
3,41,3,True,2.8938,3.5947,0.5
3,41,4,True,4.6723,4.7539,0.5
3,41,5,True,2.8195,5.5551,0.5
3,41,6,True,6.0465,6.7949,0.5
3,41,7,True,4.4824,2.3999,0.5
3,42,0,False,2.0,2.5,0.6
3,42,1,False,4.0,5.5,0.7
3,42,2,False,7.5,4.0,0.6
3,42,3,True,3.0135,3.5999,0.5
3,42,4,True,4.7348,4.8073,0.5
3,42,5,True,2.7028,5.5215,0.5
3,42,6,True,6.0698,6.8568,0.5
3,42,7,True,4.6081,2.3971,0.5
3,43,0,False,2.0,2.5,0.6
3,43,1,False,4.0,5.5,0.7
3,43,2,False,7.5,4.0,0.6
3,43,3,True,3.1328,3.5917,0.5
3,43,4,True,4.8012,4.8491,0.5
3,43,5,True,2.5796,5.5032,0.5
3,43,6,True,6.0974,6.9151,0.5
3,43,7,True,4.7317,2.3865,0.5
3,44,0,False,2.0,2.5,0.6
3,44,1,False,4.0,5.5,0.7
3,44,2,False,7.5,4.0,0.6
3,44,3,True,3.2492,3.5701,0.5
3,44,4,True,4.8704,4.8787,0.5
3,44,5,True,2.4538,5.5011,0.5
3,44,6,True,6.129,6.9693,0.5
3,44,7,True,4.8508,2.3684,0.5
3,45,0,False,2.0,2.5,0.6
3,45,1,False,4.0,5.5,0.7
3,45,2,False,7.5,4.0,0.6
3,45,3,True,3.36,3.5358,0.5
3,45,4,True,4.9414,4.8957,0.5
3,45,5,True,2.3295,5.5151,0.5
3,45,6,True,6.1643,7.0188,0.5
3,45,7,True,4.963,2.343,0.5
3,46,0,False,2.0,2.5,0.6
3,46,1,False,4.0,5.5,0.7
3,46,2,False,7.5,4.0,0.6
3,46,3,True,3.4628,3.4894,0.5
3,46,4,True,5.0133,4.8998,0.5
3,46,5,True,2.2107,5.5447,0.5
3,46,6,True,6.203,7.0631,0.5
3,46,7,True,5.0662,2.3109,0.5
3,47,0,False,2.0,2.5,0.6
3,47,1,False,4.0,5.5,0.7
3,47,2,False,7.5,4.0,0.6
3,47,3,True,3.5551,3.4321,0.5
3,47,4,True,5.085,4.8909,0.5
3,47,5,True,2.1013,5.589,0.5
3,47,6,True,6.2447,7.1018,0.5
3,47,7,True,5.1583,2.2728,0.5
3,48,0,False,2.0,2.5,0.6
3,48,1,False,4.0,5.5,0.7
3,48,2,False,7.5,4.0,0.6
3,48,3,True,3.6349,3.365,0.5
3,48,4,True,5.1555,4.8692,0.5
3,48,5,True,2.0047,5.6467,0.5
3,48,6,True,6.2888,7.1345,0.5
3,48,7,True,5.2375,2.2293,0.5
3,49,0,False,2.0,2.5,0.6
3,49,1,False,4.0,5.5,0.7
3,49,2,False,7.5,4.0,0.6
3,49,3,True,3.7005,3.2897,0.5
3,49,4,True,5.2238,4.8351,0.5
3,49,5,True,1.9242,5.7157,0.5
3,49,6,True,6.3351,7.1609,0.5
3,49,7,True,5.3023,2.1813,0.5
3,50,0,False,2.0,2.5,0.6
3,50,1,False,4.0,5.5,0.7
3,50,2,False,7.5,4.0,0.6
3,50,3,True,3.7504,3.208,0.5
3,50,4,True,5.2888,4.7889,0.5
3,50,5,True,1.8622,5.7939,0.5
3,50,6,True,6.3831,7.1806,0.5
3,50,7,True,5.3513,2.1298,0.5
3,51,0,False,2.0,2.5,0.6
3,51,1,False,4.0,5.5,0.7
3,51,2,False,7.5,4.0,0.6
3,51,3,True,3.7834,3.1215,0.5
3,51,4,True,5.3497,4.7313,0.5
3,51,5,True,1.8209,5.8788,0.5
3,51,6,True,6.4322,7.1935,0.5
3,51,7,True,5.3837,2.0757,0.5
3,52,0,False,2.0,2.5,0.6
3,52,1,False,4.0,5.5,0.7
3,52,2,False,7.5,4.0,0.6
3,52,3,True,3.7988,3.0324,0.5
3,52,4,True,5.4056,4.6633,0.5
3,52,5,True,1.8015,5.9676,0.5
3,52,6,True,6.482,7.1995,0.5
3,52,7,True,5.3989,2.0201,0.5
3,53,0,False,2.0,2.5,0.6
3,53,1,False,4.0,5.5,0.7
3,53,2,False,7.5,4.0,0.6
3,53,3,True,3.7963,2.9425,0.5
3,53,4,True,5.4556,4.5857,0.5
3,53,5,True,1.8046,6.0575,0.5
3,53,6,True,6.532,7.1986,0.5
3,53,7,True,5.3964,1.9642,0.5
3,54,0,False,2.0,2.5,0.6
3,54,1,False,4.0,5.5,0.7
3,54,2,False,7.5,4.0,0.6
3,54,3,True,3.7759,2.8539,0.5
3,54,4,True,5.499,4.4997,0.5
3,54,5,True,1.8303,6.1455,0.5
3,54,6,True,6.5816,7.1906,0.5
3,54,7,True,5.3764,1.909,0.5
3,55,0,False,2.0,2.5,0.6
3,55,1,False,4.0,5.5,0.7
3,55,2,False,7.5,4.0,0.6
3,55,3,True,3.7381,2.7686,0.5
3,55,4,True,5.5353,4.4065,0.5
3,55,5,True,1.8776,6.2288,0.5
3,55,6,True,6.6305,7.1757,0.5
3,55,7,True,5.3392,1.8555,0.5
3,56,0,False,2.0,2.5,0.6
3,56,1,False,4.0,5.5,0.7
3,56,2,False,7.5,4.0,0.6
3,56,3,True,3.6837,2.6884,0.5
3,56,4,True,5.5639,4.3074,0.5
3,56,5,True,1.945,6.3047,0.5
3,56,6,True,6.678,7.1541,0.5
3,56,7,True,5.2856,1.8049,0.5
3,57,0,False,2.0,2.5,0.6
3,57,1,False,4.0,5.5,0.7
3,57,2,False,7.5,4.0,0.6
3,57,3,True,3.6139,2.6153,0.5
3,57,4,True,5.5844,4.2039,0.5
3,57,5,True,2.0303,6.3707,0.5
3,57,6,True,6.7238,7.126,0.5
3,57,7,True,5.2167,1.758,0.5
3,58,0,False,2.0,2.5,0.6
3,58,1,False,4.0,5.5,0.7
3,58,2,False,7.5,4.0,0.6
3,58,3,True,3.5304,2.5508,0.5
3,58,4,True,5.5965,4.0975,0.5
3,58,5,True,2.1308,6.4248,0.5
3,58,6,True,6.7673,7.0916,0.5
3,58,7,True,5.1337,1.716,0.5
3,59,0,False,2.0,2.5,0.6
3,59,1,False,4.0,5.5,0.7
3,59,2,False,7.5,4.0,0.6
3,59,3,True,3.4349,2.4964,0.5
3,59,4,True,5.6,3.9897,0.5
3,59,5,True,2.2432,6.4651,0.5
3,59,6,True,6.8081,7.0513,0.5
3,59,7,True,5.0383,1.6794,0.5
3,60,0,False,2.0,2.5,0.6
3,60,1,False,4.0,5.5,0.7
3,60,2,False,7.5,4.0,0.6
3,60,3,True,3.3297,2.4533,0.5
3,60,4,True,5.5948,3.8821,0.5
3,60,5,True,2.364,6.4905,0.5
3,60,6,True,6.8459,7.0054,0.5
3,60,7,True,4.9324,1.6492,0.5
3,61,0,False,2.0,2.5,0.6
3,61,1,False,4.0,5.5,0.7
3,61,2,False,7.5,4.0,0.6
3,61,3,True,3.2171,2.4225,0.5
3,61,4,True,5.5811,3.7761,0.5
3,61,5,True,2.4891,6.4999,0.5
3,61,6,True,6.8802,6.9546,0.5
3,61,7,True,4.818,1.6258,0.5
3,62,0,False,2.0,2.5,0.6
3,62,1,False,4.0,5.5,0.7
3,62,2,False,7.5,4.0,0.6
3,62,3,True,3.0996,2.4047,0.5
3,62,4,True,5.5591,3.6734,0.5
3,62,5,True,2.6146,6.4933,0.5
3,62,6,True,6.9107,6.8992,0.5
3,62,7,True,4.6974,1.6097,0.5
3,63,0,False,2.0,2.5,0.6
3,63,1,False,4.0,5.5,0.7
3,63,2,False,7.5,4.0,0.6
3,63,3,True,2.9798,2.4002,0.5
3,63,4,True,5.529,3.5753,0.5
3,63,5,True,2.7364,6.4706,0.5
3,63,6,True,6.9372,6.8398,0.5
3,63,7,True,4.573,1.6013,0.5
3,64,0,False,2.0,2.5,0.6
3,64,1,False,4.0,5.5,0.7
3,64,2,False,7.5,4.0,0.6
3,64,3,True,2.8605,2.4092,0.5
3,64,4,True,5.4913,3.4834,0.5
3,64,5,True,2.8505,6.4328,0.5
3,64,6,True,6.9592,6.777,0.5
3,64,7,True,4.4471,1.6007,0.5
3,65,0,False,2.0,2.5,0.6
3,65,1,False,4.0,5.5,0.7
3,65,2,False,7.5,4.0,0.6
3,65,3,True,2.7444,2.4315,0.5
3,65,4,True,5.4465,3.3989,0.5
3,65,5,True,2.9533,6.381,0.5
3,65,6,True,6.9767,6.7114,0.5
3,65,7,True,4.3222,1.6079,0.5
3,66,0,False,2.0,2.5,0.6
3,66,1,False,4.0,5.5,0.7
3,66,2,False,7.5,4.0,0.6
3,66,3,True,2.634,2.4665,0.5
3,66,4,True,5.3954,3.323,0.5
3,66,5,True,3.0415,6.3169,0.5
3,66,6,True,6.9893,6.6437,0.5
3,66,7,True,4.2009,1.6227,0.5
3,67,0,False,2.0,2.5,0.6
3,67,1,False,4.0,5.5,0.7
3,67,2,False,7.5,4.0,0.6
3,67,3,True,2.5318,2.5135,0.5
3,67,4,True,5.3385,3.2569,0.5
3,67,5,True,3.1122,6.2425,0.5
3,67,6,True,6.9972,6.5746,0.5
3,67,7,True,4.0853,1.645,0.5
3,68,0,False,2.0,2.5,0.6
3,68,1,False,4.0,5.5,0.7
3,68,2,False,7.5,4.0,0.6
3,68,3,True,2.4401,2.5714,0.5
3,68,4,True,5.2767,3.2014,0.5
3,68,5,True,3.163,6.1603,0.5
3,68,6,True,7.0,6.5047,0.5
3,68,7,True,3.9779,1.6742,0.5
3,69,0,False,2.0,2.5,0.6
3,69,1,False,4.0,5.5,0.7
3,69,2,False,7.5,4.0,0.6
3,69,3,True,2.361,2.639,0.5
3,69,4,True,5.211,3.1575,0.5
3,69,5,True,3.1925,6.0729,0.5
3,69,6,True,6.9978,6.4348,0.5
3,69,7,True,3.8807,1.7097,0.5
3,70,0,False,2.0,2.5,0.6
3,70,1,False,4.0,5.5,0.7
3,70,2,False,7.5,4.0,0.6
3,70,3,True,2.2962,2.7147,0.5
3,70,4,True,5.1423,3.1257,0.5
3,70,5,True,3.1996,5.9832,0.5
3,70,6,True,6.9907,6.3656,0.5
3,70,7,True,3.7957,1.751,0.5
3,71,0,False,2.0,2.5,0.6
3,71,1,False,4.0,5.5,0.7
3,71,2,False,7.5,4.0,0.6
3,71,3,True,2.2473,2.7968,0.5
3,71,4,True,5.0715,3.1064,0.5
3,71,5,True,3.1841,5.894,0.5
3,71,6,True,6.9787,6.2977,0.5
3,71,7,True,3.7244,1.7971,0.5
3,72,0,False,2.0,2.5,0.6
3,72,1,False,4.0,5.5,0.7
3,72,2,False,7.5,4.0,0.6
3,72,3,True,2.2153,2.8834,0.5
3,72,4,True,4.9996,3.1,0.5
3,72,5,True,3.1465,5.8082,0.5
3,72,6,True,6.9618,6.2318,0.5
3,72,7,True,3.6683,1.8472,0.5
3,73,0,False,2.0,2.5,0.6
3,73,1,False,4.0,5.5,0.7
3,73,2,False,7.5,4.0,0.6
3,73,3,True,2.2008,2.9727,0.5
3,73,4,True,4.9278,3.1065,0.5
3,73,5,True,3.088,5.7287,0.5
3,73,6,True,6.9404,6.1686,0.5
3,73,7,True,3.6284,1.9003,0.5
3,74,0,False,2.0,2.5,0.6
3,74,1,False,4.0,5.5,0.7
3,74,2,False,7.5,4.0,0.6
3,74,3,True,2.2044,3.0625,0.5
3,74,4,True,4.857,3.1259,0.5
3,74,5,True,3.0104,5.6579,0.5
3,74,6,True,6.9146,6.1087,0.5
3,74,7,True,3.6056,1.9553,0.5
3,75,0,False,2.0,2.5,0.6
3,75,1,False,4.0,5.5,0.7
3,75,2,False,7.5,4.0,0.6
3,75,3,True,2.2258,3.151,0.5
3,75,4,True,4.7883,3.1579,0.5
3,75,5,True,2.9164,5.5981,0.5
3,75,6,True,6.8846,6.0527,0.5
3,75,7,True,3.6004,2.0112,0.5
3,76,0,False,2.0,2.5,0.6
3,76,1,False,4.0,5.5,0.7
3,76,2,False,7.5,4.0,0.6
3,76,3,True,2.2645,3.2361,0.5
3,76,4,True,4.7226,3.202,0.5
3,76,5,True,2.809,5.5513,0.5
3,76,6,True,6.8508,6.0012,0.5
3,76,7,True,3.6127,2.0669,0.5
3,77,0,False,2.0,2.5,0.6
3,77,1,False,4.0,5.5,0.7
3,77,2,False,7.5,4.0,0.6
3,77,3,True,2.3198,3.3159,0.5
3,77,4,True,4.6609,3.2575,0.5
3,77,5,True,2.6915,5.5191,0.5
3,77,6,True,6.8135,5.9546,0.5
3,77,7,True,3.6424,2.1213,0.5
3,78,0,False,2.0,2.5,0.6
3,78,1,False,4.0,5.5,0.7
3,78,2,False,7.5,4.0,0.6
3,78,3,True,2.3904,3.3886,0.5
3,78,4,True,4.6041,3.3237,0.5
3,78,5,True,2.5679,5.5024,0.5
3,78,6,True,6.773,5.9135,0.5
3,78,7,True,3.6888,2.1733,0.5
3,79,0,False,2.0,2.5,0.6
3,79,1,False,4.0,5.5,0.7
3,79,2,False,7.5,4.0,0.6
3,79,3,True,2.4747,3.4525,0.5
3,79,4,True,4.553,3.3997,0.5
3,79,5,True,2.4421,5.5017,0.5
3,79,6,True,6.7298,5.8783,0.5
3,79,7,True,3.7512,2.2219,0.5
3,80,0,False,2.0,2.5,0.6
3,80,1,False,4.0,5.5,0.7
3,80,2,False,7.5,4.0,0.6
3,80,3,True,2.5707,3.5063,0.5
3,80,4,True,4.5083,3.4843,0.5
3,80,5,True,2.3181,5.5172,0.5
3,80,6,True,6.6843,5.8493,0.5
3,80,7,True,3.8282,2.2662,0.5
3,81,0,False,2.0,2.5,0.6
3,81,1,False,4.0,5.5,0.7
3,81,2,False,7.5,4.0,0.6
3,81,3,True,2.6764,3.5487,0.5
3,81,4,True,4.4707,3.5763,0.5
3,81,5,True,2.2,5.5482,0.5
3,81,6,True,6.637,5.8268,0.5
3,81,7,True,3.9183,2.3052,0.5
3,82,0,False,2.0,2.5,0.6
3,82,1,False,4.0,5.5,0.7
3,82,2,False,7.5,4.0,0.6
3,82,3,True,2.7894,3.5788,0.5
3,82,4,True,4.4406,3.6744,0.5
3,82,5,True,2.0917,5.5939,0.5
3,82,6,True,6.5883,5.811,0.5
3,82,7,True,4.0198,2.3383,0.5
3,83,0,False,2.0,2.5,0.6
3,83,1,False,4.0,5.5,0.7
3,83,2,False,7.5,4.0,0.6
3,83,3,True,2.9071,3.5959,0.5
3,83,4,True,4.4187,3.7772,0.5
3,83,5,True,1.9965,5.6527,0.5
3,83,6,True,6.5388,5.8021,0.5
3,83,7,True,4.1307,2.3648,0.5
3,84,0,False,2.0,2.5,0.6
3,84,1,False,4.0,5.5,0.7
3,84,2,False,7.5,4.0,0.6
3,84,3,True,3.0269,3.5997,0.5
3,84,4,True,4.4051,3.8832,0.5
3,84,5,True,1.9175,5.7227,0.5
3,84,6,True,6.4888,5.8002,0.5
3,84,7,True,4.2489,2.3841,0.5
3,85,0,False,2.0,2.5,0.6
3,85,1,False,4.0,5.5,0.7
3,85,2,False,7.5,4.0,0.6
3,85,3,True,3.1461,3.5899,0.5
3,85,4,True,4.4,3.9908,0.5
3,85,5,True,1.8574,5.8016,0.5
3,85,6,True,6.4389,5.8052,0.5
3,85,7,True,4.3719,2.3959,0.5
3,86,0,False,2.0,2.5,0.6
3,86,1,False,4.0,5.5,0.7
3,86,2,False,7.5,4.0,0.6
3,86,3,True,3.262,3.5669,0.5
3,86,4,True,4.4036,4.0986,0.5
3,86,5,True,1.8181,5.887,0.5
3,86,6,True,6.3897,5.8172,0.5
3,86,7,True,4.4975,2.4,0.5
3,87,0,False,2.0,2.5,0.6
3,87,1,False,4.0,5.5,0.7
3,87,2,False,7.5,4.0,0.6
3,87,3,True,3.372,3.5312,0.5
3,87,4,True,4.4158,4.205,0.5
3,87,5,True,1.8008,5.976,0.5
3,87,6,True,6.3416,5.8361,0.5
3,87,7,True,4.6231,2.3962,0.5
3,88,0,False,2.0,2.5,0.6
3,88,1,False,4.0,5.5,0.7
3,88,2,False,7.5,4.0,0.6
3,88,3,True,3.4737,3.4835,0.5
3,88,4,True,4.4363,4.3085,0.5
3,88,5,True,1.8061,6.0658,0.5
3,88,6,True,6.295,5.8615,0.5
3,88,7,True,4.7463,2.3847,0.5
3,89,0,False,2.0,2.5,0.6
3,89,1,False,4.0,5.5,0.7
3,89,2,False,7.5,4.0,0.6
3,89,3,True,3.5647,3.425,0.5
3,89,4,True,4.465,4.4075,0.5
3,89,5,True,1.8338,6.1535,0.5
3,89,6,True,6.2505,5.8934,0.5
3,89,7,True,4.8647,2.3657,0.5
3,90,0,False,2.0,2.5,0.6
3,90,1,False,4.0,5.5,0.7
3,90,2,False,7.5,4.0,0.6
3,90,3,True,3.643,3.357,0.5
3,90,4,True,4.5014,4.5006,0.5
3,90,5,True,1.883,6.2362,0.5
3,90,6,True,6.2085,5.9313,0.5
3,90,7,True,4.976,2.3395,0.5
3,91,0,False,2.0,2.5,0.6
3,91,1,False,4.0,5.5,0.7
3,91,2,False,7.5,4.0,0.6
3,91,3,True,3.7069,3.2809,0.5
3,91,4,True,4.5449,4.5865,0.5
3,91,5,True,1.9522,6.3113,0.5
3,91,6,True,6.1694,5.9749,0.5
3,91,7,True,5.0779,2.3066,0.5
3,92,0,False,2.0,2.5,0.6
3,92,1,False,4.0,5.5,0.7
3,92,2,False,7.5,4.0,0.6
3,92,3,True,3.755,3.1985,0.5
3,92,4,True,4.595,4.664,0.5
3,92,5,True,2.0391,6.3763,0.5
3,92,6,True,6.1336,6.0237,0.5
3,92,7,True,5.1685,2.2678,0.5
3,93,0,False,2.0,2.5,0.6
3,93,1,False,4.0,5.5,0.7
3,93,2,False,7.5,4.0,0.6
3,93,3,True,3.786,3.1116,0.5
3,93,4,True,4.6509,4.732,0.5
3,93,5,True,2.1408,6.4292,0.5
3,93,6,True,6.1015,6.0773,0.5
3,93,7,True,5.2461,2.2237,0.5
3,94,0,False,2.0,2.5,0.6
3,94,1,False,4.0,5.5,0.7
3,94,2,False,7.5,4.0,0.6
3,94,3,True,3.7994,3.0223,0.5
3,94,4,True,4.7118,4.7894,0.5
3,94,5,True,2.2542,6.4682,0.5
3,94,6,True,6.0733,6.1351,0.5
3,94,7,True,5.309,2.1753,0.5
3,95,0,False,2.0,2.5,0.6
3,95,1,False,4.0,5.5,0.7
3,95,2,False,7.5,4.0,0.6
3,95,3,True,3.7949,2.9324,0.5
3,95,4,True,4.7769,4.8355,0.5
3,95,5,True,2.3755,6.492,0.5
3,95,6,True,6.0494,6.1965,0.5
3,95,7,True,5.3561,2.1234,0.5
3,96,0,False,2.0,2.5,0.6
3,96,1,False,4.0,5.5,0.7
3,96,2,False,7.5,4.0,0.6
3,96,3,True,3.7725,2.8441,0.5
3,96,4,True,4.8452,4.8695,0.5
3,96,5,True,2.5009,6.5,0.5
3,96,6,True,6.03,6.261,0.5
3,96,7,True,5.3865,2.0691,0.5
3,97,0,False,2.0,2.5,0.6
3,97,1,False,4.0,5.5,0.7
3,97,2,False,7.5,4.0,0.6
3,97,3,True,3.7328,2.7593,0.5
3,97,4,True,4.9157,4.8911,0.5
3,97,5,True,2.6262,6.4918,0.5
3,97,6,True,6.0153,6.3279,0.5
3,97,7,True,5.3995,2.0134,0.5
3,98,0,False,2.0,2.5,0.6
3,98,1,False,4.0,5.5,0.7
3,98,2,False,7.5,4.0,0.6
3,98,3,True,3.6766,2.6798,0.5
3,98,4,True,4.9874,4.8998,0.5
3,98,5,True,2.7474,6.4677,0.5
3,98,6,True,6.0055,6.3965,0.5
3,98,7,True,5.3949,1.9575,0.5
3,99,0,False,2.0,2.5,0.6
3,99,1,False,4.0,5.5,0.7
3,99,2,False,7.5,4.0,0.6
3,99,3,True,3.6052,2.6076,0.5
3,99,4,True,5.0593,4.8956,0.5
3,99,5,True,2.8606,6.4285,0.5
3,99,6,True,6.0006,6.4661,0.5
3,99,7,True,5.3728,1.9024,0.5
4,0,0,False,2.0,2.5,0.6
4,0,1,False,4.0,5.5,0.7
4,0,2,False,7.5,4.0,0.6
4,0,3,True,3.0,3.6,0.5
4,0,4,True,5.4243,4.6364,0.5
4,0,5,True,3.2,6.0,0.5
4,0,6,True,6.933,6.85,0.5
4,0,7,True,4.95,2.3464,0.5
4,1,0,False,2.0,2.5,0.6
4,1,1,False,4.0,5.5,0.7
4,1,2,False,7.5,4.0,0.6
4,1,3,True,3.1196,3.5933,0.5
4,1,4,True,5.472,4.5556,0.5
4,1,5,True,3.1887,5.9105,0.5
4,1,6,True,6.9558,6.7877,0.5
4,1,7,True,5.0544,2.3151,0.5
4,2,0,False,2.0,2.5,0.6
4,2,1,False,4.0,5.5,0.7
4,2,2,False,7.5,4.0,0.6
4,2,3,True,3.2364,3.5732,0.5
4,2,4,True,5.513,4.4669,0.5
4,2,5,True,3.1551,5.8239,0.5
4,2,6,True,6.974,6.7226,0.5
4,2,7,True,5.1479,2.2776,0.5
4,3,0,False,2.0,2.5,0.6
4,3,1,False,4.0,5.5,0.7
4,3,2,False,7.5,4.0,0.6
4,3,3,True,3.348,3.5403,0.5
4,3,4,True,5.5465,4.3714,0.5
4,3,5,True,3.1004,5.7429,0.5
4,3,6,True,6.9876,6.6552,0.5
4,3,7,True,5.2287,2.2348,0.5
4,4,0,False,2.0,2.5,0.6
4,4,1,False,4.0,5.5,0.7
4,4,2,False,7.5,4.0,0.6
4,4,3,True,3.4517,3.4952,0.5
4,4,4,True,5.5722,4.2706,0.5
4,4,5,True,3.0263,5.6703,0.5
4,4,6,True,6.9962,6.5863,0.5
4,4,7,True,5.2953,2.1873,0.5
4,5,0,False,2.0,2.5,0.6
4,5,1,False,4.0,5.5,0.7
4,5,2,False,7.5,4.0,0.6
4,5,3,True,3.5453,3.439,0.5
4,5,4,True,5.5897,4.1659,0.5
4,5,5,True,2.9351,5.6083,0.5
4,5,6,True,6.9999,6.5165,0.5
4,5,7,True,5.3463,2.1361,0.5
4,6,0,False,2.0,2.5,0.6
4,6,1,False,4.0,5.5,0.7
4,6,2,False,7.5,4.0,0.6
4,6,3,True,3.6267,3.373,0.5
4,6,4,True,5.5987,4.0588,0.5
4,6,5,True,2.8299,5.559,0.5
4,6,6,True,6.9985,6.4466,0.5
4,6,7,True,5.3808,2.0823,0.5
4,7,0,False,2.0,2.5,0.6
4,7,1,False,4.0,5.5,0.7
4,7,2,False,7.5,4.0,0.6
4,7,3,True,3.6939,3.2985,0.5
4,7,4,True,5.5991,3.9509,0.5
4,7,5,True,2.7141,5.524,0.5
4,7,6,True,6.9922,6.3772,0.5
4,7,7,True,5.398,2.0269,0.5
4,8,0,False,2.0,2.5,0.6
4,8,1,False,4.0,5.5,0.7
4,8,2,False,7.5,4.0,0.6
4,8,3,True,3.7456,3.2174,0.5
4,8,4,True,5.5909,3.8437,0.5
4,8,5,True,2.5913,5.5043,0.5
4,8,6,True,6.981,6.309,0.5
4,8,7,True,5.3976,1.9709,0.5
4,9,0,False,2.0,2.5,0.6
4,9,1,False,4.0,5.5,0.7
4,9,2,False,7.5,4.0,0.6
4,9,3,True,3.7806,3.1314,0.5
4,9,4,True,5.5742,3.7387,0.5
4,9,5,True,2.4656,5.5006,0.5
4,9,6,True,6.965,6.2427,0.5
4,9,7,True,5.3797,1.9155,0.5
4,10,0,False,2.0,2.5,0.6
4,10,1,False,4.0,5.5,0.7
4,10,2,False,7.5,4.0,0.6
4,10,3,True,3.798,3.0424,0.5
4,10,4,True,5.5492,3.6375,0.5
4,10,5,True,2.341,5.5131,0.5
4,10,6,True,6.9443,6.179,0.5
4,10,7,True,5.3446,1.8618,0.5
4,11,0,False,2.0,2.5,0.6
4,11,1,False,4.0,5.5,0.7
4,11,2,False,7.5,4.0,0.6
4,11,3,True,3.7975,2.9525,0.5
4,11,4,True,5.5163,3.5415,0.5
4,11,5,True,2.2215,5.5413,0.5
4,11,6,True,6.9192,6.1185,0.5
4,11,7,True,5.2929,1.8108,0.5
4,12,0,False,2.0,2.5,0.6
4,12,1,False,4.0,5.5,0.7
4,12,2,False,7.5,4.0,0.6
4,12,3,True,3.7791,2.8637,0.5
4,12,4,True,5.476,3.452,0.5
4,12,5,True,2.111,5.5843,0.5
4,12,6,True,6.8899,6.0618,0.5
4,12,7,True,5.2257,1.7634,0.5
4,13,0,False,2.0,2.5,0.6
4,13,1,False,4.0,5.5,0.7
4,13,2,False,7.5,4.0,0.6
4,13,3,True,3.7432,2.7779,0.5
4,13,4,True,5.4288,3.3705,0.5
4,13,5,True,2.0131,5.6408,0.5
4,13,6,True,6.8567,6.0095,0.5
4,13,7,True,5.1444,1.7207,0.5
4,14,0,False,2.0,2.5,0.6
4,14,1,False,4.0,5.5,0.7
4,14,2,False,7.5,4.0,0.6
4,14,3,True,3.6906,2.6971,0.5
4,14,4,True,5.3755,3.298,0.5
4,14,5,True,1.9309,5.7088,0.5
4,14,6,True,6.82,5.9621,0.5
4,14,7,True,5.0504,1.6835,0.5
4,15,0,False,2.0,2.5,0.6
4,15,1,False,4.0,5.5,0.7
4,15,2,False,7.5,4.0,0.6
4,15,3,True,3.6225,2.6231,0.5
4,15,4,True,5.3168,3.2357,0.5
4,15,5,True,1.8671,5.7863,0.5
4,15,6,True,6.78,5.9201,0.5
4,15,7,True,4.9456,1.6525,0.5
4,16,0,False,2.0,2.5,0.6
4,16,1,False,4.0,5.5,0.7
4,16,2,False,7.5,4.0,0.6
4,16,3,True,3.5404,2.5576,0.5
4,16,4,True,5.2535,3.1843,0.5
4,16,5,True,1.8238,5.8707,0.5
4,16,6,True,6.7372,5.8838,0.5
4,16,7,True,4.8322,1.6282,0.5
4,17,0,False,2.0,2.5,0.6
4,17,1,False,4.0,5.5,0.7
4,17,2,False,7.5,4.0,0.6
4,17,3,True,3.4461,2.502,0.5
4,17,4,True,5.1866,3.1446,0.5
4,17,5,True,1.8023,5.9592,0.5
4,17,6,True,6.6921,5.8537,0.5
4,17,7,True,4.7122,1.6113,0.5
4,18,0,False,2.0,2.5,0.6
4,18,1,False,4.0,5.5,0.7
4,18,2,False,7.5,4.0,0.6
4,18,3,True,3.3419,2.4576,0.5
4,18,4,True,5.117,3.1173,0.5
4,18,5,True,1.8034,6.0491,0.5
4,18,6,True,6.6451,5.8301,0.5
4,18,7,True,4.5881,1.6019,0.5
4,19,0,False,2.0,2.5,0.6
4,19,1,False,4.0,5.5,0.7
4,19,2,False,7.5,4.0,0.6
4,19,3,True,3.23,2.4253,0.5
4,19,4,True,5.0457,3.1026,0.5
4,19,5,True,1.827,6.1374,0.5
4,19,6,True,6.5966,5.8132,0.5
4,19,7,True,4.4622,1.6004,0.5
4,20,0,False,2.0,2.5,0.6
4,20,1,False,4.0,5.5,0.7
4,20,2,False,7.5,4.0,0.6
4,20,3,True,3.1129,2.406,0.5
4,20,4,True,4.9737,3.1009,0.5
4,20,5,True,1.8723,6.2213,0.5
4,20,6,True,6.5471,5.8031,0.5
4,20,7,True,4.3371,1.6066,0.5
4,21,0,False,2.0,2.5,0.6
4,21,1,False,4.0,5.5,0.7
4,21,2,False,7.5,4.0,0.6
4,21,3,True,2.9933,2.4,0.5
4,21,4,True,4.9022,3.112,0.5
4,21,5,True,1.9379,6.298,0.5
4,21,6,True,6.4972,5.8,0.5
4,21,7,True,4.2152,1.6206,0.5
4,22,0,False,2.0,2.5,0.6
4,22,1,False,4.0,5.5,0.7
4,22,2,False,7.5,4.0,0.6
4,22,3,True,2.8738,2.4075,0.5
4,22,4,True,4.832,3.136,0.5
4,22,5,True,2.0216,6.365,0.5
4,22,6,True,6.4473,5.8039,0.5
4,22,7,True,4.0988,1.6419,0.5
4,23,0,False,2.0,2.5,0.6
4,23,1,False,4.0,5.5,0.7
4,23,2,False,7.5,4.0,0.6
4,23,3,True,2.7572,2.4283,0.5
4,23,4,True,4.7642,3.1724,0.5
4,23,5,True,2.1209,6.4203,0.5
4,23,6,True,6.3979,5.8147,0.5
4,23,7,True,3.9903,1.6703,0.5
4,24,0,False,2.0,2.5,0.6
4,24,1,False,4.0,5.5,0.7
4,24,2,False,7.5,4.0,0.6
4,24,3,True,2.646,2.4619,0.5
4,24,4,True,4.6999,3.2207,0.5
4,24,5,True,2.2323,6.462,0.5
4,24,6,True,6.3496,5.8324,0.5
4,24,7,True,3.8918,1.7052,0.5
4,25,0,False,2.0,2.5,0.6
4,25,1,False,4.0,5.5,0.7
4,25,2,False,7.5,4.0,0.6
4,25,3,True,2.5428,2.5077,0.5
4,25,4,True,4.6399,3.2802,0.5
4,25,5,True,2.3524,6.4888,0.5
4,25,6,True,6.3027,5.8568,0.5
4,25,7,True,3.8052,1.7458,0.5
4,26,0,False,2.0,2.5,0.6
4,26,1,False,4.0,5.5,0.7
4,26,2,False,7.5,4.0,0.6
4,26,3,True,2.4498,2.5644,0.5
4,26,4,True,4.585,3.35,0.5
4,26,5,True,2.4773,6.4997,0.5
4,26,6,True,6.2578,5.8876,0.5
4,26,7,True,3.7322,1.7913,0.5
4,27,0,False,2.0,2.5,0.6
4,27,1,False,4.0,5.5,0.7
4,27,2,False,7.5,4.0,0.6
4,27,3,True,2.3692,2.631,0.5
4,27,4,True,4.5361,3.4292,0.5
4,27,5,True,2.603,6.4946,0.5
4,27,6,True,6.2154,5.9245,0.5
4,27,7,True,3.6742,1.841,0.5
4,28,0,False,2.0,2.5,0.6
4,28,1,False,4.0,5.5,0.7
4,28,2,False,7.5,4.0,0.6
4,28,3,True,2.3027,2.7058,0.5
4,28,4,True,4.4939,3.5166,0.5
4,28,5,True,2.7252,6.4734,0.5
4,28,6,True,6.1758,5.9671,0.5
4,28,7,True,3.6323,1.8938,0.5
4,29,0,False,2.0,2.5,0.6
4,29,1,False,4.0,5.5,0.7
4,29,2,False,7.5,4.0,0.6
4,29,3,True,2.252,2.7873,0.5
4,29,4,True,4.4589,3.611,0.5
4,29,5,True,2.8403,6.437,0.5
4,29,6,True,6.1394,6.0151,0.5
4,29,7,True,3.6075,1.9486,0.5
4,30,0,False,2.0,2.5,0.6
4,30,1,False,4.0,5.5,0.7
4,30,2,False,7.5,4.0,0.6
4,30,3,True,2.218,2.8735,0.5
4,30,4,True,4.4318,3.7109,0.5
4,30,5,True,2.9443,6.3864,0.5
4,30,6,True,6.1066,6.068,0.5
4,30,7,True,3.6001,2.0045,0.5
4,31,0,False,2.0,2.5,0.6
4,31,1,False,4.0,5.5,0.7
4,31,2,False,7.5,4.0,0.6
4,31,3,True,2.2016,2.9626,0.5
4,31,4,True,4.4128,3.815,0.5
4,31,5,True,3.034,6.3233,0.5
4,31,6,True,6.0778,6.1251,0.5
4,31,7,True,3.6103,2.0603,0.5
4,32,0,False,2.0,2.5,0.6
4,32,1,False,4.0,5.5,0.7
4,32,2,False,7.5,4.0,0.6
4,32,3,True,2.2031,3.0525,0.5
4,32,4,True,4.4023,3.9218,0.5
4,32,5,True,3.1064,6.2498,0.5
4,32,6,True,6.0531,6.186,0.5
4,32,7,True,3.6379,2.1148,0.5
4,33,0,False,2.0,2.5,0.6
4,33,1,False,4.0,5.5,0.7
4,33,2,False,7.5,4.0,0.6
4,33,3,True,2.2225,3.1412,0.5
4,33,4,True,4.4003,4.0297,0.5
4,33,5,True,3.1592,6.1682,0.5
4,33,6,True,6.033,6.25,0.5
4,33,7,True,3.6824,2.1672,0.5
4,34,0,False,2.0,2.5,0.6
4,34,1,False,4.0,5.5,0.7
4,34,2,False,7.5,4.0,0.6
4,34,3,True,2.2593,3.2268,0.5
4,34,4,True,4.407,4.1372,0.5
4,34,5,True,3.1907,6.0812,0.5
4,34,6,True,6.0175,6.3165,0.5
4,34,7,True,3.7429,2.2163,0.5
4,35,0,False,2.0,2.5,0.6
4,35,1,False,4.0,5.5,0.7
4,35,2,False,7.5,4.0,0.6
4,35,3,True,2.3129,3.3073,0.5
4,35,4,True,4.4222,4.2427,0.5
4,35,5,True,3.1999,5.9916,0.5
4,35,6,True,6.0068,6.3849,0.5
4,35,7,True,3.8182,2.2611,0.5
4,36,0,False,2.0,2.5,0.6
4,36,1,False,4.0,5.5,0.7
4,36,2,False,7.5,4.0,0.6
4,36,3,True,2.3818,3.3808,0.5
4,36,4,True,4.4457,4.3447,0.5
4,36,5,True,3.1865,5.9022,0.5
4,36,6,True,6.0011,6.4544,0.5
4,36,7,True,3.9068,2.3008,0.5
4,37,0,False,2.0,2.5,0.6
4,37,1,False,4.0,5.5,0.7
4,37,2,False,7.5,4.0,0.6
4,37,3,True,2.4646,3.4458,0.5
4,37,4,True,4.4772,4.4417,0.5
4,37,5,True,3.1509,5.816,0.5
4,37,6,True,6.0003,6.5244,0.5
4,37,7,True,4.0071,2.3347,0.5
4,38,0,False,2.0,2.5,0.6
4,38,1,False,4.0,5.5,0.7
4,38,2,False,7.5,4.0,0.6
4,38,3,True,2.5595,3.5008,0.5
4,38,4,True,4.5162,4.5324,0.5
4,38,5,True,3.0943,5.7358,0.5
4,38,6,True,6.0045,6.5941,0.5
4,38,7,True,4.117,2.362,0.5
4,39,0,False,2.0,2.5,0.6
4,39,1,False,4.0,5.5,0.7
4,39,2,False,7.5,4.0,0.6
4,39,3,True,2.6642,3.5446,0.5
4,39,4,True,4.5622,4.6155,0.5
4,39,5,True,3.0184,5.664,0.5
4,39,6,True,6.0137,6.6629,0.5
4,39,7,True,4.2344,2.3822,0.5
4,40,0,False,2.0,2.5,0.6
4,40,1,False,4.0,5.5,0.7
4,40,2,False,7.5,4.0,0.6
4,40,3,True,2.7765,3.5761,0.5
4,40,4,True,4.6145,4.6896,0.5
4,40,5,True,2.9258,5.6032,0.5
4,40,6,True,6.0278,6.73,0.5
4,40,7,True,4.357,2.3949,0.5
4,41,0,False,2.0,2.5,0.6
4,41,1,False,4.0,5.5,0.7
4,41,2,False,7.5,4.0,0.6
4,41,3,True,2.8938,3.5947,0.5
4,41,4,True,4.6723,4.7539,0.5
4,41,5,True,2.8195,5.5551,0.5
4,41,6,True,6.0465,6.7949,0.5
4,41,7,True,4.4824,2.3999,0.5
4,42,0,False,2.0,2.5,0.6
4,42,1,False,4.0,5.5,0.7
4,42,2,False,7.5,4.0,0.6
4,42,3,True,3.0135,3.5999,0.5
4,42,4,True,4.7348,4.8073,0.5
4,42,5,True,2.7028,5.5215,0.5
4,42,6,True,6.0698,6.8568,0.5
4,42,7,True,4.6081,2.3971,0.5
4,43,0,False,2.0,2.5,0.6
4,43,1,False,4.0,5.5,0.7
4,43,2,False,7.5,4.0,0.6
4,43,3,True,3.1328,3.5917,0.5
4,43,4,True,4.8012,4.8491,0.5
4,43,5,True,2.5796,5.5032,0.5
4,43,6,True,6.0974,6.9151,0.5
4,43,7,True,4.7317,2.3865,0.5
4,44,0,False,2.0,2.5,0.6
4,44,1,False,4.0,5.5,0.7
4,44,2,False,7.5,4.0,0.6
4,44,3,True,3.2492,3.5701,0.5
4,44,4,True,4.8704,4.8787,0.5
4,44,5,True,2.4538,5.5011,0.5
4,44,6,True,6.129,6.9693,0.5
4,44,7,True,4.8508,2.3684,0.5
4,45,0,False,2.0,2.5,0.6
4,45,1,False,4.0,5.5,0.7
4,45,2,False,7.5,4.0,0.6
4,45,3,True,3.36,3.5358,0.5
4,45,4,True,4.9414,4.8957,0.5
4,45,5,True,2.3295,5.5151,0.5
4,45,6,True,6.1643,7.0188,0.5
4,45,7,True,4.963,2.343,0.5
4,46,0,False,2.0,2.5,0.6
4,46,1,False,4.0,5.5,0.7
4,46,2,False,7.5,4.0,0.6
4,46,3,True,3.4628,3.4894,0.5
4,46,4,True,5.0133,4.8998,0.5
4,46,5,True,2.2107,5.5447,0.5
4,46,6,True,6.203,7.0631,0.5
4,46,7,True,5.0662,2.3109,0.5
4,47,0,False,2.0,2.5,0.6
4,47,1,False,4.0,5.5,0.7
4,47,2,False,7.5,4.0,0.6
4,47,3,True,3.5551,3.4321,0.5
4,47,4,True,5.085,4.8909,0.5
4,47,5,True,2.1013,5.589,0.5
4,47,6,True,6.2447,7.1018,0.5
4,47,7,True,5.1583,2.2728,0.5
4,48,0,False,2.0,2.5,0.6
4,48,1,False,4.0,5.5,0.7
4,48,2,False,7.5,4.0,0.6
4,48,3,True,3.6349,3.365,0.5
4,48,4,True,5.1555,4.8692,0.5
4,48,5,True,2.0047,5.6467,0.5
4,48,6,True,6.2888,7.1345,0.5
4,48,7,True,5.2375,2.2293,0.5
4,49,0,False,2.0,2.5,0.6
4,49,1,False,4.0,5.5,0.7
4,49,2,False,7.5,4.0,0.6
4,49,3,True,3.7005,3.2897,0.5
4,49,4,True,5.2238,4.8351,0.5
4,49,5,True,1.9242,5.7157,0.5
4,49,6,True,6.3351,7.1609,0.5
4,49,7,True,5.3023,2.1813,0.5
4,50,0,False,2.0,2.5,0.6
4,50,1,False,4.0,5.5,0.7
4,50,2,False,7.5,4.0,0.6
4,50,3,True,3.7504,3.208,0.5
4,50,4,True,5.2888,4.7889,0.5
4,50,5,True,1.8622,5.7939,0.5
4,50,6,True,6.3831,7.1806,0.5
4,50,7,True,5.3513,2.1298,0.5
4,51,0,False,2.0,2.5,0.6
4,51,1,False,4.0,5.5,0.7
4,51,2,False,7.5,4.0,0.6
4,51,3,True,3.7834,3.1215,0.5
4,51,4,True,5.3497,4.7313,0.5
4,51,5,True,1.8209,5.8788,0.5
4,51,6,True,6.4322,7.1935,0.5
4,51,7,True,5.3837,2.0757,0.5
4,52,0,False,2.0,2.5,0.6
4,52,1,False,4.0,5.5,0.7
4,52,2,False,7.5,4.0,0.6
4,52,3,True,3.7988,3.0324,0.5
4,52,4,True,5.4056,4.6633,0.5
4,52,5,True,1.8015,5.9676,0.5
4,52,6,True,6.482,7.1995,0.5
4,52,7,True,5.3989,2.0201,0.5
4,53,0,False,2.0,2.5,0.6
4,53,1,False,4.0,5.5,0.7
4,53,2,False,7.5,4.0,0.6
4,53,3,True,3.7963,2.9425,0.5
4,53,4,True,5.4556,4.5857,0.5
4,53,5,True,1.8046,6.0575,0.5
4,53,6,True,6.532,7.1986,0.5
4,53,7,True,5.3964,1.9642,0.5
4,54,0,False,2.0,2.5,0.6
4,54,1,False,4.0,5.5,0.7
4,54,2,False,7.5,4.0,0.6
4,54,3,True,3.7759,2.8539,0.5
4,54,4,True,5.499,4.4997,0.5
4,54,5,True,1.8303,6.1455,0.5
4,54,6,True,6.5816,7.1906,0.5
4,54,7,True,5.3764,1.909,0.5
4,55,0,False,2.0,2.5,0.6
4,55,1,False,4.0,5.5,0.7
4,55,2,False,7.5,4.0,0.6
4,55,3,True,3.7381,2.7686,0.5
4,55,4,True,5.5353,4.4065,0.5
4,55,5,True,1.8776,6.2288,0.5
4,55,6,True,6.6305,7.1757,0.5
4,55,7,True,5.3392,1.8555,0.5
4,56,0,False,2.0,2.5,0.6
4,56,1,False,4.0,5.5,0.7
4,56,2,False,7.5,4.0,0.6
4,56,3,True,3.6837,2.6884,0.5
4,56,4,True,5.5639,4.3074,0.5
4,56,5,True,1.945,6.3047,0.5
4,56,6,True,6.678,7.1541,0.5
4,56,7,True,5.2856,1.8049,0.5
4,57,0,False,2.0,2.5,0.6
4,57,1,False,4.0,5.5,0.7
4,57,2,False,7.5,4.0,0.6
4,57,3,True,3.6139,2.6153,0.5
4,57,4,True,5.5844,4.2039,0.5
4,57,5,True,2.0303,6.3707,0.5
4,57,6,True,6.7238,7.126,0.5
4,57,7,True,5.2167,1.758,0.5
4,58,0,False,2.0,2.5,0.6
4,58,1,False,4.0,5.5,0.7
4,58,2,False,7.5,4.0,0.6
4,58,3,True,3.5304,2.5508,0.5
4,58,4,True,5.5965,4.0975,0.5
4,58,5,True,2.1308,6.4248,0.5
4,58,6,True,6.7673,7.0916,0.5
4,58,7,True,5.1337,1.716,0.5
4,59,0,False,2.0,2.5,0.6
4,59,1,False,4.0,5.5,0.7
4,59,2,False,7.5,4.0,0.6
4,59,3,True,3.4349,2.4964,0.5
4,59,4,True,5.6,3.9897,0.5
4,59,5,True,2.2432,6.4651,0.5
4,59,6,True,6.8081,7.0513,0.5
4,59,7,True,5.0383,1.6794,0.5
4,60,0,False,2.0,2.5,0.6
4,60,1,False,4.0,5.5,0.7
4,60,2,False,7.5,4.0,0.6
4,60,3,True,3.3297,2.4533,0.5
4,60,4,True,5.5948,3.8821,0.5
4,60,5,True,2.364,6.4905,0.5
4,60,6,True,6.8459,7.0054,0.5
4,60,7,True,4.9324,1.6492,0.5
4,61,0,False,2.0,2.5,0.6
4,61,1,False,4.0,5.5,0.7
4,61,2,False,7.5,4.0,0.6
4,61,3,True,3.2171,2.4225,0.5
4,61,4,True,5.5811,3.7761,0.5
4,61,5,True,2.4891,6.4999,0.5
4,61,6,True,6.8802,6.9546,0.5
4,61,7,True,4.818,1.6258,0.5
4,62,0,False,2.0,2.5,0.6
4,62,1,False,4.0,5.5,0.7
4,62,2,False,7.5,4.0,0.6
4,62,3,True,3.0996,2.4047,0.5
4,62,4,True,5.5591,3.6734,0.5
4,62,5,True,2.6146,6.4933,0.5
4,62,6,True,6.9107,6.8992,0.5
4,62,7,True,4.6974,1.6097,0.5
4,63,0,False,2.0,2.5,0.6
4,63,1,False,4.0,5.5,0.7
4,63,2,False,7.5,4.0,0.6
4,63,3,True,2.9798,2.4002,0.5
4,63,4,True,5.529,3.5753,0.5
4,63,5,True,2.7364,6.4706,0.5
4,63,6,True,6.9372,6.8398,0.5
4,63,7,True,4.573,1.6013,0.5
4,64,0,False,2.0,2.5,0.6
4,64,1,False,4.0,5.5,0.7
4,64,2,False,7.5,4.0,0.6
4,64,3,True,2.8605,2.4092,0.5
4,64,4,True,5.4913,3.4834,0.5
4,64,5,True,2.8505,6.4328,0.5
4,64,6,True,6.9592,6.777,0.5
4,64,7,True,4.4471,1.6007,0.5
4,65,0,False,2.0,2.5,0.6
4,65,1,False,4.0,5.5,0.7
4,65,2,False,7.5,4.0,0.6
4,65,3,True,2.7444,2.4315,0.5
4,65,4,True,5.4465,3.3989,0.5
4,65,5,True,2.9533,6.381,0.5
4,65,6,True,6.9767,6.7114,0.5
4,65,7,True,4.3222,1.6079,0.5
4,66,0,False,2.0,2.5,0.6
4,66,1,False,4.0,5.5,0.7
4,66,2,False,7.5,4.0,0.6
4,66,3,True,2.634,2.4665,0.5
4,66,4,True,5.3954,3.323,0.5
4,66,5,True,3.0415,6.3169,0.5
4,66,6,True,6.9893,6.6437,0.5
4,66,7,True,4.2009,1.6227,0.5
4,67,0,False,2.0,2.5,0.6
4,67,1,False,4.0,5.5,0.7
4,67,2,False,7.5,4.0,0.6
4,67,3,True,2.5318,2.5135,0.5
4,67,4,True,5.3385,3.2569,0.5
4,67,5,True,3.1122,6.2425,0.5
4,67,6,True,6.9972,6.5746,0.5
4,67,7,True,4.0853,1.645,0.5
4,68,0,False,2.0,2.5,0.6
4,68,1,False,4.0,5.5,0.7
4,68,2,False,7.5,4.0,0.6
4,68,3,True,2.4401,2.5714,0.5
4,68,4,True,5.2767,3.2014,0.5
4,68,5,True,3.163,6.1603,0.5
4,68,6,True,7.0,6.5047,0.5
4,68,7,True,3.9779,1.6742,0.5
4,69,0,False,2.0,2.5,0.6
4,69,1,False,4.0,5.5,0.7
4,69,2,False,7.5,4.0,0.6
4,69,3,True,2.361,2.639,0.5
4,69,4,True,5.211,3.1575,0.5
4,69,5,True,3.1925,6.0729,0.5
4,69,6,True,6.9978,6.4348,0.5
4,69,7,True,3.8807,1.7097,0.5
4,70,0,False,2.0,2.5,0.6
4,70,1,False,4.0,5.5,0.7
4,70,2,False,7.5,4.0,0.6
4,70,3,True,2.2962,2.7147,0.5
4,70,4,True,5.1423,3.1257,0.5
4,70,5,True,3.1996,5.9832,0.5
4,70,6,True,6.9907,6.3656,0.5
4,70,7,True,3.7957,1.751,0.5
4,71,0,False,2.0,2.5,0.6
4,71,1,False,4.0,5.5,0.7
4,71,2,False,7.5,4.0,0.6
4,71,3,True,2.2473,2.7968,0.5
4,71,4,True,5.0715,3.1064,0.5
4,71,5,True,3.1841,5.894,0.5
4,71,6,True,6.9787,6.2977,0.5
4,71,7,True,3.7244,1.7971,0.5
4,72,0,False,2.0,2.5,0.6
4,72,1,False,4.0,5.5,0.7
4,72,2,False,7.5,4.0,0.6
4,72,3,True,2.2153,2.8834,0.5
4,72,4,True,4.9996,3.1,0.5
4,72,5,True,3.1465,5.8082,0.5
4,72,6,True,6.9618,6.2318,0.5
4,72,7,True,3.6683,1.8472,0.5
4,73,0,False,2.0,2.5,0.6
4,73,1,False,4.0,5.5,0.7
4,73,2,False,7.5,4.0,0.6
4,73,3,True,2.2008,2.9727,0.5
4,73,4,True,4.9278,3.1065,0.5
4,73,5,True,3.088,5.7287,0.5
4,73,6,True,6.9404,6.1686,0.5
4,73,7,True,3.6284,1.9003,0.5
4,74,0,False,2.0,2.5,0.6
4,74,1,False,4.0,5.5,0.7
4,74,2,False,7.5,4.0,0.6
4,74,3,True,2.2044,3.0625,0.5
4,74,4,True,4.857,3.1259,0.5
4,74,5,True,3.0104,5.6579,0.5
4,74,6,True,6.9146,6.1087,0.5
4,74,7,True,3.6056,1.9553,0.5
4,75,0,False,2.0,2.5,0.6
4,75,1,False,4.0,5.5,0.7
4,75,2,False,7.5,4.0,0.6
4,75,3,True,2.2258,3.151,0.5
4,75,4,True,4.7883,3.1579,0.5
4,75,5,True,2.9164,5.5981,0.5
4,75,6,True,6.8846,6.0527,0.5
4,75,7,True,3.6004,2.0112,0.5
4,76,0,False,2.0,2.5,0.6
4,76,1,False,4.0,5.5,0.7
4,76,2,False,7.5,4.0,0.6
4,76,3,True,2.2645,3.2361,0.5
4,76,4,True,4.7226,3.202,0.5
4,76,5,True,2.809,5.5513,0.5
4,76,6,True,6.8508,6.0012,0.5
4,76,7,True,3.6127,2.0669,0.5
4,77,0,False,2.0,2.5,0.6
4,77,1,False,4.0,5.5,0.7
4,77,2,False,7.5,4.0,0.6
4,77,3,True,2.3198,3.3159,0.5
4,77,4,True,4.6609,3.2575,0.5
4,77,5,True,2.6915,5.5191,0.5
4,77,6,True,6.8135,5.9546,0.5
4,77,7,True,3.6424,2.1213,0.5
4,78,0,False,2.0,2.5,0.6
4,78,1,False,4.0,5.5,0.7
4,78,2,False,7.5,4.0,0.6
4,78,3,True,2.3904,3.3886,0.5
4,78,4,True,4.6041,3.3237,0.5
4,78,5,True,2.5679,5.5024,0.5
4,78,6,True,6.773,5.9135,0.5
4,78,7,True,3.6888,2.1733,0.5
4,79,0,False,2.0,2.5,0.6
4,79,1,False,4.0,5.5,0.7
4,79,2,False,7.5,4.0,0.6
4,79,3,True,2.4747,3.4525,0.5
4,79,4,True,4.553,3.3997,0.5
4,79,5,True,2.4421,5.5017,0.5
4,79,6,True,6.7298,5.8783,0.5
4,79,7,True,3.7512,2.2219,0.5
4,80,0,False,2.0,2.5,0.6
4,80,1,False,4.0,5.5,0.7
4,80,2,False,7.5,4.0,0.6
4,80,3,True,2.5707,3.5063,0.5
4,80,4,True,4.5083,3.4843,0.5
4,80,5,True,2.3181,5.5172,0.5
4,80,6,True,6.6843,5.8493,0.5
4,80,7,True,3.8282,2.2662,0.5
4,81,0,False,2.0,2.5,0.6
4,81,1,False,4.0,5.5,0.7
4,81,2,False,7.5,4.0,0.6
4,81,3,True,2.6764,3.5487,0.5
4,81,4,True,4.4707,3.5763,0.5
4,81,5,True,2.2,5.5482,0.5
4,81,6,True,6.637,5.8268,0.5
4,81,7,True,3.9183,2.3052,0.5
4,82,0,False,2.0,2.5,0.6
4,82,1,False,4.0,5.5,0.7
4,82,2,False,7.5,4.0,0.6
4,82,3,True,2.7894,3.5788,0.5
4,82,4,True,4.4406,3.6744,0.5
4,82,5,True,2.0917,5.5939,0.5
4,82,6,True,6.5883,5.811,0.5
4,82,7,True,4.0198,2.3383,0.5
4,83,0,False,2.0,2.5,0.6
4,83,1,False,4.0,5.5,0.7
4,83,2,False,7.5,4.0,0.6
4,83,3,True,2.9071,3.5959,0.5
4,83,4,True,4.4187,3.7772,0.5
4,83,5,True,1.9965,5.6527,0.5
4,83,6,True,6.5388,5.8021,0.5
4,83,7,True,4.1307,2.3648,0.5
4,84,0,False,2.0,2.5,0.6
4,84,1,False,4.0,5.5,0.7
4,84,2,False,7.5,4.0,0.6
4,84,3,True,3.0269,3.5997,0.5
4,84,4,True,4.4051,3.8832,0.5
4,84,5,True,1.9175,5.7227,0.5
4,84,6,True,6.4888,5.8002,0.5
4,84,7,True,4.2489,2.3841,0.5
4,85,0,False,2.0,2.5,0.6
4,85,1,False,4.0,5.5,0.7
4,85,2,False,7.5,4.0,0.6
4,85,3,True,3.1461,3.5899,0.5
4,85,4,True,4.4,3.9908,0.5
4,85,5,True,1.8574,5.8016,0.5
4,85,6,True,6.4389,5.8052,0.5
4,85,7,True,4.3719,2.3959,0.5
4,86,0,False,2.0,2.5,0.6
4,86,1,False,4.0,5.5,0.7
4,86,2,False,7.5,4.0,0.6
4,86,3,True,3.262,3.5669,0.5
4,86,4,True,4.4036,4.0986,0.5
4,86,5,True,1.8181,5.887,0.5
4,86,6,True,6.3897,5.8172,0.5
4,86,7,True,4.4975,2.4,0.5
4,87,0,False,2.0,2.5,0.6
4,87,1,False,4.0,5.5,0.7
4,87,2,False,7.5,4.0,0.6
4,87,3,True,3.372,3.5312,0.5
4,87,4,True,4.4158,4.205,0.5
4,87,5,True,1.8008,5.976,0.5
4,87,6,True,6.3416,5.8361,0.5
4,87,7,True,4.6231,2.3962,0.5
4,88,0,False,2.0,2.5,0.6
4,88,1,False,4.0,5.5,0.7
4,88,2,False,7.5,4.0,0.6
4,88,3,True,3.4737,3.4835,0.5
4,88,4,True,4.4363,4.3085,0.5
4,88,5,True,1.8061,6.0658,0.5
4,88,6,True,6.295,5.8615,0.5
4,88,7,True,4.7463,2.3847,0.5
4,89,0,False,2.0,2.5,0.6
4,89,1,False,4.0,5.5,0.7
4,89,2,False,7.5,4.0,0.6
4,89,3,True,3.5647,3.425,0.5
4,89,4,True,4.465,4.4075,0.5
4,89,5,True,1.8338,6.1535,0.5
4,89,6,True,6.2505,5.8934,0.5
4,89,7,True,4.8647,2.3657,0.5
4,90,0,False,2.0,2.5,0.6
4,90,1,False,4.0,5.5,0.7
4,90,2,False,7.5,4.0,0.6
4,90,3,True,3.643,3.357,0.5
4,90,4,True,4.5014,4.5006,0.5
4,90,5,True,1.883,6.2362,0.5
4,90,6,True,6.2085,5.9313,0.5
4,90,7,True,4.976,2.3395,0.5
4,91,0,False,2.0,2.5,0.6
4,91,1,False,4.0,5.5,0.7
4,91,2,False,7.5,4.0,0.6
4,91,3,True,3.7069,3.2809,0.5
4,91,4,True,4.5449,4.5865,0.5
4,91,5,True,1.9522,6.3113,0.5
4,91,6,True,6.1694,5.9749,0.5
4,91,7,True,5.0779,2.3066,0.5
4,92,0,False,2.0,2.5,0.6
4,92,1,False,4.0,5.5,0.7
4,92,2,False,7.5,4.0,0.6
4,92,3,True,3.755,3.1985,0.5
4,92,4,True,4.595,4.664,0.5
4,92,5,True,2.0391,6.3763,0.5
4,92,6,True,6.1336,6.0237,0.5
4,92,7,True,5.1685,2.2678,0.5
4,93,0,False,2.0,2.5,0.6
4,93,1,False,4.0,5.5,0.7
4,93,2,False,7.5,4.0,0.6
4,93,3,True,3.786,3.1116,0.5
4,93,4,True,4.6509,4.732,0.5
4,93,5,True,2.1408,6.4292,0.5
4,93,6,True,6.1015,6.0773,0.5
4,93,7,True,5.2461,2.2237,0.5
4,94,0,False,2.0,2.5,0.6
4,94,1,False,4.0,5.5,0.7
4,94,2,False,7.5,4.0,0.6
4,94,3,True,3.7994,3.0223,0.5
4,94,4,True,4.7118,4.7894,0.5
4,94,5,True,2.2542,6.4682,0.5
4,94,6,True,6.0733,6.1351,0.5
4,94,7,True,5.309,2.1753,0.5
4,95,0,False,2.0,2.5,0.6
4,95,1,False,4.0,5.5,0.7
4,95,2,False,7.5,4.0,0.6
4,95,3,True,3.7949,2.9324,0.5
4,95,4,True,4.7769,4.8355,0.5
4,95,5,True,2.3755,6.492,0.5
4,95,6,True,6.0494,6.1965,0.5
4,95,7,True,5.3561,2.1234,0.5
4,96,0,False,2.0,2.5,0.6
4,96,1,False,4.0,5.5,0.7
4,96,2,False,7.5,4.0,0.6
4,96,3,True,3.7725,2.8441,0.5
4,96,4,True,4.8452,4.8695,0.5
4,96,5,True,2.5009,6.5,0.5
4,96,6,True,6.03,6.261,0.5
4,96,7,True,5.3865,2.0691,0.5
4,97,0,False,2.0,2.5,0.6
4,97,1,False,4.0,5.5,0.7
4,97,2,False,7.5,4.0,0.6
4,97,3,True,3.7328,2.7593,0.5
4,97,4,True,4.9157,4.8911,0.5
4,97,5,True,2.6262,6.4918,0.5
4,97,6,True,6.0153,6.3279,0.5
4,97,7,True,5.3995,2.0134,0.5
4,98,0,False,2.0,2.5,0.6
4,98,1,False,4.0,5.5,0.7
4,98,2,False,7.5,4.0,0.6
4,98,3,True,3.6766,2.6798,0.5
4,98,4,True,4.9874,4.8998,0.5
4,98,5,True,2.7474,6.4677,0.5
4,98,6,True,6.0055,6.3965,0.5
4,98,7,True,5.3949,1.9575,0.5
4,99,0,False,2.0,2.5,0.6
4,99,1,False,4.0,5.5,0.7
4,99,2,False,7.5,4.0,0.6
4,99,3,True,3.6052,2.6076,0.5
4,99,4,True,5.0593,4.8956,0.5
4,99,5,True,2.8606,6.4285,0.5
4,99,6,True,6.0006,6.4661,0.5
4,99,7,True,5.3728,1.9024,0.5
5,0,0,False,2.0,2.5,0.6
5,0,1,False,4.0,5.5,0.7
5,0,2,False,7.5,4.0,0.6
5,0,3,True,3.0,3.6,0.5
5,0,4,True,5.4243,4.6364,0.5
5,0,5,True,3.2,6.0,0.5
5,0,6,True,6.933,6.85,0.5
5,0,7,True,4.95,2.3464,0.5
5,1,0,False,2.0,2.5,0.6
5,1,1,False,4.0,5.5,0.7
5,1,2,False,7.5,4.0,0.6
5,1,3,True,3.1196,3.5933,0.5
5,1,4,True,5.472,4.5556,0.5
5,1,5,True,3.1887,5.9105,0.5
5,1,6,True,6.9558,6.7877,0.5
5,1,7,True,5.0544,2.3151,0.5
5,2,0,False,2.0,2.5,0.6
5,2,1,False,4.0,5.5,0.7
5,2,2,False,7.5,4.0,0.6
5,2,3,True,3.2364,3.5732,0.5
5,2,4,True,5.513,4.4669,0.5
5,2,5,True,3.1551,5.8239,0.5
5,2,6,True,6.974,6.7226,0.5
5,2,7,True,5.1479,2.2776,0.5
5,3,0,False,2.0,2.5,0.6
5,3,1,False,4.0,5.5,0.7
5,3,2,False,7.5,4.0,0.6
5,3,3,True,3.348,3.5403,0.5
5,3,4,True,5.5465,4.3714,0.5
5,3,5,True,3.1004,5.7429,0.5
5,3,6,True,6.9876,6.6552,0.5
5,3,7,True,5.2287,2.2348,0.5
5,4,0,False,2.0,2.5,0.6
5,4,1,False,4.0,5.5,0.7
5,4,2,False,7.5,4.0,0.6
5,4,3,True,3.4517,3.4952,0.5
5,4,4,True,5.5722,4.2706,0.5
5,4,5,True,3.0263,5.6703,0.5
5,4,6,True,6.9962,6.5863,0.5
5,4,7,True,5.2953,2.1873,0.5
5,5,0,False,2.0,2.5,0.6
5,5,1,False,4.0,5.5,0.7
5,5,2,False,7.5,4.0,0.6
5,5,3,True,3.5453,3.439,0.5
5,5,4,True,5.5897,4.1659,0.5
5,5,5,True,2.9351,5.6083,0.5
5,5,6,True,6.9999,6.5165,0.5
5,5,7,True,5.3463,2.1361,0.5
5,6,0,False,2.0,2.5,0.6
5,6,1,False,4.0,5.5,0.7
5,6,2,False,7.5,4.0,0.6
5,6,3,True,3.6267,3.373,0.5
5,6,4,True,5.5987,4.0588,0.5
5,6,5,True,2.8299,5.559,0.5
5,6,6,True,6.9985,6.4466,0.5
5,6,7,True,5.3808,2.0823,0.5
5,7,0,False,2.0,2.5,0.6
5,7,1,False,4.0,5.5,0.7
5,7,2,False,7.5,4.0,0.6
5,7,3,True,3.6939,3.2985,0.5
5,7,4,True,5.5991,3.9509,0.5
5,7,5,True,2.7141,5.524,0.5
5,7,6,True,6.9922,6.3772,0.5
5,7,7,True,5.398,2.0269,0.5
5,8,0,False,2.0,2.5,0.6
5,8,1,False,4.0,5.5,0.7
5,8,2,False,7.5,4.0,0.6
5,8,3,True,3.7456,3.2174,0.5
5,8,4,True,5.5909,3.8437,0.5
5,8,5,True,2.5913,5.5043,0.5
5,8,6,True,6.981,6.309,0.5
5,8,7,True,5.3976,1.9709,0.5
5,9,0,False,2.0,2.5,0.6
5,9,1,False,4.0,5.5,0.7
5,9,2,False,7.5,4.0,0.6
5,9,3,True,3.7806,3.1314,0.5
5,9,4,True,5.5742,3.7387,0.5
5,9,5,True,2.4656,5.5006,0.5
5,9,6,True,6.965,6.2427,0.5
5,9,7,True,5.3797,1.9155,0.5
5,10,0,False,2.0,2.5,0.6
5,10,1,False,4.0,5.5,0.7
5,10,2,False,7.5,4.0,0.6
5,10,3,True,3.798,3.0424,0.5
5,10,4,True,5.5492,3.6375,0.5
5,10,5,True,2.341,5.5131,0.5
5,10,6,True,6.9443,6.179,0.5
5,10,7,True,5.3446,1.8618,0.5
5,11,0,False,2.0,2.5,0.6
5,11,1,False,4.0,5.5,0.7
5,11,2,False,7.5,4.0,0.6
5,11,3,True,3.7975,2.9525,0.5
5,11,4,True,5.5163,3.5415,0.5
5,11,5,True,2.2215,5.5413,0.5
5,11,6,True,6.9192,6.1185,0.5
5,11,7,True,5.2929,1.8108,0.5
5,12,0,False,2.0,2.5,0.6
5,12,1,False,4.0,5.5,0.7
5,12,2,False,7.5,4.0,0.6
5,12,3,True,3.7791,2.8637,0.5
5,12,4,True,5.476,3.452,0.5
5,12,5,True,2.111,5.5843,0.5
5,12,6,True,6.8899,6.0618,0.5
5,12,7,True,5.2257,1.7634,0.5
5,13,0,False,2.0,2.5,0.6
5,13,1,False,4.0,5.5,0.7
5,13,2,False,7.5,4.0,0.6
5,13,3,True,3.7432,2.7779,0.5
5,13,4,True,5.4288,3.3705,0.5
5,13,5,True,2.0131,5.6408,0.5
5,13,6,True,6.8567,6.0095,0.5
5,13,7,True,5.1444,1.7207,0.5
5,14,0,False,2.0,2.5,0.6
5,14,1,False,4.0,5.5,0.7
5,14,2,False,7.5,4.0,0.6
5,14,3,True,3.6906,2.6971,0.5
5,14,4,True,5.3755,3.298,0.5
5,14,5,True,1.9309,5.7088,0.5
5,14,6,True,6.82,5.9621,0.5
5,14,7,True,5.0504,1.6835,0.5
5,15,0,False,2.0,2.5,0.6
5,15,1,False,4.0,5.5,0.7
5,15,2,False,7.5,4.0,0.6
5,15,3,True,3.6225,2.6231,0.5
5,15,4,True,5.3168,3.2357,0.5
5,15,5,True,1.8671,5.7863,0.5
5,15,6,True,6.78,5.9201,0.5
5,15,7,True,4.9456,1.6525,0.5
5,16,0,False,2.0,2.5,0.6
5,16,1,False,4.0,5.5,0.7
5,16,2,False,7.5,4.0,0.6
5,16,3,True,3.5404,2.5576,0.5
5,16,4,True,5.2535,3.1843,0.5
5,16,5,True,1.8238,5.8707,0.5
5,16,6,True,6.7372,5.8838,0.5
5,16,7,True,4.8322,1.6282,0.5
5,17,0,False,2.0,2.5,0.6
5,17,1,False,4.0,5.5,0.7
5,17,2,False,7.5,4.0,0.6
5,17,3,True,3.4461,2.502,0.5
5,17,4,True,5.1866,3.1446,0.5
5,17,5,True,1.8023,5.9592,0.5
5,17,6,True,6.6921,5.8537,0.5
5,17,7,True,4.7122,1.6113,0.5
5,18,0,False,2.0,2.5,0.6
5,18,1,False,4.0,5.5,0.7
5,18,2,False,7.5,4.0,0.6
5,18,3,True,3.3419,2.4576,0.5
5,18,4,True,5.117,3.1173,0.5
5,18,5,True,1.8034,6.0491,0.5
5,18,6,True,6.6451,5.8301,0.5
5,18,7,True,4.5881,1.6019,0.5
5,19,0,False,2.0,2.5,0.6
5,19,1,False,4.0,5.5,0.7
5,19,2,False,7.5,4.0,0.6
5,19,3,True,3.23,2.4253,0.5
5,19,4,True,5.0457,3.1026,0.5
5,19,5,True,1.827,6.1374,0.5
5,19,6,True,6.5966,5.8132,0.5
5,19,7,True,4.4622,1.6004,0.5
5,20,0,False,2.0,2.5,0.6
5,20,1,False,4.0,5.5,0.7
5,20,2,False,7.5,4.0,0.6
5,20,3,True,3.1129,2.406,0.5
5,20,4,True,4.9737,3.1009,0.5
5,20,5,True,1.8723,6.2213,0.5
5,20,6,True,6.5471,5.8031,0.5
5,20,7,True,4.3371,1.6066,0.5
5,21,0,False,2.0,2.5,0.6
5,21,1,False,4.0,5.5,0.7
5,21,2,False,7.5,4.0,0.6
5,21,3,True,2.9933,2.4,0.5
5,21,4,True,4.9022,3.112,0.5
5,21,5,True,1.9379,6.298,0.5
5,21,6,True,6.4972,5.8,0.5
5,21,7,True,4.2152,1.6206,0.5
5,22,0,False,2.0,2.5,0.6
5,22,1,False,4.0,5.5,0.7
5,22,2,False,7.5,4.0,0.6
5,22,3,True,2.8738,2.4075,0.5
5,22,4,True,4.832,3.136,0.5
5,22,5,True,2.0216,6.365,0.5
5,22,6,True,6.4473,5.8039,0.5
5,22,7,True,4.0988,1.6419,0.5
5,23,0,False,2.0,2.5,0.6
5,23,1,False,4.0,5.5,0.7
5,23,2,False,7.5,4.0,0.6
5,23,3,True,2.7572,2.4283,0.5
5,23,4,True,4.7642,3.1724,0.5
5,23,5,True,2.1209,6.4203,0.5
5,23,6,True,6.3979,5.8147,0.5
5,23,7,True,3.9903,1.6703,0.5
5,24,0,False,2.0,2.5,0.6
5,24,1,False,4.0,5.5,0.7
5,24,2,False,7.5,4.0,0.6
5,24,3,True,2.646,2.4619,0.5
5,24,4,True,4.6999,3.2207,0.5
5,24,5,True,2.2323,6.462,0.5
5,24,6,True,6.3496,5.8324,0.5
5,24,7,True,3.8918,1.7052,0.5
5,25,0,False,2.0,2.5,0.6
5,25,1,False,4.0,5.5,0.7
5,25,2,False,7.5,4.0,0.6
5,25,3,True,2.5428,2.5077,0.5
5,25,4,True,4.6399,3.2802,0.5
5,25,5,True,2.3524,6.4888,0.5
5,25,6,True,6.3027,5.8568,0.5
5,25,7,True,3.8052,1.7458,0.5
5,26,0,False,2.0,2.5,0.6
5,26,1,False,4.0,5.5,0.7
5,26,2,False,7.5,4.0,0.6
5,26,3,True,2.4498,2.5644,0.5
5,26,4,True,4.585,3.35,0.5
5,26,5,True,2.4773,6.4997,0.5
5,26,6,True,6.2578,5.8876,0.5
5,26,7,True,3.7322,1.7913,0.5
5,27,0,False,2.0,2.5,0.6
5,27,1,False,4.0,5.5,0.7
5,27,2,False,7.5,4.0,0.6
5,27,3,True,2.3692,2.631,0.5
5,27,4,True,4.5361,3.4292,0.5
5,27,5,True,2.603,6.4946,0.5
5,27,6,True,6.2154,5.9245,0.5
5,27,7,True,3.6742,1.841,0.5
5,28,0,False,2.0,2.5,0.6
5,28,1,False,4.0,5.5,0.7
5,28,2,False,7.5,4.0,0.6
5,28,3,True,2.3027,2.7058,0.5
5,28,4,True,4.4939,3.5166,0.5
5,28,5,True,2.7252,6.4734,0.5
5,28,6,True,6.1758,5.9671,0.5
5,28,7,True,3.6323,1.8938,0.5
5,29,0,False,2.0,2.5,0.6
5,29,1,False,4.0,5.5,0.7
5,29,2,False,7.5,4.0,0.6
5,29,3,True,2.252,2.7873,0.5
5,29,4,True,4.4589,3.611,0.5
5,29,5,True,2.8403,6.437,0.5
5,29,6,True,6.1394,6.0151,0.5
5,29,7,True,3.6075,1.9486,0.5
5,30,0,False,2.0,2.5,0.6
5,30,1,False,4.0,5.5,0.7
5,30,2,False,7.5,4.0,0.6
5,30,3,True,2.218,2.8735,0.5
5,30,4,True,4.4318,3.7109,0.5
5,30,5,True,2.9443,6.3864,0.5
5,30,6,True,6.1066,6.068,0.5
5,30,7,True,3.6001,2.0045,0.5
5,31,0,False,2.0,2.5,0.6
5,31,1,False,4.0,5.5,0.7
5,31,2,False,7.5,4.0,0.6
5,31,3,True,2.2016,2.9626,0.5
5,31,4,True,4.4128,3.815,0.5
5,31,5,True,3.034,6.3233,0.5
5,31,6,True,6.0778,6.1251,0.5
5,31,7,True,3.6103,2.0603,0.5
5,32,0,False,2.0,2.5,0.6
5,32,1,False,4.0,5.5,0.7
5,32,2,False,7.5,4.0,0.6
5,32,3,True,2.2031,3.0525,0.5
5,32,4,True,4.4023,3.9218,0.5
5,32,5,True,3.1064,6.2498,0.5
5,32,6,True,6.0531,6.186,0.5
5,32,7,True,3.6379,2.1148,0.5
5,33,0,False,2.0,2.5,0.6
5,33,1,False,4.0,5.5,0.7
5,33,2,False,7.5,4.0,0.6
5,33,3,True,2.2225,3.1412,0.5
5,33,4,True,4.4003,4.0297,0.5
5,33,5,True,3.1592,6.1682,0.5
5,33,6,True,6.033,6.25,0.5
5,33,7,True,3.6824,2.1672,0.5
5,34,0,False,2.0,2.5,0.6
5,34,1,False,4.0,5.5,0.7
5,34,2,False,7.5,4.0,0.6
5,34,3,True,2.2593,3.2268,0.5
5,34,4,True,4.407,4.1372,0.5
5,34,5,True,3.1907,6.0812,0.5
5,34,6,True,6.0175,6.3165,0.5
5,34,7,True,3.7429,2.2163,0.5
5,35,0,False,2.0,2.5,0.6
5,35,1,False,4.0,5.5,0.7
5,35,2,False,7.5,4.0,0.6
5,35,3,True,2.3129,3.3073,0.5
5,35,4,True,4.4222,4.2427,0.5
5,35,5,True,3.1999,5.9916,0.5
5,35,6,True,6.0068,6.3849,0.5
5,35,7,True,3.8182,2.2611,0.5
5,36,0,False,2.0,2.5,0.6
5,36,1,False,4.0,5.5,0.7
5,36,2,False,7.5,4.0,0.6
5,36,3,True,2.3818,3.3808,0.5
5,36,4,True,4.4457,4.3447,0.5
5,36,5,True,3.1865,5.9022,0.5
5,36,6,True,6.0011,6.4544,0.5
5,36,7,True,3.9068,2.3008,0.5
5,37,0,False,2.0,2.5,0.6
5,37,1,False,4.0,5.5,0.7
5,37,2,False,7.5,4.0,0.6
5,37,3,True,2.4646,3.4458,0.5
5,37,4,True,4.4772,4.4417,0.5
5,37,5,True,3.1509,5.816,0.5
5,37,6,True,6.0003,6.5244,0.5
5,37,7,True,4.0071,2.3347,0.5
5,38,0,False,2.0,2.5,0.6
5,38,1,False,4.0,5.5,0.7
5,38,2,False,7.5,4.0,0.6
5,38,3,True,2.5595,3.5008,0.5
5,38,4,True,4.5162,4.5324,0.5
5,38,5,True,3.0943,5.7358,0.5
5,38,6,True,6.0045,6.5941,0.5
5,38,7,True,4.117,2.362,0.5
5,39,0,False,2.0,2.5,0.6
5,39,1,False,4.0,5.5,0.7
5,39,2,False,7.5,4.0,0.6
5,39,3,True,2.6642,3.5446,0.5
5,39,4,True,4.5622,4.6155,0.5
5,39,5,True,3.0184,5.664,0.5
5,39,6,True,6.0137,6.6629,0.5
5,39,7,True,4.2344,2.3822,0.5
5,40,0,False,2.0,2.5,0.6
5,40,1,False,4.0,5.5,0.7
5,40,2,False,7.5,4.0,0.6
5,40,3,True,2.7765,3.5761,0.5
5,40,4,True,4.6145,4.6896,0.5
5,40,5,True,2.9258,5.6032,0.5
5,40,6,True,6.0278,6.73,0.5
5,40,7,True,4.357,2.3949,0.5
5,41,0,False,2.0,2.5,0.6
5,41,1,False,4.0,5.5,0.7
5,41,2,False,7.5,4.0,0.6
5,41,3,True,2.8938,3.5947,0.5
5,41,4,True,4.6723,4.7539,0.5
5,41,5,True,2.8195,5.5551,0.5
5,41,6,True,6.0465,6.7949,0.5
5,41,7,True,4.4824,2.3999,0.5
5,42,0,False,2.0,2.5,0.6
5,42,1,False,4.0,5.5,0.7
5,42,2,False,7.5,4.0,0.6
5,42,3,True,3.0135,3.5999,0.5
5,42,4,True,4.7348,4.8073,0.5
5,42,5,True,2.7028,5.5215,0.5
5,42,6,True,6.0698,6.8568,0.5
5,42,7,True,4.6081,2.3971,0.5
5,43,0,False,2.0,2.5,0.6
5,43,1,False,4.0,5.5,0.7
5,43,2,False,7.5,4.0,0.6
5,43,3,True,3.1328,3.5917,0.5
5,43,4,True,4.8012,4.8491,0.5
5,43,5,True,2.5796,5.5032,0.5
5,43,6,True,6.0974,6.9151,0.5
5,43,7,True,4.7317,2.3865,0.5
5,44,0,False,2.0,2.5,0.6
5,44,1,False,4.0,5.5,0.7
5,44,2,False,7.5,4.0,0.6
5,44,3,True,3.2492,3.5701,0.5
5,44,4,True,4.8704,4.8787,0.5
5,44,5,True,2.4538,5.5011,0.5
5,44,6,True,6.129,6.9693,0.5
5,44,7,True,4.8508,2.3684,0.5
5,45,0,False,2.0,2.5,0.6
5,45,1,False,4.0,5.5,0.7
5,45,2,False,7.5,4.0,0.6
5,45,3,True,3.36,3.5358,0.5
5,45,4,True,4.9414,4.8957,0.5
5,45,5,True,2.3295,5.5151,0.5
5,45,6,True,6.1643,7.0188,0.5
5,45,7,True,4.963,2.343,0.5
5,46,0,False,2.0,2.5,0.6
5,46,1,False,4.0,5.5,0.7
5,46,2,False,7.5,4.0,0.6
5,46,3,True,3.4628,3.4894,0.5
5,46,4,True,5.0133,4.8998,0.5
5,46,5,True,2.2107,5.5447,0.5
5,46,6,True,6.203,7.0631,0.5
5,46,7,True,5.0662,2.3109,0.5
5,47,0,False,2.0,2.5,0.6
5,47,1,False,4.0,5.5,0.7
5,47,2,False,7.5,4.0,0.6
5,47,3,True,3.5551,3.4321,0.5
5,47,4,True,5.085,4.8909,0.5
5,47,5,True,2.1013,5.589,0.5
5,47,6,True,6.2447,7.1018,0.5
5,47,7,True,5.1583,2.2728,0.5
5,48,0,False,2.0,2.5,0.6
5,48,1,False,4.0,5.5,0.7
5,48,2,False,7.5,4.0,0.6
5,48,3,True,3.6349,3.365,0.5
5,48,4,True,5.1555,4.8692,0.5
5,48,5,True,2.0047,5.6467,0.5
5,48,6,True,6.2888,7.1345,0.5
5,48,7,True,5.2375,2.2293,0.5
5,49,0,False,2.0,2.5,0.6
5,49,1,False,4.0,5.5,0.7
5,49,2,False,7.5,4.0,0.6
5,49,3,True,3.7005,3.2897,0.5
5,49,4,True,5.2238,4.8351,0.5
5,49,5,True,1.9242,5.7157,0.5
5,49,6,True,6.3351,7.1609,0.5
5,49,7,True,5.3023,2.1813,0.5
5,50,0,False,2.0,2.5,0.6
5,50,1,False,4.0,5.5,0.7
5,50,2,False,7.5,4.0,0.6
5,50,3,True,3.7504,3.208,0.5
5,50,4,True,5.2888,4.7889,0.5
5,50,5,True,1.8622,5.7939,0.5
5,50,6,True,6.3831,7.1806,0.5
5,50,7,True,5.3513,2.1298,0.5
5,51,0,False,2.0,2.5,0.6
5,51,1,False,4.0,5.5,0.7
5,51,2,False,7.5,4.0,0.6
5,51,3,True,3.7834,3.1215,0.5
5,51,4,True,5.3497,4.7313,0.5
5,51,5,True,1.8209,5.8788,0.5
5,51,6,True,6.4322,7.1935,0.5
5,51,7,True,5.3837,2.0757,0.5
5,52,0,False,2.0,2.5,0.6
5,52,1,False,4.0,5.5,0.7
5,52,2,False,7.5,4.0,0.6
5,52,3,True,3.7988,3.0324,0.5
5,52,4,True,5.4056,4.6633,0.5
5,52,5,True,1.8015,5.9676,0.5
5,52,6,True,6.482,7.1995,0.5
5,52,7,True,5.3989,2.0201,0.5
5,53,0,False,2.0,2.5,0.6
5,53,1,False,4.0,5.5,0.7
5,53,2,False,7.5,4.0,0.6
5,53,3,True,3.7963,2.9425,0.5
5,53,4,True,5.4556,4.5857,0.5
5,53,5,True,1.8046,6.0575,0.5
5,53,6,True,6.532,7.1986,0.5
5,53,7,True,5.3964,1.9642,0.5
5,54,0,False,2.0,2.5,0.6
5,54,1,False,4.0,5.5,0.7
5,54,2,False,7.5,4.0,0.6
5,54,3,True,3.7759,2.8539,0.5
5,54,4,True,5.499,4.4997,0.5
5,54,5,True,1.8303,6.1455,0.5
5,54,6,True,6.5816,7.1906,0.5
5,54,7,True,5.3764,1.909,0.5
5,55,0,False,2.0,2.5,0.6
5,55,1,False,4.0,5.5,0.7
5,55,2,False,7.5,4.0,0.6
5,55,3,True,3.7381,2.7686,0.5
5,55,4,True,5.5353,4.4065,0.5
5,55,5,True,1.8776,6.2288,0.5
5,55,6,True,6.6305,7.1757,0.5
5,55,7,True,5.3392,1.8555,0.5
5,56,0,False,2.0,2.5,0.6
5,56,1,False,4.0,5.5,0.7
5,56,2,False,7.5,4.0,0.6
5,56,3,True,3.6837,2.6884,0.5
5,56,4,True,5.5639,4.3074,0.5
5,56,5,True,1.945,6.3047,0.5
5,56,6,True,6.678,7.1541,0.5
5,56,7,True,5.2856,1.8049,0.5
5,57,0,False,2.0,2.5,0.6
5,57,1,False,4.0,5.5,0.7
5,57,2,False,7.5,4.0,0.6
5,57,3,True,3.6139,2.6153,0.5
5,57,4,True,5.5844,4.2039,0.5
5,57,5,True,2.0303,6.3707,0.5
5,57,6,True,6.7238,7.126,0.5
5,57,7,True,5.2167,1.758,0.5
5,58,0,False,2.0,2.5,0.6
5,58,1,False,4.0,5.5,0.7
5,58,2,False,7.5,4.0,0.6
5,58,3,True,3.5304,2.5508,0.5
5,58,4,True,5.5965,4.0975,0.5
5,58,5,True,2.1308,6.4248,0.5
5,58,6,True,6.7673,7.0916,0.5
5,58,7,True,5.1337,1.716,0.5
5,59,0,False,2.0,2.5,0.6
5,59,1,False,4.0,5.5,0.7
5,59,2,False,7.5,4.0,0.6
5,59,3,True,3.4349,2.4964,0.5
5,59,4,True,5.6,3.9897,0.5
5,59,5,True,2.2432,6.4651,0.5
5,59,6,True,6.8081,7.0513,0.5
5,59,7,True,5.0383,1.6794,0.5
5,60,0,False,2.0,2.5,0.6
5,60,1,False,4.0,5.5,0.7
5,60,2,False,7.5,4.0,0.6
5,60,3,True,3.3297,2.4533,0.5
5,60,4,True,5.5948,3.8821,0.5
5,60,5,True,2.364,6.4905,0.5
5,60,6,True,6.8459,7.0054,0.5
5,60,7,True,4.9324,1.6492,0.5
5,61,0,False,2.0,2.5,0.6
5,61,1,False,4.0,5.5,0.7
5,61,2,False,7.5,4.0,0.6
5,61,3,True,3.2171,2.4225,0.5
5,61,4,True,5.5811,3.7761,0.5
5,61,5,True,2.4891,6.4999,0.5
5,61,6,True,6.8802,6.9546,0.5
5,61,7,True,4.818,1.6258,0.5
5,62,0,False,2.0,2.5,0.6
5,62,1,False,4.0,5.5,0.7
5,62,2,False,7.5,4.0,0.6
5,62,3,True,3.0996,2.4047,0.5
5,62,4,True,5.5591,3.6734,0.5
5,62,5,True,2.6146,6.4933,0.5
5,62,6,True,6.9107,6.8992,0.5
5,62,7,True,4.6974,1.6097,0.5
5,63,0,False,2.0,2.5,0.6
5,63,1,False,4.0,5.5,0.7
5,63,2,False,7.5,4.0,0.6
5,63,3,True,2.9798,2.4002,0.5
5,63,4,True,5.529,3.5753,0.5
5,63,5,True,2.7364,6.4706,0.5
5,63,6,True,6.9372,6.8398,0.5
5,63,7,True,4.573,1.6013,0.5
5,64,0,False,2.0,2.5,0.6
5,64,1,False,4.0,5.5,0.7
5,64,2,False,7.5,4.0,0.6
5,64,3,True,2.8605,2.4092,0.5
5,64,4,True,5.4913,3.4834,0.5
5,64,5,True,2.8505,6.4328,0.5
5,64,6,True,6.9592,6.777,0.5
5,64,7,True,4.4471,1.6007,0.5
5,65,0,False,2.0,2.5,0.6
5,65,1,False,4.0,5.5,0.7
5,65,2,False,7.5,4.0,0.6
5,65,3,True,2.7444,2.4315,0.5
5,65,4,True,5.4465,3.3989,0.5
5,65,5,True,2.9533,6.381,0.5
5,65,6,True,6.9767,6.7114,0.5
5,65,7,True,4.3222,1.6079,0.5
5,66,0,False,2.0,2.5,0.6
5,66,1,False,4.0,5.5,0.7
5,66,2,False,7.5,4.0,0.6
5,66,3,True,2.634,2.4665,0.5
5,66,4,True,5.3954,3.323,0.5
5,66,5,True,3.0415,6.3169,0.5
5,66,6,True,6.9893,6.6437,0.5
5,66,7,True,4.2009,1.6227,0.5
5,67,0,False,2.0,2.5,0.6
5,67,1,False,4.0,5.5,0.7
5,67,2,False,7.5,4.0,0.6
5,67,3,True,2.5318,2.5135,0.5
5,67,4,True,5.3385,3.2569,0.5
5,67,5,True,3.1122,6.2425,0.5
5,67,6,True,6.9972,6.5746,0.5
5,67,7,True,4.0853,1.645,0.5
5,68,0,False,2.0,2.5,0.6
5,68,1,False,4.0,5.5,0.7
5,68,2,False,7.5,4.0,0.6
5,68,3,True,2.4401,2.5714,0.5
5,68,4,True,5.2767,3.2014,0.5
5,68,5,True,3.163,6.1603,0.5
5,68,6,True,7.0,6.5047,0.5
5,68,7,True,3.9779,1.6742,0.5
5,69,0,False,2.0,2.5,0.6
5,69,1,False,4.0,5.5,0.7
5,69,2,False,7.5,4.0,0.6
5,69,3,True,2.361,2.639,0.5
5,69,4,True,5.211,3.1575,0.5
5,69,5,True,3.1925,6.0729,0.5
5,69,6,True,6.9978,6.4348,0.5
5,69,7,True,3.8807,1.7097,0.5
5,70,0,False,2.0,2.5,0.6
5,70,1,False,4.0,5.5,0.7
5,70,2,False,7.5,4.0,0.6
5,70,3,True,2.2962,2.7147,0.5
5,70,4,True,5.1423,3.1257,0.5
5,70,5,True,3.1996,5.9832,0.5
5,70,6,True,6.9907,6.3656,0.5
5,70,7,True,3.7957,1.751,0.5
5,71,0,False,2.0,2.5,0.6
5,71,1,False,4.0,5.5,0.7
5,71,2,False,7.5,4.0,0.6
5,71,3,True,2.2473,2.7968,0.5
5,71,4,True,5.0715,3.1064,0.5
5,71,5,True,3.1841,5.894,0.5
5,71,6,True,6.9787,6.2977,0.5
5,71,7,True,3.7244,1.7971,0.5
5,72,0,False,2.0,2.5,0.6
5,72,1,False,4.0,5.5,0.7
5,72,2,False,7.5,4.0,0.6
5,72,3,True,2.2153,2.8834,0.5
5,72,4,True,4.9996,3.1,0.5
5,72,5,True,3.1465,5.8082,0.5
5,72,6,True,6.9618,6.2318,0.5
5,72,7,True,3.6683,1.8472,0.5
5,73,0,False,2.0,2.5,0.6
5,73,1,False,4.0,5.5,0.7
5,73,2,False,7.5,4.0,0.6
5,73,3,True,2.2008,2.9727,0.5
5,73,4,True,4.9278,3.1065,0.5
5,73,5,True,3.088,5.7287,0.5
5,73,6,True,6.9404,6.1686,0.5
5,73,7,True,3.6284,1.9003,0.5
5,74,0,False,2.0,2.5,0.6
5,74,1,False,4.0,5.5,0.7
5,74,2,False,7.5,4.0,0.6
5,74,3,True,2.2044,3.0625,0.5
5,74,4,True,4.857,3.1259,0.5
5,74,5,True,3.0104,5.6579,0.5
5,74,6,True,6.9146,6.1087,0.5
5,74,7,True,3.6056,1.9553,0.5
5,75,0,False,2.0,2.5,0.6
5,75,1,False,4.0,5.5,0.7
5,75,2,False,7.5,4.0,0.6
5,75,3,True,2.2258,3.151,0.5
5,75,4,True,4.7883,3.1579,0.5
5,75,5,True,2.9164,5.5981,0.5
5,75,6,True,6.8846,6.0527,0.5
5,75,7,True,3.6004,2.0112,0.5
5,76,0,False,2.0,2.5,0.6
5,76,1,False,4.0,5.5,0.7
5,76,2,False,7.5,4.0,0.6
5,76,3,True,2.2645,3.2361,0.5
5,76,4,True,4.7226,3.202,0.5
5,76,5,True,2.809,5.5513,0.5
5,76,6,True,6.8508,6.0012,0.5
5,76,7,True,3.6127,2.0669,0.5
5,77,0,False,2.0,2.5,0.6
5,77,1,False,4.0,5.5,0.7
5,77,2,False,7.5,4.0,0.6
5,77,3,True,2.3198,3.3159,0.5
5,77,4,True,4.6609,3.2575,0.5
5,77,5,True,2.6915,5.5191,0.5
5,77,6,True,6.8135,5.9546,0.5
5,77,7,True,3.6424,2.1213,0.5
5,78,0,False,2.0,2.5,0.6
5,78,1,False,4.0,5.5,0.7
5,78,2,False,7.5,4.0,0.6
5,78,3,True,2.3904,3.3886,0.5
5,78,4,True,4.6041,3.3237,0.5
5,78,5,True,2.5679,5.5024,0.5
5,78,6,True,6.773,5.9135,0.5
5,78,7,True,3.6888,2.1733,0.5
5,79,0,False,2.0,2.5,0.6
5,79,1,False,4.0,5.5,0.7
5,79,2,False,7.5,4.0,0.6
5,79,3,True,2.4747,3.4525,0.5
5,79,4,True,4.553,3.3997,0.5
5,79,5,True,2.4421,5.5017,0.5
5,79,6,True,6.7298,5.8783,0.5
5,79,7,True,3.7512,2.2219,0.5
5,80,0,False,2.0,2.5,0.6
5,80,1,False,4.0,5.5,0.7
5,80,2,False,7.5,4.0,0.6
5,80,3,True,2.5707,3.5063,0.5
5,80,4,True,4.5083,3.4843,0.5
5,80,5,True,2.3181,5.5172,0.5
5,80,6,True,6.6843,5.8493,0.5
5,80,7,True,3.8282,2.2662,0.5
5,81,0,False,2.0,2.5,0.6
5,81,1,False,4.0,5.5,0.7
5,81,2,False,7.5,4.0,0.6
5,81,3,True,2.6764,3.5487,0.5
5,81,4,True,4.4707,3.5763,0.5
5,81,5,True,2.2,5.5482,0.5
5,81,6,True,6.637,5.8268,0.5
5,81,7,True,3.9183,2.3052,0.5
5,82,0,False,2.0,2.5,0.6
5,82,1,False,4.0,5.5,0.7
5,82,2,False,7.5,4.0,0.6
5,82,3,True,2.7894,3.5788,0.5
5,82,4,True,4.4406,3.6744,0.5
5,82,5,True,2.0917,5.5939,0.5
5,82,6,True,6.5883,5.811,0.5
5,82,7,True,4.0198,2.3383,0.5
5,83,0,False,2.0,2.5,0.6
5,83,1,False,4.0,5.5,0.7
5,83,2,False,7.5,4.0,0.6
5,83,3,True,2.9071,3.5959,0.5
5,83,4,True,4.4187,3.7772,0.5
5,83,5,True,1.9965,5.6527,0.5
5,83,6,True,6.5388,5.8021,0.5
5,83,7,True,4.1307,2.3648,0.5
5,84,0,False,2.0,2.5,0.6
5,84,1,False,4.0,5.5,0.7
5,84,2,False,7.5,4.0,0.6
5,84,3,True,3.0269,3.5997,0.5
5,84,4,True,4.4051,3.8832,0.5
5,84,5,True,1.9175,5.7227,0.5
5,84,6,True,6.4888,5.8002,0.5
5,84,7,True,4.2489,2.3841,0.5
5,85,0,False,2.0,2.5,0.6
5,85,1,False,4.0,5.5,0.7
5,85,2,False,7.5,4.0,0.6
5,85,3,True,3.1461,3.5899,0.5
5,85,4,True,4.4,3.9908,0.5
5,85,5,True,1.8574,5.8016,0.5
5,85,6,True,6.4389,5.8052,0.5
5,85,7,True,4.3719,2.3959,0.5
5,86,0,False,2.0,2.5,0.6
5,86,1,False,4.0,5.5,0.7
5,86,2,False,7.5,4.0,0.6
5,86,3,True,3.262,3.5669,0.5
5,86,4,True,4.4036,4.0986,0.5
5,86,5,True,1.8181,5.887,0.5
5,86,6,True,6.3897,5.8172,0.5
5,86,7,True,4.4975,2.4,0.5
5,87,0,False,2.0,2.5,0.6
5,87,1,False,4.0,5.5,0.7
5,87,2,False,7.5,4.0,0.6
5,87,3,True,3.372,3.5312,0.5
5,87,4,True,4.4158,4.205,0.5
5,87,5,True,1.8008,5.976,0.5
5,87,6,True,6.3416,5.8361,0.5
5,87,7,True,4.6231,2.3962,0.5
5,88,0,False,2.0,2.5,0.6
5,88,1,False,4.0,5.5,0.7
5,88,2,False,7.5,4.0,0.6
5,88,3,True,3.4737,3.4835,0.5
5,88,4,True,4.4363,4.3085,0.5
5,88,5,True,1.8061,6.0658,0.5
5,88,6,True,6.295,5.8615,0.5
5,88,7,True,4.7463,2.3847,0.5
5,89,0,False,2.0,2.5,0.6
5,89,1,False,4.0,5.5,0.7
5,89,2,False,7.5,4.0,0.6
5,89,3,True,3.5647,3.425,0.5
5,89,4,True,4.465,4.4075,0.5
5,89,5,True,1.8338,6.1535,0.5
5,89,6,True,6.2505,5.8934,0.5
5,89,7,True,4.8647,2.3657,0.5
5,90,0,False,2.0,2.5,0.6
5,90,1,False,4.0,5.5,0.7
5,90,2,False,7.5,4.0,0.6
5,90,3,True,3.643,3.357,0.5
5,90,4,True,4.5014,4.5006,0.5
5,90,5,True,1.883,6.2362,0.5
5,90,6,True,6.2085,5.9313,0.5
5,90,7,True,4.976,2.3395,0.5
5,91,0,False,2.0,2.5,0.6
5,91,1,False,4.0,5.5,0.7
5,91,2,False,7.5,4.0,0.6
5,91,3,True,3.7069,3.2809,0.5
5,91,4,True,4.5449,4.5865,0.5
5,91,5,True,1.9522,6.3113,0.5
5,91,6,True,6.1694,5.9749,0.5
5,91,7,True,5.0779,2.3066,0.5
5,92,0,False,2.0,2.5,0.6
5,92,1,False,4.0,5.5,0.7
5,92,2,False,7.5,4.0,0.6
5,92,3,True,3.755,3.1985,0.5
5,92,4,True,4.595,4.664,0.5
5,92,5,True,2.0391,6.3763,0.5
5,92,6,True,6.1336,6.0237,0.5
5,92,7,True,5.1685,2.2678,0.5
5,93,0,False,2.0,2.5,0.6
5,93,1,False,4.0,5.5,0.7
5,93,2,False,7.5,4.0,0.6
5,93,3,True,3.786,3.1116,0.5
5,93,4,True,4.6509,4.732,0.5
5,93,5,True,2.1408,6.4292,0.5
5,93,6,True,6.1015,6.0773,0.5
5,93,7,True,5.2461,2.2237,0.5
5,94,0,False,2.0,2.5,0.6
5,94,1,False,4.0,5.5,0.7
5,94,2,False,7.5,4.0,0.6
5,94,3,True,3.7994,3.0223,0.5
5,94,4,True,4.7118,4.7894,0.5
5,94,5,True,2.2542,6.4682,0.5
5,94,6,True,6.0733,6.1351,0.5
5,94,7,True,5.309,2.1753,0.5
5,95,0,False,2.0,2.5,0.6
5,95,1,False,4.0,5.5,0.7
5,95,2,False,7.5,4.0,0.6
5,95,3,True,3.7949,2.9324,0.5
5,95,4,True,4.7769,4.8355,0.5
5,95,5,True,2.3755,6.492,0.5
5,95,6,True,6.0494,6.1965,0.5
5,95,7,True,5.3561,2.1234,0.5
5,96,0,False,2.0,2.5,0.6
5,96,1,False,4.0,5.5,0.7
5,96,2,False,7.5,4.0,0.6
5,96,3,True,3.7725,2.8441,0.5
5,96,4,True,4.8452,4.8695,0.5
5,96,5,True,2.5009,6.5,0.5
5,96,6,True,6.03,6.261,0.5
5,96,7,True,5.3865,2.0691,0.5
5,97,0,False,2.0,2.5,0.6
5,97,1,False,4.0,5.5,0.7
5,97,2,False,7.5,4.0,0.6
5,97,3,True,3.7328,2.7593,0.5
5,97,4,True,4.9157,4.8911,0.5
5,97,5,True,2.6262,6.4918,0.5
5,97,6,True,6.0153,6.3279,0.5
5,97,7,True,5.3995,2.0134,0.5
5,98,0,False,2.0,2.5,0.6
5,98,1,False,4.0,5.5,0.7
5,98,2,False,7.5,4.0,0.6
5,98,3,True,3.6766,2.6798,0.5
5,98,4,True,4.9874,4.8998,0.5
5,98,5,True,2.7474,6.4677,0.5
5,98,6,True,6.0055,6.3965,0.5
5,98,7,True,5.3949,1.9575,0.5
5,99,0,False,2.0,2.5,0.6
5,99,1,False,4.0,5.5,0.7
5,99,2,False,7.5,4.0,0.6
5,99,3,True,3.6052,2.6076,0.5
5,99,4,True,5.0593,4.8956,0.5
5,99,5,True,2.8606,6.4285,0.5
5,99,6,True,6.0006,6.4661,0.5
5,99,7,True,5.3728,1.9024,0.5
