time,temperature_2m,relative_humidity_2m,dew_point_2m,apparent_temperature,precipitation,rain,snowfall,wind_speed_10m,wind_gusts_10m,wind_direction_10m,shortwave_radiation,cloud_cover,pressure_msl,et0_fao_evapotranspiration,vapour_pressure_deficit,soil_moisture_0_to_7cm
2022-05-01T00:00,12.4,86,10.2,11.0,0.0,0.0,0.0,9.5,15.8,241,0.0,7,1011.3,0.0,0.19,0.132
2022-05-01T01:00,12.0,88,10.1,10.8,0.0,0.0,0.0,8.7,15.8,240,0.0,0,1011.0,0.0,0.17,0.132
2022-05-01T02:00,11.6,89,9.8,10.5,0.0,0.0,0.0,7.6,14.0,245,0.0,0,1010.6,0.0,0.15,0.132
2022-05-01T03:00,10.9,89,9.2,9.6,0.0,0.0,0.0,7.3,11.9,259,0.0,0,1010.6,0.0,0.14,0.154
2022-05-01T04:00,9.6,92,8.4,8.2,0.0,0.0,0.0,6.6,11.9,257,0.0,0,1011.0,0.0,0.1,0.154
2022-05-01T05:00,9.0,93,7.8,7.4,0.0,0.0,0.0,6.6,10.1,248,1.0,0,1011.3,0.0,0.09,0.154
2022-05-01T06:00,11.3,85,8.8,10.1,0.0,0.0,0.0,5.9,10.4,232,74.0,0,1011.6,0.03,0.21,0.154
2022-05-01T07:00,14.1,70,8.8,13.0,0.0,0.0,0.0,5.2,13.0,236,257.0,0,1011.9,0.14,0.48,0.153
2022-05-01T08:00,16.5,57,7.9,15.2,0.0,0.0,0.0,5.5,15.5,247,471.0,0,1011.4,0.28,0.81,0.152
2022-05-01T09:00,18.7,46,6.9,18.1,0.0,0.0,0.0,3.9,15.8,248,670.0,0,1010.5,0.42,1.16,0.15
2022-05-01T10:00,20.4,39,6.0,20.4,0.0,0.0,0.0,4.7,16.6,238,828.0,0,1009.5,0.54,1.46,0.147
2022-05-01T11:00,21.8,34,5.1,22.0,0.0,0.0,0.0,6.0,19.4,213,927.0,2,1008.1,0.62,1.73,0.143
2022-05-01T12:00,23.1,30,4.4,23.3,0.0,0.0,0.0,6.8,21.2,212,966.0,10,1006.6,0.66,1.98,0.139
2022-05-01T13:00,24.1,26,3.3,23.5,0.0,0.0,0.0,7.7,21.6,221,902.0,49,1005.0,0.64,2.23,0.136
2022-05-01T14:00,23.4,29,4.3,21.1,0.5,0.5,0.0,14.3,28.8,236,762.0,91,1004.7,0.56,2.05,0.138
2022-05-01T15:00,24.5,22,1.7,21.0,1.2,1.2,0.0,11.4,32.8,257,545.0,41,1003.7,0.44,2.39,0.129
2022-05-01T16:00,23.7,26,3.2,20.4,0.0,0.0,0.0,12.1,27.7,333,424.0,81,1003.2,0.36,2.16,0.127
2022-05-01T17:00,22.7,26,2.4,19.8,0.0,0.0,0.0,8.0,26.3,252,236.0,46,1003.6,0.21,2.03,0.125
2022-05-01T18:00,20.8,38,5.9,19.1,0.0,0.0,0.0,4.5,14.8,331,64.0,91,1004.2,0.07,1.52,0.125
2022-05-01T19:00,18.7,47,7.3,17.1,0.1,0.1,0.0,5.5,10.8,11,1.0,67,1005.8,0.04,1.13,0.125
2022-05-01T20:00,17.6,62,10.3,17.3,0.0,0.0,0.0,2.9,10.8,210,0.0,100,1006.8,0.0,0.76,0.125
2022-05-01T21:00,17.5,45,5.5,15.0,0.0,0.0,0.0,9.4,14.0,223,0.0,86,1007.1,0.05,1.09,0.125
2022-05-01T22:00,16.4,49,5.5,13.9,0.0,0.0,0.0,9.4,17.6,252,0.0,85,1007.5,0.05,0.96,0.124
2022-05-01T23:00,15.6,54,6.3,13.5,0.0,0.0,0.0,7.6,16.9,265,0.0,94,1007.6,0.03,0.82,0.124
2022-05-02T00:00,14.4,59,6.5,12.6,0.0,0.0,0.0,6.1,12.6,298,0.0,0,1007.4,0.02,0.67,0.123
2022-05-02T01:00,12.7,70,7.3,10.9,0.0,0.0,0.0,7.4,9.7,293,0.0,0,1007.3,0.01,0.45,0.123
2022-05-02T02:00,12.4,68,6.7,10.4,0.0,0.0,0.0,7.8,10.8,292,0.0,0,1007.4,0.01,0.45,0.123
2022-05-02T03:00,10.0,85,7.6,8.9,0.0,0.0,0.0,3.6,10.8,135,0.0,0,1009.0,0.0,0.18,0.124
2022-05-02T04:00,9.9,85,7.6,8.7,0.0,0.0,0.0,4.0,6.1,185,0.0,0,1008.7,0.0,0.18,0.124
2022-05-02T05:00,9.5,86,7.3,8.2,0.0,0.0,0.0,4.2,6.8,211,1.0,0,1008.6,0.0,0.17,0.124
2022-05-02T06:00,11.1,79,7.7,9.7,0.0,0.0,0.0,5.1,10.1,225,77.0,0,1008.9,0.04,0.27,0.124
2022-05-02T07:00,14.6,59,6.8,13.4,0.0,0.0,0.0,2.3,10.1,219,263.0,0,1008.9,0.14,0.67,0.124
2022-05-02T08:00,16.8,50,6.5,15.4,0.0,0.0,0.0,3.3,12.6,167,479.0,0,1008.2,0.28,0.95,0.123
2022-05-02T09:00,19.3,36,3.9,17.4,0.0,0.0,0.0,7.8,19.8,236,677.0,1,1007.6,0.43,1.42,0.121
2022-05-02T10:00,20.8,32,3.7,18.3,0.0,0.0,0.0,16.8,35.3,255,835.0,35,1006.8,0.56,1.66,0.118
2022-05-02T11:00,22.3,27,2.6,19.6,0.0,0.0,0.0,15.6,36.7,236,805.0,21,1005.4,0.58,1.95,0.116
2022-05-02T12:00,24.2,20,-0.1,19.8,0.0,0.0,0.0,26.6,50.0,247,902.0,6,1003.6,0.7,2.41,0.113
2022-05-02T13:00,24.2,17,-2.3,18.9,0.0,0.0,0.0,29.4,56.9,248,893.0,4,1002.7,0.7,2.5,0.11
2022-05-02T14:00,24.0,17,-2.6,17.9,0.0,0.0,0.0,32.6,61.2,248,838.0,4,1002.0,0.68,2.47,0.107
2022-05-02T15:00,23.1,18,-2.6,16.1,0.0,0.0,0.0,34.4,65.5,252,682.0,3,1002.3,0.59,2.32,0.105
2022-05-02T16:00,22.2,18,-3.1,14.8,0.0,0.0,0.0,32.7,63.4,262,478.0,2,1002.8,0.48,2.18,0.103
2022-05-02T17:00,20.4,22,-2.2,13.8,0.0,0.0,0.0,28.5,59.4,260,266.0,0,1004.2,0.34,1.88,0.102
2022-05-02T18:00,18.7,25,-1.8,13.0,0.0,0.0,0.0,22.3,51.1,256,79.0,0,1005.6,0.21,1.61,0.101
2022-05-02T19:00,17.3,30,-0.4,11.9,0.0,0.0,0.0,22.1,39.6,251,1.0,1,1007.1,0.17,1.38,0.1
2022-05-02T20:00,16.3,35,0.9,11.0,0.0,0.0,0.0,22.5,40.0,248,0.0,6,1008.3,0.14,1.2,0.1
2022-05-02T21:00,15.5,38,1.3,10.3,0.0,0.0,0.0,21.9,40.3,247,0.0,8,1009.3,0.13,1.08,0.099
2022-05-02T22:00,14.7,42,1.8,10.1,0.0,0.0,0.0,18.4,38.5,247,0.0,0,1009.8,0.1,0.97,0.099
2022-05-02T23:00,13.7,47,2.5,10.5,0.0,0.0,0.0,10.2,32.0,262,0.0,1,1010.4,0.05,0.84,0.099
2022-05-03T00:00,11.9,64,5.4,9.6,0.0,0.0,0.0,7.3,17.3,290,0.0,4,1010.7,0.01,0.49,0.098
2022-05-03T01:00,12.2,57,3.9,9.9,0.0,0.0,0.0,5.9,9.7,313,0.0,2,1011.0,0.02,0.62,0.098
2022-05-03T02:00,12.3,53,2.9,10.0,0.0,0.0,0.0,4.3,7.6,275,0.0,1,1011.3,0.01,0.68,0.098
2022-05-03T03:00,10.2,67,4.4,7.7,0.0,0.0,0.0,7.6,7.2,273,0.0,0,1011.2,0.01,0.41,0.094
2022-05-03T04:00,11.4,56,3.0,9.0,0.0,0.0,0.0,4.8,9.4,297,0.0,0,1011.6,0.01,0.59,0.094
2022-05-03T05:00,9.8,68,4.1,7.9,0.0,0.0,0.0,3.6,6.5,233,1.0,0,1012.2,0.01,0.39,0.094
2022-05-03T06:00,11.3,59,3.6,8.7,0.0,0.0,0.0,6.8,10.1,212,78.0,0,1012.7,0.06,0.55,0.094
2022-05-03T07:00,14.1,48,3.2,11.7,0.0,0.0,0.0,5.4,13.7,222,263.0,0,1013.1,0.15,0.84,0.093
2022-05-03T08:00,16.3,42,3.3,14.2,0.0,0.0,0.0,3.3,14.4,229,477.0,0,1012.6,0.28,1.08,0.092
2022-05-03T09:00,18.2,38,3.5,17.0,0.0,0.0,0.0,3.4,14.8,328,675.0,0,1012.0,0.42,1.31,0.091
2022-05-03T10:00,19.9,33,3.3,19.6,0.0,0.0,0.0,3.6,16.6,360,833.0,0,1011.2,0.53,1.54,0.089
2022-05-03T11:00,21.3,30,3.2,21.9,0.0,0.0,0.0,2.3,16.6,39,934.0,0,1009.9,0.62,1.76,0.087
2022-05-03T12:00,22.6,28,3.1,23.5,0.0,0.0,0.0,1.8,15.5,101,968.0,0,1008.7,0.65,1.97,0.085
2022-05-03T13:00,23.6,26,2.7,24.0,0.0,0.0,0.0,3.3,16.6,103,933.0,0,1007.6,0.64,2.17,0.083
2022-05-03T14:00,24.3,24,2.2,23.4,0.0,0.0,0.0,5.8,19.1,112,832.0,0,1006.6,0.58,2.32,0.081
2022-05-03T15:00,24.2,19,-0.9,22.5,0.0,0.0,0.0,2.2,20.9,171,674.0,15,1006.6,0.45,2.45,0.075
2022-05-03T16:00,24.6,17,-1.8,21.9,0.0,0.0,0.0,1.8,13.0,101,473.0,8,1005.6,0.31,2.55,0.074
2022-05-03T17:00,24.2,18,-1.6,21.0,0.0,0.0,0.0,5.4,13.7,70,247.0,62,1005.4,0.2,2.47,0.073
2022-05-03T18:00,22.8,22,0.0,19.2,0.0,0.0,0.0,9.8,17.3,107,75.0,33,1005.9,0.14,2.16,0.073
2022-05-03T19:00,20.9,26,0.8,17.3,0.0,0.0,0.0,10.6,23.0,108,1.0,46,1007.1,0.12,1.82,0.072
2022-05-03T20:00,19.7,42,6.3,18.5,0.0,0.0,0.0,1.6,17.6,297,0.0,85,1008.4,0.0,1.33,0.072
2022-05-03T21:00,20.1,32,3.1,17.2,0.0,0.0,0.0,8.6,14.4,358,0.0,40,1009.5,0.07,1.59,0.072
2022-05-03T22:00,18.1,43,5.4,15.9,0.0,0.0,0.0,6.7,16.6,36,0.0,21,1010.3,0.04,1.17,0.072
2022-05-03T23:00,16.7,59,8.8,15.8,0.0,0.0,0.0,4.0,10.8,275,0.0,24,1010.7,0.01,0.77,0.072
2022-05-04T00:00,16.0,57,7.6,14.6,0.0,0.0,0.0,5.4,6.8,233,0.0,9,1010.8,0.01,0.77,0.072
2022-05-04T01:00,15.2,58,6.9,13.3,0.0,0.0,0.0,7.2,8.6,264,0.0,0,1011.1,0.02,0.73,0.072
2022-05-04T02:00,14.0,61,6.5,11.9,0.0,0.0,0.0,7.6,9.4,278,0.0,1,1011.5,0.02,0.63,0.072
2022-05-04T03:00,13.0,56,4.5,10.3,0.0,0.0,0.0,9.0,10.4,272,0.0,0,1012.4,0.03,0.65,0.067
2022-05-04T04:00,12.7,56,4.2,10.3,0.0,0.0,0.0,6.6,11.2,257,0.0,0,1013.2,0.02,0.64,0.067
2022-05-04T05:00,11.8,59,4.1,9.5,0.0,0.0,0.0,6.0,9.4,245,2.0,0,1014.0,0.02,0.57,0.067
2022-05-04T06:00,13.6,52,4.0,10.9,0.0,0.0,0.0,8.2,11.9,241,82.0,0,1014.8,0.07,0.74,0.067
2022-05-04T07:00,16.7,42,3.6,14.0,0.0,0.0,0.0,8.1,17.3,238,270.0,0,1014.8,0.18,1.1,0.066
2022-05-04T08:00,19.8,31,2.0,16.8,0.0,0.0,0.0,8.1,19.8,257,486.0,0,1014.1,0.33,1.61,0.066
2022-05-04T09:00,22.2,20,-2.1,19.0,0.0,0.0,0.0,10.8,25.2,268,684.0,0,1013.1,0.49,2.15,0.066
2022-05-04T10:00,24.0,17,-2.6,21.6,0.0,0.0,0.0,10.7,26.6,284,839.0,0,1012.1,0.61,2.48,0.065
2022-05-04T11:00,25.6,15,-3.5,23.5,0.0,0.0,0.0,11.5,28.1,309,942.0,0,1011.1,0.7,2.8,0.065
2022-05-04T12:00,27.7,11,-5.3,24.2,0.0,0.0,0.0,18.8,39.2,317,970.0,65,1009.9,0.78,3.29,0.064
2022-05-04T13:00,27.7,12,-4.7,24.0,0.1,0.1,0.0,18.1,44.3,305,874.0,15,1009.4,0.72,3.28,0.064
2022-05-04T14:00,28.1,12,-4.1,25.0,0.0,0.0,0.0,13.0,38.5,294,827.0,25,1008.4,0.66,3.35,0.064
2022-05-04T15:00,28.2,11,-4.7,23.5,0.0,0.0,0.0,15.3,30.2,236,616.0,83,1007.6,0.55,3.38,0.06
2022-05-04T16:00,26.6,12,-5.3,20.3,0.0,0.0,0.0,23.6,42.5,282,234.0,79,1007.9,0.41,3.06,0.06
2022-05-04T17:00,24.8,17,-1.9,20.2,0.0,0.0,0.0,15.3,48.2,345,152.0,26,1008.8,0.27,2.6,0.06
2022-05-04T18:00,25.2,14,-4.1,21.4,0.0,0.0,0.0,7.2,28.4,273,75.0,20,1008.4,0.13,2.75,0.06
2022-05-04T19:00,23.5,17,-3.4,19.8,0.0,0.0,0.0,7.4,11.9,247,2.0,28,1009.3,0.08,2.41,0.06
2022-05-04T20:00,22.7,19,-1.8,18.3,0.0,0.0,0.0,13.7,23.4,243,0.0,0,1010.6,0.15,2.22,0.06
2022-05-04T21:00,21.5,21,-1.6,17.1,0.0,0.0,0.0,14.1,24.5,266,0.0,0,1011.1,0.14,2.02,0.06
2022-05-04T22:00,20.4,23,-1.4,16.2,0.0,0.0,0.0,12.2,24.1,268,0.0,13,1011.2,0.12,1.84,0.06
2022-05-04T23:00,19.2,25,-1.3,15.3,0.0,0.0,0.0,10.8,20.2,255,0.0,0,1011.4,0.1,1.67,0.06
2022-05-05T00:00,18.1,27,-1.3,14.3,0.0,0.0,0.0,10.2,17.6,247,0.0,0,1011.6,0.09,1.51,0.06
2022-05-05T01:00,16.9,29,-1.1,13.4,0.0,0.0,0.0,8.2,16.6,232,0.0,16,1011.8,0.06,1.36,0.06
2022-05-05T02:00,14.6,36,-0.3,11.3,0.0,0.0,0.0,7.3,13.0,200,0.0,51,1011.5,0.05,1.06,0.06
2022-05-05T03:00,14.4,35,-0.8,11.0,0.0,0.0,0.0,7.6,9.7,211,0.0,88,1011.5,0.05,1.06,0.06
2022-05-05T04:00,14.0,35,-1.3,10.6,0.0,0.0,0.0,7.4,12.6,209,0.0,98,1011.5,0.05,1.04,0.06
2022-05-05T05:00,14.6,33,-1.4,11.2,0.0,0.0,0.0,6.9,12.6,219,2.0,73,1012.0,0.05,1.11,0.06
2022-05-05T06:00,16.0,31,-1.1,13.0,0.0,0.0,0.0,4.8,10.4,283,78.0,90,1013.1,0.07,1.25,0.06
2022-05-05T07:00,19.1,26,-1.2,16.3,0.0,0.0,0.0,3.1,9.7,234,248.0,48,1013.3,0.16,1.64,0.06
2022-05-05T08:00,23.2,19,-1.5,19.2,0.0,0.0,0.0,11.2,23.0,237,438.0,47,1012.2,0.36,2.29,0.06
2022-05-05T09:00,25.7,17,-1.6,21.2,0.0,0.0,0.0,17.7,36.4,241,639.0,85,1011.2,0.55,2.75,0.06
2022-05-05T10:00,26.6,16,-1.3,23.2,0.0,0.0,0.0,16.2,37.1,233,802.0,94,1010.5,0.65,2.91,0.06
2022-05-05T11:00,28.0,14,-1.9,24.6,0.0,0.0,0.0,19.0,38.5,243,908.0,98,1009.4,0.75,3.25,0.06
2022-05-05T12:00,28.1,16,-0.4,24.3,0.1,0.1,0.0,19.3,40.3,243,795.0,100,1008.5,0.69,3.21,0.061
2022-05-05T13:00,26.7,17,-0.4,21.8,0.0,0.0,0.0,25.6,53.6,238,765.0,97,1008.8,0.68,2.91,0.061
2022-05-05T14:00,28.3,15,-0.9,23.3,0.0,0.0,0.0,24.9,50.4,256,733.0,63,1007.2,0.68,3.27,0.061
2022-05-05T15:00,28.0,15,-1.3,22.4,0.0,0.0,0.0,23.0,49.0,260,580.0,73,1006.5,0.58,3.21,0.064
2022-05-05T16:00,26.9,17,-0.6,21.7,0.0,0.0,0.0,20.5,50.0,248,393.0,93,1007.0,0.45,2.96,0.064
2022-05-05T17:00,25.6,18,-0.4,20.0,0.0,0.0,0.0,23.6,43.6,236,240.0,100,1007.7,0.36,2.69,0.064
2022-05-05T18:00,24.4,20,-0.2,19.8,0.0,0.0,0.0,16.4,43.2,241,60.0,68,1008.1,0.22,2.44,0.064
2022-05-05T19:00,22.8,24,1.2,19.9,0.0,0.0,0.0,6.3,27.0,257,2.0,77,1008.1,0.07,2.1,0.064
2022-05-05T20:00,21.2,35,5.0,19.1,0.0,0.0,0.0,5.8,9.7,274,0.0,89,1008.8,0.04,1.65,0.064
2022-05-05T21:00,19.5,40,5.6,17.4,0.0,0.0,0.0,6.6,6.8,135,0.0,31,1009.2,0.04,1.35,0.064
2022-05-05T22:00,18.4,40,4.6,15.8,0.0,0.0,0.0,8.9,11.2,137,0.0,34,1009.0,0.06,1.27,0.064
2022-05-05T23:00,18.9,34,2.6,15.9,0.0,0.0,0.0,8.5,11.2,168,0.0,22,1008.6,0.06,1.44,0.064
2022-05-06T00:00,16.6,41,3.4,13.6,0.0,0.0,0.0,9.6,12.6,214,0.0,14,1008.4,0.06,1.1,0.063
2022-05-06T01:00,16.4,38,2.1,13.7,0.0,0.0,0.0,6.5,12.2,236,0.0,0,1008.3,0.04,1.16,0.063
2022-05-06T02:00,15.8,39,1.9,12.9,0.0,0.0,0.0,7.1,11.2,246,0.0,0,1008.4,0.04,1.09,0.063
2022-05-06T03:00,15.2,42,2.4,12.6,0.0,0.0,0.0,5.8,11.2,266,0.0,0,1007.7,0.03,1.0,0.067
2022-05-06T04:00,14.6,43,2.2,11.6,0.0,0.0,0.0,8.4,13.0,230,0.0,19,1008.2,0.05,0.95,0.067
2022-05-06T05:00,13.7,45,2.1,10.8,0.0,0.0,0.0,7.2,13.3,217,2.0,8,1008.7,0.04,0.85,0.066
2022-05-06T06:00,16.3,37,1.6,13.4,0.0,0.0,0.0,7.3,11.9,213,84.0,2,1009.2,0.09,1.17,0.066
2022-05-06T07:00,20.6,27,1.0,17.3,0.0,0.0,0.0,8.8,16.2,192,272.0,42,1009.2,0.22,1.77,0.066
2022-05-06T08:00,23.4,20,-0.9,18.7,0.0,0.0,0.0,16.3,31.7,202,485.0,92,1008.7,0.41,2.3,0.066
2022-05-06T09:00,25.0,18,-0.9,19.9,0.0,0.0,0.0,22.3,42.1,218,639.0,97,1008.3,0.56,2.58,0.065
2022-05-06T10:00,25.9,16,-1.6,19.9,0.0,0.0,0.0,31.6,60.1,229,776.0,47,1008.3,0.69,2.8,0.065
2022-05-06T11:00,26.5,17,-0.2,21.4,0.0,0.0,0.0,29.5,61.2,227,884.0,65,1008.0,0.74,2.85,0.065
2022-05-06T12:00,26.9,17,-0.6,21.5,0.0,0.0,0.0,32.4,61.6,233,912.0,65,1007.7,0.78,2.96,0.064
2022-05-06T13:00,26.9,16,-0.9,22.0,0.0,0.0,0.0,27.4,62.3,243,859.0,57,1007.2,0.73,2.96,0.064
2022-05-06T14:00,27.1,16,-0.6,21.9,0.0,0.0,0.0,27.5,53.6,233,790.0,100,1007.2,0.7,3.0,0.063
2022-05-06T15:00,24.6,22,1.5,18.8,0.0,0.0,0.0,26.1,54.7,218,459.0,52,1008.1,0.48,2.41,0.065
2022-05-06T16:00,23.7,25,2.3,17.9,0.0,0.0,0.0,27.5,52.6,233,289.0,100,1008.2,0.39,2.2,0.065
2022-05-06T17:00,22.8,26,2.5,18.1,0.0,0.0,0.0,20.4,51.8,238,176.0,100,1008.5,0.28,2.04,0.065
2022-05-06T18:00,22.0,30,3.5,17.8,0.0,0.0,0.0,17.8,36.7,234,53.0,100,1009.7,0.19,1.85,0.064
2022-05-06T19:00,20.5,34,4.1,17.7,0.0,0.0,0.0,9.5,30.6,233,2.0,100,1010.6,0.09,1.6,0.064
2022-05-06T20:00,19.4,42,6.2,18.0,0.0,0.0,0.0,3.1,15.5,216,0.0,58,1011.4,0.01,1.31,0.064
2022-05-06T21:00,18.0,53,8.2,16.6,0.0,0.0,0.0,5.9,7.2,232,0.0,73,1011.8,0.02,0.97,0.064
2022-05-06T22:00,18.4,40,4.7,16.8,0.0,0.0,0.0,2.2,7.6,279,0.0,68,1011.9,0.0,1.27,0.064
2022-05-06T23:00,17.1,47,5.8,15.6,0.0,0.0,0.0,2.6,4.0,16,0.0,92,1012.1,0.0,1.02,0.064
2022-05-07T00:00,16.7,47,5.3,15.4,0.0,0.0,0.0,0.4,3.2,90,0.0,82,1011.6,0.0,1.0,0.064
2022-05-07T01:00,15.8,50,5.4,14.1,0.0,0.0,0.0,3.6,4.3,264,0.0,28,1011.4,0.01,0.9,0.064
2022-05-07T02:00,13.4,61,6.1,11.6,0.0,0.0,0.0,5.7,7.6,235,0.0,47,1011.2,0.01,0.6,0.064
2022-05-07T03:00,12.1,78,8.4,10.7,0.0,0.0,0.0,6.6,9.4,209,0.0,67,1011.1,0.0,0.3,0.06
2022-05-07T04:00,13.1,69,7.6,11.7,0.0,0.0,0.0,5.4,8.6,184,0.0,19,1011.1,0.0,0.46,0.06
2022-05-07T05:00,11.4,75,7.1,9.8,0.0,0.0,0.0,5.7,8.6,235,2.0,72,1012.1,0.01,0.33,0.06
2022-05-07T06:00,13.7,61,6.4,11.9,0.0,0.0,0.0,5.4,9.7,262,78.0,18,1012.6,0.06,0.6,0.06
2022-05-07T07:00,17.4,46,5.8,15.8,0.0,0.0,0.0,3.6,11.5,233,262.0,4,1012.6,0.16,1.07,0.06
2022-05-07T08:00,21.3,31,3.5,17.8,0.0,0.0,0.0,13.8,27.7,187,483.0,29,1011.7,0.37,1.75,0.06
2022-05-07T09:00,23.3,26,2.9,20.0,0.1,0.1,0.0,15.5,35.3,185,676.0,40,1010.9,0.51,2.1,0.06
2022-05-07T10:00,24.6,24,2.9,21.2,0.0,0.0,0.0,20.6,43.9,184,808.0,66,1010.6,0.62,2.34,0.06
2022-05-07T11:00,26.2,20,1.2,23.0,0.0,0.0,0.0,19.1,43.6,223,862.0,100,1009.2,0.69,2.74,0.061
2022-05-07T12:00,26.7,14,-2.7,21.6,0.0,0.0,0.0,25.2,50.4,222,806.0,96,1008.4,0.71,2.99,0.06
2022-05-07T13:00,27.2,12,-4.5,21.9,0.0,0.0,0.0,22.5,49.7,229,718.0,99,1007.7,0.66,3.16,0.06
2022-05-07T14:00,27.0,13,-4.0,21.5,0.0,0.0,0.0,24.1,47.9,232,699.0,56,1007.2,0.65,3.11,0.06
2022-05-07T15:00,26.1,15,-2.8,20.4,0.0,0.0,0.0,22.7,47.9,228,580.0,100,1007.6,0.56,2.88,0.061
2022-05-07T16:00,24.9,18,-0.9,19.3,0.0,0.0,0.0,22.7,47.5,228,460.0,28,1008.0,0.46,2.58,0.061
2022-05-07T17:00,23.6,20,-0.7,18.0,0.0,0.0,0.0,23.0,43.9,221,263.0,23,1008.7,0.34,2.33,0.061
2022-05-07T18:00,21.9,23,-0.2,16.8,0.0,0.0,0.0,20.5,42.1,219,85.0,18,1009.9,0.22,2.02,0.061
2022-05-07T19:00,20.7,27,1.1,16.9,0.0,0.0,0.0,12.6,35.6,204,2.0,3,1010.9,0.12,1.78,0.061
2022-05-07T20:00,19.0,37,4.1,15.3,0.0,0.0,0.0,15.6,27.0,187,0.0,1,1012.5,0.11,1.38,0.061
2022-05-07T21:00,17.8,42,4.7,14.4,0.0,0.0,0.0,14.0,27.4,192,0.0,0,1013.1,0.09,1.18,0.061
2022-05-07T22:00,16.9,45,4.8,14.0,0.0,0.0,0.0,10.9,23.8,188,0.0,0,1013.2,0.06,1.06,0.06
2022-05-07T23:00,16.3,46,4.7,13.4,0.0,0.0,0.0,10.8,18.4,195,0.0,0,1012.9,0.06,0.99,0.06
2022-05-08T00:00,15.6,48,4.8,13.0,0.0,0.0,0.0,9.0,17.6,203,0.0,0,1012.6,0.04,0.92,0.06
2022-05-08T01:00,14.5,53,5.0,12.4,0.0,0.0,0.0,6.1,14.8,220,0.0,2,1012.4,0.02,0.78,0.06
2022-05-08T02:00,13.3,58,5.3,11.3,0.0,0.0,0.0,5.9,9.4,218,0.0,2,1012.2,0.02,0.64,0.06
2022-05-08T03:00,13.8,54,4.7,11.4,0.0,0.0,0.0,7.8,10.4,214,0.0,2,1011.4,0.03,0.73,0.047
2022-05-08T04:00,13.8,54,4.7,11.1,0.0,0.0,0.0,9.7,15.8,222,0.0,7,1011.3,0.04,0.73,0.047
2022-05-08T05:00,13.1,56,4.6,11.0,0.0,0.0,0.0,5.6,15.5,225,3.0,11,1011.4,0.02,0.66,0.047
2022-05-08T06:00,14.5,52,4.7,12.4,0.0,0.0,0.0,5.4,10.1,270,86.0,24,1012.1,0.06,0.79,0.047
2022-05-08T07:00,17.0,44,4.7,15.1,0.0,0.0,0.0,3.8,11.9,253,270.0,44,1012.4,0.16,1.08,0.047
2022-05-08T08:00,19.3,37,4.3,17.3,0.0,0.0,0.0,4.3,15.1,204,467.0,5,1011.6,0.3,1.41,0.047
2022-05-08T09:00,22.1,29,3.4,20.2,0.0,0.0,0.0,7.8,28.8,214,680.0,5,1010.1,0.47,1.88,0.047
2022-05-08T10:00,24.2,23,1.8,21.4,0.0,0.0,0.0,15.5,34.6,226,790.0,11,1008.6,0.6,2.33,0.047
2022-05-08T11:00,25.8,13,-4.7,20.4,0.0,0.0,0.0,28.3,53.6,223,887.0,30,1007.2,0.74,2.89,0.047
2022-05-08T12:00,26.0,13,-4.3,20.4,0.0,0.0,0.0,29.6,58.0,229,891.0,30,1006.5,0.75,2.91,0.047
2022-05-08T13:00,26.3,13,-4.3,20.8,0.1,0.1,0.0,30.4,59.4,234,923.0,25,1005.9,0.77,2.98,0.048
2022-05-08T14:00,25.8,13,-4.9,19.2,0.0,0.0,0.0,31.9,60.8,240,767.0,2,1005.4,0.69,2.89,0.048
2022-05-08T15:00,25.2,10,-8.1,18.3,0.0,0.0,0.0,29.3,61.6,242,656.0,11,1005.5,0.62,2.87,0.044
2022-05-08T16:00,24.4,10,-9.1,17.3,0.0,0.0,0.0,27.1,55.8,248,500.0,0,1005.6,0.52,2.75,0.044
2022-05-08T17:00,23.0,11,-9.6,16.0,0.0,0.0,0.0,25.7,50.8,255,285.0,0,1006.4,0.38,2.51,0.044
2022-05-08T18:00,21.0,13,-9.0,14.6,0.0,0.0,0.0,22.4,47.2,265,92.0,0,1007.6,0.26,2.18,0.044
2022-05-08T19:00,19.3,13,-9.8,12.9,0.0,0.0,0.0,21.6,39.6,281,3.0,0,1009.1,0.21,1.95,0.044
2022-05-08T20:00,18.1,14,-10.2,11.8,0.0,0.0,0.0,20.6,38.2,276,0.0,0,1010.5,0.19,1.79,0.044
2022-05-08T21:00,16.9,15,-9.9,11.2,0.0,0.0,0.0,16.7,36.0,263,0.0,0,1011.1,0.15,1.63,0.044
2022-05-08T22:00,15.5,17,-9.6,10.4,0.0,0.0,0.0,12.7,28.8,263,0.0,0,1011.4,0.11,1.46,0.044
2022-05-08T23:00,14.2,19,-8.9,9.2,0.0,0.0,0.0,12.4,20.9,292,0.0,0,1011.8,0.1,1.31,0.044
2022-05-09T00:00,13.4,21,-8.5,8.2,0.0,0.0,0.0,13.9,23.8,291,0.0,0,1012.0,0.11,1.22,0.044
2022-05-09T01:00,12.7,23,-8.1,7.9,0.0,0.0,0.0,11.4,23.4,281,0.0,0,1012.3,0.09,1.13,0.044
2022-05-09T02:00,11.5,25,-7.8,7.1,0.0,0.0,0.0,9.5,18.4,261,0.0,0,1012.5,0.07,1.02,0.044
2022-05-09T03:00,11.2,28,-6.6,6.7,0.0,0.0,0.0,10.6,15.1,252,0.0,0,1012.5,0.07,0.95,0.04
2022-05-09T04:00,9.9,31,-6.5,5.7,0.0,0.0,0.0,8.5,17.3,258,0.0,0,1013.1,0.05,0.84,0.04
2022-05-09T05:00,8.2,35,-6.3,4.3,0.0,0.0,0.0,6.4,13.0,297,3.0,0,1014.3,0.04,0.71,0.04
2022-05-09T06:00,10.1,31,-6.5,6.1,0.0,0.0,0.0,6.6,11.9,347,95.0,0,1015.5,0.08,0.86,0.04
2022-05-09T07:00,12.9,25,-6.7,9.4,0.0,0.0,0.0,3.6,12.6,354,291.0,0,1015.5,0.16,1.11,0.04
2022-05-09T08:00,15.5,21,-7.1,12.1,0.0,0.0,0.0,2.8,13.3,320,512.0,0,1014.9,0.29,1.4,0.04
2022-05-09T09:00,17.5,14,-10.5,14.7,0.0,0.0,0.0,3.7,16.6,299,714.0,0,1014.2,0.43,1.73,0.04
2022-05-09T10:00,19.2,10,-12.9,17.2,0.0,0.0,0.0,3.9,17.6,292,874.0,0,1013.2,0.55,1.99,0.04
2022-05-09T11:00,20.7,9,-14.0,19.3,0.0,0.0,0.0,4.1,18.7,285,977.0,0,1011.9,0.63,2.23,0.04
2022-05-09T12:00,22.1,7,-14.9,20.7,0.0,0.0,0.0,4.7,19.8,266,1014.0,0,1010.8,0.67,2.46,0.04
2022-05-09T13:00,23.2,6,-16.2,21.3,0.0,0.0,0.0,6.3,21.6,257,980.0,0,1009.9,0.66,2.66,0.04
2022-05-09T14:00,23.9,5,-17.4,20.8,0.0,0.0,0.0,9.1,24.8,261,879.0,0,1009.0,0.62,2.8,0.04
2022-05-09T15:00,23.4,6,-16.6,19.2,0.0,0.0,0.0,10.5,27.0,262,719.0,0,1009.1,0.52,2.71,0.04
2022-05-09T16:00,23.5,7,-15.2,18.6,0.0,0.0,0.0,8.7,25.2,253,515.0,0,1008.2,0.39,2.71,0.04
2022-05-09T17:00,22.8,7,-14.9,18.1,0.0,0.0,0.0,7.7,21.2,233,291.0,0,1007.9,0.24,2.57,0.04
2022-05-09T18:00,21.8,8,-14.6,17.3,0.0,0.0,0.0,6.4,16.9,133,93.0,0,1007.6,0.11,2.41,0.04
2022-05-09T19:00,20.6,8,-14.8,16.2,0.0,0.0,0.0,5.2,13.0,115,3.0,0,1008.0,0.06,2.23,0.04
2022-05-09T20:00,19.1,10,-13.4,14.9,0.0,0.0,0.0,5.2,7.9,258,0.0,0,1009.7,0.06,1.99,0.04
2022-05-09T21:00,17.7,21,-4.9,12.8,0.0,0.0,0.0,14.3,23.8,245,0.0,0,1011.1,0.13,1.59,0.04
2022-05-09T22:00,16.8,23,-4.8,11.4,0.0,0.0,0.0,17.6,30.2,244,0.0,0,1011.3,0.14,1.48,0.04
2022-05-09T23:00,15.8,23,-5.1,10.4,0.0,0.0,0.0,17.3,30.2,249,0.0,0,1011.7,0.14,1.37,0.04
2022-05-10T00:00,14.8,24,-5.6,9.4,0.0,0.0,0.0,17.2,29.9,259,0.0,0,1011.9,0.13,1.28,0.04
2022-05-10T01:00,13.9,25,-5.9,8.8,0.0,0.0,0.0,15.3,29.2,261,0.0,0,1012.1,0.11,1.2,0.04
2022-05-10T02:00,12.9,27,-5.8,8.1,0.0,0.0,0.0,12.8,25.9,259,0.0,0,1012.1,0.09,1.09,0.04
2022-05-10T03:00,11.7,31,-5.1,7.5,0.0,0.0,0.0,9.1,21.2,252,0.0,0,1012.5,0.06,0.95,0.041
2022-05-10T04:00,10.7,33,-5.0,6.8,0.0,0.0,0.0,7.4,15.1,256,0.0,0,1012.6,0.04,0.86,0.041
2022-05-10T05:00,9.6,35,-5.0,5.9,0.0,0.0,0.0,6.2,11.5,263,3.0,0,1013.2,0.04,0.77,0.041
2022-05-10T06:00,11.4,32,-4.9,7.5,0.0,0.0,0.0,7.7,13.7,259,96.0,0,1014.2,0.09,0.92,0.041
2022-05-10T07:00,14.9,25,-5.2,11.1,0.0,0.0,0.0,6.6,15.5,261,290.0,0,1014.7,0.19,1.27,0.041
2022-05-10T08:00,17.5,19,-6.2,13.9,0.0,0.0,0.0,5.1,16.9,274,509.0,0,1014.2,0.31,1.61,0.041
2022-05-10T09:00,19.9,13,-9.0,16.9,0.0,0.0,0.0,5.4,18.4,270,710.0,0,1013.1,0.46,2.01,0.041
2022-05-10T10:00,21.9,10,-11.1,19.8,0.0,0.0,0.0,5.4,19.4,262,870.0,0,1012.0,0.58,2.37,0.041
2022-05-10T11:00,23.6,9,-11.7,22.0,0.0,0.0,0.0,6.0,20.9,245,971.0,0,1010.8,0.66,2.66,0.041
2022-05-10T12:00,25.0,7,-12.5,23.2,0.0,0.0,0.0,7.7,23.4,242,1006.0,0,1009.8,0.71,2.93,0.041
2022-05-10T13:00,26.1,7,-12.8,24.0,0.0,0.0,0.0,8.0,23.8,260,971.0,7,1008.9,0.7,3.15,0.041
2022-05-10T14:00,27.5,6,-13.3,25.0,0.0,0.0,0.0,6.0,23.8,253,854.0,60,1007.4,0.62,3.45,0.041
2022-05-10T15:00,26.6,6,-13.4,21.8,0.0,0.0,0.0,11.4,43.6,235,618.0,59,1007.8,0.51,3.25,0.036
2022-05-10T16:00,26.8,7,-11.5,19.4,0.0,0.0,0.0,27.8,46.4,260,337.0,60,1006.8,0.5,3.27,0.036
2022-05-10T17:00,25.0,8,-10.9,18.5,0.0,0.0,0.0,21.6,62.3,296,165.0,10,1008.2,0.35,2.89,0.036
2022-05-10T18:00,24.3,8,-11.7,19.2,0.0,0.0,0.0,11.4,38.5,325,87.0,4,1008.5,0.18,2.78,0.036
2022-05-10T19:00,21.6,12,-9.6,17.3,0.0,0.0,0.0,6.8,19.8,273,3.0,6,1009.9,0.09,2.28,0.036
2022-05-10T20:00,20.8,17,-5.0,14.7,0.0,0.0,0.0,22.3,36.4,256,0.0,1,1011.8,0.21,2.03,0.036
2022-05-10T21:00,19.8,20,-4.0,14.8,0.0,0.0,0.0,16.2,41.0,266,0.0,0,1012.7,0.16,1.85,0.036
2022-05-10T22:00,18.8,21,-4.0,14.1,0.0,0.0,0.0,13.7,27.7,256,0.0,0,1013.1,0.13,1.71,0.036
2022-05-10T23:00,17.6,23,-4.0,13.8,0.0,0.0,0.0,8.0,23.4,262,0.0,0,1013.4,0.07,1.56,0.036
2022-05-11T00:00,15.6,27,-3.6,11.9,0.0,0.0,0.0,7.2,12.6,198,0.0,0,1013.4,0.06,1.3,0.036
2022-05-11T01:00,14.5,28,-3.8,10.7,0.0,0.0,0.0,7.9,9.0,204,0.0,0,1013.3,0.06,1.18,0.036
2022-05-11T02:00,13.6,30,-3.9,9.7,0.0,0.0,0.0,8.4,10.4,220,0.0,0,1013.1,0.06,1.09,0.036
2022-05-11T03:00,12.9,30,-4.3,8.7,0.0,0.0,0.0,9.7,10.1,219,0.0,0,1012.7,0.07,1.04,0.036
2022-05-11T04:00,13.3,29,-4.6,9.1,0.0,0.0,0.0,9.5,14.8,245,0.0,0,1013.0,0.07,1.09,0.036
2022-05-11T05:00,12.5,30,-4.7,8.3,0.0,0.0,0.0,9.8,15.5,246,4.0,0,1013.3,0.07,1.01,0.036
2022-05-11T06:00,14.2,26,-4.9,10.2,0.0,0.0,0.0,8.1,15.1,225,96.0,0,1013.8,0.1,1.19,0.036
2022-05-11T07:00,17.4,21,-5.5,14.0,0.0,0.0,0.0,3.3,12.6,186,290.0,0,1014.4,0.17,1.58,0.036
2022-05-11T08:00,20.4,17,-5.9,17.1,0.0,0.0,0.0,2.4,13.0,153,507.0,0,1013.6,0.31,2.0,0.036
2022-05-11T09:00,23.3,13,-6.8,20.6,0.0,0.0,0.0,5.0,16.9,201,706.0,0,1012.2,0.48,2.49,0.036
2022-05-11T10:00,25.2,11,-7.4,22.4,0.0,0.0,0.0,10.7,25.9,225,864.0,0,1011.4,0.64,2.85,0.036
2022-05-11T11:00,26.5,10,-8.1,23.8,0.0,0.0,0.0,12.7,30.2,225,964.0,0,1010.2,0.73,3.12,0.036
2022-05-11T12:00,27.7,9,-8.8,25.4,0.0,0.0,0.0,11.1,30.6,234,1000.0,0,1008.9,0.76,3.39,0.036
2022-05-11T13:00,28.9,7,-9.8,25.8,0.0,0.0,0.0,14.7,32.4,253,966.0,0,1007.8,0.77,3.69,0.036
2022-05-11T14:00,29.4,6,-12.8,24.2,0.0,0.0,0.0,22.5,44.3,257,864.0,0,1006.8,0.77,3.87,0.036
2022-05-11T15:00,28.2,7,-11.2,21.8,0.0,0.0,0.0,25.8,50.8,258,710.0,0,1007.1,0.68,3.56,0.036
2022-05-11T16:00,27.8,7,-10.8,20.8,0.0,0.0,0.0,25.2,49.7,248,509.0,0,1006.9,0.56,3.46,0.036
2022-05-11T17:00,26.5,8,-10.1,19.7,0.0,0.0,0.0,24.1,47.5,248,289.0,0,1007.2,0.42,3.18,0.036
2022-05-11T18:00,24.8,9,-9.9,18.2,0.0,0.0,0.0,22.4,44.6,242,96.0,0,1007.9,0.3,2.83,0.036
2022-05-11T19:00,23.3,10,-9.8,17.0,0.0,0.0,0.0,21.3,39.2,242,3.0,0,1008.9,0.25,2.57,0.036
2022-05-11T20:00,22.0,12,-9.1,15.7,0.0,0.0,0.0,20.9,37.1,255,0.0,0,1010.1,0.23,2.33,0.036
2022-05-11T21:00,20.6,13,-8.8,14.4,0.0,0.0,0.0,21.0,37.1,258,0.0,0,1010.9,0.21,2.11,0.036
2022-05-11T22:00,19.4,14,-8.5,13.8,0.0,0.0,0.0,16.6,36.0,257,0.0,0,1011.4,0.17,1.92,0.036
2022-05-11T23:00,18.0,16,-8.1,13.3,0.0,0.0,0.0,10.9,28.1,261,0.0,0,1011.7,0.11,1.72,0.036
2022-05-12T00:00,16.7,19,-7.4,12.4,0.0,0.0,0.0,8.6,18.0,270,0.0,0,1011.8,0.08,1.55,0.036
2022-05-12T01:00,15.8,19,-7.6,11.6,0.0,0.0,0.0,7.6,13.7,262,0.0,0,1012.1,0.07,1.45,0.036
2022-05-12T02:00,15.4,19,-8.4,11.1,0.0,0.0,0.0,8.3,13.0,252,0.0,0,1012.2,0.08,1.42,0.036
2022-05-12T03:00,14.2,21,-7.8,9.5,0.0,0.0,0.0,10.6,14.8,242,0.0,0,1012.8,0.09,1.27,0.036
2022-05-12T04:00,13.1,22,-7.9,8.5,0.0,0.0,0.0,10.2,18.0,247,0.0,1,1013.3,0.08,1.17,0.036
2022-05-12T05:00,12.2,24,-7.9,7.9,0.0,0.0,0.0,8.2,16.6,247,4.0,0,1014.2,0.06,1.08,0.036
2022-05-12T06:00,13.5,22,-7.9,9.2,0.0,0.0,0.0,8.7,14.4,240,100.0,0,1015.2,0.11,1.21,0.036
2022-05-12T07:00,16.8,18,-7.9,12.9,0.0,0.0,0.0,5.8,14.8,240,297.0,0,1015.7,0.2,1.58,0.036
2022-05-12T08:00,19.8,14,-8.2,15.8,0.0,0.0,0.0,6.2,17.3,260,518.0,0,1014.9,0.34,1.98,0.036
2022-05-12T09:00,22.2,10,-10.4,18.6,0.0,0.0,0.0,8.8,22.7,261,720.0,0,1013.7,0.5,2.4,0.036
2022-05-12T10:00,24.3,7,-13.1,21.4,0.0,0.0,0.0,9.4,25.2,263,880.0,0,1012.6,0.63,2.81,0.036
2022-05-12T11:00,25.9,6,-15.1,23.7,0.0,0.0,0.0,8.1,25.2,257,983.0,0,1011.2,0.71,3.14,0.036
2022-05-12T12:00,27.3,5,-16.7,25.2,0.0,0.0,0.0,8.1,24.1,238,1019.0,0,1009.6,0.74,3.45,0.036
2022-05-12T13:00,28.6,4,-18.4,25.8,0.0,0.0,0.0,10.8,26.6,233,987.0,0,1008.4,0.75,3.77,0.036
2022-05-12T14:00,28.6,4,-17.2,25.0,0.0,0.0,0.0,11.9,31.7,245,882.0,0,1007.3,0.69,3.74,0.036
2022-05-12T15:00,28.4,4,-17.4,24.9,0.0,0.0,0.0,5.7,28.1,342,721.0,0,1006.9,0.52,3.71,0.036
2022-05-12T16:00,29.3,5,-14.1,24.3,0.0,0.0,0.0,10.0,21.2,283,513.0,0,1005.6,0.44,3.86,0.036
2022-05-12T17:00,27.4,6,-13.3,20.3,0.0,0.0,0.0,24.7,45.4,257,293.0,0,1006.0,0.44,3.42,0.035
2022-05-12T18:00,25.4,8,-10.8,18.2,0.0,0.0,0.0,26.4,47.2,253,98.0,0,1007.0,0.34,2.97,0.035
2022-05-12T19:00,23.6,10,-10.0,16.2,0.0,0.0,0.0,28.7,50.4,252,4.0,0,1008.1,0.3,2.63,0.035
2022-05-12T20:00,22.0,12,-8.8,14.7,0.0,0.0,0.0,28.6,51.5,256,0.0,0,1009.7,0.28,2.33,0.035
2022-05-12T21:00,20.9,13,-8.4,13.9,0.0,0.0,0.0,26.5,50.4,258,0.0,0,1010.7,0.26,2.15,0.035
2022-05-12T22:00,19.9,14,-8.1,13.2,0.0,0.0,0.0,24.6,46.4,259,0.0,0,1011.3,0.23,1.99,0.035
2022-05-12T23:00,19.1,15,-7.8,12.8,0.0,0.0,0.0,21.7,43.2,264,0.0,0,1012.0,0.2,1.86,0.035
2022-05-13T00:00,18.2,17,-7.3,12.4,0.0,0.0,0.0,18.8,37.4,263,0.0,0,1012.2,0.17,1.73,0.035
2022-05-13T01:00,16.9,19,-6.9,11.7,0.0,0.0,0.0,14.6,32.0,260,0.0,0,1012.3,0.13,1.56,0.035
2022-05-13T02:00,15.5,21,-6.7,11.3,0.0,0.0,0.0,8.4,24.5,277,0.0,0,1012.4,0.07,1.38,0.035
2022-05-13T03:00,12.9,27,-5.5,8.7,0.0,0.0,0.0,9.2,13.0,309,0.0,0,1012.9,0.07,1.08,0.039
2022-05-13T04:00,12.8,27,-5.6,9.0,0.0,0.0,0.0,6.2,11.2,21,0.0,0,1013.9,0.04,1.07,0.039
2022-05-13T05:00,11.6,33,-4.3,7.7,0.0,0.0,0.0,8.4,10.4,43,4.0,0,1014.6,0.06,0.92,0.039
2022-05-13T06:00,13.7,30,-3.5,10.1,0.0,0.0,0.0,6.8,11.9,32,100.0,0,1014.8,0.09,1.09,0.039
2022-05-13T07:00,15.8,30,-2.0,12.3,0.0,0.0,0.0,7.1,17.3,30,294.0,0,1014.7,0.19,1.26,0.039
2022-05-13T08:00,18.6,23,-2.9,15.1,0.0,0.0,0.0,6.8,18.7,18,512.0,0,1013.7,0.33,1.65,0.039
2022-05-13T09:00,20.9,17,-5.0,18.0,0.0,0.0,0.0,7.4,22.3,23,710.0,0,1012.8,0.48,2.05,0.039
2022-05-13T10:00,22.5,14,-6.2,21.1,0.0,0.0,0.0,3.7,22.0,29,867.0,0,1011.7,0.58,2.33,0.039
2022-05-13T11:00,23.9,12,-7.3,23.5,0.0,0.0,0.0,1.3,18.0,124,967.0,0,1010.5,0.64,2.61,0.039
2022-05-13T12:00,25.0,10,-8.2,24.2,0.0,0.0,0.0,4.0,18.7,175,1001.0,0,1009.2,0.69,2.84,0.038
2022-05-13T13:00,26.0,9,-9.0,24.6,0.0,0.0,0.0,5.8,21.2,184,966.0,0,1007.7,0.69,3.05,0.038
2022-05-13T14:00,26.8,8,-9.9,24.6,0.0,0.0,0.0,6.4,21.2,196,865.0,0,1006.3,0.63,3.23,0.038
2022-05-13T15:00,26.4,7,-12.0,22.6,0.0,0.0,0.0,8.1,20.9,225,694.0,44,1006.0,0.52,3.19,0.034
2022-05-13T16:00,27.3,6,-14.2,23.5,0.0,0.0,0.0,1.5,19.8,346,469.0,1,1004.2,0.3,3.42,0.034
2022-05-13T17:00,27.0,5,-15.2,20.9,0.0,0.0,0.0,16.7,28.8,263,234.0,0,1003.6,0.35,3.37,0.034
2022-05-13T18:00,24.6,8,-11.5,18.3,0.0,0.0,0.0,19.6,45.0,277,100.0,0,1005.1,0.27,2.83,0.034
2022-05-13T19:00,23.2,9,-11.2,18.4,0.0,0.0,0.0,9.7,33.5,301,4.0,0,1006.6,0.12,2.58,0.034
2022-05-13T20:00,20.7,20,-3.1,15.0,0.0,0.0,0.0,21.0,36.7,22,0.0,0,1009.2,0.2,1.95,0.034
2022-05-13T21:00,19.7,21,-3.1,13.8,0.0,0.0,0.0,22.7,40.7,42,0.0,0,1010.1,0.2,1.8,0.034
2022-05-13T22:00,17.1,30,-0.7,12.3,0.0,0.0,0.0,17.5,40.7,14,0.0,0,1012.0,0.13,1.36,0.034
2022-05-13T23:00,15.8,35,0.3,10.8,0.0,0.0,0.0,19.6,33.5,20,0.0,99,1013.4,0.13,1.17,0.034
2022-05-14T00:00,14.3,44,2.2,9.8,0.0,0.0,0.0,18.7,34.2,11,0.0,64,1014.0,0.1,0.91,0.034
2022-05-14T01:00,13.3,49,2.9,9.1,0.0,0.0,0.0,16.9,33.5,24,0.0,54,1015.4,0.08,0.77,0.034
2022-05-14T02:00,12.5,51,2.5,9.8,0.0,0.0,0.0,6.8,29.2,32,0.0,78,1015.9,0.03,0.71,0.034
2022-05-14T03:00,11.0,60,3.5,8.4,0.0,0.0,0.0,7.1,12.6,319,0.0,6,1017.2,0.02,0.53,0.028
2022-05-14T04:00,10.7,60,3.4,7.7,0.0,0.0,0.0,9.7,16.9,321,0.0,20,1017.3,0.03,0.51,0.028
2022-05-14T05:00,10.6,60,3.2,7.6,0.0,0.0,0.0,9.8,17.6,324,4.0,21,1017.7,0.04,0.51,0.028
2022-05-14T06:00,11.5,56,3.1,8.2,0.0,0.0,0.0,11.2,22.0,339,82.0,98,1018.4,0.08,0.59,0.028
2022-05-14T07:00,12.4,53,3.0,8.8,0.0,0.0,0.0,13.6,27.4,349,161.0,2,1018.7,0.13,0.68,0.028
2022-05-14T08:00,15.1,42,2.2,11.2,0.0,0.0,0.0,14.4,31.0,22,497.0,0,1018.6,0.3,1.0,0.028
2022-05-14T09:00,17.1,35,1.5,13.4,0.0,0.0,0.0,17.3,36.4,42,696.0,15,1018.2,0.43,1.26,0.028
2022-05-14T10:00,18.8,28,-0.2,14.9,0.0,0.0,0.0,20.2,42.1,49,797.0,56,1017.9,0.52,1.56,0.028
2022-05-14T11:00,19.6,25,-1.2,15.3,0.0,0.0,0.0,19.1,42.1,46,727.0,63,1017.2,0.52,1.71,0.028
2022-05-14T12:00,20.5,21,-2.4,16.7,0.0,0.0,0.0,18.4,40.0,31,806.0,50,1016.5,0.57,1.9,0.028
2022-05-14T13:00,21.0,22,-1.8,17.9,0.0,0.0,0.0,16.9,40.0,24,889.0,3,1016.0,0.61,1.94,0.028
2022-05-14T14:00,21.7,18,-3.6,18.4,0.0,0.0,0.0,15.1,37.8,33,848.0,0,1015.3,0.6,2.12,0.028
2022-05-14T15:00,21.5,17,-4.9,17.5,0.0,0.0,0.0,13.9,34.6,31,703.0,0,1015.2,0.51,2.14,0.033
2022-05-14T16:00,21.5,16,-5.4,16.7,0.0,0.0,0.0,13.4,31.3,36,508.0,0,1014.9,0.4,2.15,0.033
2022-05-14T17:00,20.9,17,-5.2,16.2,0.0,0.0,0.0,13.1,29.5,37,293.0,0,1015.1,0.27,2.06,0.033
2022-05-14T18:00,19.6,19,-4.4,15.0,0.0,0.0,0.0,12.3,26.6,32,100.0,0,1015.8,0.16,1.83,0.033
2022-05-14T19:00,18.1,22,-4.1,13.8,0.0,0.0,0.0,11.0,22.7,32,4.0,0,1016.9,0.11,1.63,0.033
2022-05-14T20:00,16.9,24,-3.7,13.0,0.0,0.0,0.0,8.8,18.7,35,0.0,0,1017.9,0.08,1.46,0.033
2022-05-14T21:00,15.7,27,-3.3,12.2,0.0,0.0,0.0,6.4,14.8,38,0.0,0,1018.3,0.05,1.3,0.033
2022-05-14T22:00,14.3,30,-2.9,11.0,0.0,0.0,0.0,5.2,10.1,12,0.0,0,1018.4,0.03,1.13,0.033
2022-05-14T23:00,13.5,32,-2.8,10.3,0.0,0.0,0.0,4.6,7.6,342,0.0,0,1018.7,0.03,1.05,0.033
2022-05-15T00:00,12.4,35,-2.6,9.0,0.0,0.0,0.0,6.1,8.3,315,0.0,0,1018.8,0.04,0.93,0.033
2022-05-15T01:00,11.9,36,-2.7,8.6,0.0,0.0,0.0,4.9,7.2,287,0.0,0,1018.8,0.03,0.89,0.033
2022-05-15T02:00,12.2,35,-2.9,9.1,0.0,0.0,0.0,4.0,6.1,280,0.0,0,1018.9,0.02,0.93,0.033
2022-05-15T03:00,11.3,42,-1.3,8.1,0.0,0.0,0.0,6.0,4.7,343,0.0,0,1019.1,0.03,0.78,0.034
2022-05-15T04:00,8.6,51,-1.1,5.2,0.0,0.0,0.0,7.3,8.3,303,0.0,0,1019.1,0.02,0.55,0.034
2022-05-15T05:00,8.2,52,-1.2,4.8,0.0,0.0,0.0,7.4,9.7,293,5.0,0,1019.7,0.03,0.53,0.034
2022-05-15T06:00,11.1,42,-1.4,8.0,0.0,0.0,0.0,5.6,9.4,297,103.0,0,1020.4,0.07,0.77,0.034
2022-05-15T07:00,14.2,33,-1.7,11.4,0.0,0.0,0.0,2.7,10.1,337,298.0,0,1020.5,0.16,1.07,0.034
2022-05-15T08:00,16.8,28,-1.9,14.0,0.0,0.0,0.0,2.5,13.0,315,516.0,0,1019.5,0.3,1.38,0.034
2022-05-15T09:00,19.3,23,-2.5,17.3,0.0,0.0,0.0,4.1,16.6,255,715.0,0,1018.7,0.45,1.73,0.034
2022-05-15T10:00,21.7,17,-4.3,20.7,0.0,0.0,0.0,2.8,16.9,230,873.0,0,1017.2,0.57,2.15,0.034
2022-05-15T11:00,23.9,13,-5.9,23.9,0.0,0.0,0.0,0.4,16.2,90,974.0,0,1016.0,0.65,2.57,0.034
2022-05-15T12:00,25.9,10,-7.7,25.4,0.0,0.0,0.0,3.1,17.6,69,1008.0,0,1014.5,0.7,3.0,0.034
2022-05-15T13:00,27.5,8,-9.7,26.1,0.0,0.0,0.0,5.2,20.2,74,973.0,0,1013.1,0.7,3.37,0.034
2022-05-15T14:00,28.6,7,-10.8,26.0,0.0,0.0,0.0,7.9,23.0,87,872.0,0,1012.2,0.66,3.63,0.034
2022-05-15T15:00,27.9,7,-11.2,24.3,0.0,0.0,0.0,8.8,24.8,109,715.0,0,1012.4,0.55,3.5,0.033
2022-05-15T16:00,28.0,7,-11.2,23.2,0.0,0.0,0.0,9.9,24.1,109,514.0,0,1011.7,0.43,3.52,0.033
2022-05-15T17:00,27.5,7,-11.8,22.5,0.0,0.0,0.0,11.3,23.4,107,296.0,0,1011.2,0.31,3.42,0.033
2022-05-15T18:00,25.8,7,-12.9,20.3,0.0,0.0,0.0,13.8,25.6,99,102.0,0,1011.5,0.22,3.1,0.033
2022-05-15T19:00,23.8,7,-14.1,18.7,0.0,0.0,0.0,10.1,23.8,94,5.0,0,1011.9,0.13,2.73,0.033
2022-05-15T20:00,22.6,7,-15.1,18.1,0.0,0.0,0.0,6.6,16.6,99,0.0,0,1012.5,0.08,2.55,0.033
2022-05-15T21:00,21.4,7,-16.2,16.8,0.0,0.0,0.0,6.3,10.4,114,0.0,0,1013.2,0.08,2.37,0.033
2022-05-15T22:00,19.3,9,-15.1,14.4,0.0,0.0,0.0,9.0,10.4,119,0.0,0,1013.4,0.11,2.05,0.033
2022-05-15T23:00,19.5,8,-15.5,15.4,0.0,0.0,0.0,3.3,11.2,13,0.0,0,1013.8,0.03,2.08,0.033
2022-05-16T00:00,17.7,10,-14.6,13.2,0.0,0.0,0.0,6.2,7.2,36,0.0,0,1013.4,0.07,1.82,0.033
2022-05-16T01:00,16.4,11,-14.4,12.0,0.0,0.0,0.0,6.1,7.6,28,0.0,0,1013.7,0.06,1.67,0.033
2022-05-16T02:00,15.2,12,-14.3,10.9,0.0,0.0,0.0,5.1,7.6,356,0.0,0,1014.1,0.05,1.52,0.033
2022-05-16T03:00,13.2,15,-13.3,8.9,0.0,0.0,0.0,5.9,6.5,313,0.0,0,1015.2,0.05,1.3,0.033
2022-05-16T04:00,12.5,15,-13.2,8.2,0.0,0.0,0.0,5.8,7.9,292,0.0,0,1015.2,0.05,1.23,0.033
2022-05-16T05:00,12.2,15,-13.4,7.8,0.0,0.0,0.0,6.2,8.6,249,5.0,0,1015.3,0.06,1.2,0.033
2022-05-16T06:00,15.1,12,-14.0,10.5,0.0,0.0,0.0,7.2,10.8,243,103.0,0,1015.7,0.11,1.5,0.033
2022-05-16T07:00,19.6,9,-14.5,15.3,0.0,0.0,0.0,4.7,13.3,238,295.0,0,1015.8,0.2,2.07,0.033
2022-05-16T08:00,22.9,7,-15.3,18.9,0.0,0.0,0.0,2.4,12.2,243,509.0,0,1015.1,0.32,2.6,0.033
2022-05-16T09:00,25.9,7,-13.2,23.0,0.0,0.0,0.0,2.5,14.0,188,703.0,0,1013.7,0.47,3.11,0.033
2022-05-16T10:00,28.6,9,-7.4,26.8,0.0,0.0,0.0,4.4,17.3,171,856.0,0,1012.3,0.62,3.55,0.033
2022-05-16T11:00,30.6,10,-5.2,29.8,0.0,0.0,0.0,4.0,18.7,207,952.0,1,1010.6,0.71,3.96,0.033
2022-05-16T12:00,32.0,9,-4.8,30.8,0.0,0.0,0.0,7.1,22.0,240,985.0,50,1009.2,0.77,4.31,0.033
2022-05-16T13:00,33.4,8,-5.9,29.1,0.0,0.0,0.0,15.2,30.2,266,705.0,100,1006.9,0.69,4.74,0.033
2022-05-16T14:00,33.2,8,-4.9,27.0,0.0,0.0,0.0,23.2,43.6,276,468.0,24,1005.7,0.63,4.65,0.033
2022-05-16T15:00,32.3,9,-4.7,25.2,0.0,0.0,0.0,32.7,56.5,255,642.0,1,1005.8,0.76,4.41,0.033
2022-05-16T16:00,31.5,9,-5.7,24.0,0.0,0.0,0.0,31.8,61.2,260,341.0,0,1005.9,0.59,4.22,0.033
2022-05-16T17:00,30.2,10,-4.7,22.7,0.0,0.0,0.0,32.1,61.6,261,298.0,0,1006.2,0.52,3.85,0.033
2022-05-16T18:00,28.7,11,-4.2,22.1,0.0,0.0,0.0,26.5,57.2,262,100.0,0,1007.3,0.36,3.49,0.033
2022-05-16T19:00,27.3,13,-3.5,22.3,0.0,0.0,0.0,16.4,46.4,255,5.0,0,1007.8,0.21,3.14,0.033
2022-05-16T20:00,25.9,14,-3.4,21.4,0.0,0.0,0.0,13.2,28.1,248,0.0,0,1008.8,0.16,2.86,0.033
2022-05-16T21:00,24.5,16,-3.0,20.6,0.0,0.0,0.0,9.2,22.3,225,0.0,0,1009.0,0.11,2.58,0.033
2022-05-16T22:00,23.8,17,-2.8,19.5,0.0,0.0,0.0,12.3,19.8,218,0.0,0,1008.7,0.14,2.45,0.033
2022-05-16T23:00,22.7,18,-2.8,18.8,0.0,0.0,0.0,8.9,20.2,223,0.0,0,1008.5,0.1,2.25,0.033
2022-05-17T00:00,21.1,20,-2.8,17.3,0.0,0.0,0.0,8.7,14.4,228,0.0,0,1008.0,0.09,2.0,0.033
2022-05-17T01:00,19.5,22,-2.7,15.8,0.0,0.0,0.0,8.2,14.0,241,0.0,0,1007.8,0.08,1.76,0.033
2022-05-17T02:00,17.9,25,-2.5,14.2,0.0,0.0,0.0,8.3,13.7,252,0.0,0,1007.9,0.07,1.54,0.033
2022-05-17T03:00,16.3,29,-1.7,12.6,0.0,0.0,0.0,8.9,13.7,249,0.0,0,1008.2,0.07,1.31,0.032
2022-05-17T04:00,15.7,31,-1.6,11.4,0.0,0.0,0.0,13.1,20.9,238,0.0,0,1008.3,0.1,1.23,0.032
2022-05-17T05:00,15.2,31,-1.8,11.6,0.0,0.0,0.0,8.4,21.2,245,6.0,0,1009.1,0.06,1.19,0.032
2022-05-17T06:00,16.9,27,-2.1,13.4,0.0,0.0,0.0,6.9,13.3,242,107.0,0,1010.1,0.1,1.4,0.032
2022-05-17T07:00,20.2,22,-2.6,17.3,0.0,0.0,0.0,2.3,11.9,219,304.0,0,1010.8,0.18,1.85,0.032
2022-05-17T08:00,23.3,17,-3.4,20.4,0.0,0.0,0.0,1.6,11.2,243,520.0,1,1010.0,0.33,2.38,0.032
2022-05-17T09:00,26.2,12,-5.8,23.7,0.0,0.0,0.0,4.5,16.6,241,716.0,9,1009.0,0.5,2.99,0.032
2022-05-17T10:00,28.9,7,-10.2,26.5,0.0,0.0,0.0,7.0,20.9,235,872.0,45,1007.8,0.65,3.69,0.032
2022-05-17T11:00,31.0,5,-13.3,28.4,0.0,0.0,0.0,10.2,26.3,231,967.0,82,1006.6,0.77,4.26,0.032
2022-05-17T12:00,32.6,4,-14.3,29.4,0.0,0.0,0.0,13.2,30.6,223,970.0,99,1004.9,0.81,4.7,0.032
2022-05-17T13:00,34.0,5,-11.5,29.5,0.0,0.0,0.0,20.3,40.3,240,916.0,81,1003.4,0.86,5.06,0.032
2022-05-17T14:00,33.8,8,-5.6,27.1,0.0,0.0,0.0,34.0,61.9,265,817.0,99,1002.6,0.89,4.86,0.032
2022-05-17T15:00,32.3,9,-4.0,24.5,0.0,0.0,0.0,35.1,70.2,264,493.0,100,1003.9,0.71,4.38,0.033
2022-05-17T16:00,32.0,10,-4.0,24.2,0.0,0.0,0.0,35.3,64.1,272,377.0,100,1003.9,0.64,4.3,0.033
2022-05-17T17:00,30.4,11,-3.9,23.3,0.0,0.0,0.0,30.4,65.5,265,171.0,99,1004.6,0.47,3.87,0.033
2022-05-17T18:00,29.4,11,-3.8,24.0,0.0,0.0,0.0,18.9,54.0,252,68.0,96,1005.2,0.3,3.64,0.033
2022-05-17T19:00,27.7,13,-3.4,21.9,0.0,0.0,0.0,21.9,37.8,247,5.0,53,1006.1,0.27,3.24,0.033
2022-05-17T20:00,26.6,14,-2.9,21.1,0.0,0.0,0.0,19.7,40.0,246,0.0,95,1007.3,0.24,2.98,0.033
2022-05-17T21:00,25.4,15,-3.3,21.0,0.0,0.0,0.0,12.8,33.5,248,0.0,88,1008.1,0.16,2.76,0.033
2022-05-17T22:00,24.3,16,-3.5,19.9,0.0,0.0,0.0,12.0,21.2,254,0.0,100,1008.3,0.14,2.56,0.033
2022-05-17T23:00,23.1,17,-3.5,18.8,0.0,0.0,0.0,11.0,20.5,259,0.0,26,1008.6,0.13,2.35,0.033
2022-05-18T00:00,21.7,18,-3.5,17.7,0.0,0.0,0.0,9.4,18.0,268,0.0,91,1008.4,0.1,2.12,0.033
2022-05-18T01:00,20.8,19,-3.5,16.6,0.0,0.0,0.0,10.5,17.6,262,0.0,0,1008.5,0.11,1.98,0.033
2022-05-18T02:00,19.8,21,-3.4,15.6,0.0,0.0,0.0,10.5,17.6,254,0.0,3,1008.6,0.1,1.83,0.033
2022-05-18T03:00,17.3,26,-2.3,13.7,0.0,0.0,0.0,7.6,16.9,275,0.0,0,1009.6,0.06,1.46,0.035
2022-05-18T04:00,16.5,28,-2.0,13.1,0.0,0.0,0.0,6.4,10.1,317,0.0,0,1010.4,0.05,1.34,0.035
2022-05-18T05:00,15.4,30,-2.0,11.9,0.0,0.0,0.0,7.4,9.4,331,6.0,0,1011.3,0.06,1.22,0.035
2022-05-18T06:00,17.8,25,-2.6,14.5,0.0,0.0,0.0,5.1,9.4,315,106.0,0,1012.1,0.09,1.53,0.035
2022-05-18T07:00,20.6,19,-3.7,17.8,0.0,0.0,0.0,1.3,9.4,304,300.0,0,1012.6,0.17,1.96,0.035
2022-05-18T08:00,23.4,16,-3.7,20.5,0.0,0.0,0.0,1.9,11.5,248,518.0,0,1012.1,0.33,2.41,0.035
2022-05-18T09:00,26.2,11,-7.0,23.1,0.0,0.0,0.0,7.2,19.8,267,718.0,0,1011.2,0.53,3.03,0.035
2022-05-18T10:00,28.3,6,-12.7,25.4,0.0,0.0,0.0,9.4,24.5,270,877.0,0,1010.1,0.67,3.6,0.035
2022-05-18T11:00,30.2,4,-17.9,26.2,0.0,0.0,0.0,17.3,36.4,266,980.0,0,1008.8,0.82,4.14,0.035
2022-05-18T12:00,31.5,4,-16.3,26.5,0.0,0.0,0.0,23.8,46.8,269,1018.0,0,1007.7,0.9,4.44,0.035
2022-05-18T13:00,31.9,3,-19.8,25.7,0.0,0.0,0.0,28.8,54.7,272,985.0,0,1006.9,0.92,4.59,0.035
2022-05-18T14:00,31.7,4,-16.3,24.4,0.0,0.0,0.0,34.4,64.4,263,883.0,0,1006.7,0.9,4.5,0.035
2022-05-18T15:00,31.0,5,-12.1,22.5,0.0,0.0,0.0,39.5,65.2,257,724.0,0,1006.4,0.82,4.25,0.035
2022-05-18T16:00,30.5,6,-10.5,22.0,0.0,0.0,0.0,35.7,71.6,261,510.0,0,1007.0,0.68,4.09,0.035
2022-05-18T17:00,28.4,9,-7.4,20.4,0.0,0.0,0.0,33.4,65.5,263,304.0,8,1008.1,0.52,3.51,0.035
2022-05-18T18:00,28.8,10,-6.0,21.8,0.0,0.0,0.0,27.8,58.7,289,92.0,10,1007.8,0.38,3.56,0.035
2022-05-18T19:00,27.2,11,-5.6,21.2,0.0,0.0,0.0,21.2,48.6,291,5.0,4,1008.9,0.27,3.19,0.035
2022-05-18T20:00,25.7,13,-5.3,20.4,0.0,0.0,0.0,16.5,37.1,281,0.0,0,1010.2,0.2,2.88,0.035
2022-05-18T21:00,24.6,15,-3.9,19.6,0.0,0.0,0.0,16.0,28.4,256,0.0,0,1010.9,0.19,2.63,0.035
2022-05-18T22:00,23.5,17,-2.6,18.9,0.0,0.0,0.0,14.5,27.4,247,0.0,0,1011.2,0.16,2.39,0.035
2022-05-18T23:00,22.3,20,-2.1,18.2,0.0,0.0,0.0,10.9,24.1,253,0.0,0,1011.5,0.12,2.16,0.035
2022-05-19T00:00,21.0,22,-1.8,17.5,0.0,0.0,0.0,7.9,18.0,270,0.0,0,1011.1,0.08,1.95,0.035
2022-05-19T01:00,19.8,23,-1.7,16.4,0.0,0.0,0.0,6.8,13.0,273,0.0,0,1011.1,0.06,1.76,0.035
2022-05-19T02:00,18.5,26,-1.6,15.2,0.0,0.0,0.0,6.6,10.8,261,0.0,0,1011.2,0.06,1.59,0.035
2022-05-19T03:00,17.5,29,-0.6,14.0,0.0,0.0,0.0,8.6,10.1,268,0.0,0,1011.8,0.07,1.41,0.035
2022-05-19T04:00,16.5,31,-0.6,13.0,0.0,0.0,0.0,8.7,12.2,265,0.0,0,1012.3,0.07,1.29,0.035
2022-05-19T05:00,15.6,34,-0.3,12.1,0.0,0.0,0.0,8.7,13.0,253,6.0,0,1013.0,0.07,1.17,0.035
2022-05-19T06:00,17.8,29,-0.6,15.1,0.0,0.0,0.0,3.1,11.2,225,106.0,0,1013.9,0.07,1.45,0.035
2022-05-19T07:00,20.3,25,-0.7,18.0,0.0,0.0,0.0,0.5,7.2,45,299.0,0,1014.5,0.16,1.79,0.035
2022-05-19T08:00,23.2,20,-1.3,19.9,0.0,0.0,0.0,6.5,17.3,6,512.0,0,1014.1,0.37,2.29,0.035
2022-05-19T09:00,25.4,16,-1.9,22.6,0.0,0.0,0.0,9.1,24.5,353,707.0,0,1013.2,0.53,2.7,0.035
2022-05-19T10:00,27.3,13,-3.1,26.0,0.0,0.0,0.0,5.0,23.8,339,863.0,0,1012.1,0.62,3.14,0.035
2022-05-19T11:00,29.2,10,-5.6,28.0,0.0,0.0,0.0,6.2,20.9,306,962.0,0,1010.9,0.72,3.64,0.035
2022-05-19T12:00,30.5,7,-8.8,28.6,0.0,0.0,0.0,9.2,25.6,281,998.0,0,1010.0,0.78,4.04,0.034
2022-05-19T13:00,31.2,6,-10.4,29.1,0.0,0.0,0.0,8.6,26.3,272,966.0,0,1009.0,0.76,4.27,0.034
2022-05-19T14:00,31.8,6,-10.0,29.7,0.0,0.0,0.0,5.4,24.8,262,867.0,0,1008.0,0.66,4.41,0.034
2022-05-19T15:00,31.4,6,-10.0,28.1,0.0,0.0,0.0,6.9,19.4,62,712.0,0,1008.0,0.56,4.3,0.035
2022-05-19T16:00,31.6,7,-9.2,26.7,0.0,0.0,0.0,11.3,25.9,63,514.0,0,1007.1,0.47,4.33,0.035
2022-05-19T17:00,30.1,9,-6.3,24.4,0.0,0.0,0.0,18.9,36.7,42,300.0,0,1007.2,0.41,3.87,0.035
2022-05-19T18:00,28.0,9,-8.3,22.7,0.0,0.0,0.0,14.8,38.5,1,106.0,0,1008.3,0.25,3.45,0.035
2022-05-19T19:00,26.5,12,-5.4,22.7,0.0,0.0,0.0,6.1,24.8,298,6.0,0,1008.6,0.08,3.04,0.035
2022-05-19T20:00,25.7,10,-8.2,21.8,0.0,0.0,0.0,5.4,9.4,312,0.0,0,1009.9,0.07,2.97,0.035
2022-05-19T21:00,23.6,13,-6.7,19.7,0.0,0.0,0.0,6.4,8.6,297,0.0,0,1010.9,0.08,2.54,0.035
2022-05-19T22:00,22.3,14,-6.4,18.4,0.0,0.0,0.0,6.6,8.3,315,0.0,0,1011.0,0.08,2.3,0.035
2022-05-19T23:00,22.0,14,-6.6,18.2,0.0,0.0,0.0,5.8,7.9,360,0.0,0,1011.1,0.06,2.27,0.035
2022-05-20T00:00,21.3,15,-6.4,17.4,0.0,0.0,0.0,6.6,8.3,45,0.0,0,1011.4,0.07,2.15,0.035
2022-05-20T01:00,18.6,19,-5.6,14.7,0.0,0.0,0.0,7.2,8.3,323,0.0,0,1011.4,0.07,1.74,0.035
2022-05-20T02:00,17.0,20,-6.1,13.0,0.0,0.0,0.0,7.6,10.1,301,0.0,0,1011.8,0.07,1.55,0.035
2022-05-20T03:00,15.6,22,-6.2,11.2,0.0,0.0,0.0,10.5,11.9,311,0.0,0,1012.1,0.09,1.39,0.034
2022-05-20T04:00,15.8,20,-7.1,11.7,0.0,0.0,0.0,7.4,12.2,293,0.0,25,1012.7,0.07,1.44,0.034
2022-05-20T05:00,15.3,21,-7.2,11.5,0.0,0.0,0.0,5.6,9.0,243,6.0,0,1013.4,0.05,1.38,0.034
2022-05-20T06:00,17.0,19,-6.7,13.0,0.0,0.0,0.0,7.1,10.4,225,108.0,15,1014.0,0.11,1.56,0.034
2022-05-20T07:00,20.8,16,-6.0,16.8,0.0,0.0,0.0,7.4,16.6,223,302.0,1,1014.3,0.23,2.06,0.034
2022-05-20T08:00,23.9,13,-6.0,20.0,0.0,0.0,0.0,6.3,17.6,239,515.0,0,1013.7,0.37,2.57,0.034
2022-05-20T09:00,26.0,12,-6.0,23.3,0.0,0.0,0.0,5.4,18.0,270,710.0,0,1013.2,0.51,2.97,0.034
2022-05-20T10:00,27.7,10,-7.0,26.1,0.0,0.0,0.0,4.1,18.4,255,864.0,0,1012.4,0.62,3.35,0.034
2022-05-20T11:00,29.4,7,-9.3,28.2,0.0,0.0,0.0,4.7,18.7,238,963.0,0,1011.0,0.71,3.8,0.034
2022-05-20T12:00,31.0,6,-11.7,29.2,0.0,0.0,0.0,7.5,23.0,253,998.0,0,1009.7,0.77,4.23,0.034
2022-05-20T13:00,32.0,5,-12.4,29.9,0.0,0.0,0.0,7.8,23.8,257,962.0,1,1008.2,0.75,4.52,0.034
2022-05-20T14:00,33.2,5,-12.5,30.6,0.0,0.0,0.0,7.2,23.0,217,865.0,45,1006.5,0.68,4.84,0.034
2022-05-20T15:00,33.6,6,-8.8,30.6,0.0,0.0,0.0,5.3,28.1,242,710.0,5,1005.7,0.55,4.87,0.034
2022-05-20T16:00,33.6,8,-4.8,27.7,0.0,0.0,0.0,21.3,41.8,254,480.0,93,1004.7,0.58,4.77,0.034
2022-05-20T17:00,32.1,8,-5.9,26.8,0.0,0.0,0.0,16.4,46.1,299,259.0,87,1005.3,0.38,4.37,0.034
2022-05-20T18:00,30.4,7,-8.5,25.9,0.0,0.0,0.0,9.0,31.7,344,97.0,78,1006.2,0.18,4.01,0.034
2022-05-20T19:00,28.4,10,-6.8,25.1,0.0,0.0,0.0,2.3,15.1,288,6.0,11,1007.2,0.03,3.49,0.034
2022-05-20T20:00,27.9,13,-2.8,23.2,0.0,0.0,0.0,15.1,24.8,267,0.0,19,1008.4,0.2,3.26,0.034
2022-05-20T21:00,26.6,17,-0.3,22.5,0.0,0.0,0.0,12.7,25.6,263,0.0,62,1009.3,0.15,2.87,0.034
2022-05-20T22:00,25.4,19,-0.1,21.3,0.0,0.0,0.0,13.3,22.0,251,0.0,67,1009.4,0.15,2.63,0.034
2022-05-20T23:00,24.9,19,-0.4,20.1,0.0,0.0,0.0,17.8,29.5,262,0.0,78,1009.3,0.2,2.56,0.034
2022-05-21T00:00,24.5,19,-0.7,19.0,0.0,0.0,0.0,22.1,38.5,263,0.0,85,1009.0,0.23,2.49,0.034
2022-05-21T01:00,23.5,20,-0.8,19.1,0.0,0.0,0.0,14.4,38.2,257,0.0,62,1008.9,0.15,2.31,0.034
2022-05-21T02:00,22.0,22,-0.7,18.4,0.0,0.0,0.0,9.4,24.1,270,0.0,11,1009.0,0.1,2.06,0.034
2022-05-21T03:00,20.2,25,-0.4,16.6,0.0,0.0,0.0,9.2,15.5,259,0.0,4,1008.9,0.09,1.76,0.034
2022-05-21T04:00,19.1,27,-0.3,15.7,0.0,0.0,0.0,8.3,14.8,252,0.0,6,1009.3,0.07,1.61,0.034
2022-05-21T05:00,18.5,28,-0.3,15.0,0.0,0.0,0.0,9.0,14.0,241,7.0,0,1010.0,0.08,1.53,0.034
2022-05-21T06:00,20.4,25,-0.4,16.6,0.0,0.0,0.0,11.2,19.1,237,106.0,0,1010.2,0.15,1.8,0.034
2022-05-21T07:00,23.6,20,-0.7,19.9,0.0,0.0,0.0,10.0,20.5,229,295.0,0,1010.3,0.26,2.33,0.034
2022-05-21T08:00,26.8,16,-0.9,23.1,0.0,0.0,0.0,10.0,22.3,221,505.0,0,1009.1,0.42,2.95,0.034
2022-05-21T09:00,29.5,13,-1.6,25.0,0.0,0.0,0.0,20.1,38.9,246,701.0,4,1007.8,0.65,3.58,0.034
2022-05-21T10:00,30.9,11,-2.9,26.1,0.0,0.0,0.0,25.0,49.3,255,852.0,0,1007.0,0.79,3.97,0.034
2022-05-21T11:00,33.1,7,-7.5,27.6,0.0,0.0,0.0,28.7,54.0,262,947.0,0,1005.7,0.92,4.7,0.033
2022-05-21T12:00,33.2,6,-9.4,27.0,0.0,0.0,0.0,33.1,64.4,271,989.0,0,1005.4,0.98,4.79,0.033
2022-05-21T13:00,33.2,6,-9.9,26.6,0.0,0.0,0.0,34.6,65.9,269,960.0,0,1005.0,0.97,4.8,0.033
2022-05-21T14:00,32.9,7,-7.7,26.2,0.0,0.0,0.0,33.9,65.5,268,865.0,0,1005.1,0.9,4.64,0.033
2022-05-21T15:00,32.8,5,-11.0,25.3,0.0,0.0,0.0,32.9,63.7,254,711.0,0,1004.8,0.81,4.71,0.033
2022-05-21T16:00,32.8,4,-15.6,24.7,0.0,0.0,0.0,30.9,61.6,255,521.0,0,1004.4,0.69,4.79,0.033
2022-05-21T17:00,31.4,4,-16.6,23.9,0.0,0.0,0.0,26.4,56.9,276,310.0,0,1005.1,0.51,4.43,0.033
2022-05-21T18:00,29.4,5,-14.2,22.9,0.0,0.0,0.0,19.9,47.9,276,112.0,19,1006.4,0.32,3.88,0.033
2022-05-21T19:00,27.1,8,-10.4,20.7,0.0,0.0,0.0,21.2,37.4,252,7.0,7,1007.6,0.27,3.31,0.033
2022-05-21T20:00,25.8,7,-12.0,19.0,0.0,0.0,0.0,23.6,40.7,258,0.0,35,1008.4,0.29,3.08,0.033
2022-05-21T21:00,23.4,9,-11.3,19.2,0.0,0.0,0.0,6.2,40.3,339,0.0,7,1009.7,0.08,2.62,0.033
2022-05-21T22:00,20.6,20,-3.3,15.8,0.0,0.0,0.0,14.9,25.6,53,0.0,5,1011.9,0.15,1.94,0.033
2022-05-21T23:00,19.1,23,-2.6,15.2,0.0,0.0,0.0,9.7,24.8,42,0.0,75,1012.3,0.09,1.7,0.033
2022-05-22T00:00,18.0,24,-3.0,13.7,0.0,0.0,0.0,11.8,20.5,27,0.0,55,1012.9,0.1,1.57,0.033
2022-05-22T01:00,16.7,26,-3.1,13.1,0.0,0.0,0.0,7.2,19.8,3,0.0,24,1013.1,0.06,1.41,0.033
2022-05-22T02:00,15.6,29,-2.6,12.3,0.0,0.0,0.0,5.3,11.9,332,0.0,13,1013.2,0.04,1.26,0.033
2022-05-22T03:00,13.8,34,-1.7,10.5,0.0,0.0,0.0,6.1,10.4,315,0.0,5,1013.8,0.04,1.04,0.033
2022-05-22T04:00,12.6,38,-1.4,9.0,0.0,0.0,0.0,8.5,10.4,324,0.0,0,1013.9,0.05,0.91,0.033
2022-05-22T05:00,13.5,35,-1.7,10.4,0.0,0.0,0.0,5.1,10.4,309,7.0,0,1014.3,0.04,1.01,0.033
2022-05-22T06:00,14.7,32,-1.8,11.9,0.0,0.0,0.0,3.0,6.5,346,113.0,0,1014.7,0.07,1.14,0.033
2022-05-22T07:00,17.6,26,-2.2,14.9,0.0,0.0,0.0,1.6,9.4,297,309.0,0,1014.9,0.17,1.48,0.033
2022-05-22T08:00,19.9,20,-3.6,17.1,0.0,0.0,0.0,1.5,11.9,45,524.0,0,1014.5,0.32,1.86,0.033
2022-05-22T09:00,21.9,16,-5.2,19.8,0.0,0.0,0.0,3.0,15.5,104,721.0,0,1013.6,0.47,2.21,0.033
2022-05-22T10:00,23.9,13,-6.0,22.6,0.0,0.0,0.0,3.3,17.3,96,877.0,0,1012.6,0.59,2.57,0.033
2022-05-22T11:00,25.8,10,-7.6,24.9,0.0,0.0,0.0,4.1,19.1,75,976.0,0,1011.2,0.68,2.98,0.033
2022-05-22T12:00,27.5,8,-9.4,26.2,0.0,0.0,0.0,6.2,21.6,69,1012.0,0,1009.8,0.73,3.36,0.033
2022-05-22T13:00,28.7,7,-11.1,26.9,0.0,0.0,0.0,7.6,23.8,65,979.0,0,1008.6,0.73,3.67,0.033
2022-05-22T14:00,29.4,6,-12.6,26.6,0.0,0.0,0.0,8.5,24.5,62,881.0,0,1007.6,0.67,3.86,0.033
2022-05-22T15:00,28.7,5,-13.6,25.1,0.0,0.0,0.0,7.9,24.5,60,726.0,0,1007.9,0.55,3.72,0.033
2022-05-22T16:00,28.8,5,-14.7,23.8,0.0,0.0,0.0,9.5,23.8,65,526.0,0,1007.2,0.44,3.76,0.033
2022-05-22T17:00,28.1,5,-15.6,22.8,0.0,0.0,0.0,11.0,23.8,67,308.0,0,1007.0,0.31,3.61,0.033
2022-05-22T18:00,27.0,5,-16.5,21.8,0.0,0.0,0.0,10.4,23.8,76,112.0,0,1007.0,0.19,3.4,0.033
2022-05-22T19:00,25.6,6,-15.5,20.8,0.0,0.0,0.0,8.2,18.4,142,7.0,0,1007.1,0.12,3.1,0.033
2022-05-22T20:00,23.9,7,-13.3,19.6,0.0,0.0,0.0,5.6,14.8,135,0.0,0,1007.5,0.07,2.75,0.033
2022-05-22T21:00,22.5,11,-10.1,17.3,0.0,0.0,0.0,12.7,20.5,119,0.0,0,1009.1,0.15,2.43,0.033
2022-05-22T22:00,20.9,15,-6.6,16.4,0.0,0.0,0.0,10.5,21.6,128,0.0,0,1009.1,0.12,2.1,0.033
2022-05-22T23:00,19.6,17,-6.3,15.8,0.0,0.0,0.0,6.3,17.3,103,0.0,0,1009.0,0.06,1.9,0.033
2022-05-23T00:00,17.8,20,-5.7,13.9,0.0,0.0,0.0,7.2,9.4,72,0.0,0,1008.7,0.07,1.63,0.033
2022-05-23T01:00,16.8,21,-5.9,13.1,0.0,0.0,0.0,5.6,8.6,40,0.0,0,1008.7,0.05,1.51,0.033
2022-05-23T02:00,17.6,19,-6.7,14.1,0.0,0.0,0.0,3.5,6.8,24,0.0,0,1008.8,0.03,1.64,0.033
2022-05-23T03:00,14.5,24,-5.9,10.7,0.0,0.0,0.0,6.2,7.6,353,0.0,0,1009.7,0.05,1.26,0.033
2022-05-23T04:00,14.1,24,-6.5,10.4,0.0,0.0,0.0,5.1,8.6,352,0.0,0,1010.1,0.04,1.23,0.033
2022-05-23T05:00,13.4,24,-6.6,9.7,0.0,0.0,0.0,5.2,8.3,335,7.0,0,1010.7,0.04,1.16,0.033
2022-05-23T06:00,15.6,21,-6.8,11.8,0.0,0.0,0.0,5.6,10.8,310,112.0,0,1010.8,0.1,1.4,0.033
2022-05-23T07:00,19.5,16,-7.2,16.0,0.0,0.0,0.0,2.7,10.4,293,305.0,0,1010.6,0.18,1.9,0.033
2022-05-23T08:00,22.1,13,-7.6,18.7,0.0,0.0,0.0,2.3,12.2,309,518.0,0,1009.6,0.33,2.31,0.033
2022-05-23T09:00,25.1,11,-7.7,23.0,0.0,0.0,0.0,1.1,13.0,342,710.0,0,1008.4,0.46,2.84,0.033
2022-05-23T10:00,28.2,9,-7.2,27.0,0.0,0.0,0.0,1.8,14.4,127,862.0,0,1006.7,0.6,3.46,0.033
2022-05-23T11:00,30.9,8,-7.2,29.4,0.0,0.0,0.0,6.6,21.2,158,959.0,0,1004.7,0.73,4.11,0.033
2022-05-23T12:00,32.3,8,-7.0,31.6,0.0,0.0,0.0,4.1,21.6,195,1001.0,0,1003.2,0.75,4.46,0.032
2022-05-23T13:00,34.2,6,-8.1,32.7,0.0,0.0,0.0,5.2,18.7,205,930.0,100,1000.9,0.72,5.03,0.032
2022-05-23T14:00,34.2,7,-7.1,28.1,0.0,0.0,0.0,20.7,37.1,262,447.0,97,999.4,0.61,5.01,0.032
2022-05-23T15:00,33.4,7,-6.4,26.5,0.0,0.0,0.0,27.1,50.4,248,361.0,50,999.4,0.61,4.77,0.032
2022-05-23T16:00,32.5,8,-6.2,25.3,0.0,0.0,0.0,29.4,55.8,251,386.0,32,999.7,0.61,4.49,0.032
2022-05-23T17:00,31.8,8,-6.7,24.5,0.0,0.0,0.0,29.6,54.0,266,298.0,4,1000.0,0.53,4.33,0.032
2022-05-23T18:00,30.4,9,-6.0,23.6,0.0,0.0,0.0,26.8,55.4,265,114.0,0,1000.6,0.39,3.95,0.032
2022-05-23T19:00,28.7,11,-5.3,23.0,0.0,0.0,0.0,19.3,47.2,291,7.0,0,1001.2,0.26,3.51,0.032
2022-05-23T20:00,27.3,11,-5.4,22.4,0.0,0.0,0.0,14.4,33.5,266,0.0,1,1001.6,0.19,3.22,0.032
2022-05-23T21:00,25.7,12,-5.5,21.5,0.0,0.0,0.0,9.1,24.1,261,0.0,0,1002.0,0.12,2.89,0.032
2022-05-23T22:00,24.2,14,-5.4,20.2,0.0,0.0,0.0,7.4,14.4,247,0.0,0,1002.0,0.09,2.6,0.032
2022-05-23T23:00,23.0,15,-5.4,19.1,0.0,0.0,0.0,7.4,12.2,227,0.0,2,1001.8,0.09,2.4,0.032
2022-05-24T00:00,22.0,16,-5.5,18.0,0.0,0.0,0.0,7.9,12.2,231,0.0,2,1001.7,0.09,2.23,0.032
2022-05-24T01:00,21.2,16,-5.6,17.0,0.0,0.0,0.0,9.1,13.7,214,0.0,0,1001.7,0.1,2.11,0.032
2022-05-24T02:00,20.3,17,-5.8,16.1,0.0,0.0,0.0,9.4,16.6,220,0.0,0,1002.0,0.1,1.98,0.032
2022-05-24T03:00,18.8,19,-5.2,14.9,0.0,0.0,0.0,7.6,15.5,225,0.0,0,1002.4,0.08,1.75,0.032
2022-05-24T04:00,18.6,20,-5.1,14.6,0.0,0.0,0.0,8.3,13.0,236,0.0,4,1002.6,0.08,1.72,0.032
2022-05-24T05:00,18.2,21,-4.7,14.1,0.0,0.0,0.0,9.1,14.8,252,8.0,0,1003.5,0.09,1.66,0.032
2022-05-24T06:00,20.1,20,-3.9,15.9,0.0,0.0,0.0,10.8,17.3,255,114.0,0,1004.1,0.16,1.9,0.032
2022-05-24T07:00,23.3,17,-3.4,19.4,0.0,0.0,0.0,8.5,18.7,258,313.0,0,1004.3,0.26,2.38,0.032
2022-05-24T08:00,26.0,14,-3.7,22.0,0.0,0.0,0.0,9.0,20.9,272,531.0,0,1003.7,0.42,2.89,0.032
2022-05-24T09:00,27.9,7,-10.9,22.8,0.0,0.0,0.0,18.7,37.8,251,730.0,0,1003.2,0.64,3.49,0.032
2022-05-24T10:00,29.8,4,-17.5,25.0,0.0,0.0,0.0,19.0,38.9,255,890.0,0,1002.4,0.77,4.04,0.032
2022-05-24T11:00,30.8,3,-19.7,25.7,0.0,0.0,0.0,23.5,46.8,259,995.0,0,1001.8,0.88,4.31,0.032
2022-05-24T12:00,31.6,4,-16.9,26.6,0.0,0.0,0.0,24.1,48.2,260,1036.0,0,1001.4,0.92,4.47,0.032
2022-05-24T13:00,32.4,2,-22.0,26.9,0.0,0.0,0.0,25.0,49.7,258,999.0,0,1000.8,0.92,4.74,0.032
2022-05-24T14:00,32.2,2,-21.3,25.9,0.0,0.0,0.0,27.7,53.3,257,900.0,0,1000.6,0.87,4.7,0.032
2022-05-24T15:00,31.1,2,-21.4,24.2,0.0,0.0,0.0,27.0,53.3,251,743.0,0,1001.5,0.76,4.41,0.032
2022-05-24T16:00,30.5,3,-19.9,22.7,0.0,0.0,0.0,27.5,51.1,244,543.0,0,1001.7,0.64,4.24,0.032
2022-05-24T17:00,29.1,4,-17.1,21.4,0.0,0.0,0.0,27.7,51.1,242,322.0,0,1002.5,0.5,3.87,0.032
2022-05-24T18:00,27.5,5,-16.0,20.3,0.0,0.0,0.0,24.4,50.0,239,119.0,0,1003.3,0.36,3.48,0.032
2022-05-24T19:00,25.5,5,-16.0,18.5,0.0,0.0,0.0,23.3,42.8,243,8.0,0,1004.6,0.29,3.09,0.032
2022-05-24T20:00,24.1,6,-15.1,17.0,0.0,0.0,0.0,23.5,40.7,252,0.0,0,1005.9,0.28,2.8,0.032
2022-05-24T21:00,22.7,8,-13.2,15.8,0.0,0.0,0.0,23.0,41.4,256,0.0,0,1006.9,0.26,2.53,0.032
2022-05-24T22:00,21.5,10,-11.6,15.1,0.0,0.0,0.0,20.2,39.6,259,0.0,0,1007.8,0.22,2.31,0.032
2022-05-24T23:00,20.4,11,-10.7,14.5,0.0,0.0,0.0,17.2,35.3,259,0.0,0,1008.1,0.19,2.12,0.032
2022-05-25T00:00,19.3,13,-9.9,13.8,0.0,0.0,0.0,15.2,29.5,256,0.0,0,1008.2,0.16,1.94,0.032
2022-05-25T01:00,18.2,15,-9.3,13.0,0.0,0.0,0.0,13.5,25.9,254,0.0,0,1008.5,0.14,1.78,0.032
2022-05-25T02:00,16.7,17,-8.7,12.5,0.0,0.0,0.0,6.8,22.0,267,0.0,0,1009.0,0.07,1.58,0.032
2022-05-25T03:00,14.8,21,-7.6,10.2,0.0,0.0,0.0,10.1,11.2,266,0.0,0,1009.2,0.09,1.33,0.032
2022-05-25T04:00,14.6,21,-7.5,10.5,0.0,0.0,0.0,7.0,12.6,258,0.0,0,1009.8,0.06,1.31,0.032
2022-05-25T05:00,14.3,22,-7.2,10.3,0.0,0.0,0.0,6.1,10.1,270,8.0,0,1010.9,0.05,1.27,0.032
2022-05-25T06:00,16.6,19,-7.2,12.5,0.0,0.0,0.0,7.2,11.2,267,118.0,0,1011.9,0.12,1.53,0.032
2022-05-25T07:00,19.6,15,-7.7,16.0,0.0,0.0,0.0,3.7,12.2,259,316.0,0,1012.4,0.2,1.94,0.032
2022-05-25T08:00,22.6,12,-8.4,19.0,0.0,0.0,0.0,3.0,13.0,284,532.0,0,1011.8,0.34,2.42,0.032
2022-05-25T09:00,24.6,10,-9.5,22.0,0.0,0.0,0.0,3.8,16.2,287,729.0,0,1010.9,0.49,2.8,0.032
2022-05-25T10:00,26.5,8,-10.7,24.5,0.0,0.0,0.0,5.2,19.1,282,886.0,0,1010.1,0.63,3.18,0.032
2022-05-25T11:00,28.2,6,-12.0,26.6,0.0,0.0,0.0,6.1,21.2,273,987.0,0,1009.2,0.72,3.57,0.032
2022-05-25T12:00,29.7,5,-14.0,27.7,0.0,0.0,0.0,8.6,24.5,255,1023.0,0,1007.9,0.78,3.95,0.031
2022-05-25T13:00,30.7,4,-15.5,27.8,0.0,0.0,0.0,11.6,28.8,240,990.0,0,1006.9,0.79,4.22,0.031
2022-05-25T14:00,31.1,4,-15.9,28.1,0.0,0.0,0.0,9.2,28.8,222,891.0,0,1006.1,0.7,4.34,0.031
2022-05-25T15:00,30.7,4,-15.0,26.4,0.0,0.0,0.0,12.0,24.5,249,735.0,0,1006.5,0.62,4.23,0.031
2022-05-25T16:00,30.8,4,-14.6,25.4,0.0,0.0,0.0,12.1,27.7,240,534.0,0,1005.8,0.48,4.23,0.031
2022-05-25T17:00,30.1,5,-14.6,24.1,0.0,0.0,0.0,16.4,31.3,251,316.0,6,1005.8,0.39,4.06,0.031
2022-05-25T18:00,28.4,6,-13.7,21.6,0.0,0.0,0.0,22.5,40.0,257,117.0,1,1006.2,0.35,3.66,0.031
2022-05-25T19:00,26.7,7,-12.1,19.4,0.0,0.0,0.0,26.4,45.0,246,8.0,0,1007.3,0.33,3.25,0.031
2022-05-25T20:00,25.5,8,-11.3,18.4,0.0,0.0,0.0,25.7,45.4,250,0.0,0,1008.4,0.31,3.0,0.031
2022-05-25T21:00,24.0,10,-9.6,18.0,0.0,0.0,0.0,19.4,43.9,259,0.0,0,1009.8,0.23,2.69,0.031
2022-05-25T22:00,22.7,13,-7.3,17.5,0.0,0.0,0.0,14.9,33.5,263,0.0,0,1010.5,0.17,2.41,0.031
2022-05-25T23:00,21.6,15,-6.4,16.7,0.0,0.0,0.0,13.1,25.2,249,0.0,0,1010.7,0.15,2.19,0.031
2022-05-26T00:00,20.4,16,-6.2,15.5,0.0,0.0,0.0,13.5,22.3,254,0.0,0,1010.5,0.14,2.01,0.031
2022-05-26T01:00,19.5,16,-6.8,15.0,0.0,0.0,0.0,10.8,22.3,266,0.0,0,1010.7,0.11,1.9,0.031
2022-05-26T02:00,18.6,17,-7.0,14.1,0.0,0.0,0.0,10.1,18.0,264,0.0,0,1011.1,0.1,1.77,0.031
2022-05-26T03:00,17.2,21,-5.1,13.1,0.0,0.0,0.0,8.7,17.6,275,0.0,0,1011.2,0.08,1.54,0.031
2022-05-26T04:00,16.4,23,-4.6,12.5,0.0,0.0,0.0,8.3,14.4,268,0.0,0,1011.6,0.07,1.43,0.031
2022-05-26T05:00,15.7,25,-4.2,11.5,0.0,0.0,0.0,10.3,15.8,245,8.0,0,1012.3,0.09,1.34,0.031
2022-05-26T06:00,17.4,23,-3.8,13.0,0.0,0.0,0.0,11.7,19.4,236,116.0,0,1013.0,0.15,1.52,0.031
2022-05-26T07:00,20.6,20,-3.3,16.6,0.0,0.0,0.0,9.7,20.9,239,310.0,0,1013.1,0.25,1.95,0.031
2022-05-26T08:00,23.9,17,-2.9,19.9,0.0,0.0,0.0,9.7,22.7,272,522.0,0,1012.3,0.4,2.46,0.031
2022-05-26T09:00,25.7,15,-3.0,22.7,0.0,0.0,0.0,9.4,24.5,320,716.0,0,1011.3,0.54,2.8,0.031
2022-05-26T10:00,26.9,13,-4.0,25.1,0.0,0.0,0.0,6.9,24.5,317,869.0,0,1010.5,0.64,3.08,0.031
2022-05-26T11:00,28.1,11,-5.8,27.0,0.0,0.0,0.0,5.7,22.0,288,968.0,0,1009.6,0.71,3.39,0.031
2022-05-26T12:00,29.3,8,-9.2,28.0,0.0,0.0,0.0,5.9,20.9,256,1002.0,0,1008.5,0.74,3.76,0.031
2022-05-26T13:00,30.2,5,-13.2,27.8,0.0,0.0,0.0,9.6,25.6,250,972.0,0,1007.3,0.76,4.07,0.031
2022-05-26T14:00,30.4,5,-12.9,26.7,0.0,0.0,0.0,14.1,32.8,255,880.0,0,1006.7,0.73,4.11,0.031
2022-05-26T15:00,29.5,6,-12.9,24.5,0.0,0.0,0.0,16.9,33.8,246,730.0,0,1006.8,0.65,3.9,0.031
2022-05-26T16:00,29.7,5,-13.9,23.8,0.0,0.0,0.0,16.1,35.6,230,535.0,0,1005.8,0.52,3.96,0.031
2022-05-26T17:00,30.6,4,-17.5,24.1,0.0,0.0,0.0,19.0,34.6,199,318.0,50,1004.3,0.43,4.22,0.031
2022-05-26T18:00,28.8,5,-15.9,22.0,0.0,0.0,0.0,21.7,39.6,228,120.0,0,1005.0,0.34,3.77,0.031
2022-05-26T19:00,26.7,7,-12.3,20.1,0.0,0.0,0.0,21.5,39.6,249,9.0,0,1006.0,0.28,3.26,0.031
2022-05-26T20:00,25.5,10,-8.6,19.2,0.0,0.0,0.0,21.6,38.9,259,0.0,0,1007.9,0.26,2.94,0.031
2022-05-26T21:00,23.8,13,-6.7,18.8,0.0,0.0,0.0,13.4,37.8,306,0.0,0,1009.6,0.16,2.57,0.031
2022-05-26T22:00,22.5,19,-2.3,18.4,0.0,0.0,0.0,11.0,22.7,311,0.0,0,1010.1,0.12,2.21,0.031
2022-05-26T23:00,21.2,22,-1.3,18.0,0.0,0.0,0.0,5.9,18.4,317,0.0,0,1010.5,0.06,1.96,0.031
2022-05-27T00:00,20.6,23,-1.2,17.4,0.0,0.0,0.0,5.9,9.4,322,0.0,0,1010.6,0.06,1.87,0.031
2022-05-27T01:00,19.9,27,0.2,16.7,0.0,0.0,0.0,7.2,11.5,354,0.0,0,1010.9,0.06,1.7,0.031
2022-05-27T02:00,17.8,32,0.9,15.0,0.0,0.0,0.0,5.6,12.6,333,0.0,0,1011.8,0.04,1.39,0.031
2022-05-27T03:00,15.9,37,1.4,12.6,0.0,0.0,0.0,9.4,9.0,328,0.0,0,1012.4,0.06,1.13,0.031
2022-05-27T04:00,15.5,39,1.4,12.2,0.0,0.0,0.0,9.3,11.5,13,0.0,0,1012.7,0.06,1.08,0.031
2022-05-27T05:00,16.3,36,1.1,13.3,0.0,0.0,0.0,7.2,11.5,18,8.0,0,1013.2,0.06,1.19,0.031
2022-05-27T06:00,18.0,32,0.8,14.2,0.0,0.0,0.0,11.7,19.4,11,114.0,0,1013.9,0.14,1.41,0.031
2022-05-27T07:00,19.7,24,-1.3,15.6,0.0,0.0,0.0,11.6,25.2,16,306.0,0,1014.1,0.25,1.73,0.031
2022-05-27T08:00,21.8,20,-2.2,17.8,0.0,0.0,0.0,10.3,24.8,25,517.0,0,1013.7,0.38,2.08,0.031
2022-05-27T09:00,23.9,17,-2.4,21.3,0.0,0.0,0.0,7.3,24.1,33,709.0,0,1013.0,0.5,2.45,0.031
2022-05-27T10:00,25.5,16,-1.8,24.7,0.0,0.0,0.0,3.0,21.2,76,861.0,0,1012.3,0.6,2.73,0.031
2022-05-27T11:00,27.0,15,-2.0,26.6,0.0,0.0,0.0,3.8,18.4,107,959.0,0,1011.1,0.68,3.03,0.031
2022-05-27T12:00,28.3,13,-2.9,27.9,0.0,0.0,0.0,4.6,19.8,129,994.0,0,1009.8,0.72,3.34,0.03
2022-05-27T13:00,29.3,12,-3.7,28.3,0.0,0.0,0.0,6.3,21.6,149,962.0,0,1008.6,0.72,3.6,0.03
2022-05-27T14:00,29.8,11,-4.2,27.8,0.0,0.0,0.0,8.0,23.4,153,864.0,0,1007.6,0.67,3.75,0.03
2022-05-27T15:00,29.1,12,-3.2,26.3,0.0,0.0,0.0,8.0,24.5,144,711.0,11,1007.4,0.55,3.53,0.03
2022-05-27T16:00,29.3,12,-3.6,25.5,0.0,0.0,0.0,7.7,22.3,127,503.0,3,1007.0,0.41,3.6,0.03
2022-05-27T17:00,28.8,11,-4.3,24.9,0.0,0.0,0.0,8.0,20.9,98,270.0,55,1006.7,0.27,3.5,0.03
2022-05-27T18:00,27.5,13,-3.7,22.7,0.0,0.0,0.0,15.2,28.1,85,102.0,2,1006.9,0.25,3.2,0.03
2022-05-27T19:00,25.8,15,-2.9,21.3,0.0,0.0,0.0,13.6,29.5,107,9.0,1,1007.7,0.17,2.83,0.03
2022-05-27T20:00,24.9,16,-3.1,21.0,0.0,0.0,0.0,8.8,23.4,109,0.0,1,1008.7,0.11,2.65,0.03
2022-05-27T21:00,23.7,22,0.6,19.3,0.0,0.0,0.0,15.8,27.4,107,0.0,0,1009.9,0.16,2.28,0.03
2022-05-27T22:00,22.9,24,1.3,18.7,0.0,0.0,0.0,15.2,28.1,112,0.0,0,1010.4,0.15,2.11,0.03
2022-05-27T23:00,21.9,27,1.9,18.0,0.0,0.0,0.0,14.5,26.6,120,0.0,0,1010.7,0.14,1.93,0.03
2022-05-28T00:00,21.0,29,2.2,17.3,0.0,0.0,0.0,13.2,24.8,119,0.0,0,1011.1,0.12,1.76,0.03
2022-05-28T01:00,20.0,31,2.1,16.6,0.0,0.0,0.0,10.8,22.3,127,0.0,0,1011.3,0.09,1.62,0.03
2022-05-28T02:00,19.1,32,2.1,15.9,0.0,0.0,0.0,9.7,18.4,135,0.0,0,1011.5,0.08,1.5,0.03
2022-05-28T03:00,17.2,37,2.4,14.0,0.0,0.0,0.0,10.4,16.2,134,0.0,0,1011.9,0.07,1.24,0.03
2022-05-28T04:00,18.9,32,1.7,16.0,0.0,0.0,0.0,7.0,13.3,145,0.0,0,1012.4,0.05,1.49,0.03
2022-05-28T05:00,18.6,32,1.4,16.5,0.0,0.0,0.0,1.3,9.0,326,9.0,0,1013.0,0.0,1.46,0.03
2022-05-28T06:00,18.9,31,1.3,16.7,0.0,0.0,0.0,1.8,3.6,307,115.0,0,1013.5,0.07,1.51,0.03
2022-05-28T07:00,20.5,27,0.7,17.8,0.0,0.0,0.0,4.2,12.2,149,306.0,0,1013.5,0.2,1.76,0.03
2022-05-28T08:00,22.4,24,0.7,19.4,0.0,0.0,0.0,6.4,18.4,117,515.0,0,1012.8,0.36,2.06,0.03
2022-05-28T09:00,24.3,22,0.9,22.3,0.0,0.0,0.0,6.1,19.4,90,706.0,0,1012.0,0.5,2.38,0.03
2022-05-28T10:00,26.4,18,0.0,24.2,0.0,0.0,0.0,12.5,29.5,102,858.0,0,1011.2,0.66,2.83,0.03
2022-05-28T11:00,28.1,14,-1.6,25.8,0.0,0.0,0.0,14.5,33.8,109,956.0,0,1009.9,0.75,3.26,0.03
2022-05-28T12:00,29.6,11,-3.6,26.7,0.0,0.0,0.0,16.8,37.1,121,974.0,0,1008.5,0.8,3.66,0.03
2022-05-28T13:00,30.2,11,-4.1,26.7,0.0,0.0,0.0,18.4,40.7,130,923.0,28,1007.6,0.79,3.83,0.03
2022-05-28T14:00,30.4,9,-5.8,26.8,0.0,0.0,0.0,12.4,40.0,126,748.0,41,1006.9,0.65,3.95,0.03
2022-05-28T15:00,29.6,9,-6.3,25.3,0.0,0.0,0.0,9.0,29.5,143,549.0,100,1006.7,0.48,3.75,0.028
2022-05-28T16:00,29.5,10,-5.5,24.9,0.0,0.0,0.0,12.0,25.6,136,303.0,93,1006.1,0.37,3.7,0.028
2022-05-28T17:00,28.3,11,-4.5,22.9,0.0,0.0,0.0,17.7,33.5,110,148.0,65,1006.2,0.33,3.4,0.028
2022-05-28T18:00,27.0,13,-4.1,21.5,0.0,0.0,0.0,19.6,36.4,96,97.0,59,1006.8,0.29,3.11,0.028
2022-05-28T19:00,25.7,13,-4.3,21.2,0.0,0.0,0.0,12.3,34.6,128,9.0,51,1007.0,0.16,2.86,0.028
2022-05-28T20:00,25.2,14,-4.5,20.7,0.0,0.0,0.0,12.1,23.0,117,0.0,83,1008.6,0.15,2.77,0.028
2022-05-28T21:00,23.7,16,-3.5,20.5,0.0,0.0,0.0,4.0,21.2,360,0.0,100,1010.1,0.04,2.45,0.028
2022-05-28T22:00,23.5,16,-4.1,20.0,0.0,0.0,0.0,5.7,9.4,18,0.0,59,1010.7,0.06,2.44,0.028
2022-05-28T23:00,21.7,19,-3.1,18.6,0.0,0.0,0.0,3.1,9.4,339,0.0,0,1010.9,0.03,2.1,0.028
2022-05-29T00:00,19.9,21,-2.8,16.6,0.0,0.0,0.0,5.2,6.1,245,0.0,0,1011.2,0.05,1.83,0.028
2022-05-29T01:00,19.3,22,-2.8,16.3,0.0,0.0,0.0,3.0,6.8,284,0.0,0,1011.4,0.02,1.73,0.028
2022-05-29T02:00,17.8,24,-3.1,14.7,0.0,0.0,0.0,3.6,5.8,315,0.0,0,1011.6,0.03,1.55,0.028
2022-05-29T03:00,16.5,25,-3.6,12.5,0.0,0.0,0.0,9.5,10.8,331,0.0,0,1012.3,0.08,1.41,0.03
2022-05-29T04:00,15.8,25,-4.2,12.0,0.0,0.0,0.0,7.4,15.8,321,0.0,0,1012.9,0.06,1.35,0.03
2022-05-29T05:00,15.7,24,-5.0,11.8,0.0,0.0,0.0,7.8,12.6,326,9.0,0,1013.5,0.07,1.36,0.03
2022-05-29T06:00,17.6,20,-5.5,13.4,0.0,0.0,0.0,9.1,15.5,326,116.0,0,1013.9,0.13,1.6,0.03
2022-05-29T07:00,20.0,17,-5.8,15.8,0.0,0.0,0.0,8.8,19.4,348,308.0,0,1014.1,0.24,1.93,0.03
2022-05-29T08:00,22.3,15,-5.5,18.5,0.0,0.0,0.0,6.3,19.8,347,518.0,0,1013.5,0.36,2.29,0.03
2022-05-29T09:00,24.3,14,-5.1,21.9,0.0,0.0,0.0,4.2,18.0,20,710.0,0,1012.9,0.49,2.62,0.03
2022-05-29T10:00,26.1,13,-4.9,24.5,0.0,0.0,0.0,5.5,19.8,67,862.0,0,1012.0,0.62,2.96,0.03
2022-05-29T11:00,27.7,11,-5.1,25.9,0.0,0.0,0.0,9.7,26.3,68,959.0,0,1011.2,0.73,3.29,0.03
2022-05-29T12:00,28.8,11,-5.2,26.5,0.0,0.0,0.0,12.9,31.3,67,993.0,0,1010.3,0.78,3.53,0.029
2022-05-29T13:00,29.7,10,-5.9,27.1,0.0,0.0,0.0,13.4,33.1,59,961.0,34,1009.4,0.77,3.76,0.029
2022-05-29T14:00,30.1,9,-6.6,26.7,0.0,0.0,0.0,12.7,32.4,43,821.0,86,1008.6,0.69,3.88,0.029
2022-05-29T15:00,29.5,9,-7.1,25.0,0.0,0.0,0.0,11.2,31.3,40,584.0,98,1008.6,0.52,3.75,0.029
2022-05-29T16:00,29.2,9,-7.5,24.6,0.0,0.0,0.0,10.4,27.0,56,463.0,87,1008.3,0.42,3.69,0.029
2022-05-29T17:00,28.6,9,-8.1,24.1,0.0,0.0,0.0,9.4,24.5,94,306.0,60,1008.1,0.3,3.58,0.029
2022-05-29T18:00,27.8,9,-8.7,23.1,0.0,0.0,0.0,10.4,21.2,76,92.0,44,1008.5,0.2,3.41,0.029
2022-05-29T19:00,25.1,13,-5.0,19.1,0.0,0.0,0.0,21.9,37.8,45,10.0,0,1009.8,0.25,2.75,0.029
2022-05-29T20:00,24.3,14,-4.9,18.6,0.0,0.0,0.0,19.6,39.6,54,0.0,1,1011.0,0.22,2.6,0.029
2022-05-29T21:00,23.2,15,-4.7,17.9,0.0,0.0,0.0,17.7,34.6,52,0.0,1,1011.4,0.2,2.41,0.029
2022-05-29T22:00,22.3,16,-4.8,17.6,0.0,0.0,0.0,13.5,31.0,65,0.0,0,1011.3,0.15,2.27,0.029
2022-05-29T23:00,20.7,18,-4.7,17.1,0.0,0.0,0.0,5.5,23.0,79,0.0,0,1011.4,0.06,2.0,0.029
2022-05-30T00:00,21.2,17,-4.8,18.2,0.0,0.0,0.0,1.1,9.7,270,0.0,0,1011.7,0.0,2.08,0.029
2022-05-30T01:00,18.3,21,-4.5,14.9,0.0,0.0,0.0,4.6,6.5,321,0.0,0,1011.8,0.04,1.66,0.029
2022-05-30T02:00,17.0,23,-4.4,13.2,0.0,0.0,0.0,7.4,9.0,293,0.0,0,1012.0,0.07,1.5,0.029
2022-05-30T03:00,16.1,25,-4.2,11.9,0.0,0.0,0.0,10.5,10.8,338,0.0,0,1012.6,0.09,1.38,0.029
2022-05-30T04:00,18.1,21,-4.7,14.2,0.0,0.0,0.0,7.7,12.2,319,0.0,0,1012.9,0.07,1.64,0.029
2022-05-30T05:00,17.3,22,-4.7,14.1,0.0,0.0,0.0,3.1,8.6,234,9.0,0,1013.8,0.03,1.54,0.029
2022-05-30T06:00,17.7,22,-4.5,14.3,0.0,0.0,0.0,4.8,6.8,243,116.0,0,1014.3,0.1,1.59,0.029
2022-05-30T07:00,20.7,17,-5.1,17.4,0.0,0.0,0.0,3.4,11.2,288,307.0,0,1014.5,0.2,2.01,0.029
2022-05-30T08:00,22.8,14,-5.8,19.5,0.0,0.0,0.0,2.6,12.6,286,516.0,0,1013.9,0.33,2.37,0.029
2022-05-30T09:00,24.6,13,-5.8,22.4,0.0,0.0,0.0,2.6,14.8,196,708.0,0,1013.1,0.48,2.7,0.029
2022-05-30T10:00,26.1,11,-6.2,24.5,0.0,0.0,0.0,4.7,18.4,122,859.0,0,1012.4,0.61,3.0,0.029
2022-05-30T11:00,27.6,10,-6.3,26.1,0.0,0.0,0.0,7.1,22.7,105,957.0,0,1011.5,0.71,3.3,0.029
2022-05-30T12:00,28.7,9,-6.8,27.2,0.0,0.0,0.0,8.2,24.8,105,991.0,0,1010.3,0.75,3.57,0.029
2022-05-30T13:00,30.0,8,-7.7,27.9,0.0,0.0,0.0,9.4,26.3,88,954.0,90,1009.1,0.74,3.9,0.029
2022-05-30T14:00,30.2,8,-7.1,26.7,0.0,0.0,0.0,13.8,32.0,70,821.0,98,1008.3,0.7,3.93,0.029
2022-05-30T15:00,29.4,9,-6.6,24.1,0.0,0.0,0.0,17.4,33.1,63,605.0,74,1008.5,0.59,3.71,0.028
2022-05-30T16:00,28.7,9,-7.4,23.4,0.0,0.0,0.0,15.5,36.0,59,450.0,34,1008.2,0.46,3.59,0.028
2022-05-30T17:00,28.2,9,-7.8,23.8,0.0,0.0,0.0,8.5,31.7,54,237.0,14,1007.9,0.26,3.47,0.028
2022-05-30T18:00,27.9,9,-7.6,24.2,0.0,0.0,0.0,3.9,19.1,34,85.0,59,1007.9,0.11,3.4,0.028
2022-05-30T19:00,26.7,10,-7.1,22.8,0.0,0.0,0.0,5.9,9.4,38,8.0,63,1008.5,0.09,3.14,0.028
2022-05-30T20:00,25.2,11,-6.9,19.9,0.0,0.0,0.0,15.9,25.9,39,0.0,10,1010.0,0.2,2.84,0.028
2022-05-30T21:00,23.9,13,-6.1,18.4,0.0,0.0,0.0,17.3,31.7,59,0.0,1,1011.1,0.2,2.57,0.028
2022-05-30T22:00,22.7,14,-6.1,17.9,0.0,0.0,0.0,12.8,30.6,80,0.0,0,1011.3,0.15,2.36,0.028
2022-05-30T23:00,21.5,15,-6.5,16.8,0.0,0.0,0.0,11.9,21.2,119,0.0,0,1011.3,0.13,2.18,0.028
2022-05-31T00:00,20.3,15,-7.0,15.9,0.0,0.0,0.0,9.7,20.2,129,0.0,0,1011.6,0.11,2.02,0.028
2022-05-31T01:00,18.2,18,-6.6,13.9,0.0,0.0,0.0,9.0,15.8,88,0.0,0,1011.8,0.09,1.72,0.028
2022-05-31T02:00,19.9,15,-7.8,15.9,0.0,0.0,0.0,6.4,11.2,164,0.0,0,1012.1,0.07,1.98,0.028
2022-05-31T03:00,18.3,17,-7.3,14.0,0.0,0.0,0.0,8.3,10.4,185,0.0,0,1012.6,0.08,1.74,0.029
2022-05-31T04:00,19.1,16,-7.6,15.5,0.0,0.0,0.0,4.0,10.1,185,0.0,0,1012.8,0.04,1.86,0.029
2022-05-31T05:00,16.6,19,-7.1,13.1,0.0,0.0,0.0,3.4,5.4,328,9.0,0,1013.5,0.03,1.53,0.029
2022-05-31T06:00,18.1,17,-7.4,14.3,0.0,0.0,0.0,5.4,7.2,312,118.0,0,1014.0,0.1,1.73,0.029
2022-05-31T07:00,21.2,14,-7.7,17.7,0.0,0.0,0.0,2.5,10.8,352,310.0,0,1014.3,0.19,2.17,0.029
2022-05-31T08:00,23.2,11,-9.1,19.3,0.0,0.0,0.0,5.0,15.8,120,521.0,0,1013.7,0.36,2.54,0.029
2022-05-31T09:00,24.9,9,-10.3,21.7,0.0,0.0,0.0,6.1,19.4,118,714.0,0,1012.9,0.51,2.86,0.029
2022-05-31T10:00,26.4,7,-12.1,23.9,0.0,0.0,0.0,7.3,22.7,110,867.0,0,1012.1,0.63,3.2,0.029
2022-05-31T11:00,27.7,7,-11.6,25.4,0.0,0.0,0.0,9.1,25.6,108,966.0,0,1011.4,0.72,3.45,0.029
2022-05-31T12:00,28.9,7,-11.0,26.6,0.0,0.0,0.0,10.2,27.7,108,1002.0,0,1010.2,0.77,3.71,0.029
2022-05-31T13:00,29.7,6,-11.4,27.0,0.0,0.0,0.0,11.9,29.9,93,970.0,0,1009.3,0.77,3.91,0.029
2022-05-31T14:00,30.1,6,-12.4,26.6,0.0,0.0,0.0,12.7,31.3,83,876.0,0,1008.5,0.71,4.02,0.028
2022-05-31T15:00,30.1,6,-12.4,26.4,0.0,0.0,0.0,9.2,31.0,111,725.0,0,1008.0,0.58,4.03,0.028
2022-05-31T16:00,29.9,6,-12.5,25.0,0.0,0.0,0.0,10.0,24.1,154,533.0,0,1007.4,0.46,3.98,0.028
2022-05-31T17:00,29.5,6,-12.3,24.2,0.0,0.0,0.0,12.6,26.3,167,322.0,0,1007.0,0.35,3.87,0.028
2022-05-31T18:00,28.2,6,-12.6,22.5,0.0,0.0,0.0,15.0,27.7,145,125.0,0,1007.5,0.26,3.58,0.028
2022-05-31T19:00,26.3,7,-12.4,20.8,0.0,0.0,0.0,14.4,27.0,122,11.0,1,1008.2,0.2,3.19,0.028
2022-05-31T20:00,25.1,9,-10.5,19.3,0.0,0.0,0.0,16.9,29.9,128,0.0,0,1009.3,0.21,2.91,0.028
2022-05-31T21:00,24.2,10,-9.8,18.7,0.0,0.0,0.0,15.8,29.2,111,0.0,0,1010.0,0.2,2.73,0.028
2022-05-31T22:00,23.8,10,-9.6,17.7,0.0,0.0,0.0,19.5,34.2,115,0.0,0,1010.3,0.23,2.64,0.028
2022-05-31T23:00,22.9,11,-9.2,16.9,0.0,0.0,0.0,19.2,34.6,107,0.0,0,1010.8,0.22,2.48,0.028
2022-06-01T00:00,21.4,13,-8.4,16.3,0.0,0.0,0.0,13.6,33.5,101,0.0,0,1011.3,0.15,2.22,0.028
2022-06-01T01:00,19.8,15,-8.0,15.6,0.0,0.0,0.0,7.2,23.0,108,0.0,0,1011.8,0.08,1.97,0.028
2022-06-01T02:00,18.2,17,-7.2,13.9,0.0,0.0,0.0,8.7,11.9,138,0.0,0,1012.0,0.09,1.73,0.028
2022-06-01T03:00,18.4,17,-7.5,14.2,0.0,0.0,0.0,7.6,11.2,188,0.0,0,1012.9,0.08,1.76,0.028
2022-06-01T04:00,19.5,15,-8.2,16.1,0.0,0.0,0.0,1.8,10.1,307,0.0,0,1013.5,0.01,1.94,0.028
2022-06-01T05:00,16.7,18,-7.7,13.4,0.0,0.0,0.0,1.9,3.6,338,10.0,0,1014.1,0.01,1.56,0.028
2022-06-01T06:00,18.8,18,-6.4,15.6,0.0,0.0,0.0,1.8,3.6,307,119.0,0,1014.7,0.07,1.78,0.028
2022-06-01T07:00,21.6,12,-9.4,17.8,0.0,0.0,0.0,3.8,10.8,163,312.0,0,1014.9,0.21,2.28,0.028
2022-06-01T08:00,23.8,10,-9.7,19.4,0.0,0.0,0.0,8.0,19.8,126,523.0,0,1014.5,0.39,2.65,0.028
2022-06-01T09:00,25.9,9,-9.4,21.9,0.0,0.0,0.0,11.6,27.4,116,715.0,0,1013.9,0.56,3.04,0.028
2022-06-01T10:00,27.7,8,-9.1,24.7,0.0,0.0,0.0,10.7,27.7,104,867.0,0,1013.0,0.67,3.4,0.028
2022-06-01T11:00,29.1,8,-8.9,26.5,0.0,0.0,0.0,11.9,29.5,90,965.0,0,1012.2,0.76,3.7,0.028
2022-06-01T12:00,30.0,7,-9.0,27.4,0.0,0.0,0.0,13.0,31.7,84,999.0,0,1011.3,0.8,3.92,0.028
2022-06-01T13:00,30.6,7,-9.1,27.6,0.0,0.0,0.0,14.1,32.8,77,967.0,0,1010.5,0.79,4.08,0.028
2022-06-01T14:00,30.9,7,-8.9,27.3,0.0,0.0,0.0,14.6,33.5,70,871.0,0,1010.0,0.74,4.14,0.028
2022-06-01T15:00,30.9,7,-9.2,26.4,0.0,0.0,0.0,14.9,33.8,53,705.0,0,1009.6,0.63,4.16,0.028
2022-06-01T16:00,30.4,7,-9.4,24.7,0.0,0.0,0.0,17.1,34.2,51,478.0,4,1009.1,0.51,4.04,0.028
2022-06-01T17:00,29.8,7,-9.9,24.1,0.0,0.0,0.0,16.6,34.2,51,299.0,0,1009.1,0.39,3.91,0.028
2022-06-01T18:00,29.2,7,-10.3,24.5,0.0,0.0,0.0,9.6,31.3,70,117.0,1,1009.2,0.2,3.76,0.028
2022-06-01T19:00,27.6,8,-9.9,23.3,0.0,0.0,0.0,7.0,16.6,55,11.0,0,1009.1,0.1,3.4,0.028
2022-06-01T20:00,26.6,9,-9.4,21.2,0.0,0.0,0.0,14.5,24.1,35,0.0,22,1009.7,0.19,3.17,0.028
2022-06-01T21:00,24.8,10,-9.6,19.4,0.0,0.0,0.0,14.4,24.8,94,0.0,17,1011.4,0.18,2.82,0.028
2022-06-01T22:00,23.5,11,-8.8,18.8,0.0,0.0,0.0,10.3,24.5,119,0.0,1,1012.0,0.13,2.57,0.028
2022-06-01T23:00,21.8,13,-7.9,17.8,0.0,0.0,0.0,6.3,17.3,103,0.0,0,1012.5,0.07,2.27,0.028
2022-06-02T00:00,20.3,15,-7.2,16.0,0.0,0.0,0.0,8.4,11.2,100,0.0,0,1012.6,0.09,2.02,0.028
2022-06-02T01:00,19.9,15,-7.3,15.8,0.0,0.0,0.0,7.3,11.5,101,0.0,0,1013.0,0.08,1.97,0.028
2022-06-02T02:00,19.1,16,-7.0,14.9,0.0,0.0,0.0,8.0,12.6,98,0.0,0,1013.4,0.08,1.85,0.028
2022-06-02T03:00,18.1,19,-5.8,13.7,0.0,0.0,0.0,10.8,13.7,105,0.0,0,1014.6,0.1,1.68,0.028
2022-06-02T04:00,18.0,19,-5.9,13.6,0.0,0.0,0.0,10.7,13.7,140,0.0,0,1014.9,0.1,1.67,0.028
2022-06-02T05:00,17.2,20,-6.3,12.9,0.0,0.0,0.0,9.2,14.8,138,10.0,0,1015.5,0.09,1.58,0.028
2022-06-02T06:00,19.9,16,-6.9,15.7,0.0,0.0,0.0,8.4,13.3,140,118.0,0,1016.1,0.14,1.96,0.028
2022-06-02T07:00,22.8,13,-7.4,18.8,0.0,0.0,0.0,6.1,14.8,135,310.0,0,1016.3,0.23,2.42,0.028
2022-06-02T08:00,25.1,11,-7.6,20.9,0.0,0.0,0.0,7.6,19.8,115,519.0,0,1015.8,0.39,2.83,0.028
2022-06-02T09:00,27.1,10,-7.6,23.3,0.0,0.0,0.0,11.4,26.6,103,711.0,0,1015.3,0.57,3.24,0.028
2022-06-02T10:00,28.9,9,-7.6,25.7,0.0,0.0,0.0,12.7,30.2,105,862.0,0,1014.5,0.69,3.64,0.028
2022-06-02T11:00,30.3,8,-7.8,27.9,0.0,0.0,0.0,11.4,30.2,101,960.0,0,1013.6,0.77,3.98,0.028
2022-06-02T12:00,31.4,7,-7.8,29.2,0.0,0.0,0.0,11.6,29.2,85,994.0,0,1012.7,0.8,4.25,0.028
2022-06-02T13:00,32.0,8,-7.2,29.3,0.0,0.0,0.0,13.0,31.0,71,962.0,0,1012.0,0.8,4.39,0.028
2022-06-02T14:00,32.1,8,-6.8,28.5,0.0,0.0,0.0,15.6,34.2,52,868.0,6,1011.5,0.76,4.4,0.027
2022-06-02T15:00,31.4,8,-7.2,26.1,0.0,0.0,0.0,20.6,35.6,46,689.0,3,1011.4,0.68,4.24,0.027
2022-06-02T16:00,31.2,7,-8.5,26.1,0.0,0.0,0.0,13.7,39.6,35,509.0,2,1010.7,0.5,4.22,0.027
2022-06-02T17:00,31.3,7,-9.5,27.0,0.0,0.0,0.0,7.1,28.1,330,277.0,0,1010.2,0.27,4.26,0.027
2022-06-02T18:00,30.7,7,-9.8,26.5,0.0,0.0,0.0,6.2,15.8,306,118.0,6,1010.0,0.15,4.11,0.027
2022-06-02T19:00,28.4,8,-8.6,24.3,0.0,0.0,0.0,6.9,9.7,354,11.0,70,1010.5,0.1,3.55,0.027
2022-06-02T20:00,27.3,9,-8.9,23.1,0.0,0.0,0.0,6.5,10.8,34,0.0,100,1011.2,0.09,3.31,0.027
2022-06-02T21:00,26.0,11,-7.4,22.2,0.0,0.0,0.0,5.6,10.4,45,0.0,91,1012.0,0.07,3.01,0.027
2022-06-02T22:00,25.4,11,-7.2,21.6,0.0,0.0,0.0,5.6,9.4,40,0.0,20,1012.8,0.07,2.89,0.027
2022-06-02T23:00,24.2,13,-6.0,19.5,0.0,0.0,0.0,11.9,17.6,119,0.0,0,1013.3,0.15,2.62,0.027
2022-06-03T00:00,23.3,16,-4.3,18.6,0.0,0.0,0.0,13.7,24.8,113,0.0,0,1013.7,0.16,2.42,0.027
2022-06-03T01:00,21.5,18,-3.9,17.8,0.0,0.0,0.0,7.4,23.0,129,0.0,0,1014.2,0.08,2.11,0.027
2022-06-03T02:00,19.8,21,-3.2,15.7,0.0,0.0,0.0,10.2,13.0,141,0.0,0,1014.5,0.1,1.82,0.027
2022-06-03T03:00,19.2,22,-2.9,15.1,0.0,0.0,0.0,10.9,13.0,124,0.0,0,1015.0,0.1,1.73,0.027
2022-06-03T04:00,19.9,21,-3.1,16.0,0.0,0.0,0.0,8.7,13.3,95,0.0,0,1015.2,0.09,1.83,0.027
2022-06-03T05:00,20.6,20,-3.3,17.3,0.0,0.0,0.0,4.6,11.2,18,10.0,0,1015.9,0.05,1.94,0.027
2022-06-03T06:00,20.4,21,-2.9,17.6,0.0,0.0,0.0,1.8,6.1,360,118.0,0,1016.6,0.07,1.9,0.027
2022-06-03T07:00,23.4,17,-3.3,20.6,0.0,0.0,0.0,1.8,8.6,90,308.0,0,1016.7,0.19,2.4,0.027
2022-06-03T08:00,25.8,14,-4.0,22.7,0.0,0.0,0.0,2.7,12.6,113,516.0,0,1016.2,0.35,2.87,0.027
2022-06-03T09:00,28.0,12,-4.4,25.7,0.0,0.0,0.0,3.9,16.2,124,707.0,0,1015.6,0.51,3.33,0.027
2022-06-03T10:00,29.7,10,-4.6,28.4,0.0,0.0,0.0,3.8,18.4,131,858.0,0,1014.8,0.63,3.73,0.027
2022-06-03T11:00,31.1,9,-5.0,30.8,0.0,0.0,0.0,1.5,18.0,76,955.0,0,1014.1,0.69,4.1,0.027
2022-06-03T12:00,32.4,9,-5.3,31.5,0.0,0.0,0.0,5.4,19.8,37,990.0,0,1013.1,0.76,4.44,0.027
2022-06-03T13:00,33.0,8,-5.6,30.9,0.0,0.0,0.0,10.4,27.0,46,959.0,3,1012.3,0.79,4.61,0.027
2022-06-03T14:00,33.1,8,-5.9,29.8,0.0,0.0,0.0,13.8,32.4,41,854.0,43,1011.7,0.75,4.65,0.027
2022-06-03T15:00,32.4,8,-6.3,27.2,0.0,0.0,0.0,18.1,33.8,31,617.0,44,1011.6,0.63,4.48,0.028
2022-06-03T16:00,31.7,8,-6.7,25.8,0.0,0.0,0.0,19.9,40.3,17,493.0,26,1011.4,0.56,4.3,0.028
2022-06-03T17:00,31.4,7,-7.7,26.0,0.0,0.0,0.0,15.9,39.6,4,301.0,22,1010.8,0.39,4.25,0.028
2022-06-03T18:00,30.8,8,-7.6,25.4,0.0,0.0,0.0,15.9,31.0,5,113.0,17,1010.6,0.29,4.1,0.028
2022-06-03T19:00,28.9,10,-6.5,24.1,0.0,0.0,0.0,12.6,28.4,358,12.0,25,1011.0,0.18,3.61,0.028
2022-06-03T20:00,28.1,10,-6.4,24.0,0.0,0.0,0.0,8.0,20.5,18,0.0,32,1011.1,0.11,3.42,0.028
2022-06-03T21:00,27.2,11,-5.8,22.6,0.0,0.0,0.0,11.5,21.2,49,0.0,1,1012.2,0.15,3.2,0.028
2022-06-03T22:00,25.6,12,-5.9,21.7,0.0,0.0,0.0,6.9,19.4,43,0.0,0,1012.3,0.09,2.89,0.028
2022-06-03T23:00,23.9,13,-5.8,20.1,0.0,0.0,0.0,6.6,11.9,77,0.0,0,1013.1,0.08,2.57,0.028
2022-06-04T00:00,23.1,15,-5.4,19.0,0.0,0.0,0.0,8.9,14.0,130,0.0,0,1013.9,0.11,2.42,0.028
2022-06-04T01:00,21.5,18,-3.6,17.8,0.0,0.0,0.0,7.4,14.8,151,0.0,0,1014.3,0.08,2.09,0.028
2022-06-04T02:00,20.1,21,-2.7,16.0,0.0,0.0,0.0,10.5,13.7,131,0.0,0,1014.2,0.1,1.84,0.028
2022-06-04T03:00,19.9,22,-2.6,15.6,0.0,0.0,0.0,12.0,13.7,131,0.0,0,1014.6,0.12,1.81,0.027
2022-06-04T04:00,20.1,21,-2.7,16.4,0.0,0.0,0.0,7.8,14.8,193,0.0,0,1014.7,0.08,1.84,0.027
2022-06-04T05:00,18.7,23,-2.6,15.5,0.0,0.0,0.0,5.0,9.7,270,10.0,0,1015.4,0.05,1.65,0.027
2022-06-04T06:00,20.6,20,-2.9,17.8,0.0,0.0,0.0,1.5,5.8,346,117.0,0,1016.0,0.07,1.93,0.027
2022-06-04T07:00,23.6,17,-3.0,20.9,0.0,0.0,0.0,1.0,7.6,45,307.0,0,1016.2,0.18,2.41,0.027
2022-06-04T08:00,26.0,14,-3.2,23.4,0.0,0.0,0.0,0.4,9.7,90,515.0,0,1015.7,0.32,2.88,0.027
2022-06-04T09:00,28.2,12,-3.5,26.2,0.0,0.0,0.0,2.6,14.0,164,705.0,0,1014.7,0.49,3.34,0.027
2022-06-04T10:00,30.1,11,-3.9,29.0,0.0,0.0,0.0,2.9,16.6,187,855.0,0,1013.7,0.62,3.8,0.027
2022-06-04T11:00,31.6,10,-4.0,31.5,0.0,0.0,0.0,1.1,16.2,288,952.0,0,1012.7,0.69,4.18,0.026
2022-06-04T12:00,32.5,9,-4.0,31.7,0.0,0.0,0.0,5.9,20.5,14,986.0,1,1011.8,0.76,4.44,0.026
2022-06-04T13:00,33.0,9,-4.4,31.1,0.0,0.0,0.0,9.7,26.6,22,943.0,58,1011.1,0.77,4.57,0.026
2022-06-04T14:00,32.8,9,-4.1,29.2,0.0,0.0,0.0,12.2,29.2,28,721.0,45,1010.7,0.65,4.51,0.026
2022-06-04T15:00,32.7,9,-4.0,28.4,0.0,0.0,0.0,15.0,33.1,30,657.0,51,1011.0,0.62,4.48,0.025
2022-06-04T16:00,32.4,9,-4.1,27.5,0.0,0.0,0.0,14.6,33.8,38,510.0,50,1010.5,0.51,4.4,0.025
2022-06-04T17:00,32.2,8,-5.6,28.4,0.0,0.0,0.0,6.3,30.6,66,288.0,99,1009.7,0.27,4.4,0.025
2022-06-04T18:00,31.8,9,-5.2,27.8,0.0,0.0,0.0,7.9,16.2,39,99.0,93,1009.6,0.18,4.27,0.025
2022-06-04T19:00,30.1,11,-3.8,25.2,0.0,0.0,0.0,14.8,25.6,41,10.0,56,1010.1,0.22,3.79,0.025
2022-06-04T20:00,28.9,12,-3.7,24.2,0.0,0.0,0.0,13.9,26.6,59,0.0,88,1010.9,0.19,3.5,0.025
2022-06-04T21:00,27.9,12,-4.1,23.2,0.0,0.0,0.0,14.2,24.5,63,0.0,14,1011.4,0.19,3.31,0.025
2022-06-04T22:00,26.6,13,-4.2,22.1,0.0,0.0,0.0,11.9,24.5,25,0.0,0,1011.6,0.15,3.02,0.025
2022-06-04T23:00,24.9,15,-3.9,21.3,0.0,0.0,0.0,6.3,20.2,77,0.0,0,1011.9,0.08,2.68,0.025
2022-06-05T00:00,23.0,17,-3.5,19.2,0.0,0.0,0.0,8.2,10.8,139,0.0,1,1012.6,0.09,2.33,0.025
2022-06-05T01:00,22.3,18,-3.3,18.7,0.0,0.0,0.0,7.0,11.2,168,0.0,2,1012.7,0.08,2.21,0.025
2022-06-05T02:00,21.6,20,-2.6,17.7,0.0,0.0,0.0,9.7,12.6,158,0.0,0,1012.3,0.1,2.08,0.025
2022-06-05T03:00,20.2,21,-2.7,16.3,0.0,0.0,0.0,9.4,11.9,220,0.0,0,1012.9,0.09,1.86,0.026
2022-06-05T04:00,18.6,23,-2.8,14.8,0.0,0.0,0.0,8.6,11.9,255,0.0,0,1013.3,0.08,1.64,0.026
2022-06-05T05:00,18.3,24,-2.4,15.1,0.0,0.0,0.0,5.2,10.4,295,10.0,0,1013.9,0.05,1.59,0.026
2022-06-05T06:00,20.5,21,-2.8,17.5,0.0,0.0,0.0,3.6,7.2,270,117.0,0,1014.4,0.09,1.91,0.026
2022-06-05T07:00,24.3,17,-2.7,21.5,0.0,0.0,0.0,1.8,8.6,233,307.0,0,1014.5,0.19,2.54,0.026
2022-06-05T08:00,26.7,15,-2.0,23.9,0.0,0.0,0.0,2.5,12.2,135,514.0,0,1013.7,0.35,2.96,0.026
2022-06-05T09:00,28.5,13,-2.2,26.6,0.0,0.0,0.0,3.1,15.5,159,704.0,0,1012.9,0.5,3.37,0.026
2022-06-05T10:00,30.3,12,-2.6,29.4,0.0,0.0,0.0,2.9,16.2,187,854.0,0,1011.8,0.62,3.81,0.026
2022-06-05T11:00,31.8,10,-3.2,31.7,0.0,0.0,0.0,1.5,16.2,166,951.0,0,1010.8,0.69,4.21,0.026
2022-06-05T12:00,32.9,9,-3.6,32.8,0.0,0.0,0.0,2.5,16.6,82,986.0,1,1009.7,0.74,4.53,0.026
2022-06-05T13:00,33.6,9,-3.9,32.9,0.0,0.0,0.0,4.4,19.1,55,955.0,3,1008.5,0.73,4.73,0.026
2022-06-05T14:00,34.1,8,-4.4,32.3,0.0,0.0,0.0,6.6,21.2,45,860.0,8,1007.5,0.69,4.89,0.026
2022-06-05T15:00,33.3,9,-4.5,30.5,0.0,0.0,0.0,6.9,22.7,28,710.0,36,1007.9,0.57,4.66,0.026
2022-06-05T16:00,33.3,9,-4.5,29.6,0.0,0.0,0.0,6.8,20.9,357,506.0,68,1007.3,0.43,4.68,0.026
2022-06-05T17:00,32.7,9,-4.6,28.7,0.0,0.0,0.0,8.7,20.2,330,310.0,100,1007.2,0.31,4.51,0.026
2022-06-05T18:00,32.1,9,-4.7,28.2,0.0,0.0,0.0,7.6,20.2,335,115.0,87,1007.5,0.18,4.34,0.026
2022-06-05T19:00,31.1,10,-4.5,27.5,0.0,0.0,0.0,6.3,15.1,13,11.0,95,1007.5,0.1,4.08,0.026
2022-06-05T20:00,30.2,11,-3.8,26.3,0.0,0.0,0.0,8.4,13.0,350,0.0,96,1008.2,0.12,3.82,0.026
2022-06-05T21:00,29.4,13,-2.0,24.2,0.0,0.0,0.0,18.5,29.9,327,0.0,97,1009.1,0.24,3.56,0.026
2022-06-05T22:00,28.4,16,0.0,23.1,0.0,0.0,0.0,21.5,40.3,320,0.0,62,1009.3,0.26,3.25,0.025
2022-06-05T23:00,27.8,16,-0.5,24.3,0.0,0.0,0.0,8.7,37.8,330,0.0,31,1009.0,0.11,3.15,0.025
2022-06-06T00:00,25.5,18,-0.7,22.3,0.0,0.0,0.0,6.2,13.7,170,0.0,18,1008.9,0.07,2.67,0.025
2022-06-06T01:00,25.0,18,-1.3,21.9,0.0,0.0,0.0,5.4,12.6,188,0.0,17,1009.2,0.06,2.61,0.025
2022-06-06T02:00,25.0,17,-1.5,22.5,0.0,0.0,0.0,1.0,6.8,315,0.0,1,1009.2,0.0,2.62,0.025
2022-06-06T03:00,21.5,21,-2.0,18.0,0.0,0.0,0.0,7.8,5.8,56,0.0,0,1010.3,0.08,2.04,0.025
2022-06-06T04:00,20.2,23,-1.8,16.5,0.0,0.0,0.0,8.4,10.4,40,0.0,0,1011.0,0.08,1.82,0.025
2022-06-06T05:00,21.5,20,-2.5,18.2,0.0,0.0,0.0,5.5,10.1,122,10.0,0,1011.2,0.06,2.05,0.025
2022-06-06T06:00,22.1,20,-2.3,19.4,0.0,0.0,0.0,1.5,7.2,256,117.0,0,1011.5,0.07,2.14,0.025
2022-06-06T07:00,25.3,16,-2.2,22.6,0.0,0.0,0.0,1.8,9.4,360,305.0,0,1011.8,0.19,2.71,0.025
2022-06-06T08:00,27.8,14,-1.9,24.7,0.0,0.0,0.0,4.4,15.1,81,511.0,0,1011.3,0.37,3.19,0.025
2022-06-06T09:00,29.8,12,-2.2,27.8,0.0,0.0,0.0,3.6,16.9,96,699.0,0,1010.4,0.51,3.67,0.025
2022-06-06T10:00,31.6,11,-2.4,30.8,0.0,0.0,0.0,1.9,16.6,68,848.0,0,1009.6,0.62,4.12,0.025
2022-06-06T11:00,33.0,10,-2.4,32.8,0.0,0.0,0.0,2.3,16.6,39,944.0,3,1008.4,0.7,4.5,0.025
2022-06-06T12:00,34.0,10,-2.5,33.7,0.0,0.0,0.0,4.0,18.4,350,975.0,13,1007.1,0.75,4.81,0.025
2022-06-06T13:00,34.7,9,-3.0,33.7,0.0,0.0,0.0,5.8,20.9,338,949.0,48,1005.9,0.75,5.03,0.025
2022-06-06T14:00,35.0,8,-3.5,33.1,0.0,0.0,0.0,5.1,20.9,315,779.0,68,1005.0,0.63,5.13,0.025
2022-06-06T15:00,34.2,9,-3.2,30.7,0.0,0.0,0.0,7.2,19.1,270,575.0,90,1005.3,0.5,4.88,0.025
2022-06-06T16:00,34.1,10,-2.3,30.7,0.0,0.0,0.0,6.3,19.8,257,342.0,51,1004.8,0.34,4.82,0.025
2022-06-06T17:00,33.7,10,-2.1,30.2,0.0,0.0,0.0,7.1,17.3,294,227.0,100,1004.7,0.26,4.71,0.025
2022-06-06T18:00,32.4,12,-0.8,28.0,0.0,0.0,0.0,14.4,26.6,302,72.0,93,1005.5,0.27,4.27,0.025
2022-06-06T19:00,31.4,13,-0.5,28.1,0.0,0.0,0.0,7.7,27.4,281,11.0,97,1005.9,0.12,4.01,0.025
2022-06-06T20:00,31.5,13,-0.8,28.5,0.0,0.0,0.0,4.7,12.6,9,0.0,100,1006.3,0.06,4.03,0.025
2022-06-06T21:00,30.6,12,-1.8,26.0,0.0,0.0,0.0,15.5,25.6,1,0.0,92,1007.2,0.21,3.85,0.025
2022-06-06T22:00,29.2,15,0.2,23.6,0.0,0.0,0.0,24.3,43.6,352,0.0,92,1008.0,0.29,3.43,0.025
2022-06-06T23:00,27.6,17,0.6,22.8,0.0,0.0,0.0,18.4,42.5,359,0.0,94,1008.4,0.22,3.04,0.025
2022-06-07T00:00,26.3,19,0.5,22.2,0.0,0.0,0.0,14.1,31.3,347,0.0,100,1008.5,0.16,2.78,0.025
2022-06-07T01:00,25.2,20,0.8,21.8,0.0,0.0,0.0,9.4,24.1,328,0.0,100,1008.6,0.11,2.55,0.025
2022-06-07T02:00,24.2,22,1.1,21.0,0.0,0.0,0.0,7.9,15.1,317,0.0,58,1008.6,0.08,2.35,0.025
2022-06-07T03:00,22.3,21,-1.3,19.0,0.0,0.0,0.0,6.7,13.0,324,0.0,74,1009.9,0.07,2.13,0.025
2022-06-07T04:00,21.6,23,-0.3,18.3,0.0,0.0,0.0,7.7,10.8,332,0.0,26,1010.0,0.08,1.97,0.025
2022-06-07T05:00,21.1,24,-0.1,18.1,0.0,0.0,0.0,5.8,9.7,274,10.0,18,1010.4,0.06,1.9,0.025
2022-06-07T06:00,23.6,21,0.2,20.5,0.0,0.0,0.0,6.6,11.9,248,116.0,23,1010.6,0.13,2.28,0.025
2022-06-07T07:00,26.5,18,0.3,23.9,0.0,0.0,0.0,3.6,11.9,264,303.0,0,1010.2,0.22,2.84,0.025
2022-06-07T08:00,28.3,16,0.0,25.8,0.0,0.0,0.0,2.4,13.3,297,511.0,2,1009.9,0.36,3.24,0.025
2022-06-07T09:00,30.3,13,-0.8,28.4,0.0,0.0,0.0,4.5,16.2,194,700.0,2,1009.2,0.52,3.74,0.025
2022-06-07T10:00,32.4,11,-2.1,30.6,0.0,0.0,0.0,8.0,23.0,185,850.0,0,1008.2,0.68,4.32,0.025
2022-06-07T11:00,33.9,9,-2.8,32.6,0.0,0.0,0.0,7.8,23.4,202,948.0,29,1007.2,0.76,4.78,0.025
2022-06-07T12:00,34.7,9,-3.2,32.7,0.0,0.0,0.0,7.4,23.4,227,837.0,27,1006.3,0.7,5.03,0.025
2022-06-07T13:00,35.2,8,-3.6,33.3,0.0,0.0,0.0,6.2,22.0,277,803.0,32,1005.2,0.67,5.22,0.024
2022-06-07T14:00,35.6,8,-3.9,32.4,0.0,0.0,0.0,10.7,25.9,320,727.0,50,1004.8,0.67,5.35,0.024
2022-06-07T15:00,35.3,8,-4.0,31.2,0.0,0.0,0.0,11.5,28.8,284,585.0,77,1004.5,0.57,5.26,0.024
2022-06-07T16:00,35.2,8,-4.2,30.9,0.0,0.0,0.0,10.8,26.6,274,450.0,72,1004.1,0.46,5.22,0.024
2022-06-07T17:00,34.5,8,-4.9,30.6,0.0,0.0,0.0,7.6,24.1,251,262.0,97,1004.1,0.28,5.04,0.024
2022-06-07T18:00,33.9,8,-4.7,29.8,0.0,0.0,0.0,9.2,17.3,296,63.0,100,1004.3,0.21,4.86,0.024
2022-06-07T19:00,33.0,9,-4.1,27.8,0.0,0.0,0.0,17.3,29.5,315,7.0,98,1005.0,0.29,4.58,0.024
2022-06-07T20:00,32.4,10,-3.2,29.0,0.0,0.0,0.0,5.1,30.6,315,0.0,96,1005.8,0.07,4.37,0.024
2022-06-07T21:00,31.8,10,-3.5,28.2,0.0,0.0,0.0,6.1,8.6,50,0.0,74,1006.3,0.09,4.22,0.024
2022-06-07T22:00,30.2,11,-3.8,26.0,0.0,0.0,0.0,10.2,17.6,32,0.0,39,1007.1,0.15,3.82,0.024
2022-06-07T23:00,27.2,15,-2.1,23.5,0.0,0.0,0.0,8.9,17.6,346,0.0,0,1007.3,0.11,3.08,0.024
2022-06-08T00:00,27.8,13,-2.9,24.4,0.0,0.0,0.0,5.8,11.5,360,0.0,0,1007.9,0.07,3.24,0.024
2022-06-08T01:00,25.6,15,-3.0,21.9,0.0,0.0,0.0,7.9,10.8,223,0.0,2,1008.4,0.1,2.79,0.024
2022-06-08T02:00,23.5,17,-2.6,19.5,0.0,0.0,0.0,10.1,14.8,207,0.0,17,1008.2,0.12,2.39,0.024
2022-06-08T03:00,21.6,19,-2.9,18.0,0.0,0.0,0.0,6.9,13.7,317,0.0,18,1009.6,0.07,2.08,0.024
2022-06-08T04:00,21.4,20,-2.2,18.2,0.0,0.0,0.0,5.4,8.6,323,0.0,0,1009.9,0.05,2.03,0.024
2022-06-08T05:00,21.3,21,-2.2,18.4,0.0,0.0,0.0,3.1,6.5,234,10.0,0,1010.6,0.03,2.01,0.024
2022-06-08T06:00,22.9,18,-2.7,20.0,0.0,0.0,0.0,2.7,5.4,247,118.0,0,1011.6,0.08,2.29,0.024
2022-06-08T07:00,26.8,14,-2.9,23.4,0.0,0.0,0.0,5.7,13.3,215,307.0,0,1011.6,0.24,3.02,0.024
2022-06-08T08:00,29.6,13,-1.9,25.9,0.0,0.0,0.0,8.7,20.5,185,515.0,0,1011.0,0.43,3.61,0.024
2022-06-08T09:00,31.7,12,-1.7,29.0,0.0,0.0,0.0,8.3,22.7,175,705.0,0,1010.1,0.57,4.14,0.024
2022-06-08T10:00,33.4,10,-2.9,31.8,0.0,0.0,0.0,6.5,22.7,183,856.0,0,1009.3,0.68,4.63,0.024
2022-06-08T11:00,34.8,7,-5.5,33.6,0.0,0.0,0.0,5.9,20.9,227,956.0,0,1008.2,0.75,5.14,0.024
2022-06-08T12:00,36.0,6,-7.5,34.4,0.0,0.0,0.0,8.3,23.4,270,994.0,0,1007.2,0.82,5.59,0.024
2022-06-08T13:00,37.3,5,-8.5,34.6,0.0,0.0,0.0,12.7,30.2,277,970.0,59,1005.8,0.86,6.04,0.024
2022-06-08T14:00,37.3,5,-8.2,33.6,0.0,0.0,0.0,10.4,30.2,270,720.0,32,1004.7,0.67,6.03,0.024
2022-06-08T15:00,37.1,5,-8.8,33.5,0.0,0.0,0.0,7.6,25.6,270,652.0,96,1004.1,0.57,5.99,0.024
2022-06-08T16:00,36.9,5,-9.4,32.1,0.0,0.0,0.0,10.6,21.6,305,309.0,98,1003.2,0.4,5.92,0.024
2022-06-08T17:00,36.6,5,-8.5,30.6,0.0,0.0,0.0,19.1,35.3,286,314.0,59,1003.4,0.48,5.8,0.024
2022-06-08T18:00,34.9,7,-6.5,29.1,0.0,0.0,0.0,19.8,37.8,254,103.0,9,1004.2,0.37,5.21,0.024
2022-06-08T19:00,33.0,8,-5.7,27.5,0.0,0.0,0.0,17.7,35.3,246,13.0,49,1005.0,0.27,4.62,0.024
2022-06-08T20:00,32.1,8,-5.9,26.3,0.0,0.0,0.0,19.8,31.3,286,0.0,1,1006.0,0.29,4.39,0.023
2022-06-08T21:00,31.4,8,-6.6,25.3,0.0,0.0,0.0,21.3,44.3,286,0.0,0,1006.8,0.3,4.22,0.023
2022-06-08T22:00,29.9,10,-5.5,24.6,0.0,0.0,0.0,16.3,37.1,278,0.0,0,1007.2,0.23,3.8,0.023
2022-06-08T23:00,28.6,12,-4.2,24.0,0.0,0.0,0.0,13.0,27.7,264,0.0,0,1007.3,0.18,3.46,0.023
2022-06-09T00:00,27.3,13,-3.6,23.1,0.0,0.0,0.0,10.8,22.0,266,0.0,0,1007.1,0.14,3.15,0.023
2022-06-09T01:00,25.9,14,-3.3,22.1,0.0,0.0,0.0,8.3,17.6,252,0.0,0,1007.3,0.1,2.86,0.023
2022-06-09T02:00,24.8,15,-3.3,21.1,0.0,0.0,0.0,7.4,13.7,247,0.0,0,1007.5,0.09,2.64,0.023
2022-06-09T03:00,23.2,18,-2.7,19.5,0.0,0.0,0.0,7.8,11.5,248,0.0,0,1008.1,0.09,2.33,0.023
2022-06-09T04:00,23.1,17,-3.0,19.2,0.0,0.0,0.0,9.4,14.8,247,0.0,0,1008.2,0.11,2.34,0.023
2022-06-09T05:00,22.7,18,-3.2,18.3,0.0,0.0,0.0,12.2,19.4,246,10.0,0,1008.4,0.14,2.27,0.023
2022-06-09T06:00,25.0,15,-3.2,20.3,0.0,0.0,0.0,14.2,23.8,243,120.0,0,1008.6,0.22,2.68,0.023
2022-06-09T07:00,28.3,12,-3.4,23.8,0.0,0.0,0.0,12.4,23.8,240,313.0,0,1008.8,0.33,3.36,0.023
2022-06-09T08:00,31.3,10,-3.8,26.5,0.0,0.0,0.0,14.3,28.8,242,523.0,0,1007.9,0.51,4.1,0.023
2022-06-09T09:00,33.6,8,-5.5,28.4,0.0,0.0,0.0,21.5,41.0,261,714.0,0,1006.7,0.72,4.79,0.023
2022-06-09T10:00,34.8,7,-5.9,30.5,0.0,0.0,0.0,20.7,44.6,263,867.0,0,1005.9,0.83,5.17,0.023
2022-06-09T11:00,36.2,6,-6.7,33.0,0.0,0.0,0.0,16.1,41.8,254,965.0,0,1004.7,0.88,5.62,0.023
2022-06-09T12:00,37.3,6,-6.5,33.9,0.0,0.0,0.0,18.7,38.5,286,1000.0,0,1003.2,0.94,6.0,0.023
2022-06-09T13:00,37.1,5,-8.1,31.5,0.0,0.0,0.0,29.2,55.4,283,966.0,0,1002.6,1.01,5.96,0.023
2022-06-09T14:00,36.9,5,-8.2,31.0,0.0,0.0,0.0,29.1,58.3,262,876.0,0,1002.5,0.95,5.91,0.023
2022-06-09T15:00,36.5,7,-5.4,30.2,0.0,0.0,0.0,28.9,55.8,237,728.0,1,1002.7,0.84,5.7,0.023
2022-06-09T16:00,35.9,6,-6.8,28.8,0.0,0.0,0.0,27.9,55.4,234,432.0,0,1002.1,0.66,5.52,0.023
2022-06-09T17:00,35.5,7,-6.4,28.6,0.0,0.0,0.0,27.4,51.8,243,328.0,20,1002.0,0.57,5.4,0.023
2022-06-09T18:00,33.4,8,-5.8,26.8,0.0,0.0,0.0,25.5,50.4,247,130.0,8,1003.1,0.42,4.75,0.023
2022-06-09T19:00,31.6,9,-4.6,25.1,0.0,0.0,0.0,25.7,45.0,252,14.0,0,1004.2,0.35,4.2,0.023
2022-06-09T20:00,30.5,10,-4.1,23.8,0.0,0.0,0.0,27.3,48.2,262,0.0,0,1005.3,0.35,3.9,0.023
2022-06-09T21:00,29.6,12,-3.0,23.3,0.0,0.0,0.0,25.7,48.2,264,0.0,0,1005.7,0.32,3.66,0.023
2022-06-09T22:00,28.7,13,-3.0,23.1,0.0,0.0,0.0,20.8,45.0,256,0.0,0,1005.8,0.26,3.45,0.023
2022-06-09T23:00,27.4,14,-3.0,22.6,0.0,0.0,0.0,15.7,36.0,250,0.0,0,1005.8,0.2,3.16,0.023
2022-06-10T00:00,26.4,14,-3.3,21.6,0.0,0.0,0.0,15.3,26.6,251,0.0,0,1005.8,0.19,2.96,0.023
2022-06-10T01:00,25.5,14,-3.6,20.5,0.0,0.0,0.0,16.1,27.4,243,0.0,0,1005.7,0.19,2.79,0.023
2022-06-10T02:00,24.7,15,-3.6,20.0,0.0,0.0,0.0,14.5,27.0,251,0.0,0,1005.8,0.17,2.64,0.023
2022-06-10T03:00,24.2,16,-3.5,19.4,0.0,0.0,0.0,15.0,24.1,259,0.0,0,1006.4,0.17,2.54,0.023
2022-06-10T04:00,23.1,17,-3.5,18.8,0.0,0.0,0.0,11.0,25.6,259,0.0,0,1006.7,0.12,2.34,0.023
2022-06-10T05:00,21.1,20,-2.8,17.2,0.0,0.0,0.0,9.1,18.4,279,11.0,0,1007.5,0.1,2.0,0.023
2022-06-10T06:00,23.6,17,-3.3,20.4,0.0,0.0,0.0,3.7,11.9,11,122.0,0,1008.2,0.1,2.43,0.023
2022-06-10T07:00,26.1,14,-3.4,23.0,0.0,0.0,0.0,3.8,11.5,17,317.0,0,1008.4,0.22,2.91,0.023
2022-06-10T08:00,28.7,12,-3.5,24.9,0.0,0.0,0.0,7.6,19.4,360,527.0,0,1007.7,0.42,3.45,0.023
2022-06-10T09:00,30.9,10,-4.1,28.0,0.0,0.0,0.0,8.4,23.0,340,719.0,0,1006.9,0.58,4.0,0.023
2022-06-10T10:00,32.5,8,-6.0,30.5,0.0,0.0,0.0,7.1,23.0,319,873.0,0,1005.8,0.69,4.5,0.023
2022-06-10T11:00,34.0,6,-8.6,32.2,0.0,0.0,0.0,8.0,23.4,288,972.0,0,1004.8,0.78,4.98,0.023
2022-06-10T12:00,35.1,5,-11.4,32.6,0.0,0.0,0.0,11.2,28.1,276,1007.0,0,1003.7,0.84,5.38,0.023
2022-06-10T13:00,35.8,4,-13.3,32.6,0.0,0.0,0.0,13.8,32.0,276,977.0,0,1002.5,0.86,5.66,0.022
2022-06-10T14:00,36.1,4,-13.2,31.9,0.0,0.0,0.0,16.3,36.0,264,885.0,0,1001.7,0.82,5.74,0.022
2022-06-10T15:00,36.6,2,-17.8,31.3,0.0,0.0,0.0,17.6,36.4,242,738.0,2,1001.0,0.73,5.99,0.022
2022-06-10T16:00,36.4,2,-20.0,30.7,0.0,0.0,0.0,13.4,36.4,265,553.0,0,1000.4,0.55,5.95,0.022
2022-06-10T17:00,35.0,2,-20.9,29.0,0.0,0.0,0.0,14.6,29.9,279,342.0,0,1000.8,0.42,5.51,0.022
2022-06-10T18:00,33.5,3,-19.3,28.1,0.0,0.0,0.0,10.9,29.2,287,142.0,0,1001.4,0.24,5.03,0.022
2022-06-10T19:00,30.9,3,-18.2,26.1,0.0,0.0,0.0,7.3,17.6,303,16.0,0,1002.1,0.11,4.32,0.022
2022-06-10T20:00,29.3,4,-18.0,24.6,0.0,0.0,0.0,6.5,11.5,304,0.0,0,1003.3,0.1,3.93,0.022
2022-06-10T21:00,26.8,6,-14.9,22.0,0.0,0.0,0.0,8.0,10.8,265,0.0,0,1004.2,0.11,3.32,0.022
2022-06-10T22:00,26.0,6,-14.9,21.4,0.0,0.0,0.0,6.7,10.1,234,0.0,0,1004.9,0.09,3.17,0.022
2022-06-10T23:00,25.0,8,-10.9,20.0,0.0,0.0,0.0,11.7,17.6,279,0.0,0,1005.4,0.15,2.9,0.022
2022-06-11T00:00,23.7,8,-12.7,19.0,0.0,0.0,0.0,8.1,18.7,291,0.0,0,1005.4,0.11,2.69,0.022
2022-06-11T01:00,22.4,8,-13.3,17.7,0.0,0.0,0.0,8.4,14.0,310,0.0,0,1005.6,0.11,2.49,0.022
2022-06-11T02:00,21.8,9,-13.2,16.7,0.0,0.0,0.0,10.8,17.3,345,0.0,0,1005.7,0.13,2.39,0.022
2022-06-11T03:00,19.4,11,-12.0,14.5,0.0,0.0,0.0,9.7,19.4,329,0.0,0,1006.0,0.11,2.0,0.023
2022-06-11T04:00,18.2,12,-11.3,13.3,0.0,0.0,0.0,10.4,13.0,314,0.0,0,1006.3,0.11,1.83,0.023
2022-06-11T05:00,18.0,13,-10.5,13.4,0.0,0.0,0.0,9.2,13.0,309,11.0,0,1006.9,0.1,1.79,0.023
2022-06-11T06:00,21.2,11,-10.1,16.9,0.0,0.0,0.0,6.7,11.5,306,124.0,0,1007.6,0.13,2.23,0.023
2022-06-11T07:00,24.6,10,-9.1,20.7,0.0,0.0,0.0,5.0,13.0,300,319.0,0,1008.2,0.23,2.79,0.023
2022-06-11T08:00,27.3,10,-6.6,23.3,0.0,0.0,0.0,7.4,19.1,337,531.0,0,1007.7,0.41,3.26,0.022
2022-06-11T09:00,29.3,10,-6.0,26.3,0.0,0.0,0.0,7.9,21.6,360,724.0,0,1007.0,0.56,3.68,0.022
2022-06-11T10:00,31.1,8,-7.4,29.1,0.0,0.0,0.0,6.3,22.0,31,877.0,0,1006.2,0.67,4.15,0.022
2022-06-11T11:00,32.4,6,-8.8,31.1,0.0,0.0,0.0,5.6,21.2,63,976.0,0,1005.2,0.74,4.55,0.022
2022-06-11T12:00,33.5,6,-9.7,32.2,0.0,0.0,0.0,6.1,21.2,87,1014.0,0,1003.9,0.79,4.87,0.022
2022-06-11T13:00,34.3,5,-10.8,32.6,0.0,0.0,0.0,6.7,22.3,106,984.0,0,1002.7,0.77,5.13,0.022
2022-06-11T14:00,34.6,5,-11.7,32.3,0.0,0.0,0.0,7.1,22.7,105,891.0,0,1001.7,0.71,5.25,0.022
2022-06-11T15:00,34.1,4,-13.9,31.0,0.0,0.0,0.0,5.0,22.3,60,742.0,0,1001.6,0.56,5.13,0.028
2022-06-11T16:00,34.1,4,-14.2,29.5,0.0,0.0,0.0,7.0,19.4,69,553.0,0,1001.0,0.45,5.13,0.028
2022-06-11T17:00,33.5,4,-14.3,28.8,0.0,0.0,0.0,7.6,19.4,98,341.0,0,1000.9,0.31,4.96,0.028
2022-06-11T18:00,32.6,4,-14.1,27.6,0.0,0.0,0.0,9.8,18.7,118,141.0,0,1000.9,0.22,4.7,0.028
2022-06-11T19:00,30.3,5,-13.7,24.8,0.0,0.0,0.0,13.4,22.3,85,16.0,0,1001.1,0.2,4.1,0.028
2022-06-11T20:00,28.4,5,-13.8,24.1,0.0,0.0,0.0,5.1,22.7,39,0.0,0,1001.8,0.07,3.66,0.028
2022-06-11T21:00,27.1,8,-10.7,23.0,0.0,0.0,0.0,5.2,7.9,25,0.0,0,1003.3,0.07,3.31,0.028
2022-06-11T22:00,26.6,12,-5.1,22.6,0.0,0.0,0.0,8.2,14.4,61,0.0,0,1004.1,0.11,3.06,0.028
2022-06-11T23:00,24.9,16,-2.8,21.4,0.0,0.0,0.0,6.2,14.0,36,0.0,0,1004.4,0.07,2.64,0.027
2022-06-12T00:00,23.2,20,-1.0,19.9,0.0,0.0,0.0,6.9,9.7,62,0.0,0,1004.7,0.07,2.27,0.027
2022-06-12T01:00,22.2,22,-0.4,19.1,0.0,0.0,0.0,6.6,9.7,81,0.0,0,1004.7,0.07,2.08,0.027
2022-06-12T02:00,21.9,23,-0.5,18.6,0.0,0.0,0.0,7.3,11.5,123,0.0,0,1005.2,0.07,2.03,0.027
2022-06-12T03:00,20.7,26,0.5,17.5,0.0,0.0,0.0,7.6,12.2,161,0.0,0,1005.7,0.07,1.81,0.024
2022-06-12T04:00,20.0,29,1.3,17.0,0.0,0.0,0.0,7.4,11.9,157,0.0,0,1006.2,0.06,1.67,0.024
2022-06-12T05:00,19.0,32,2.1,16.0,0.0,0.0,0.0,8.3,11.5,185,11.0,0,1007.0,0.07,1.49,0.024
2022-06-12T06:00,21.6,27,2.0,19.0,0.0,0.0,0.0,5.7,10.8,235,120.0,0,1007.3,0.11,1.87,0.024
2022-06-12T07:00,23.6,24,2.0,21.2,0.0,0.0,0.0,3.8,11.9,197,310.0,0,1007.3,0.21,2.2,0.024
2022-06-12T08:00,25.8,21,1.8,23.3,0.0,0.0,0.0,4.2,14.8,110,518.0,0,1006.5,0.37,2.62,0.024
2022-06-12T09:00,28.2,17,0.7,25.7,0.0,0.0,0.0,9.4,23.4,88,708.0,0,1005.6,0.56,3.18,0.024
2022-06-12T10:00,30.0,14,-0.5,27.5,0.0,0.0,0.0,13.4,31.0,85,860.0,0,1004.5,0.71,3.64,0.024
2022-06-12T11:00,31.6,12,-1.4,29.6,0.0,0.0,0.0,13.0,31.7,87,959.0,0,1003.2,0.79,4.08,0.024
2022-06-12T12:00,32.9,10,-2.5,31.2,0.0,0.0,0.0,12.0,31.7,97,997.0,0,1001.6,0.83,4.49,0.024
2022-06-12T13:00,33.8,9,-3.1,31.7,0.0,0.0,0.0,12.4,30.2,107,969.0,0,1000.4,0.82,4.76,0.024
2022-06-12T14:00,34.6,8,-4.4,31.8,0.0,0.0,0.0,12.8,30.6,101,877.0,4,999.2,0.77,5.04,0.024
2022-06-12T15:00,34.4,8,-4.7,30.9,0.0,0.0,0.0,11.9,31.0,92,731.0,0,999.1,0.65,5.01,0.024
2022-06-12T16:00,34.5,8,-5.0,29.9,0.0,0.0,0.0,12.0,28.4,83,540.0,0,998.2,0.52,5.03,0.024
2022-06-12T17:00,33.8,8,-5.1,29.3,0.0,0.0,0.0,11.9,27.4,87,332.0,0,998.2,0.37,4.84,0.024
2022-06-12T18:00,32.7,9,-4.7,27.8,0.0,0.0,0.0,14.2,26.3,97,131.0,0,998.6,0.28,4.5,0.024
2022-06-12T19:00,30.3,11,-3.3,25.3,0.0,0.0,0.0,16.0,26.6,134,15.0,26,999.3,0.23,3.83,0.024
2022-06-12T20:00,29.7,12,-2.9,24.7,0.0,0.0,0.0,16.8,27.4,121,0.0,1,1000.4,0.23,3.66,0.024
2022-06-12T21:00,28.4,15,-0.5,23.3,0.0,0.0,0.0,19.8,37.8,117,0.0,0,1001.9,0.24,3.27,0.024
2022-06-12T22:00,27.3,17,-0.3,23.5,0.0,0.0,0.0,11.0,34.2,131,0.0,0,1002.7,0.14,3.02,0.024
2022-06-12T23:00,25.3,19,0.2,22.1,0.0,0.0,0.0,6.9,18.4,208,0.0,0,1003.3,0.08,2.6,0.024
2022-06-13T00:00,26.6,17,-0.4,23.6,0.0,0.0,0.0,5.2,9.7,214,0.0,0,1003.1,0.06,2.88,0.024
2022-06-13T01:00,23.6,21,0.1,20.1,0.0,0.0,0.0,9.2,12.2,138,0.0,0,1003.5,0.1,2.3,0.024
2022-06-13T02:00,22.6,23,0.4,19.1,0.0,0.0,0.0,9.3,12.2,164,0.0,0,1003.6,0.1,2.11,0.024
2022-06-13T03:00,21.4,27,1.7,17.8,0.0,0.0,0.0,11.7,12.2,169,0.0,0,1004.0,0.11,1.85,0.024
2022-06-13T04:00,20.6,28,1.6,17.2,0.0,0.0,0.0,10.4,14.8,182,0.0,0,1004.1,0.09,1.73,0.024
2022-06-13T05:00,22.5,25,1.6,19.4,0.0,0.0,0.0,7.9,13.7,177,10.0,0,1004.8,0.09,2.03,0.024
2022-06-13T06:00,23.1,24,1.7,21.0,0.0,0.0,0.0,1.1,10.1,18,119.0,0,1005.7,0.06,2.13,0.024
2022-06-13T07:00,25.4,21,1.4,23.3,0.0,0.0,0.0,1.3,8.6,34,309.0,0,1006.0,0.19,2.57,0.024
2022-06-13T08:00,27.5,18,1.1,25.1,0.0,0.0,0.0,3.3,13.7,96,518.0,0,1005.7,0.37,3.01,0.024
2022-06-13T09:00,29.5,16,0.7,27.9,0.0,0.0,0.0,4.0,16.6,100,709.0,0,1005.1,0.52,3.48,0.024
2022-06-13T10:00,31.4,13,-0.2,31.0,0.0,0.0,0.0,2.2,16.6,99,861.0,0,1004.3,0.63,3.99,0.024
2022-06-13T11:00,33.2,10,-2.1,33.5,0.0,0.0,0.0,0.8,15.8,153,959.0,0,1003.4,0.7,4.56,0.024
2022-06-13T12:00,34.6,8,-3.8,34.9,0.0,0.0,0.0,0.8,14.8,243,997.0,0,1002.4,0.73,5.02,0.023
2022-06-13T13:00,35.4,7,-5.6,35.0,0.0,0.0,0.0,2.2,15.5,279,970.0,0,1001.3,0.73,5.35,0.023
2022-06-13T14:00,36.1,6,-7.4,34.1,0.0,0.0,0.0,6.6,20.5,257,879.0,0,1000.5,0.71,5.61,0.023
2022-06-13T15:00,34.6,6,-7.7,32.1,0.0,0.0,0.0,3.9,24.1,248,734.0,0,1001.4,0.55,5.14,0.02
2022-06-13T16:00,34.9,6,-8.1,31.5,0.0,0.0,0.0,1.9,15.8,202,547.0,0,1000.6,0.38,5.26,0.02
2022-06-13T17:00,34.9,6,-8.8,31.3,0.0,0.0,0.0,3.2,13.0,117,337.0,0,1000.1,0.24,5.28,0.02
2022-06-13T18:00,34.6,5,-9.5,30.7,0.0,0.0,0.0,4.1,12.2,135,139.0,3,1000.0,0.13,5.19,0.02
2022-06-13T19:00,32.0,7,-7.7,28.0,0.0,0.0,0.0,5.9,8.3,256,16.0,0,1001.1,0.09,4.4,0.02
2022-06-13T20:00,30.5,12,-2.1,25.3,0.0,0.0,0.0,18.4,30.2,258,0.0,0,1003.2,0.25,3.83,0.02
2022-06-13T21:00,29.4,13,-1.9,23.3,0.0,0.0,0.0,25.2,43.9,253,0.0,0,1004.3,0.31,3.57,0.02
2022-06-13T22:00,28.5,13,-2.4,22.8,0.0,0.0,0.0,21.5,43.9,256,0.0,0,1005.0,0.27,3.37,0.02
2022-06-13T23:00,27.3,14,-2.2,22.0,0.0,0.0,0.0,19.0,37.4,260,0.0,0,1005.6,0.23,3.1,0.02
2022-06-14T00:00,26.4,16,-1.9,21.3,0.0,0.0,0.0,17.9,33.1,260,0.0,0,1005.7,0.21,2.9,0.02
2022-06-14T01:00,25.3,17,-1.7,20.7,0.0,0.0,0.0,14.9,31.0,262,0.0,0,1005.7,0.17,2.68,0.02
2022-06-14T02:00,24.1,18,-1.6,20.2,0.0,0.0,0.0,10.2,24.8,262,0.0,0,1006.1,0.12,2.45,0.02
2022-06-14T03:00,22.7,21,-0.9,19.5,0.0,0.0,0.0,6.6,16.6,261,0.0,0,1007.3,0.07,2.19,0.019
2022-06-14T04:00,22.6,21,-1.1,19.1,0.0,0.0,0.0,8.2,13.0,241,0.0,0,1007.6,0.09,2.17,0.019
2022-06-14T05:00,22.0,21,-1.2,18.1,0.0,0.0,0.0,10.4,16.6,236,10.0,0,1008.3,0.11,2.07,0.019
2022-06-14T06:00,23.5,20,-1.1,19.5,0.0,0.0,0.0,11.3,18.4,243,118.0,0,1009.1,0.18,2.32,0.019
2022-06-14T07:00,26.3,17,-1.0,22.6,0.0,0.0,0.0,9.9,20.9,251,306.0,0,1009.4,0.29,2.85,0.019
2022-06-14T08:00,29.0,14,-1.1,25.7,0.0,0.0,0.0,7.2,21.6,264,512.0,0,1008.6,0.41,3.44,0.019
2022-06-14T09:00,30.8,12,-1.7,28.6,0.0,0.0,0.0,5.0,19.4,300,702.0,0,1007.9,0.53,3.89,0.019
2022-06-14T10:00,32.2,11,-2.3,31.2,0.0,0.0,0.0,3.4,18.0,288,854.0,0,1007.3,0.64,4.29,0.019
2022-06-14T11:00,33.5,10,-2.4,32.9,0.0,0.0,0.0,4.4,18.0,235,954.0,0,1006.4,0.73,4.65,0.019
2022-06-14T12:00,34.8,8,-3.9,33.8,0.0,0.0,0.0,6.9,22.3,227,992.0,0,1005.5,0.79,5.09,0.019
2022-06-14T13:00,35.7,7,-5.7,34.2,0.0,0.0,0.0,7.4,23.4,231,966.0,0,1004.2,0.78,5.43,0.019
2022-06-14T14:00,36.2,6,-7.5,33.7,0.0,0.0,0.0,9.0,24.5,247,875.0,0,1003.2,0.74,5.64,0.019
2022-06-14T15:00,35.5,5,-8.9,31.9,0.0,0.0,0.0,10.5,24.5,254,732.0,0,1003.3,0.64,5.47,0.019
2022-06-14T16:00,35.8,4,-12.2,31.1,0.0,0.0,0.0,9.2,25.2,225,547.0,0,1002.4,0.49,5.64,0.019
2022-06-14T17:00,37.0,3,-14.0,31.9,0.0,0.0,0.0,10.6,22.7,152,333.0,16,1000.7,0.37,6.05,0.019
2022-06-14T18:00,34.8,4,-11.8,29.3,0.0,0.0,0.0,14.7,24.1,248,140.0,5,1001.6,0.3,5.31,0.019
2022-06-14T19:00,32.4,6,-9.2,26.6,0.0,0.0,0.0,17.9,31.3,240,16.0,0,1003.0,0.27,4.54,0.019
2022-06-14T20:00,30.8,7,-8.6,25.2,0.0,0.0,0.0,16.9,33.5,254,0.0,0,1005.1,0.25,4.11,0.019
2022-06-14T21:00,29.5,8,-8.2,24.1,0.0,0.0,0.0,15.5,28.8,271,0.0,0,1006.0,0.22,3.78,0.019
2022-06-14T22:00,28.3,9,-7.9,23.4,0.0,0.0,0.0,12.3,26.6,267,0.0,0,1006.4,0.17,3.5,0.019
2022-06-14T23:00,26.3,11,-7.1,22.5,0.0,0.0,0.0,5.8,20.2,274,0.0,0,1006.7,0.08,3.06,0.019
2022-06-15T00:00,24.2,13,-5.7,20.2,0.0,0.0,0.0,7.9,10.1,273,0.0,0,1007.1,0.1,2.62,0.019
2022-06-15T01:00,23.9,13,-5.9,20.0,0.0,0.0,0.0,6.4,9.7,243,0.0,0,1007.4,0.08,2.56,0.019
2022-06-15T02:00,22.5,16,-4.5,18.7,0.0,0.0,0.0,7.2,10.8,264,0.0,0,1007.6,0.08,2.28,0.019
2022-06-15T03:00,23.5,15,-4.5,20.2,0.0,0.0,0.0,3.8,9.0,253,0.0,0,1009.2,0.04,2.46,0.019
2022-06-15T04:00,19.5,21,-3.5,15.8,0.0,0.0,0.0,7.6,9.0,262,0.0,0,1009.4,0.07,1.8,0.019
2022-06-15T05:00,19.4,21,-3.8,15.9,0.0,0.0,0.0,5.9,10.1,259,10.0,0,1009.8,0.06,1.78,0.019
2022-06-15T06:00,22.0,18,-3.8,18.1,0.0,0.0,0.0,8.4,13.3,250,120.0,0,1010.2,0.15,2.17,0.019
2022-06-15T07:00,25.7,14,-3.8,22.1,0.0,0.0,0.0,6.2,14.8,249,311.0,0,1010.4,0.25,2.83,0.019
2022-06-15T08:00,28.6,12,-4.1,25.0,0.0,0.0,0.0,6.1,17.3,273,520.0,0,1010.0,0.4,3.46,0.019
2022-06-15T09:00,30.6,11,-3.6,28.0,0.0,0.0,0.0,6.6,19.8,299,710.0,0,1008.9,0.55,3.92,0.019
2022-06-15T10:00,32.3,9,-4.6,30.5,0.0,0.0,0.0,6.7,21.2,286,863.0,0,1008.2,0.68,4.39,0.019
2022-06-15T11:00,33.6,8,-5.9,31.9,0.0,0.0,0.0,8.5,23.8,258,963.0,0,1007.4,0.78,4.81,0.019
2022-06-15T12:00,34.5,7,-7.3,33.1,0.0,0.0,0.0,7.4,24.8,256,1002.0,0,1006.5,0.8,5.11,0.019
2022-06-15T13:00,35.6,6,-8.2,34.5,0.0,0.0,0.0,4.7,23.0,302,975.0,0,1005.0,0.76,5.48,0.019
2022-06-15T14:00,36.4,5,-9.2,34.5,0.0,0.0,0.0,5.6,20.2,333,884.0,0,1003.8,0.7,5.77,0.018
2022-06-15T15:00,36.0,5,-9.2,32.4,0.0,0.0,0.0,10.2,20.2,302,738.0,0,1003.5,0.64,5.64,0.018
2022-06-15T16:00,36.2,4,-10.9,32.2,0.0,0.0,0.0,4.9,23.8,287,552.0,0,1002.5,0.43,5.74,0.018
2022-06-15T17:00,36.2,4,-12.3,31.4,0.0,0.0,0.0,9.4,18.7,270,342.0,0,1001.9,0.35,5.75,0.018
2022-06-15T18:00,34.6,5,-9.6,28.9,0.0,0.0,0.0,16.4,29.5,279,143.0,0,1002.2,0.32,5.19,0.018
2022-06-15T19:00,32.6,6,-8.9,27.1,0.0,0.0,0.0,16.2,28.4,253,17.0,0,1002.9,0.25,4.61,0.018
2022-06-15T20:00,31.4,8,-7.5,24.8,0.0,0.0,0.0,24.0,42.1,257,0.0,0,1004.1,0.34,4.23,0.018
2022-06-15T21:00,30.4,9,-5.9,24.9,0.0,0.0,0.0,17.9,42.5,285,0.0,0,1005.4,0.25,3.94,0.018
2022-06-15T22:00,28.7,11,-4.6,24.1,0.0,0.0,0.0,13.1,30.6,278,0.0,0,1005.8,0.18,3.5,0.018
2022-06-15T23:00,27.3,13,-3.8,23.0,0.0,0.0,0.0,11.0,21.6,259,0.0,0,1006.1,0.15,3.17,0.018
2022-06-16T00:00,25.8,14,-3.7,21.4,0.0,0.0,0.0,12.2,20.2,256,0.0,0,1006.1,0.15,2.86,0.018
2022-06-16T01:00,24.5,15,-3.8,20.4,0.0,0.0,0.0,9.8,20.2,264,0.0,0,1006.3,0.12,2.61,0.018
2022-06-16T02:00,22.6,17,-3.7,19.0,0.0,0.0,0.0,6.6,15.5,283,0.0,0,1006.8,0.07,2.28,0.018
2022-06-16T03:00,20.8,19,-3.7,17.0,0.0,0.0,0.0,7.7,11.2,298,0.0,0,1007.7,0.08,1.99,0.016
2022-06-16T04:00,20.7,16,-6.0,16.7,0.0,0.0,0.0,7.4,11.9,313,0.0,0,1007.8,0.08,2.05,0.016
2022-06-16T05:00,19.8,16,-6.9,15.6,0.0,0.0,0.0,7.9,11.2,317,11.0,0,1008.3,0.09,1.94,0.016
2022-06-16T06:00,22.5,13,-7.4,18.4,0.0,0.0,0.0,6.9,10.4,313,121.0,0,1009.1,0.13,2.37,0.016
2022-06-16T07:00,25.7,11,-7.4,21.8,0.0,0.0,0.0,6.0,14.0,295,314.0,0,1009.5,0.25,2.95,0.016
2022-06-16T08:00,28.7,9,-7.0,24.7,0.0,0.0,0.0,6.6,18.0,338,525.0,0,1008.9,0.41,3.56,0.016
2022-06-16T09:00,30.7,9,-6.1,27.7,0.0,0.0,0.0,7.6,21.2,25,718.0,0,1008.1,0.56,4.03,0.016
2022-06-16T10:00,32.3,8,-6.7,30.3,0.0,0.0,0.0,6.9,22.0,47,871.0,0,1007.3,0.68,4.45,0.016
2022-06-16T11:00,33.6,7,-6.9,32.3,0.0,0.0,0.0,6.0,21.6,65,972.0,0,1006.3,0.76,4.82,0.016
2022-06-16T12:00,34.7,6,-7.4,33.9,0.0,0.0,0.0,4.7,21.2,67,1010.0,0,1005.3,0.78,5.18,0.016
2022-06-16T13:00,35.7,6,-8.1,35.1,0.0,0.0,0.0,2.3,19.8,51,981.0,0,1004.2,0.73,5.51,0.016
2022-06-16T14:00,36.6,5,-9.2,35.5,0.0,0.0,0.0,1.5,16.6,284,889.0,0,1003.0,0.65,5.83,0.016
2022-06-16T15:00,36.8,4,-11.6,33.3,0.0,0.0,0.0,8.6,17.6,248,741.0,0,1002.5,0.63,5.95,0.018
2022-06-16T16:00,36.8,4,-12.1,32.5,0.0,0.0,0.0,6.0,22.3,253,555.0,0,1001.7,0.45,5.95,0.018
2022-06-16T17:00,36.2,4,-12.1,32.2,0.0,0.0,0.0,3.9,17.6,22,344.0,0,1001.5,0.26,5.77,0.018
2022-06-16T18:00,35.3,4,-12.1,30.8,0.0,0.0,0.0,7.4,16.2,61,144.0,0,1001.6,0.19,5.47,0.018
2022-06-16T19:00,33.2,5,-11.9,28.0,0.0,0.0,0.0,11.8,18.4,78,17.0,0,1002.4,0.19,4.83,0.018
2022-06-16T20:00,30.9,6,-11.3,26.6,0.0,0.0,0.0,6.1,20.5,50,0.0,0,1003.5,0.09,4.2,0.018
2022-06-16T21:00,30.2,10,-4.7,25.4,0.0,0.0,0.0,13.8,25.6,49,0.0,0,1005.3,0.2,3.85,0.018
2022-06-16T22:00,28.8,11,-4.2,24.7,0.0,0.0,0.0,9.0,23.4,23,0.0,0,1006.1,0.13,3.5,0.018
2022-06-16T23:00,27.3,14,-2.9,23.2,0.0,0.0,0.0,10.8,17.3,4,0.0,0,1006.8,0.14,3.13,0.018
2022-06-17T00:00,26.2,16,-1.6,21.8,0.0,0.0,0.0,13.8,22.7,20,0.0,0,1006.9,0.17,2.86,0.018
2022-06-17T01:00,25.2,17,-1.5,21.6,0.0,0.0,0.0,8.3,22.7,18,0.0,0,1006.9,0.1,2.65,0.018
2022-06-17T02:00,23.1,20,-0.9,19.8,0.0,0.0,0.0,6.8,13.3,3,0.0,0,1007.2,0.07,2.25,0.018
2022-06-17T03:00,23.4,18,-2.6,19.5,0.0,0.0,0.0,9.4,12.2,358,0.0,0,1008.2,0.11,2.37,0.018
2022-06-17T04:00,23.3,18,-2.6,19.4,0.0,0.0,0.0,9.4,17.3,358,0.0,0,1009.0,0.11,2.35,0.018
2022-06-17T05:00,22.3,21,-1.5,18.6,0.0,0.0,0.0,8.9,16.6,339,10.0,0,1009.8,0.1,2.14,0.018
2022-06-17T06:00,23.5,21,0.1,20.3,0.0,0.0,0.0,7.7,14.0,323,119.0,0,1010.6,0.14,2.28,0.018
2022-06-17T07:00,25.4,23,2.5,22.3,0.0,0.0,0.0,8.9,19.1,339,308.0,0,1010.8,0.27,2.51,0.018
2022-06-17T08:00,27.5,20,2.4,24.8,0.0,0.0,0.0,6.6,20.5,331,517.0,0,1010.4,0.4,2.93,0.018
2022-06-17T09:00,29.4,16,1.3,28.2,0.0,0.0,0.0,2.1,18.7,301,707.0,0,1009.5,0.5,3.43,0.018
2022-06-17T10:00,31.3,13,-0.2,31.0,0.0,0.0,0.0,1.8,14.4,101,859.0,0,1008.7,0.62,3.97,0.018
2022-06-17T11:00,33.0,11,-1.7,32.3,0.0,0.0,0.0,5.8,20.2,86,958.0,0,1007.7,0.75,4.48,0.018
2022-06-17T12:00,34.3,9,-2.5,33.1,0.0,0.0,0.0,9.0,25.6,88,996.0,0,1006.5,0.82,4.9,0.018
2022-06-17T13:00,35.3,9,-2.9,33.6,0.0,0.0,0.0,10.4,27.4,92,968.0,0,1005.4,0.82,5.21,0.018
2022-06-17T14:00,35.8,8,-2.9,33.4,0.0,0.0,0.0,11.5,28.4,92,876.0,0,1004.7,0.76,5.37,0.018
2022-06-17T15:00,35.1,9,-2.1,31.8,0.0,0.0,0.0,13.0,32.0,88,730.0,0,1005.0,0.67,5.13,0.018
2022-06-17T16:00,34.8,10,-1.8,30.1,0.0,0.0,0.0,15.8,32.8,78,542.0,0,1004.6,0.56,5.01,0.018
2022-06-17T17:00,34.0,10,-2.3,29.3,0.0,0.0,0.0,15.2,33.1,68,336.0,0,1004.5,0.42,4.8,0.018
2022-06-17T18:00,33.7,9,-4.0,30.0,0.0,0.0,0.0,7.4,29.9,43,142.0,0,1004.5,0.18,4.78,0.018
2022-06-17T19:00,32.0,10,-3.7,28.1,0.0,0.0,0.0,8.2,14.0,38,17.0,0,1004.7,0.13,4.27,0.017
2022-06-17T20:00,30.3,15,0.6,26.4,0.0,0.0,0.0,12.7,21.6,75,0.0,0,1006.0,0.17,3.68,0.017
2022-06-17T21:00,29.2,17,1.9,25.9,0.0,0.0,0.0,10.0,22.0,103,0.0,0,1006.8,0.13,3.35,0.017
2022-06-17T22:00,28.0,19,2.0,25.0,0.0,0.0,0.0,8.4,16.6,115,0.0,0,1007.3,0.1,3.08,0.017
2022-06-17T23:00,26.7,20,1.8,23.9,0.0,0.0,0.0,6.1,14.0,118,0.0,0,1007.6,0.07,2.8,0.017
2022-06-18T00:00,25.2,22,1.7,22.2,0.0,0.0,0.0,8.0,10.8,144,0.0,0,1007.9,0.09,2.52,0.017
2022-06-18T01:00,23.9,23,1.8,20.6,0.0,0.0,0.0,10.0,12.6,154,0.0,0,1008.3,0.11,2.27,0.017
2022-06-18T02:00,23.0,25,1.7,19.6,0.0,0.0,0.0,10.2,13.3,148,0.0,0,1008.8,0.1,2.11,0.017
2022-06-18T03:00,22.9,24,1.5,19.9,0.0,0.0,0.0,7.6,13.3,149,0.0,0,1009.2,0.08,2.11,0.017
2022-06-18T04:00,21.7,26,1.5,18.7,0.0,0.0,0.0,7.7,11.9,152,0.0,0,1009.6,0.07,1.92,0.017
2022-06-18T05:00,21.2,27,1.4,18.0,0.0,0.0,0.0,8.5,11.9,144,10.0,0,1010.2,0.09,1.84,0.017
2022-06-18T06:00,23.5,23,1.0,20.8,0.0,0.0,0.0,5.2,11.2,155,117.0,0,1010.7,0.11,2.24,0.017
2022-06-18T07:00,25.5,20,0.7,22.7,0.0,0.0,0.0,5.4,13.7,132,305.0,0,1010.9,0.23,2.61,0.017
2022-06-18T08:00,27.7,18,1.1,24.5,0.0,0.0,0.0,8.6,21.2,105,511.0,0,1010.5,0.41,3.05,0.017
2022-06-18T09:00,29.9,16,1.0,27.1,0.0,0.0,0.0,11.5,27.0,92,700.0,0,1009.8,0.58,3.56,0.017
2022-06-18T10:00,31.9,13,0.5,29.9,0.0,0.0,0.0,11.5,28.4,94,851.0,0,1009.0,0.71,4.09,0.017
2022-06-18T11:00,33.7,12,0.1,32.0,0.0,0.0,0.0,12.3,30.2,95,950.0,0,1007.9,0.81,4.6,0.017
2022-06-18T12:00,35.1,11,-0.4,33.6,0.0,0.0,0.0,12.2,30.6,88,988.0,0,1006.7,0.85,5.06,0.017
2022-06-18T13:00,36.4,9,-1.1,34.7,0.0,0.0,0.0,11.5,30.2,92,961.0,0,1005.3,0.83,5.49,0.017
2022-06-18T14:00,37.1,8,-1.9,35.0,0.0,0.0,0.0,10.8,29.2,94,872.0,0,1004.1,0.77,5.78,0.017
2022-06-18T15:00,36.5,9,-1.9,33.5,0.0,0.0,0.0,11.0,27.7,71,729.0,0,1004.1,0.66,5.56,0.019
2022-06-18T16:00,36.4,8,-2.8,32.0,0.0,0.0,0.0,12.4,27.4,64,544.0,0,1003.5,0.54,5.56,0.019
2022-06-18T17:00,35.7,8,-3.8,31.2,0.0,0.0,0.0,12.4,27.4,64,338.0,0,1003.4,0.39,5.38,0.019
2022-06-18T18:00,34.8,8,-4.7,30.2,0.0,0.0,0.0,12.4,25.6,82,142.0,0,1003.3,0.26,5.11,0.019
2022-06-18T19:00,32.9,8,-5.4,28.1,0.0,0.0,0.0,13.0,22.0,96,17.0,0,1003.3,0.21,4.58,0.019
2022-06-18T20:00,31.4,9,-4.9,27.0,0.0,0.0,0.0,11.1,22.0,115,0.0,0,1003.9,0.17,4.17,0.019
2022-06-18T21:00,29.9,14,-1.0,25.1,0.0,0.0,0.0,17.1,30.2,125,0.0,0,1005.8,0.23,3.64,0.019
2022-06-18T22:00,28.9,15,-0.1,24.6,0.0,0.0,0.0,14.6,30.2,123,0.0,0,1006.3,0.19,3.36,0.019
2022-06-18T23:00,27.7,16,-0.1,24.1,0.0,0.0,0.0,9.9,24.8,134,0.0,0,1006.9,0.13,3.11,0.019
2022-06-19T00:00,25.9,19,0.3,22.6,0.0,0.0,0.0,8.1,16.6,135,0.0,0,1007.0,0.1,2.71,0.019
2022-06-19T01:00,24.5,21,0.6,21.4,0.0,0.0,0.0,7.4,12.2,61,0.0,0,1007.3,0.08,2.44,0.019
2022-06-19T02:00,23.7,21,0.3,20.2,0.0,0.0,0.0,9.2,12.2,101,0.0,0,1007.3,0.1,2.3,0.019
2022-06-19T03:00,23.8,22,0.8,20.3,0.0,0.0,0.0,10.0,12.2,111,0.0,0,1007.8,0.11,2.3,0.021
2022-06-19T04:00,24.8,21,0.7,21.5,0.0,0.0,0.0,8.6,13.0,158,0.0,0,1008.5,0.1,2.48,0.021
2022-06-19T05:00,23.2,23,1.0,20.0,0.0,0.0,0.0,8.2,10.8,142,10.0,0,1009.4,0.09,2.18,0.021
2022-06-19T06:00,24.4,21,1.0,21.7,0.0,0.0,0.0,5.2,10.4,124,116.0,0,1010.2,0.11,2.4,0.021
2022-06-19T07:00,27.1,18,0.9,24.2,0.0,0.0,0.0,5.9,14.4,142,303.0,0,1010.4,0.25,2.93,0.021
2022-06-19T08:00,29.4,15,0.5,26.4,0.0,0.0,0.0,6.3,17.3,103,509.0,0,1010.0,0.4,3.46,0.021
2022-06-19T09:00,31.3,13,0.1,28.8,0.0,0.0,0.0,8.8,23.0,99,699.0,0,1009.3,0.57,3.95,0.021
2022-06-19T10:00,33.3,12,-0.1,31.8,0.0,0.0,0.0,7.9,23.4,93,850.0,0,1008.5,0.69,4.49,0.021
2022-06-19T11:00,35.1,10,-0.6,34.0,0.0,0.0,0.0,8.5,24.5,78,950.0,0,1007.2,0.78,5.07,0.021
2022-06-19T12:00,36.6,9,-2.0,35.3,0.0,0.0,0.0,9.7,26.3,63,988.0,0,1005.9,0.84,5.61,0.021
2022-06-19T13:00,37.5,7,-3.3,36.0,0.0,0.0,0.0,8.9,26.6,58,962.0,0,1004.8,0.81,5.95,0.021
2022-06-19T14:00,38.0,7,-4.1,36.2,0.0,0.0,0.0,7.3,25.2,81,873.0,0,1004.0,0.73,6.16,0.02
2022-06-19T15:00,37.8,7,-3.6,34.9,0.0,0.0,0.0,9.1,22.3,97,728.0,1,1003.8,0.64,6.07,0.021
2022-06-19T16:00,37.8,7,-3.7,33.1,0.0,0.0,0.0,14.1,29.9,86,540.0,0,1003.0,0.57,6.07,0.02
2022-06-19T17:00,37.0,7,-3.9,31.6,0.0,0.0,0.0,18.4,35.6,79,334.0,2,1002.6,0.48,5.8,0.02
2022-06-19T18:00,35.8,7,-4.6,30.6,0.0,0.0,0.0,16.8,36.7,75,139.0,4,1002.4,0.33,5.43,0.02
2022-06-19T19:00,34.2,8,-4.5,30.2,0.0,0.0,0.0,8.7,30.2,60,18.0,18,1002.8,0.14,4.93,0.02
2022-06-19T20:00,32.7,12,-0.9,28.4,0.0,0.0,0.0,13.8,24.8,39,0.0,0,1004.2,0.2,4.37,0.02
2022-06-19T21:00,31.4,13,-0.4,27.3,0.0,0.0,0.0,13.0,23.4,46,0.0,4,1005.5,0.18,3.99,0.02
2022-06-19T22:00,29.7,14,-0.7,26.6,0.0,0.0,0.0,5.9,22.3,43,0.0,4,1006.4,0.08,3.59,0.02
2022-06-19T23:00,28.6,16,0.5,25.7,0.0,0.0,0.0,5.4,9.7,8,0.0,10,1006.7,0.07,3.27,0.02
2022-06-20T00:00,29.1,15,-0.1,26.3,0.0,0.0,0.0,4.4,6.8,215,0.0,0,1006.5,0.05,3.42,0.02
2022-06-20T01:00,25.9,18,-0.3,22.9,0.0,0.0,0.0,5.1,6.8,356,0.0,0,1006.9,0.06,2.73,0.02
2022-06-20T02:00,27.0,17,0.0,24.3,0.0,0.0,0.0,3.9,7.6,338,0.0,0,1007.0,0.04,2.95,0.02
2022-06-20T03:00,27.6,16,-0.8,24.1,0.0,0.0,0.0,8.2,13.3,131,0.0,0,1007.7,0.1,3.1,0.027
2022-06-20T04:00,23.4,21,0.0,20.5,0.0,0.0,0.0,5.5,10.4,11,0.0,0,1008.3,0.06,2.27,0.027
2022-06-20T05:00,22.6,23,0.6,19.8,0.0,0.0,0.0,5.2,7.9,335,10.0,0,1008.9,0.05,2.1,0.027
2022-06-20T06:00,24.6,21,0.9,21.5,0.0,0.0,0.0,7.2,10.1,333,115.0,0,1009.4,0.14,2.43,0.027
2022-06-20T07:00,27.8,17,0.6,25.1,0.0,0.0,0.0,4.3,12.6,355,301.0,0,1009.6,0.23,3.09,0.027
2022-06-20T08:00,29.7,15,0.2,27.2,0.0,0.0,0.0,2.7,12.2,203,507.0,0,1009.3,0.36,3.55,0.027
2022-06-20T09:00,31.6,13,0.1,29.9,0.0,0.0,0.0,3.3,15.1,186,696.0,0,1008.6,0.52,4.02,0.027
2022-06-20T10:00,33.5,12,-0.4,33.1,0.0,0.0,0.0,1.3,15.1,124,846.0,0,1007.6,0.62,4.58,0.026
2022-06-20T11:00,35.1,10,-1.0,34.9,0.0,0.0,0.0,3.7,17.6,79,945.0,0,1006.8,0.73,5.09,0.026
2022-06-20T12:00,36.4,9,-1.7,35.7,0.0,0.0,0.0,6.4,21.6,63,982.0,0,1005.5,0.8,5.51,0.026
2022-06-20T13:00,37.4,8,-2.3,35.9,0.0,0.0,0.0,9.4,25.9,47,956.0,0,1004.4,0.82,5.88,0.026
2022-06-20T14:00,38.2,7,-3.8,35.0,0.0,0.0,0.0,14.8,33.8,23,869.0,84,1003.3,0.82,6.22,0.026
2022-06-20T15:00,36.2,8,-3.2,32.7,0.0,0.0,0.0,11.9,40.7,360,699.0,19,1004.0,0.65,5.51,0.026
2022-06-20T16:00,36.2,8,-3.5,31.8,0.0,0.0,0.0,12.3,27.0,3,385.0,3,1003.1,0.46,5.53,0.026
2022-06-20T17:00,35.5,10,-0.6,30.6,0.0,0.0,0.0,18.1,33.8,23,294.0,0,1002.9,0.44,5.18,0.026
2022-06-20T18:00,33.4,14,2.1,27.6,0.0,0.0,0.0,27.6,48.6,29,138.0,1,1003.7,0.43,4.43,0.026
2022-06-20T19:00,31.6,16,2.9,25.9,0.0,0.0,0.0,28.1,51.1,87,17.0,0,1004.8,0.35,3.9,0.026
2022-06-20T20:00,30.9,17,3.1,26.0,0.0,0.0,0.0,22.3,50.0,88,0.0,0,1005.3,0.28,3.7,0.026
2022-06-20T21:00,29.5,19,3.2,25.2,0.0,0.0,0.0,18.4,40.0,90,0.0,0,1006.9,0.22,3.36,0.026
2022-06-20T22:00,28.4,20,3.4,24.6,0.0,0.0,0.0,15.3,32.0,99,0.0,0,1007.4,0.18,3.08,0.026
2022-06-20T23:00,27.1,22,3.5,24.1,0.0,0.0,0.0,9.4,26.6,133,0.0,0,1007.7,0.11,2.79,0.026
2022-06-21T00:00,26.0,24,3.7,23.0,0.0,0.0,0.0,10.5,17.3,142,0.0,0,1007.3,0.12,2.57,0.026
2022-06-21T01:00,25.0,25,3.6,22.0,0.0,0.0,0.0,10.3,18.4,151,0.0,0,1007.4,0.11,2.38,0.026
2022-06-21T02:00,24.0,25,3.0,21.2,0.0,0.0,0.0,7.8,17.6,146,0.0,0,1007.4,0.08,2.22,0.026
2022-06-21T03:00,22.6,28,3.0,19.9,0.0,0.0,0.0,6.8,13.0,122,0.0,0,1007.9,0.06,1.98,0.025
2022-06-21T04:00,21.8,28,2.5,19.1,0.0,0.0,0.0,6.9,10.8,133,0.0,0,1008.3,0.06,1.88,0.025
2022-06-21T05:00,21.0,30,2.8,18.1,0.0,0.0,0.0,8.2,11.9,128,9.0,0,1008.7,0.08,1.74,0.025
2022-06-21T06:00,23.2,25,2.1,20.5,0.0,0.0,0.0,6.6,12.6,135,113.0,0,1008.8,0.12,2.13,0.025
2022-06-21T07:00,25.0,23,2.2,21.9,0.0,0.0,0.0,8.8,19.4,145,297.0,0,1008.7,0.26,2.45,0.025
2022-06-21T08:00,27.0,20,2.1,23.8,0.0,0.0,0.0,9.3,22.7,126,501.0,0,1007.7,0.41,2.84,0.025
2022-06-21T09:00,29.2,17,1.8,26.7,0.0,0.0,0.0,9.7,24.8,117,690.0,0,1006.4,0.56,3.34,0.025
2022-06-21T10:00,31.2,15,1.5,29.6,0.0,0.0,0.0,9.9,26.3,109,840.0,0,1005.0,0.68,3.86,0.025
2022-06-21T11:00,32.9,14,1.4,31.7,0.0,0.0,0.0,10.5,27.4,106,939.0,0,1003.5,0.78,4.33,0.025
2022-06-21T12:00,34.4,12,1.3,33.4,0.0,0.0,0.0,10.3,27.7,102,978.0,0,1002.0,0.82,4.76,0.025
2022-06-21T13:00,35.5,11,0.9,34.3,0.0,0.0,0.0,10.0,27.7,103,952.0,0,1000.4,0.81,5.11,0.025
2022-06-21T14:00,36.1,10,0.2,34.6,0.0,0.0,0.0,8.3,27.4,95,866.0,0,999.1,0.73,5.34,0.025
2022-06-21T15:00,35.2,11,0.1,32.9,0.0,0.0,0.0,8.4,24.1,59,727.0,9,998.7,0.62,5.07,0.019
2022-06-21T16:00,35.2,10,-0.5,31.2,0.0,0.0,0.0,12.2,27.4,56,535.0,1,997.7,0.52,5.09,0.019
2022-06-21T17:00,34.5,11,-0.7,30.0,0.0,0.0,0.0,15.3,31.3,81,335.0,28,997.1,0.42,4.89,0.019
2022-06-21T18:00,33.5,11,-0.6,29.2,0.0,0.0,0.0,14.0,31.0,91,131.0,0,997.1,0.28,4.59,0.019
2022-06-21T19:00,32.4,12,-0.7,28.6,0.0,0.0,0.0,10.3,26.3,115,17.0,5,996.7,0.16,4.27,0.019
2022-06-21T20:00,31.1,13,-0.9,27.3,0.0,0.0,0.0,10.6,19.8,108,0.0,3,997.0,0.15,3.94,0.019
2022-06-21T21:00,29.7,14,-0.7,26.4,0.0,0.0,0.0,7.3,17.3,147,0.0,1,998.1,0.1,3.58,0.019
2022-06-21T22:00,28.7,16,0.1,25.3,0.0,0.0,0.0,8.4,13.3,121,0.0,0,999.0,0.11,3.31,0.019
2022-06-21T23:00,27.5,18,1.2,24.0,0.0,0.0,0.0,10.6,18.0,125,0.0,0,999.0,0.13,3.0,0.019
2022-06-22T00:00,26.4,20,1.4,22.9,0.0,0.0,0.0,10.6,18.0,114,0.0,0,998.6,0.12,2.76,0.019
2022-06-22T01:00,25.3,21,1.5,22.0,0.0,0.0,0.0,9.0,18.0,119,0.0,0,998.3,0.1,2.54,0.019
2022-06-22T02:00,23.2,25,2.1,20.0,0.0,0.0,0.0,9.9,14.4,136,0.0,0,998.1,0.1,2.13,0.019
2022-06-22T03:00,23.5,25,2.1,20.6,0.0,0.0,0.0,7.6,11.9,149,0.0,0,998.7,0.08,2.18,0.022
2022-06-22T04:00,23.0,25,2.1,20.7,0.0,0.0,0.0,3.6,9.0,143,0.0,0,999.1,0.03,2.1,0.022
2022-06-22T05:00,22.0,27,2.1,19.9,0.0,0.0,0.0,1.6,4.3,27,9.0,0,999.5,0.01,1.93,0.022
2022-06-22T06:00,22.5,26,2.2,20.4,0.0,0.0,0.0,2.2,4.3,279,115.0,0,999.8,0.07,2.01,0.022
2022-06-22T07:00,25.6,22,2.1,23.4,0.0,0.0,0.0,2.3,9.7,309,303.0,0,1000.0,0.2,2.56,0.022
2022-06-22T08:00,28.4,18,1.5,26.0,0.0,0.0,0.0,3.1,13.3,339,511.0,0,999.2,0.36,3.18,0.022
2022-06-22T09:00,31.1,14,-0.1,29.5,0.0,0.0,0.0,3.1,15.5,339,703.0,0,998.3,0.51,3.9,0.022
2022-06-22T10:00,33.6,10,-2.5,32.4,0.0,0.0,0.0,4.4,17.3,279,857.0,0,997.1,0.66,4.68,0.022
2022-06-22T11:00,35.5,7,-5.1,34.4,0.0,0.0,0.0,5.8,20.2,277,959.0,0,996.1,0.76,5.36,0.022
2022-06-22T12:00,37.2,6,-6.5,35.1,0.0,0.0,0.0,11.2,27.0,249,997.0,0,994.9,0.86,5.95,0.021
2022-06-22T13:00,38.0,6,-6.3,34.0,0.0,0.0,0.0,20.9,42.1,234,969.0,0,994.0,0.95,6.22,0.021
2022-06-22T14:00,38.1,5,-8.7,32.0,0.0,0.0,0.0,29.8,56.2,235,879.0,7,993.5,0.98,6.32,0.021
2022-06-22T15:00,37.1,4,-13.1,29.1,0.0,0.0,0.0,31.4,56.9,248,544.0,2,994.0,0.8,6.09,0.022
2022-06-22T16:00,36.6,4,-12.4,28.8,0.0,0.0,0.0,29.7,60.5,249,561.0,0,994.1,0.75,5.89,0.022
2022-06-22T17:00,35.4,5,-10.9,27.9,0.0,0.0,0.0,28.6,55.1,256,347.0,0,994.7,0.6,5.47,0.022
2022-06-22T18:00,33.2,6,-10.3,25.6,0.0,0.0,0.0,29.6,53.6,257,147.0,0,996.4,0.48,4.79,0.022
2022-06-22T19:00,31.3,9,-6.0,24.5,0.0,0.0,0.0,26.5,51.8,255,19.0,0,997.9,0.36,4.18,0.022
2022-06-22T20:00,29.9,11,-3.9,23.1,0.0,0.0,0.0,27.8,48.2,251,0.0,0,999.5,0.35,3.75,0.022
2022-06-22T21:00,29.3,12,-3.4,23.6,0.0,0.0,0.0,21.5,50.8,260,0.0,0,1000.8,0.28,3.6,0.022
2022-06-22T22:00,28.3,13,-2.6,23.7,0.0,0.0,0.0,14.8,37.8,273,0.0,0,1001.1,0.19,3.34,0.022
2022-06-22T23:00,26.2,16,-2.0,22.9,0.0,0.0,0.0,5.9,25.2,284,0.0,0,1001.3,0.07,2.87,0.022
2022-06-23T00:00,24.6,18,-1.6,21.2,0.0,0.0,0.0,7.2,10.1,273,0.0,0,1001.2,0.08,2.55,0.022
2022-06-23T01:00,23.4,20,-0.9,19.9,0.0,0.0,0.0,8.7,11.5,275,0.0,0,1001.1,0.09,2.3,0.022
2022-06-23T02:00,22.5,22,-0.6,18.9,0.0,0.0,0.0,9.4,11.9,263,0.0,0,1001.3,0.1,2.14,0.022
2022-06-23T03:00,21.0,24,-0.6,17.5,0.0,0.0,0.0,8.4,11.9,205,0.0,0,1001.9,0.08,1.89,0.028
2022-06-23T04:00,20.7,24,-0.6,17.3,0.0,0.0,0.0,8.0,10.4,207,0.0,0,1002.3,0.08,1.85,0.028
2022-06-23T05:00,21.1,23,-0.7,17.8,0.0,0.0,0.0,7.1,10.8,210,9.0,0,1002.9,0.08,1.92,0.028
2022-06-23T06:00,23.7,20,-0.8,20.1,0.0,0.0,0.0,8.9,13.0,207,115.0,0,1003.5,0.15,2.34,0.028
2022-06-23T07:00,27.0,16,-0.7,23.6,0.0,0.0,0.0,7.5,15.5,197,304.0,0,1003.3,0.26,2.97,0.028
2022-06-23T08:00,30.1,14,-0.4,26.2,0.0,0.0,0.0,11.6,24.1,196,512.0,0,1002.5,0.46,3.66,0.028
2022-06-23T09:00,32.4,9,-3.9,27.9,0.0,0.0,0.0,17.6,35.3,215,704.0,0,1001.8,0.67,4.39,0.028
2022-06-23T10:00,33.8,8,-4.8,29.7,0.0,0.0,0.0,19.2,39.2,232,858.0,0,1001.4,0.8,4.82,0.028
2022-06-23T11:00,35.0,6,-8.4,30.2,0.0,0.0,0.0,24.8,47.9,244,961.0,0,1000.9,0.94,5.3,0.028
2022-06-23T12:00,35.4,7,-6.4,31.4,0.0,0.0,0.0,22.1,51.8,240,1002.0,0,1000.9,0.94,5.35,0.028
2022-06-23T13:00,36.0,5,-9.7,30.4,0.0,0.0,0.0,28.8,56.2,250,973.0,0,1000.4,0.99,5.65,0.028
2022-06-23T14:00,36.1,4,-12.4,29.4,0.0,0.0,0.0,32.0,59.4,256,892.0,0,1000.3,0.97,5.72,0.028
2022-06-23T15:00,34.9,5,-11.3,27.8,0.0,0.0,0.0,31.3,63.4,255,749.0,0,1001.5,0.85,5.33,0.028
2022-06-23T16:00,34.2,4,-12.9,26.3,0.0,0.0,0.0,30.8,58.7,259,559.0,0,1001.6,0.73,5.15,0.028
2022-06-23T17:00,33.1,4,-13.3,25.5,0.0,0.0,0.0,27.6,57.2,253,349.0,0,1002.3,0.56,4.82,0.028
2022-06-23T18:00,31.3,5,-13.8,23.8,0.0,0.0,0.0,26.9,50.8,250,149.0,0,1003.4,0.43,4.35,0.028
2022-06-23T19:00,30.0,5,-13.9,23.8,0.0,0.0,0.0,17.8,46.8,256,19.0,0,1004.5,0.26,4.02,0.028
2022-06-23T20:00,28.5,6,-13.5,23.3,0.0,0.0,0.0,11.9,31.0,265,0.0,0,1005.8,0.18,3.68,0.028
2022-06-23T21:00,26.6,7,-12.7,22.1,0.0,0.0,0.0,6.8,20.2,267,0.0,0,1006.5,0.1,3.24,0.028
2022-06-23T22:00,25.4,8,-11.9,20.9,0.0,0.0,0.0,7.2,11.5,252,0.0,0,1006.3,0.1,2.99,0.028
2022-06-23T23:00,23.7,9,-10.9,19.3,0.0,0.0,0.0,7.1,11.5,255,0.0,0,1006.3,0.09,2.66,0.028
2022-06-24T00:00,22.7,10,-10.5,18.4,0.0,0.0,0.0,6.6,10.4,257,0.0,0,1006.1,0.08,2.48,0.028
2022-06-24T01:00,21.1,12,-9.6,16.9,0.0,0.0,0.0,7.0,10.1,258,0.0,0,1006.4,0.08,2.21,0.028
2022-06-24T02:00,20.6,13,-8.8,16.4,0.0,0.0,0.0,7.0,10.1,249,0.0,0,1006.8,0.08,2.11,0.028
2022-06-24T03:00,18.5,18,-6.3,14.2,0.0,0.0,0.0,9.8,11.2,276,0.0,0,1007.9,0.1,1.75,0.028
2022-06-24T04:00,18.0,18,-6.9,13.9,0.0,0.0,0.0,7.7,11.9,319,0.0,0,1008.8,0.08,1.7,0.028
2022-06-24T05:00,18.9,16,-7.6,15.1,0.0,0.0,0.0,4.7,9.0,293,10.0,0,1009.6,0.05,1.83,0.028
2022-06-24T06:00,19.7,16,-7.2,16.1,0.0,0.0,0.0,3.6,6.1,264,118.0,0,1010.3,0.09,1.93,0.028
2022-06-24T07:00,23.5,13,-6.9,20.3,0.0,0.0,0.0,1.5,7.9,14,310.0,0,1010.5,0.18,2.52,0.028
2022-06-24T08:00,26.3,12,-5.9,22.8,0.0,0.0,0.0,3.6,13.7,360,523.0,0,1009.7,0.36,3.02,0.028
2022-06-24T09:00,28.3,11,-5.3,26.2,0.0,0.0,0.0,2.8,15.1,320,717.0,0,1008.7,0.5,3.43,0.028
2022-06-24T10:00,30.3,10,-5.3,29.1,0.0,0.0,0.0,3.3,16.2,229,871.0,0,1008.0,0.63,3.89,0.028
2022-06-24T11:00,32.1,8,-6.6,30.9,0.0,0.0,0.0,5.6,19.8,230,971.0,0,1006.8,0.74,4.39,0.028
2022-06-24T12:00,33.4,6,-8.2,31.8,0.0,0.0,0.0,8.3,23.8,236,1008.0,0,1005.8,0.8,4.81,0.028
2022-06-24T13:00,34.1,6,-9.4,32.5,0.0,0.0,0.0,6.9,24.5,231,981.0,0,1004.7,0.77,5.05,0.028
2022-06-24T14:00,35.2,4,-12.6,33.4,0.0,0.0,0.0,3.7,22.0,281,893.0,0,1003.3,0.67,5.44,0.028
2022-06-24T15:00,35.6,3,-16.4,30.8,0.0,0.0,0.0,15.1,28.1,258,749.0,0,1003.2,0.7,5.63,0.027
2022-06-24T16:00,34.6,3,-15.6,27.4,0.0,0.0,0.0,24.7,46.4,254,564.0,0,1003.1,0.68,5.3,0.027
2022-06-24T17:00,33.4,3,-18.1,26.3,0.0,0.0,0.0,23.2,47.5,251,353.0,0,1003.3,0.52,5.0,0.027
2022-06-24T18:00,31.8,4,-15.6,24.8,0.0,0.0,0.0,23.2,44.3,242,152.0,0,1004.0,0.4,4.52,0.027
2022-06-24T19:00,30.0,6,-12.3,23.5,0.0,0.0,0.0,20.9,40.7,241,20.0,0,1004.8,0.3,3.99,0.027
2022-06-24T20:00,28.6,6,-11.7,22.2,0.0,0.0,0.0,20.6,37.1,243,0.0,0,1006.0,0.28,3.65,0.027
2022-06-24T21:00,27.4,8,-10.6,21.4,0.0,0.0,0.0,18.2,35.6,245,0.0,0,1006.6,0.24,3.37,0.027
2022-06-24T22:00,26.2,10,-8.4,20.5,0.0,0.0,0.0,17.9,32.0,245,0.0,0,1006.9,0.23,3.08,0.027
2022-06-24T23:00,25.2,12,-6.7,20.0,0.0,0.0,0.0,15.4,30.6,249,0.0,0,1006.9,0.19,2.82,0.027
2022-06-25T00:00,24.2,14,-5.2,19.1,0.0,0.0,0.0,15.5,26.3,252,0.0,0,1007.0,0.18,2.59,0.027
2022-06-25T01:00,23.2,16,-4.0,18.2,0.0,0.0,0.0,16.2,27.4,249,0.0,0,1007.1,0.18,2.39,0.027
2022-06-25T02:00,22.3,18,-3.3,17.6,0.0,0.0,0.0,14.2,27.4,249,0.0,0,1007.7,0.15,2.21,0.027
2022-06-25T03:00,21.3,19,-3.2,17.2,0.0,0.0,0.0,10.5,23.8,254,0.0,0,1008.6,0.11,2.05,0.027
2022-06-25T04:00,20.3,21,-3.0,16.3,0.0,0.0,0.0,9.7,17.3,248,0.0,0,1008.9,0.1,1.89,0.027
2022-06-25T05:00,19.7,22,-2.6,15.8,0.0,0.0,0.0,9.3,15.8,242,9.0,0,1009.4,0.1,1.78,0.027
2022-06-25T06:00,21.3,20,-2.4,17.3,0.0,0.0,0.0,10.7,17.3,237,115.0,0,1009.9,0.16,2.02,0.027
2022-06-25T07:00,24.3,17,-2.4,20.3,0.0,0.0,0.0,10.5,21.6,243,303.0,0,1010.1,0.28,2.52,0.027
2022-06-25T08:00,27.3,14,-2.9,23.3,0.0,0.0,0.0,9.4,22.3,263,513.0,0,1009.2,0.42,3.12,0.027
2022-06-25T09:00,29.7,12,-2.8,27.0,0.0,0.0,0.0,7.4,22.3,293,705.0,0,1008.0,0.55,3.67,0.027
2022-06-25T10:00,31.5,10,-4.2,30.6,0.0,0.0,0.0,2.2,20.9,279,858.0,0,1007.1,0.62,4.17,0.027
2022-06-25T11:00,32.8,8,-5.6,32.3,0.0,0.0,0.0,2.5,16.2,172,960.0,0,1006.0,0.71,4.57,0.027
2022-06-25T12:00,33.8,7,-7.6,33.1,0.0,0.0,0.0,3.7,18.0,191,1000.0,0,1004.9,0.76,4.92,0.027
2022-06-25T13:00,34.5,6,-9.0,33.5,0.0,0.0,0.0,4.1,18.7,232,975.0,0,1003.9,0.74,5.16,0.027
2022-06-25T14:00,35.1,5,-10.0,33.2,0.0,0.0,0.0,5.0,18.7,270,887.0,0,1002.9,0.69,5.37,0.027
2022-06-25T15:00,34.8,5,-11.3,31.4,0.0,0.0,0.0,8.5,22.7,258,744.0,0,1003.4,0.62,5.3,0.025
2022-06-25T16:00,34.9,4,-13.6,29.5,0.0,0.0,0.0,12.7,27.4,263,558.0,0,1002.4,0.54,5.36,0.025
2022-06-25T17:00,34.4,4,-13.8,28.9,0.0,0.0,0.0,13.8,28.8,264,350.0,0,1002.1,0.41,5.23,0.025
2022-06-25T18:00,33.7,4,-14.9,28.9,0.0,0.0,0.0,8.4,27.0,227,150.0,0,1001.8,0.2,5.04,0.025
2022-06-25T19:00,31.5,5,-13.7,26.7,0.0,0.0,0.0,8.7,14.4,173,20.0,0,1001.9,0.14,4.41,0.025
2022-06-25T20:00,29.2,7,-10.2,24.6,0.0,0.0,0.0,8.6,14.4,195,0.0,0,1002.7,0.13,3.76,0.025
2022-06-25T21:00,29.5,6,-11.6,25.7,0.0,0.0,0.0,2.9,10.1,300,0.0,0,1003.1,0.04,3.86,0.025
2022-06-25T22:00,27.8,6,-13.0,23.1,0.0,0.0,0.0,8.3,11.9,275,0.0,0,1003.7,0.12,3.5,0.025
2022-06-25T23:00,26.8,7,-12.2,21.5,0.0,0.0,0.0,12.7,20.9,262,0.0,0,1003.3,0.18,3.27,0.025
2022-06-26T00:00,26.0,8,-10.7,20.8,0.0,0.0,0.0,12.8,22.0,259,0.0,0,1003.1,0.17,3.09,0.025
2022-06-26T01:00,25.0,10,-8.8,20.0,0.0,0.0,0.0,12.4,21.2,262,0.0,0,1003.2,0.16,2.85,0.025
2022-06-26T02:00,23.8,13,-6.1,19.0,0.0,0.0,0.0,12.7,20.9,245,0.0,0,1003.5,0.15,2.56,0.025
2022-06-26T03:00,22.0,15,-5.6,17.5,0.0,0.0,0.0,10.8,20.5,233,0.0,0,1004.1,0.12,2.23,0.024
2022-06-26T04:00,20.3,18,-4.7,16.6,0.0,0.0,0.0,6.2,17.6,260,0.0,0,1004.6,0.06,1.95,0.024
2022-06-26T05:00,20.1,19,-4.2,16.5,0.0,0.0,0.0,6.0,9.4,253,9.0,0,1005.7,0.06,1.9,0.024
2022-06-26T06:00,22.0,18,-3.6,18.4,0.0,0.0,0.0,7.0,11.9,249,112.0,0,1006.7,0.13,2.18,0.024
2022-06-26T07:00,25.6,15,-3.2,22.8,0.0,0.0,0.0,1.6,11.9,207,298.0,0,1007.0,0.18,2.8,0.024
2022-06-26T08:00,28.8,12,-3.1,26.1,0.0,0.0,0.0,0.8,9.7,297,504.0,0,1006.2,0.33,3.47,0.024
2022-06-26T09:00,31.8,10,-3.2,29.9,0.0,0.0,0.0,1.8,12.2,101,694.0,0,1005.1,0.49,4.22,0.024
2022-06-26T10:00,34.8,8,-4.2,32.9,0.0,0.0,0.0,6.4,20.5,153,847.0,0,1003.6,0.68,5.1,0.024
2022-06-26T11:00,36.9,6,-6.9,35.1,0.0,0.0,0.0,8.2,22.0,221,949.0,83,1002.0,0.79,5.86,0.024
2022-06-26T12:00,37.5,6,-6.5,32.2,0.0,0.0,0.0,23.7,44.3,244,793.0,90,1000.8,0.88,6.07,0.024
2022-06-26T13:00,36.4,7,-4.6,30.4,0.0,0.0,0.0,23.4,51.8,256,581.0,10,1000.7,0.74,5.64,0.023
2022-06-26T14:00,38.3,6,-6.5,34.8,0.0,0.0,0.0,15.5,45.4,248,877.0,100,999.6,0.83,6.36,0.023
2022-06-26T15:00,37.7,6,-7.1,32.3,0.0,0.0,0.0,16.1,37.4,246,455.0,97,999.5,0.58,6.16,0.023
2022-06-26T16:00,37.0,6,-6.3,31.5,0.0,0.0,0.0,17.6,34.2,242,401.0,96,999.2,0.54,5.89,0.023
2022-06-26T17:00,36.2,7,-6.0,30.7,0.0,0.0,0.0,17.9,34.6,242,249.0,84,999.2,0.44,5.6,0.023
2022-06-26T18:00,34.7,8,-5.2,29.1,0.0,0.0,0.0,19.1,34.6,271,114.0,20,999.6,0.36,5.11,0.023
2022-06-26T19:00,32.5,9,-4.3,26.7,0.0,0.0,0.0,20.9,36.7,294,18.0,0,1000.6,0.31,4.43,0.023
2022-06-26T20:00,31.3,10,-3.9,26.0,0.0,0.0,0.0,18.5,37.1,291,0.0,0,1001.4,0.26,4.11,0.023
2022-06-26T21:00,30.2,11,-3.3,25.8,0.0,0.0,0.0,12.4,32.0,280,0.0,0,1002.2,0.18,3.81,0.023
2022-06-26T22:00,28.2,13,-2.5,24.8,0.0,0.0,0.0,6.1,20.9,273,0.0,0,1002.8,0.08,3.31,0.023
2022-06-26T23:00,28.3,14,-2.0,25.1,0.0,0.0,0.0,5.4,11.2,233,0.0,0,1003.1,0.07,3.32,0.023
2022-06-27T00:00,25.5,17,-1.3,22.2,0.0,0.0,0.0,6.6,7.9,225,0.0,0,1003.1,0.08,2.71,0.023
2022-06-27T01:00,24.1,19,-0.9,20.7,0.0,0.0,0.0,7.2,9.0,252,0.0,0,1003.1,0.08,2.42,0.023
2022-06-27T02:00,22.9,20,-1.3,19.7,0.0,0.0,0.0,6.4,10.1,254,0.0,0,1003.3,0.07,2.24,0.023
2022-06-27T03:00,21.6,22,-1.2,18.3,0.0,0.0,0.0,6.7,11.2,254,0.0,0,1003.4,0.07,2.01,0.022
2022-06-27T04:00,20.6,23,-1.2,17.1,0.0,0.0,0.0,8.0,13.0,260,0.0,0,1003.5,0.08,1.86,0.022
2022-06-27T05:00,20.0,24,-1.0,16.8,0.0,0.0,0.0,6.0,12.6,253,9.0,0,1004.4,0.06,1.77,0.022
2022-06-27T06:00,22.2,22,-0.8,18.9,0.0,0.0,0.0,6.6,11.2,225,112.0,0,1005.5,0.12,2.09,0.022
2022-06-27T07:00,25.3,18,-0.7,22.4,0.0,0.0,0.0,4.6,12.6,231,299.0,0,1006.0,0.22,2.63,0.022
2022-06-27T08:00,28.7,15,-1.0,25.6,0.0,0.0,0.0,5.2,15.8,258,507.0,0,1005.2,0.38,3.36,0.022
2022-06-27T09:00,31.4,12,-1.7,29.6,0.0,0.0,0.0,2.4,16.6,297,699.0,0,1004.4,0.5,4.04,0.022
2022-06-27T10:00,33.4,10,-2.3,32.5,0.0,0.0,0.0,2.9,15.5,83,853.0,0,1003.5,0.64,4.63,0.022
2022-06-27T11:00,35.3,8,-3.4,34.4,0.0,0.0,0.0,5.9,20.2,133,954.0,0,1002.6,0.76,5.24,0.022
2022-06-27T12:00,36.8,7,-5.0,35.2,0.0,0.0,0.0,9.4,25.6,140,993.0,0,1001.5,0.84,5.78,0.022
2022-06-27T13:00,37.7,6,-5.2,35.3,0.0,0.0,0.0,12.5,30.2,131,966.0,0,1000.4,0.86,6.08,0.022
2022-06-27T14:00,37.9,6,-5.2,35.4,0.0,0.0,0.0,10.8,30.6,120,876.0,0,999.8,0.77,6.17,0.022
2022-06-27T15:00,37.4,6,-5.4,34.9,0.0,0.0,0.0,5.4,27.7,98,732.0,0,999.5,0.59,6.0,0.026
2022-06-27T16:00,37.5,6,-5.6,33.6,0.0,0.0,0.0,7.4,20.2,67,547.0,0,999.0,0.48,6.05,0.026
2022-06-27T17:00,36.8,6,-5.7,32.4,0.0,0.0,0.0,10.3,23.0,61,341.0,0,998.9,0.37,5.81,0.026
2022-06-27T18:00,35.9,7,-5.6,31.7,0.0,0.0,0.0,9.2,23.0,69,146.0,0,999.1,0.22,5.49,0.026
2022-06-27T19:00,34.1,8,-5.4,30.0,0.0,0.0,0.0,8.6,17.6,90,19.0,0,999.4,0.14,4.94,0.026
2022-06-27T20:00,32.7,8,-5.2,28.8,0.0,0.0,0.0,7.3,14.4,81,0.0,0,1000.1,0.11,4.53,0.026
2022-06-27T21:00,30.7,11,-3.5,26.7,0.0,0.0,0.0,9.2,12.2,21,0.0,0,1000.6,0.13,3.94,0.026
2022-06-27T22:00,29.9,10,-5.6,24.7,0.0,0.0,0.0,15.5,23.0,265,0.0,0,1001.5,0.22,3.8,0.026
2022-06-27T23:00,29.9,8,-7.4,24.9,0.0,0.0,0.0,13.3,29.2,268,0.0,0,1001.3,0.19,3.87,0.026
2022-06-28T00:00,28.1,10,-6.9,24.0,0.0,0.0,0.0,7.6,22.0,251,0.0,0,1001.5,0.11,3.44,0.026
2022-06-28T01:00,26.3,12,-6.0,22.2,0.0,0.0,0.0,7.9,12.2,357,0.0,0,1002.8,0.1,3.02,0.026
2022-06-28T02:00,24.5,12,-6.6,20.1,0.0,0.0,0.0,9.7,11.5,266,0.0,0,1002.7,0.12,2.69,0.026
2022-06-28T03:00,24.8,12,-6.9,20.1,0.0,0.0,0.0,11.6,16.6,244,0.0,0,1003.2,0.15,2.76,0.032
2022-06-28T04:00,23.3,13,-6.9,18.6,0.0,0.0,0.0,11.3,20.9,253,0.0,0,1003.0,0.14,2.49,0.032
2022-06-28T05:00,22.1,13,-7.6,18.1,0.0,0.0,0.0,6.3,18.0,246,8.0,0,1003.7,0.08,2.31,0.032
2022-06-28T06:00,24.2,12,-6.6,20.1,0.0,0.0,0.0,7.7,11.9,221,110.0,0,1004.8,0.14,2.64,0.032
2022-06-28T07:00,27.2,12,-5.3,23.4,0.0,0.0,0.0,6.6,15.1,225,297.0,0,1004.9,0.25,3.18,0.032
2022-06-28T08:00,30.6,9,-6.2,27.0,0.0,0.0,0.0,4.5,15.8,256,505.0,0,1004.3,0.38,3.99,0.032
2022-06-28T09:00,33.4,7,-6.4,30.9,0.0,0.0,0.0,3.5,16.2,294,696.0,0,1003.4,0.52,4.75,0.032
2022-06-28T10:00,35.8,6,-6.7,34.7,0.0,0.0,0.0,1.1,15.5,270,850.0,0,1002.7,0.62,5.5,0.032
2022-06-28T11:00,37.4,6,-6.8,37.0,0.0,0.0,0.0,1.3,14.4,146,951.0,0,1001.8,0.71,6.04,0.032
2022-06-28T12:00,38.8,5,-6.6,38.2,0.0,0.0,0.0,3.1,16.9,201,989.0,0,1000.7,0.77,6.53,0.032
2022-06-28T13:00,39.7,5,-6.7,38.7,0.0,0.0,0.0,4.5,18.4,194,963.0,0,999.6,0.77,6.89,0.032
2022-06-28T14:00,40.2,5,-7.1,38.1,0.0,0.0,0.0,7.2,21.2,186,876.0,1,998.6,0.74,7.07,0.032
2022-06-28T15:00,39.9,5,-6.4,36.4,0.0,0.0,0.0,10.7,28.1,192,724.0,71,999.0,0.67,6.96,0.031
2022-06-28T16:00,38.6,6,-5.4,33.6,0.0,0.0,0.0,14.8,29.5,206,374.0,23,998.8,0.5,6.41,0.031
2022-06-28T17:00,38.1,6,-5.8,33.7,0.0,0.0,0.0,10.4,29.5,226,292.0,23,998.6,0.36,6.24,0.031
2022-06-28T18:00,38.2,5,-7.1,34.6,0.0,0.0,0.0,4.0,20.2,355,115.0,59,998.0,0.13,6.34,0.031
2022-06-28T19:00,36.2,6,-6.5,31.2,0.0,0.0,0.0,14.1,22.7,58,15.0,44,998.5,0.25,5.63,0.031
2022-06-28T20:00,34.4,7,-6.9,29.6,0.0,0.0,0.0,12.4,27.0,68,0.0,7,999.4,0.2,5.07,0.031
2022-06-28T21:00,33.5,7,-6.5,29.6,0.0,0.0,0.0,6.1,20.9,135,0.0,2,1000.7,0.09,4.78,0.031
2022-06-28T22:00,31.9,9,-5.4,26.4,0.0,0.0,0.0,18.1,27.4,235,0.0,10,1001.3,0.26,4.31,0.031
2022-06-28T23:00,32.0,9,-5.1,26.7,0.0,0.0,0.0,16.6,29.5,271,0.0,0,1000.6,0.24,4.32,0.031
2022-06-29T00:00,30.5,9,-6.3,26.3,0.0,0.0,0.0,8.7,28.1,308,0.0,0,1001.1,0.13,3.98,0.031
2022-06-29T01:00,28.5,9,-7.8,24.3,0.0,0.0,0.0,7.4,13.7,293,0.0,0,1001.2,0.11,3.54,0.031
2022-06-29T02:00,26.6,10,-7.6,22.5,0.0,0.0,0.0,7.4,11.5,241,0.0,0,1001.9,0.1,3.14,0.031
2022-06-29T03:00,24.3,14,-4.8,19.9,0.0,0.0,0.0,11.3,12.2,261,0.0,0,1002.1,0.14,2.61,0.033
2022-06-29T04:00,23.6,16,-4.1,19.8,0.0,0.0,0.0,7.4,14.0,219,0.0,0,1002.8,0.09,2.45,0.033
2022-06-29T05:00,22.5,17,-4.0,18.8,0.0,0.0,0.0,6.9,9.4,227,8.0,0,1003.6,0.08,2.26,0.033
2022-06-29T06:00,25.1,14,-4.4,21.3,0.0,0.0,0.0,7.6,11.9,251,109.0,0,1004.2,0.15,2.74,0.033
2022-06-29T07:00,28.5,10,-5.5,24.7,0.0,0.0,0.0,6.5,14.4,270,295.0,0,1004.6,0.25,3.49,0.032
2022-06-29T08:00,31.5,8,-7.6,27.6,0.0,0.0,0.0,6.0,17.3,287,502.0,0,1003.9,0.4,4.28,0.032
2022-06-29T09:00,33.9,7,-7.2,31.4,0.0,0.0,0.0,2.7,16.9,293,693.0,0,1003.0,0.51,4.93,0.032
2022-06-29T10:00,36.1,6,-7.0,34.9,0.0,0.0,0.0,1.1,14.4,90,847.0,0,1002.1,0.61,5.6,0.032
2022-06-29T11:00,37.8,6,-6.7,37.2,0.0,0.0,0.0,1.9,15.5,112,947.0,0,1001.3,0.71,6.18,0.032
2022-06-29T12:00,39.1,5,-6.3,38.5,0.0,0.0,0.0,3.7,17.6,101,987.0,0,1000.3,0.78,6.65,0.032
2022-06-29T13:00,40.1,5,-6.7,38.5,0.0,0.0,0.0,7.5,22.7,55,961.0,11,999.1,0.81,7.02,0.032
2022-06-29T14:00,41.5,4,-8.4,38.2,0.0,0.0,0.0,13.2,30.2,26,872.0,89,997.5,0.83,7.64,0.032
2022-06-29T15:00,39.7,5,-6.2,34.9,0.0,0.0,0.0,17.2,42.5,33,678.0,87,998.0,0.73,6.87,0.032
2022-06-29T16:00,40.2,5,-7.8,35.1,0.0,0.0,0.0,14.1,34.6,71,511.0,9,997.0,0.57,7.11,0.032
2022-06-29T17:00,38.9,5,-7.2,33.4,0.0,0.0,0.0,16.6,31.7,124,319.0,4,997.2,0.47,6.58,0.032
2022-06-29T18:00,37.8,5,-7.3,32.4,0.0,0.0,0.0,16.1,33.1,129,135.0,0,997.3,0.34,6.18,0.032
2022-06-29T19:00,35.7,6,-8.0,31.1,0.0,0.0,0.0,10.3,27.7,119,19.0,0,997.4,0.18,5.49,0.032
2022-06-29T20:00,33.6,7,-7.5,29.7,0.0,0.0,0.0,5.9,16.9,43,0.0,0,998.1,0.09,4.85,0.032
2022-06-29T21:00,32.6,7,-7.4,28.5,0.0,0.0,0.0,7.0,10.8,35,0.0,0,998.9,0.11,4.55,0.032
2022-06-29T22:00,30.1,9,-5.6,26.1,0.0,0.0,0.0,8.2,12.2,52,0.0,0,1000.1,0.12,3.86,0.032
2022-06-29T23:00,30.3,8,-7.1,25.9,0.0,0.0,0.0,9.0,13.3,119,0.0,0,1000.4,0.13,3.94,0.032
2022-06-30T00:00,29.7,9,-7.1,24.9,0.0,0.0,0.0,11.7,19.4,137,0.0,0,1000.5,0.17,3.8,0.032
2022-06-30T01:00,27.7,10,-6.7,23.6,0.0,0.0,0.0,7.9,19.4,183,0.0,0,1000.9,0.11,3.34,0.032
2022-06-30T02:00,28.0,10,-6.2,24.5,0.0,0.0,0.0,4.0,13.3,275,0.0,0,1001.0,0.05,3.4,0.032
2022-06-30T03:00,29.4,9,-7.1,25.9,0.0,0.0,0.0,3.3,5.8,347,0.0,0,1000.9,0.04,3.74,0.032
2022-06-30T04:00,24.2,12,-6.5,19.7,0.0,0.0,0.0,10.8,13.7,53,0.0,0,1000.8,0.13,2.64,0.032
2022-06-30T05:00,24.1,12,-7.1,19.8,0.0,0.0,0.0,8.7,14.0,48,8.0,0,1002.2,0.11,2.64,0.032
2022-06-30T06:00,25.8,11,-7.1,22.0,0.0,0.0,0.0,4.8,13.3,103,108.0,0,1003.0,0.11,2.95,0.032
2022-06-30T07:00,29.0,9,-7.5,25.5,0.0,0.0,0.0,2.6,10.4,74,295.0,0,1003.4,0.2,3.65,0.032
2022-06-30T08:00,32.3,7,-8.1,28.2,0.0,0.0,0.0,7.2,17.3,90,502.0,0,1002.9,0.42,4.5,0.032
2022-06-30T09:00,35.3,6,-8.6,31.2,0.0,0.0,0.0,12.2,27.4,114,694.0,0,1002.1,0.63,5.4,0.032
2022-06-30T10:00,37.2,5,-9.5,33.9,0.0,0.0,0.0,12.1,28.4,120,849.0,0,1001.3,0.76,6.05,0.032
2022-06-30T11:00,38.6,4,-9.2,35.6,0.0,0.0,0.0,13.2,31.3,119,950.0,0,1000.7,0.86,6.52,0.032
2022-06-30T12:00,39.4,4,-8.6,36.4,0.0,0.0,0.0,15.1,34.2,115,990.0,0,999.7,0.92,6.82,0.032
2022-06-30T13:00,40.0,4,-8.3,36.7,0.0,0.0,0.0,16.0,35.6,113,964.0,0,998.8,0.92,7.05,0.032
2022-06-30T14:00,40.3,4,-8.1,36.3,0.0,0.0,0.0,17.1,36.7,105,876.0,0,997.9,0.87,7.14,0.032
2022-06-30T15:00,39.6,4,-8.7,35.0,0.0,0.0,0.0,16.0,38.9,98,733.0,0,997.9,0.74,6.88,0.03
2022-06-30T16:00,39.2,4,-8.7,34.0,0.0,0.0,0.0,14.4,33.8,91,550.0,0,997.6,0.59,6.75,0.03
2022-06-30T17:00,38.5,5,-8.7,33.7,0.0,0.0,0.0,11.2,29.9,90,343.0,0,997.4,0.39,6.47,0.03
2022-06-30T18:00,37.2,5,-8.9,31.9,0.0,0.0,0.0,14.1,24.5,96,146.0,0,997.6,0.31,6.01,0.03
2022-06-30T19:00,35.0,6,-8.4,28.9,0.0,0.0,0.0,20.4,34.6,126,19.0,0,998.2,0.33,5.28,0.03
2022-06-30T20:00,33.7,7,-6.8,27.1,0.0,0.0,0.0,24.8,43.2,123,0.0,0,999.3,0.36,4.86,0.03
2022-06-30T21:00,32.8,8,-6.0,26.5,0.0,0.0,0.0,23.4,45.0,121,0.0,0,1000.1,0.34,4.57,0.03
2022-06-30T22:00,31.7,9,-5.0,26.0,0.0,0.0,0.0,20.3,41.0,120,0.0,0,1000.6,0.29,4.25,0.03
2022-06-30T23:00,30.5,10,-4.3,25.7,0.0,0.0,0.0,14.3,35.3,131,0.0,0,1001.1,0.2,3.92,0.03
2022-07-01T00:00,28.6,12,-3.8,25.0,0.0,0.0,0.0,6.6,24.8,151,0.0,0,1001.5,0.09,3.45,0.03
2022-07-01T01:00,29.6,11,-4.0,26.3,0.0,0.0,0.0,4.2,12.6,200,0.0,0,1001.9,0.05,3.68,0.03
2022-07-01T02:00,29.4,11,-3.8,26.2,0.0,0.0,0.0,3.9,6.1,202,0.0,0,1001.8,0.05,3.64,0.03
2022-07-01T03:00,28.5,12,-3.4,24.8,0.0,0.0,0.0,7.7,6.8,127,0.0,0,1002.0,0.1,3.41,0.031
2022-07-01T04:00,25.6,15,-2.6,21.7,0.0,0.0,0.0,9.4,11.9,94,0.0,0,1002.5,0.12,2.78,0.031
2022-07-01T05:00,23.8,17,-2.7,20.2,0.0,0.0,0.0,7.3,13.7,57,7.0,0,1003.2,0.09,2.45,0.031
2022-07-01T06:00,25.0,16,-2.6,21.7,0.0,0.0,0.0,5.4,11.5,48,107.0,0,1003.8,0.11,2.66,0.031
2022-07-01T07:00,28.1,13,-2.9,25.1,0.0,0.0,0.0,2.9,10.1,30,291.0,0,1003.9,0.2,3.31,0.031
2022-07-01T08:00,31.0,11,-2.9,28.0,0.0,0.0,0.0,3.1,13.3,45,498.0,0,1003.3,0.36,3.99,0.031
2022-07-01T09:00,33.6,10,-2.9,31.3,0.0,0.0,0.0,4.7,16.6,99,689.0,0,1002.4,0.53,4.71,0.031
2022-07-01T10:00,36.2,8,-3.7,34.1,0.0,0.0,0.0,8.3,22.7,108,843.0,0,1001.3,0.71,5.54,0.031
2022-07-01T11:00,38.2,6,-4.8,35.8,0.0,0.0,0.0,12.4,29.2,107,945.0,0,1000.2,0.85,6.27,0.031
2022-07-01T12:00,39.4,6,-5.2,36.5,0.0,0.0,0.0,16.0,35.3,104,986.0,0,999.1,0.93,6.71,0.031
2022-07-01T13:00,40.1,5,-5.5,36.9,0.0,0.0,0.0,17.2,37.4,100,961.0,0,997.9,0.93,7.01,0.031
2022-07-01T14:00,40.4,5,-5.9,36.4,0.0,0.0,0.0,18.4,38.9,94,874.0,0,997.0,0.88,7.12,0.031
2022-07-01T15:00,39.8,5,-5.9,35.0,0.0,0.0,0.0,19.1,41.8,88,732.0,0,996.8,0.78,6.9,0.031
2022-07-01T16:00,39.2,6,-6.1,33.4,0.0,0.0,0.0,20.1,39.6,81,547.0,0,996.3,0.66,6.68,0.031
2022-07-01T17:00,38.5,6,-6.5,33.2,0.0,0.0,0.0,16.5,39.2,80,341.0,0,996.3,0.47,6.43,0.031
2022-07-01T18:00,37.8,6,-6.5,33.5,0.0,0.0,0.0,9.3,31.0,103,146.0,0,996.1,0.23,6.16,0.031
2022-07-01T19:00,35.5,7,-6.1,31.2,0.0,0.0,0.0,9.3,15.8,103,19.0,0,996.5,0.16,5.38,0.031
2022-07-01T20:00,34.0,8,-4.2,28.6,0.0,0.0,0.0,18.6,32.8,122,0.0,0,997.8,0.28,4.87,0.031
2022-07-01T21:00,33.1,9,-3.9,27.5,0.0,0.0,0.0,20.1,34.6,123,0.0,0,998.5,0.29,4.58,0.031
2022-07-01T22:00,31.9,10,-3.0,26.9,0.0,0.0,0.0,17.0,35.6,122,0.0,0,999.1,0.24,4.24,0.031
2022-07-01T23:00,30.5,12,-2.5,26.7,0.0,0.0,0.0,9.0,29.5,127,0.0,0,999.5,0.13,3.84,0.031
2022-07-02T00:00,29.0,14,-1.4,25.5,0.0,0.0,0.0,8.0,14.8,162,0.0,0,999.5,0.11,3.44,0.031
2022-07-02T01:00,28.6,14,-1.4,25.1,0.0,0.0,0.0,7.6,10.4,205,0.0,0,999.4,0.1,3.35,0.031
2022-07-02T02:00,29.8,13,-1.6,26.6,0.0,0.0,0.0,5.5,9.7,203,0.0,0,999.3,0.07,3.64,0.031
2022-07-02T03:00,27.8,16,-0.3,24.5,0.0,0.0,0.0,7.6,7.2,188,0.0,0,999.9,0.1,3.13,0.032
2022-07-02T04:00,27.4,17,-0.2,24.4,0.0,0.0,0.0,5.9,10.1,52,0.0,0,1000.2,0.07,3.05,0.032
2022-07-02T05:00,23.1,22,0.1,20.2,0.0,0.0,0.0,5.7,11.2,35,7.0,0,1001.0,0.07,2.21,0.032
2022-07-02T06:00,24.7,20,0.0,22.0,0.0,0.0,0.0,4.0,8.6,27,105.0,0,1001.4,0.1,2.5,0.032
2022-07-02T07:00,28.4,16,-0.1,26.0,0.0,0.0,0.0,1.5,7.6,45,289.0,0,1001.5,0.19,3.26,0.032
2022-07-02T08:00,31.4,13,-0.8,28.5,0.0,0.0,0.0,4.1,14.0,52,494.0,0,1000.6,0.37,4.0,0.032
2022-07-02T09:00,33.8,11,-1.0,31.6,0.0,0.0,0.0,5.4,17.6,82,685.0,0,999.7,0.54,4.69,0.032
2022-07-02T10:00,36.2,9,-1.8,34.8,0.0,0.0,0.0,5.8,19.8,97,839.0,0,998.5,0.68,5.47,0.032
2022-07-02T11:00,38.4,7,-2.7,37.1,0.0,0.0,0.0,7.4,22.0,104,941.0,0,997.3,0.79,6.25,0.032
2022-07-02T12:00,40.0,6,-3.5,38.4,0.0,0.0,0.0,9.7,25.9,105,982.0,0,995.8,0.86,6.88,0.032
2022-07-02T13:00,41.0,6,-4.3,39.0,0.0,0.0,0.0,11.1,28.1,103,958.0,0,994.5,0.87,7.33,0.032
2022-07-02T14:00,41.4,5,-4.9,38.7,0.0,0.0,0.0,11.3,28.4,99,871.0,0,993.6,0.8,7.5,0.032
2022-07-02T15:00,40.9,6,-4.8,37.5,0.0,0.0,0.0,10.9,29.2,98,729.0,0,993.4,0.68,7.29,0.034
2022-07-02T16:00,40.7,6,-4.8,36.1,0.0,0.0,0.0,12.1,27.0,80,545.0,0,992.7,0.56,7.21,0.034
2022-07-02T17:00,39.9,6,-5.1,34.8,0.0,0.0,0.0,15.5,30.6,65,340.0,0,992.4,0.46,6.9,0.034
2022-07-02T18:00,38.6,6,-5.9,33.5,0.0,0.0,0.0,15.2,31.0,54,145.0,0,992.4,0.33,6.45,0.034
2022-07-02T19:00,36.6,6,-6.3,32.1,0.0,0.0,0.0,10.4,26.6,70,19.0,0,992.4,0.18,5.74,0.034
2022-07-02T20:00,35.0,7,-6.5,30.6,0.0,0.0,0.0,10.0,18.4,131,0.0,0,992.7,0.16,5.23,0.034
2022-07-02T21:00,33.7,7,-6.7,29.3,0.0,0.0,0.0,9.8,16.2,188,0.0,0,993.8,0.16,4.86,0.034
2022-07-02T22:00,31.7,9,-4.8,27.7,0.0,0.0,0.0,8.4,15.8,160,0.0,0,994.9,0.13,4.23,0.034
2022-07-02T23:00,31.0,10,-4.8,27.3,0.0,0.0,0.0,6.8,11.5,155,0.0,0,995.0,0.1,4.06,0.034
2022-07-03T00:00,29.2,11,-4.1,25.3,0.0,0.0,0.0,8.1,11.2,167,0.0,0,994.9,0.11,3.59,0.034
2022-07-03T01:00,28.9,12,-3.9,24.5,0.0,0.0,0.0,11.5,17.6,212,0.0,0,995.1,0.16,3.51,0.034
2022-07-03T02:00,28.0,14,-2.4,24.1,0.0,0.0,0.0,9.7,19.4,248,0.0,0,995.2,0.13,3.27,0.034
2022-07-03T03:00,26.0,16,-1.6,22.5,0.0,0.0,0.0,7.5,15.5,253,0.0,0,995.6,0.09,2.82,0.034
2022-07-03T04:00,24.7,18,-1.5,21.3,0.0,0.0,0.0,7.0,11.2,258,0.0,0,996.2,0.08,2.56,0.034
2022-07-03T05:00,24.0,19,-1.3,20.9,0.0,0.0,0.0,5.1,9.7,274,7.0,0,997.1,0.06,2.42,0.034
2022-07-03T06:00,25.7,17,-1.2,22.4,0.0,0.0,0.0,6.4,10.4,308,104.0,0,998.1,0.13,2.73,0.034
2022-07-03T07:00,28.6,14,-1.7,25.5,0.0,0.0,0.0,4.7,12.2,337,288.0,0,998.5,0.23,3.37,0.034
2022-07-03T08:00,31.3,12,-1.2,28.1,0.0,0.0,0.0,6.1,16.9,357,493.0,0,997.7,0.4,4.01,0.034
2022-07-03T09:00,34.1,10,-1.7,31.8,0.0,0.0,0.0,5.4,18.7,37,684.0,0,996.7,0.54,4.81,0.034
2022-07-03T10:00,36.5,8,-2.3,35.0,0.0,0.0,0.0,5.6,19.4,75,838.0,0,995.8,0.67,5.57,0.034
2022-07-03T11:00,38.6,7,-2.7,37.3,0.0,0.0,0.0,7.6,22.3,93,940.0,0,994.5,0.79,6.34,0.034
2022-07-03T12:00,40.3,6,-3.2,38.7,0.0,0.0,0.0,10.3,26.6,119,980.0,0,993.3,0.87,7.01,0.034
2022-07-03T13:00,41.3,6,-3.7,39.2,0.0,0.0,0.0,11.9,29.5,145,956.0,0,992.2,0.88,7.41,0.034
2022-07-03T14:00,41.6,6,-4.0,39.0,0.0,0.0,0.0,11.8,29.5,140,870.0,0,991.3,0.81,7.55,0.034
2022-07-03T15:00,40.5,6,-3.9,37.2,0.0,0.0,0.0,11.3,32.8,117,727.0,0,991.7,0.69,7.09,0.033
2022-07-03T16:00,40.5,6,-3.3,35.6,0.0,0.0,0.0,15.8,32.8,120,543.0,0,991.1,0.61,7.09,0.033
2022-07-03T17:00,40.1,7,-2.7,34.6,0.0,0.0,0.0,20.4,38.5,126,338.0,0,990.7,0.53,6.89,0.033
2022-07-03T18:00,38.3,8,-1.8,33.3,0.0,0.0,0.0,17.3,39.6,111,144.0,0,991.4,0.36,6.18,0.033
2022-07-03T19:00,35.1,12,1.1,30.7,0.0,0.0,0.0,16.5,30.6,67,19.0,0,993.6,0.26,4.98,0.033
2022-07-03T20:00,33.3,14,2.6,30.5,0.0,0.0,0.0,7.2,28.8,18,0.0,0,995.8,0.1,4.37,0.033
2022-07-03T21:00,31.9,15,2.5,29.2,0.0,0.0,0.0,6.6,11.9,347,0.0,0,997.0,0.09,4.0,0.033
2022-07-03T22:00,30.5,17,2.5,27.0,0.0,0.0,0.0,12.0,19.8,353,0.0,0,997.6,0.16,3.62,0.033
2022-07-03T23:00,28.1,23,5.3,24.7,0.0,0.0,0.0,15.2,26.3,7,0.0,0,998.7,0.17,2.91,0.033
2022-07-04T00:00,26.0,31,7.3,23.5,0.0,0.0,0.0,12.3,25.6,357,0.0,0,999.6,0.12,2.33,0.033
2022-07-04T01:00,24.5,34,7.4,22.2,0.0,0.0,0.0,10.6,20.5,350,0.0,0,1000.0,0.1,2.04,0.033
2022-07-04T02:00,23.3,36,7.5,21.1,0.0,0.0,0.0,10.2,17.6,342,0.0,0,1000.3,0.09,1.83,0.033
2022-07-04T03:00,22.9,38,7.6,20.9,0.0,0.0,0.0,9.4,17.3,356,0.0,0,1000.9,0.07,1.74,0.032
2022-07-04T04:00,22.0,39,7.6,19.7,0.0,0.0,0.0,11.2,18.7,358,0.0,0,1001.9,0.08,1.6,0.032
2022-07-04T05:00,21.7,39,7.2,19.4,0.0,0.0,0.0,10.7,18.7,12,7.0,0,1003.2,0.09,1.58,0.032
2022-07-04T06:00,22.8,36,7.0,20.5,0.0,0.0,0.0,9.7,18.7,358,101.0,0,1003.7,0.13,1.77,0.032
2022-07-04T07:00,24.8,32,7.1,22.8,0.0,0.0,0.0,8.0,19.4,352,280.0,0,1003.4,0.23,2.11,0.032
2022-07-04T08:00,27.0,28,7.2,25.4,0.0,0.0,0.0,6.1,19.4,332,482.0,0,1002.9,0.37,2.55,0.032
2022-07-04T09:00,29.0,25,7.1,28.3,0.0,0.0,0.0,4.5,18.0,299,670.0,0,1002.1,0.5,2.99,0.032
2022-07-04T10:00,31.0,22,7.0,31.9,0.0,0.0,0.0,1.1,17.6,342,822.0,0,1001.3,0.6,3.48,0.032
2022-07-04T11:00,33.0,20,6.9,33.8,0.0,0.0,0.0,4.8,18.7,77,923.0,0,1000.3,0.72,4.02,0.032
2022-07-04T12:00,34.7,18,6.5,34.7,0.0,0.0,0.0,9.8,25.9,84,962.0,0,999.0,0.81,4.55,0.032
2022-07-04T13:00,35.6,16,5.5,34.2,0.0,0.0,0.0,15.7,34.9,81,939.0,0,997.9,0.85,4.91,0.032
2022-07-04T14:00,36.4,14,4.8,34.3,0.0,0.0,0.0,16.5,36.7,80,853.0,0,996.9,0.8,5.2,0.032
2022-07-04T15:00,37.0,14,4.9,34.8,0.0,0.0,0.0,12.6,36.0,66,712.0,0,996.5,0.67,5.39,0.033
2022-07-04T16:00,35.4,17,6.3,31.3,0.0,0.0,0.0,21.7,41.8,42,529.0,0,996.7,0.61,4.79,0.033
2022-07-04T17:00,33.2,19,6.8,28.6,0.0,0.0,0.0,25.6,49.0,39,328.0,0,997.5,0.49,4.09,0.033
2022-07-04T18:00,31.5,22,7.1,27.4,0.0,0.0,0.0,22.4,48.6,46,139.0,0,998.6,0.34,3.6,0.033
2022-07-04T19:00,29.6,25,7.3,26.5,0.0,0.0,0.0,16.4,40.7,33,18.0,0,1000.0,0.2,3.11,0.033
2022-07-04T20:00,28.0,27,7.5,24.7,0.0,0.0,0.0,17.7,31.0,20,0.0,0,1001.8,0.19,2.74,0.032
2022-07-04T21:00,26.8,29,7.5,23.6,0.0,0.0,0.0,16.9,31.0,34,0.0,0,1003.1,0.17,2.48,0.032
2022-07-04T22:00,26.2,30,7.3,23.4,0.0,0.0,0.0,14.3,28.8,39,0.0,0,1003.5,0.14,2.38,0.032
2022-07-04T23:00,25.5,31,7.2,23.3,0.0,0.0,0.0,9.8,24.1,17,0.0,0,1003.8,0.09,2.25,0.032
2022-07-05T00:00,24.6,33,7.1,22.8,0.0,0.0,0.0,7.2,16.9,360,0.0,0,1004.0,0.06,2.09,0.032
2022-07-05T01:00,23.5,35,7.0,21.3,0.0,0.0,0.0,9.5,15.8,349,0.0,0,1004.6,0.08,1.88,0.032
2022-07-05T02:00,21.9,39,7.4,19.4,0.0,0.0,0.0,11.9,20.5,358,0.0,0,1005.8,0.09,1.59,0.032
2022-07-05T03:00,20.9,43,8.0,18.8,0.0,0.0,0.0,10.4,20.5,2,0.0,0,1006.6,0.07,1.4,0.027
2022-07-05T04:00,20.1,45,7.9,17.8,0.0,0.0,0.0,11.7,19.8,342,0.0,0,1007.2,0.07,1.28,0.027
2022-07-05T05:00,19.5,46,7.7,17.3,0.0,0.0,0.0,10.5,19.8,333,6.0,0,1008.0,0.07,1.21,0.027
2022-07-05T06:00,20.6,42,7.3,18.6,0.0,0.0,0.0,8.7,17.6,330,98.0,0,1008.5,0.11,1.4,0.027
2022-07-05T07:00,22.5,37,6.9,20.6,0.0,0.0,0.0,7.1,18.7,311,275.0,0,1008.2,0.21,1.72,0.027
2022-07-05T08:00,24.4,33,7.0,22.6,0.0,0.0,0.0,6.9,19.1,279,475.0,0,1007.5,0.35,2.05,0.027
2022-07-05T09:00,26.2,30,7.1,25.5,0.0,0.0,0.0,4.4,19.1,279,663.0,0,1006.8,0.48,2.4,0.027
2022-07-05T10:00,28.1,26,7.0,28.9,0.0,0.0,0.0,1.5,17.6,346,814.0,0,1005.7,0.58,2.8,0.027
2022-07-05T11:00,29.9,24,7.0,30.5,0.0,0.0,0.0,6.2,21.2,54,915.0,0,1004.6,0.7,3.22,0.027
2022-07-05T12:00,31.4,22,7.0,31.3,0.0,0.0,0.0,11.1,28.4,61,956.0,0,1003.4,0.77,3.6,0.027
2022-07-05T13:00,32.5,20,6.9,31.7,0.0,0.0,0.0,14.0,33.1,67,933.0,0,1002.0,0.79,3.9,0.027
2022-07-05T14:00,33.3,19,6.7,31.8,0.0,0.0,0.0,15.4,34.6,74,848.0,0,1000.9,0.75,4.14,0.027
2022-07-05T15:00,33.3,19,6.4,31.0,0.0,0.0,0.0,15.2,34.6,83,709.0,0,1000.4,0.65,4.15,0.023
2022-07-05T16:00,33.5,19,6.4,30.5,0.0,0.0,0.0,14.1,32.8,96,528.0,0,999.6,0.52,4.21,0.023
2022-07-05T17:00,32.9,17,4.8,28.8,0.0,0.0,0.0,18.8,36.4,110,328.0,0,999.4,0.43,4.13,0.023
2022-07-05T18:00,31.3,18,4.4,26.8,0.0,0.0,0.0,21.4,40.0,126,139.0,0,1000.1,0.34,3.72,0.023
2022-07-05T19:00,29.6,20,4.4,25.4,0.0,0.0,0.0,19.3,39.2,127,18.0,0,1001.2,0.24,3.31,0.023
2022-07-05T20:00,28.4,22,4.4,24.9,0.0,0.0,0.0,14.9,34.6,122,0.0,0,1002.9,0.17,3.03,0.023
2022-07-05T21:00,27.3,23,4.5,24.9,0.0,0.0,0.0,7.1,25.9,114,0.0,0,1004.1,0.08,2.79,0.023
2022-07-05T22:00,26.0,25,4.6,24.2,0.0,0.0,0.0,3.3,11.2,13,0.0,0,1004.8,0.03,2.5,0.023
2022-07-05T23:00,24.8,27,4.4,22.4,0.0,0.0,0.0,6.5,11.2,354,0.0,0,1005.2,0.06,2.29,0.023
2022-07-06T00:00,23.7,28,4.2,21.5,0.0,0.0,0.0,5.2,11.5,344,0.0,0,1005.4,0.05,2.1,0.023
2022-07-06T01:00,22.6,30,4.0,20.5,0.0,0.0,0.0,4.7,9.4,328,0.0,0,1005.4,0.04,1.93,0.023
2022-07-06T02:00,21.4,32,4.0,19.2,0.0,0.0,0.0,5.2,8.6,304,0.0,0,1005.7,0.04,1.74,0.023
2022-07-06T03:00,20.2,36,4.6,18.4,0.0,0.0,0.0,3.1,10.1,306,0.0,0,1006.1,0.02,1.52,0.02
2022-07-06T04:00,20.0,35,4.3,18.1,0.0,0.0,0.0,3.8,6.5,319,0.0,0,1006.7,0.02,1.51,0.02
2022-07-06T05:00,19.3,37,4.2,17.2,0.0,0.0,0.0,5.1,8.3,309,6.0,0,1007.1,0.04,1.42,0.02
2022-07-06T06:00,21.4,32,4.1,19.2,0.0,0.0,0.0,4.8,10.1,297,98.0,0,1007.8,0.09,1.72,0.02
2022-07-06T07:00,23.8,27,3.8,22.1,0.0,0.0,0.0,1.5,9.7,194,276.0,0,1007.8,0.17,2.15,0.02
2022-07-06T08:00,25.7,24,3.7,23.9,0.0,0.0,0.0,2.0,12.6,135,477.0,0,1007.1,0.32,2.5,0.019
2022-07-06T09:00,27.7,22,3.7,26.3,0.0,0.0,0.0,4.0,16.6,100,666.0,0,1006.2,0.48,2.91,0.019
2022-07-06T10:00,29.7,19,3.8,28.7,0.0,0.0,0.0,8.0,22.7,98,819.0,0,1005.4,0.64,3.37,0.019
2022-07-06T11:00,31.5,17,3.7,30.4,0.0,0.0,0.0,11.3,28.4,97,921.0,0,1004.6,0.75,3.81,0.019
2022-07-06T12:00,32.9,16,3.8,32.0,0.0,0.0,0.0,11.7,30.2,99,962.0,0,1003.7,0.8,4.2,0.019
2022-07-06T13:00,34.2,15,3.6,33.2,0.0,0.0,0.0,11.2,29.9,92,939.0,0,1002.6,0.8,4.58,0.019
2022-07-06T14:00,35.5,14,3.4,34.0,0.0,0.0,0.0,11.2,28.4,88,853.0,0,1001.2,0.75,4.98,0.019
2022-07-06T15:00,35.4,13,3.3,32.4,0.0,0.0,0.0,15.7,31.3,101,713.0,0,1001.0,0.69,4.97,0.015
2022-07-06T16:00,34.8,14,3.3,30.3,0.0,0.0,0.0,19.7,39.2,111,532.0,0,1000.8,0.6,4.77,0.015
2022-07-06T17:00,33.7,15,3.2,29.2,0.0,0.0,0.0,19.5,39.6,120,329.0,0,1001.0,0.45,4.45,0.015
2022-07-06T18:00,32.5,16,3.3,27.9,0.0,0.0,0.0,20.9,38.5,122,139.0,0,1001.9,0.35,4.12,0.015
2022-07-06T19:00,30.9,17,3.3,26.7,0.0,0.0,0.0,18.2,38.5,115,18.0,0,1003.0,0.24,3.7,0.015
2022-07-06T20:00,29.5,19,3.1,25.5,0.0,0.0,0.0,16.2,32.4,111,0.0,0,1004.5,0.2,3.36,0.015
2022-07-06T21:00,28.3,20,3.1,24.9,0.0,0.0,0.0,11.8,28.4,121,0.0,0,1005.7,0.14,3.07,0.015
2022-07-06T22:00,27.2,21,2.9,24.6,0.0,0.0,0.0,6.4,20.2,117,0.0,0,1006.3,0.07,2.86,0.015
2022-07-06T23:00,25.6,23,3.2,23.0,0.0,0.0,0.0,6.8,10.4,115,0.0,0,1007.0,0.07,2.52,0.015
2022-07-07T00:00,25.8,22,2.5,23.3,0.0,0.0,0.0,5.2,10.1,155,0.0,0,1007.4,0.05,2.58,0.015
2022-07-07T01:00,23.5,26,2.9,21.4,0.0,0.0,0.0,2.9,7.2,277,0.0,0,1007.5,0.02,2.14,0.015
2022-07-07T02:00,21.8,28,2.7,19.6,0.0,0.0,0.0,3.9,5.4,304,0.0,0,1007.8,0.03,1.87,0.015
2022-07-07T03:00,20.8,31,2.8,18.6,0.0,0.0,0.0,3.2,7.2,333,0.0,0,1008.1,0.02,1.7,0.015
2022-07-07T04:00,20.0,31,2.5,17.8,0.0,0.0,0.0,3.6,4.3,323,0.0,0,1008.6,0.02,1.61,0.015
2022-07-07T05:00,19.7,31,2.2,17.3,0.0,0.0,0.0,4.1,5.0,322,6.0,0,1009.2,0.04,1.58,0.015
2022-07-07T06:00,22.3,25,1.6,19.6,0.0,0.0,0.0,5.2,9.7,326,97.0,0,1009.7,0.1,2.0,0.015
2022-07-07T07:00,24.6,22,1.4,22.5,0.0,0.0,0.0,1.6,10.8,297,273.0,0,1009.7,0.17,2.42,0.015
2022-07-07T08:00,26.3,20,1.2,24.0,0.0,0.0,0.0,2.4,12.6,153,474.0,0,1009.3,0.32,2.75,0.015
2022-07-07T09:00,28.5,17,1.3,26.4,0.0,0.0,0.0,5.8,18.4,112,662.0,0,1008.6,0.5,3.21,0.015
2022-07-07T10:00,30.5,16,1.8,28.4,0.0,0.0,0.0,11.9,28.1,95,814.0,0,1007.7,0.67,3.67,0.015
2022-07-07T11:00,32.1,15,2.0,30.4,0.0,0.0,0.0,13.0,31.3,92,914.0,0,1006.5,0.77,4.06,0.015
2022-07-07T12:00,33.5,14,2.1,32.1,0.0,0.0,0.0,12.6,31.0,88,953.0,2,1005.3,0.81,4.46,0.015
2022-07-07T13:00,34.9,13,2.3,33.1,0.0,0.0,0.0,14.0,32.8,89,926.0,9,1003.8,0.82,4.86,0.015
2022-07-07T14:00,35.8,12,2.5,33.4,0.0,0.0,0.0,14.6,33.1,99,824.0,3,1002.7,0.76,5.15,0.015
2022-07-07T15:00,35.3,13,2.7,32.1,0.0,0.0,0.0,15.5,33.1,103,696.0,0,1002.5,0.68,4.98,0.015
2022-07-07T16:00,35.2,13,2.8,31.2,0.0,0.0,0.0,15.7,33.1,110,523.0,0,1002.0,0.56,4.93,0.015
2022-07-07T17:00,34.6,14,2.8,30.3,0.0,0.0,0.0,17.4,33.8,117,324.0,0,1001.8,0.44,4.74,0.015
2022-07-07T18:00,33.3,15,2.7,29.2,0.0,0.0,0.0,16.2,33.8,122,139.0,0,1002.1,0.3,4.36,0.015
2022-07-07T19:00,32.0,15,2.6,28.4,0.0,0.0,0.0,12.4,29.5,116,18.0,3,1002.5,0.18,4.01,0.015
2022-07-07T20:00,30.9,16,2.2,27.0,0.0,0.0,0.0,13.9,23.8,127,0.0,0,1003.4,0.19,3.74,0.015
2022-07-07T21:00,29.7,17,2.0,25.9,0.0,0.0,0.0,13.5,24.1,136,0.0,2,1004.1,0.18,3.47,0.015
2022-07-07T22:00,28.8,18,2.0,25.4,0.0,0.0,0.0,10.7,23.4,140,0.0,2,1004.4,0.14,3.26,0.015
2022-07-07T23:00,27.9,19,2.0,24.9,0.0,0.0,0.0,7.6,18.0,149,0.0,0,1004.4,0.09,3.04,0.015
2022-07-08T00:00,26.4,22,2.7,23.6,0.0,0.0,0.0,8.0,12.2,153,0.0,0,1004.2,0.09,2.7,0.015
2022-07-08T01:00,26.2,21,2.4,23.4,0.0,0.0,0.0,7.6,10.1,188,0.0,0,1003.9,0.09,2.68,0.015
2022-07-08T02:00,26.2,21,2.2,23.4,0.0,0.0,0.0,6.6,10.1,225,0.0,0,1003.8,0.07,2.68,0.015
2022-07-08T03:00,26.8,20,2.0,24.2,0.0,0.0,0.0,5.4,8.3,143,0.0,0,1003.9,0.06,2.81,0.015
2022-07-08T04:00,25.6,22,2.0,23.1,0.0,0.0,0.0,4.6,7.2,72,0.0,0,1004.5,0.05,2.57,0.015
2022-07-08T05:00,24.7,23,2.0,22.6,0.0,0.0,0.0,2.2,6.1,351,5.0,0,1004.9,0.03,2.41,0.015
2022-07-08T06:00,24.8,23,2.2,22.8,0.0,0.0,0.0,1.8,3.2,259,95.0,0,1005.5,0.06,2.42,0.015
2022-07-08T07:00,27.6,19,1.8,25.4,0.0,0.0,0.0,2.3,8.6,231,270.0,0,1005.7,0.19,2.99,0.015
2022-07-08T08:00,30.0,16,1.1,27.4,0.0,0.0,0.0,4.4,13.7,99,471.0,0,1005.0,0.36,3.58,0.015
2022-07-08T09:00,32.2,14,1.0,29.4,0.0,0.0,0.0,10.1,24.5,94,659.0,0,1003.9,0.57,4.15,0.014
2022-07-08T10:00,34.2,13,1.3,32.1,0.0,0.0,0.0,10.8,27.0,86,811.0,0,1002.9,0.7,4.69,0.014
2022-07-08T11:00,35.9,12,1.5,34.5,0.0,0.0,0.0,10.9,27.7,82,912.0,0,1001.6,0.79,5.23,0.014
2022-07-08T12:00,37.5,11,1.6,36.5,0.0,0.0,0.0,9.9,27.7,80,951.0,0,1000.3,0.83,5.74,0.014
2022-07-08T13:00,38.4,11,2.2,37.4,0.0,0.0,0.0,9.3,27.0,74,932.0,0,999.0,0.81,6.04,0.014
2022-07-08T14:00,39.0,11,2.6,37.4,0.0,0.0,0.0,10.9,27.0,63,844.0,22,997.9,0.77,6.25,0.014
2022-07-08T15:00,39.0,10,2.5,35.5,0.0,0.0,0.0,13.9,27.4,69,587.0,99,997.2,0.63,6.26,0.013
2022-07-08T16:00,39.2,10,2.3,36.4,0.0,0.0,0.0,6.8,30.2,87,381.0,100,996.0,0.39,6.33,0.013
2022-07-08T17:00,38.7,11,2.3,35.6,0.0,0.0,0.0,9.0,18.4,203,113.0,95,995.6,0.26,6.14,0.013
2022-07-08T18:00,37.3,12,3.3,34.2,0.0,0.0,0.0,10.2,22.3,219,49.0,97,996.2,0.23,5.6,0.013
2022-07-08T19:00,35.8,13,3.6,32.9,0.0,0.0,0.0,9.3,20.2,216,10.0,98,996.6,0.17,5.09,0.013
2022-07-08T20:00,35.4,14,3.5,33.0,0.0,0.0,0.0,5.5,14.8,203,0.0,0,996.9,0.08,4.95,0.013
2022-07-08T21:00,34.5,14,3.6,32.5,0.0,0.0,0.0,3.0,8.3,104,0.0,59,998.3,0.03,4.68,0.013
2022-07-08T22:00,32.8,16,3.5,30.3,0.0,0.0,0.0,5.9,9.0,104,0.0,46,998.7,0.08,4.18,0.013
2022-07-08T23:00,31.6,16,3.0,28.2,0.0,0.0,0.0,12.2,19.4,124,0.0,5,998.9,0.17,3.89,0.013
2022-07-09T00:00,30.6,16,2.2,26.9,0.0,0.0,0.0,13.2,22.7,145,0.0,0,998.8,0.18,3.68,0.013
2022-07-09T01:00,29.8,17,2.1,26.3,0.0,0.0,0.0,11.9,22.0,151,0.0,0,998.7,0.16,3.49,0.013
2022-07-09T02:00,28.7,18,2.1,25.7,0.0,0.0,0.0,8.3,19.4,178,0.0,5,998.9,0.1,3.23,0.013
2022-07-09T03:00,25.6,20,0.7,22.7,0.0,0.0,0.0,6.3,13.0,239,0.0,23,999.8,0.07,2.64,0.014
2022-07-09T04:00,24.7,20,0.3,21.9,0.0,0.0,0.0,4.7,8.6,293,0.0,17,1000.7,0.05,2.48,0.014
2022-07-09T05:00,23.5,22,0.8,20.5,0.0,0.0,0.0,6.3,10.8,301,5.0,21,1001.3,0.07,2.24,0.014
2022-07-09T06:00,24.8,21,0.9,21.7,0.0,0.0,0.0,7.6,14.4,301,85.0,76,1001.8,0.13,2.47,0.014
2022-07-09T07:00,27.0,18,0.7,24.2,0.0,0.0,0.0,5.1,14.4,309,198.0,2,1002.2,0.19,2.93,0.014
2022-07-09T08:00,30.2,15,0.5,27.4,0.0,0.0,0.0,5.4,15.8,323,447.0,2,1001.5,0.36,3.66,0.014
2022-07-09T09:00,32.7,13,0.2,31.1,0.0,0.0,0.0,1.4,16.6,360,660.0,5,1000.4,0.47,4.33,0.013
2022-07-09T10:00,34.7,11,0.2,33.8,0.0,0.0,0.0,3.3,16.2,84,810.0,1,999.4,0.62,4.91,0.013
2022-07-09T11:00,36.7,10,0.1,36.2,0.0,0.0,0.0,4.7,18.4,99,912.0,0,997.9,0.73,5.56,0.013
2022-07-09T12:00,38.5,9,0.1,37.7,0.0,0.0,0.0,7.2,22.3,108,955.0,0,996.5,0.8,6.17,0.013
2022-07-09T13:00,39.7,9,0.8,38.8,0.0,0.0,0.0,7.9,23.8,106,932.0,4,994.9,0.8,6.59,0.013
2022-07-09T14:00,39.9,9,1.3,38.7,0.0,0.0,0.0,7.6,23.8,93,848.0,11,993.9,0.73,6.67,0.013
2022-07-09T15:00,39.3,9,1.2,36.4,0.0,0.0,0.0,11.9,26.6,92,696.0,100,994.0,0.67,6.44,0.017
2022-07-09T16:00,39.7,9,1.3,35.6,0.0,0.0,0.0,14.8,31.0,133,490.0,100,993.2,0.57,6.57,0.017
2022-07-09T17:00,38.1,10,0.9,33.8,0.0,0.0,0.0,15.8,31.7,114,184.0,94,993.3,0.39,6.01,0.017
2022-07-09T18:00,37.2,10,1.0,32.3,0.0,0.0,0.0,19.5,35.3,92,76.0,100,993.7,0.37,5.67,0.017
2022-07-09T19:00,34.8,11,-0.4,29.4,0.0,0.0,0.0,21.7,38.5,71,15.0,40,995.2,0.33,4.95,0.017
2022-07-09T20:00,33.2,11,-1.2,28.7,0.0,0.0,0.0,15.3,38.9,66,0.0,3,996.7,0.23,4.53,0.017
2022-07-09T21:00,31.8,12,-1.2,28.7,0.0,0.0,0.0,5.7,26.6,55,0.0,1,997.9,0.08,4.14,0.017
2022-07-09T22:00,30.5,12,-2.1,26.6,0.0,0.0,0.0,9.5,15.1,335,0.0,0,998.6,0.13,3.83,0.017
2022-07-09T23:00,29.0,12,-3.5,24.3,0.0,0.0,0.0,13.9,23.4,339,0.0,0,999.4,0.19,3.52,0.017
2022-07-10T00:00,28.1,13,-3.2,23.7,0.0,0.0,0.0,11.9,23.0,358,0.0,0,999.7,0.16,3.31,0.017
2022-07-10T01:00,26.9,14,-2.8,23.4,0.0,0.0,0.0,6.5,20.2,360,0.0,1,999.8,0.08,3.04,0.017
2022-07-10T02:00,25.0,17,-1.9,21.5,0.0,0.0,0.0,7.1,10.1,330,0.0,10,999.9,0.08,2.63,0.017
2022-07-10T03:00,23.8,18,-1.9,20.4,0.0,0.0,0.0,7.0,8.6,339,0.0,0,1000.5,0.08,2.42,0.017
2022-07-10T04:00,23.9,18,-2.1,20.5,0.0,0.0,0.0,6.4,10.1,333,0.0,7,1000.7,0.07,2.43,0.017
2022-07-10T05:00,23.4,19,-1.6,19.7,0.0,0.0,0.0,8.9,13.7,317,5.0,1,1001.5,0.11,2.33,0.017
2022-07-10T06:00,25.0,18,-0.9,21.3,0.0,0.0,0.0,9.7,15.8,321,93.0,4,1002.0,0.16,2.59,0.016
2022-07-10T07:00,27.4,17,-0.2,24.1,0.0,0.0,0.0,7.6,16.9,329,270.0,0,1001.9,0.25,3.04,0.016
2022-07-10T08:00,29.9,14,-0.3,27.0,0.0,0.0,0.0,4.8,17.3,312,474.0,0,1001.0,0.36,3.62,0.016
2022-07-10T09:00,32.4,12,-1.2,30.5,0.0,0.0,0.0,2.1,15.5,301,664.0,0,1000.2,0.48,4.29,0.016
2022-07-10T10:00,34.4,10,-2.1,32.7,0.0,0.0,0.0,5.9,19.4,101,817.0,0,999.4,0.65,4.9,0.016
2022-07-10T11:00,36.3,8,-2.5,34.6,0.0,0.0,0.0,9.1,25.2,97,919.0,0,998.3,0.78,5.51,0.016
2022-07-10T12:00,37.8,8,-1.7,36.1,0.0,0.0,0.0,11.5,28.4,104,960.0,0,997.4,0.85,6.01,0.016
2022-07-10T13:00,39.1,8,-1.4,37.0,0.0,0.0,0.0,13.0,30.6,96,937.0,0,996.1,0.86,6.48,0.016
2022-07-10T14:00,39.7,8,-0.5,37.0,0.0,0.0,0.0,14.5,32.8,97,852.0,0,995.3,0.82,6.67,0.016
2022-07-10T15:00,39.1,8,-0.8,36.0,0.0,0.0,0.0,12.2,34.6,104,712.0,0,995.5,0.68,6.45,0.015
2022-07-10T16:00,38.9,8,-0.7,34.7,0.0,0.0,0.0,13.8,29.5,131,529.0,0,995.2,0.57,6.37,0.015
2022-07-10T17:00,38.4,9,-0.7,34.0,0.0,0.0,0.0,14.8,30.6,131,328.0,0,995.3,0.44,6.17,0.015
2022-07-10T18:00,36.9,9,-0.8,32.6,0.0,0.0,0.0,13.9,29.9,115,139.0,0,995.9,0.3,5.66,0.015
2022-07-10T19:00,35.0,10,-0.9,31.0,0.0,0.0,0.0,11.5,25.9,88,18.0,0,997.0,0.19,5.03,0.015
2022-07-10T20:00,33.5,11,-1.5,29.4,0.0,0.0,0.0,12.1,20.9,73,0.0,0,998.5,0.18,4.62,0.015
2022-07-10T21:00,32.2,11,-2.0,28.1,0.0,0.0,0.0,11.6,21.2,95,0.0,0,999.1,0.17,4.28,0.015
2022-07-10T22:00,31.1,12,-2.2,27.4,0.0,0.0,0.0,8.6,19.4,105,0.0,0,999.5,0.12,4.0,0.015
2022-07-10T23:00,31.4,11,-2.4,27.9,0.0,0.0,0.0,6.5,14.4,180,0.0,13,1000.4,0.09,4.07,0.015
2022-07-11T00:00,28.0,15,-1.1,24.7,0.0,0.0,0.0,6.5,8.6,270,0.0,19,1001.0,0.08,3.2,0.015
2022-07-11T01:00,27.1,15,-1.7,23.7,0.0,0.0,0.0,7.0,9.7,325,0.0,31,1001.0,0.09,3.04,0.015
2022-07-11T02:00,25.7,17,-1.5,22.2,0.0,0.0,0.0,8.0,12.6,324,0.0,54,1001.6,0.1,2.75,0.015
2022-07-11T03:00,24.2,19,-1.3,20.8,0.0,0.0,0.0,7.4,13.3,317,0.0,39,1002.6,0.08,2.46,0.014
2022-07-11T04:00,23.2,20,-1.2,20.0,0.0,0.0,0.0,6.2,12.6,306,0.0,14,1003.2,0.07,2.28,0.014
2022-07-11T05:00,23.6,20,-0.8,20.2,0.0,0.0,0.0,7.9,11.5,286,5.0,39,1003.6,0.09,2.34,0.014
2022-07-11T06:00,25.5,17,-1.0,22.8,0.0,0.0,0.0,3.2,8.6,270,89.0,19,1004.1,0.08,2.7,0.014
2022-07-11T07:00,28.5,14,-1.3,25.9,0.0,0.0,0.0,1.9,8.6,292,269.0,9,1004.4,0.18,3.32,0.014
2022-07-11T08:00,31.1,12,-1.6,28.2,0.0,0.0,0.0,3.3,12.2,257,461.0,44,1003.9,0.34,3.96,0.014
2022-07-11T09:00,33.3,11,-1.8,31.0,0.0,0.0,0.0,2.4,13.7,207,617.0,70,1003.0,0.46,4.57,0.014
2022-07-11T10:00,34.8,10,-1.9,32.3,0.0,0.0,0.0,6.3,19.1,114,682.0,17,1002.5,0.58,5.03,0.014
2022-07-11T11:00,36.8,9,-2.0,35.0,0.0,0.0,0.0,10.1,25.9,96,907.0,26,1001.7,0.79,5.68,0.013
2022-07-11T12:00,38.0,8,-1.6,36.3,0.0,0.0,0.0,10.5,27.7,98,946.0,20,1000.8,0.83,6.06,0.013
2022-07-11T13:00,38.9,8,-1.1,37.2,0.0,0.0,0.0,10.2,27.7,108,914.0,93,999.8,0.81,6.37,0.013
2022-07-11T14:00,39.0,8,-0.6,36.4,0.0,0.0,0.0,8.5,26.6,102,695.0,38,999.2,0.64,6.41,0.013
2022-07-11T15:00,39.3,9,-0.1,36.0,0.0,0.0,0.0,10.5,23.0,59,609.0,16,998.9,0.6,6.5,0.014
2022-07-11T16:00,38.8,9,0.3,34.9,0.0,0.0,0.0,12.4,27.0,54,461.0,17,998.6,0.51,6.27,0.014
2022-07-11T17:00,38.1,10,0.8,34.4,0.0,0.0,0.0,11.8,27.0,70,291.0,3,998.6,0.38,6.01,0.014
2022-07-11T18:00,37.8,10,0.9,34.1,0.0,0.0,0.0,11.5,24.1,110,109.0,69,998.5,0.26,5.88,0.014
2022-07-11T19:00,36.4,11,0.9,32.7,0.0,0.0,0.0,11.6,21.6,120,12.0,83,999.3,0.21,5.42,0.014
2022-07-11T20:00,35.0,10,-1.6,30.4,0.0,0.0,0.0,15.5,27.0,102,0.0,95,1001.0,0.24,5.08,0.014
2022-07-11T21:00,33.3,11,-1.6,29.1,0.0,0.0,0.0,12.4,27.4,107,0.0,0,1002.3,0.19,4.57,0.014
2022-07-11T22:00,32.0,12,-1.4,27.7,0.0,0.0,0.0,13.8,23.0,96,0.0,15,1003.0,0.2,4.2,0.014
2022-07-11T23:00,31.2,13,-1.1,26.8,0.0,0.0,0.0,14.5,25.6,117,0.0,44,1003.3,0.2,3.97,0.014
2022-07-12T00:00,30.2,14,-0.7,26.4,0.0,0.0,0.0,10.7,25.6,138,0.0,87,1003.9,0.15,3.7,0.014
2022-07-12T01:00,29.7,14,-0.5,26.0,0.0,0.0,0.0,10.2,18.0,138,0.0,83,1004.5,0.14,3.57,0.014
2022-07-12T02:00,28.8,15,-0.6,24.9,0.0,0.0,0.0,11.5,19.4,148,0.0,20,1005.0,0.15,3.37,0.014
2022-07-12T03:00,28.2,15,-1.1,24.4,0.0,0.0,0.0,10.5,19.4,164,0.0,46,1006.3,0.14,3.26,0.015
2022-07-12T04:00,27.4,15,-1.9,24.0,0.0,0.0,0.0,6.6,17.6,139,0.0,98,1006.8,0.08,3.12,0.015
2022-07-12T05:00,26.1,17,-0.9,22.7,0.0,0.0,0.0,7.2,11.2,53,4.0,100,1007.5,0.1,2.8,0.015
2022-07-12T06:00,27.7,15,-1.6,24.7,0.0,0.0,0.0,4.1,9.4,15,74.0,99,1008.2,0.1,3.17,0.015
2022-07-12T07:00,29.8,13,-2.1,26.8,0.0,0.0,0.0,4.0,10.8,90,248.0,55,1008.4,0.2,3.67,0.015
2022-07-12T08:00,31.8,11,-2.7,27.8,0.0,0.0,0.0,9.7,22.0,121,458.0,11,1008.0,0.42,4.19,0.015
2022-07-12T09:00,33.6,10,-2.9,29.9,0.0,0.0,0.0,12.1,27.7,113,651.0,21,1007.7,0.59,4.71,0.015
2022-07-12T10:00,35.3,9,-2.3,32.3,0.0,0.0,0.0,13.3,30.6,103,813.0,0,1007.1,0.74,5.19,0.015
2022-07-12T11:00,36.6,9,-1.6,34.2,0.0,0.0,0.0,14.1,32.4,87,916.0,0,1006.5,0.83,5.6,0.015
2022-07-12T12:00,37.4,9,-1.5,35.0,0.0,0.0,0.0,15.3,34.6,71,958.0,0,1005.7,0.88,5.86,0.015
2022-07-12T13:00,37.8,8,-1.4,35.0,0.0,0.0,0.0,17.0,37.1,54,935.0,1,1005.0,0.89,6.0,0.015
2022-07-12T14:00,37.8,8,-1.3,34.6,0.0,0.0,0.0,16.6,37.8,51,849.0,7,1004.3,0.82,6.0,0.015
2022-07-12T15:00,37.6,9,-1.2,34.6,0.0,0.0,0.0,10.9,35.6,63,709.0,14,1003.8,0.65,5.9,0.012
2022-07-12T16:00,38.2,8,-2.1,33.9,0.0,0.0,0.0,13.0,25.6,44,427.0,36,1002.9,0.5,6.17,0.012
2022-07-12T17:00,36.7,8,-2.8,30.7,0.0,0.0,0.0,23.7,45.0,57,243.0,25,1003.4,0.51,5.67,0.012
2022-07-12T18:00,35.4,8,-3.9,29.0,0.0,0.0,0.0,25.6,46.4,64,107.0,27,1004.0,0.44,5.27,0.012
2022-07-12T19:00,33.3,9,-3.8,27.8,0.0,0.0,0.0,19.3,46.4,81,17.0,2,1005.3,0.29,4.65,0.012
2022-07-12T20:00,31.8,10,-3.3,26.9,0.0,0.0,0.0,15.9,33.8,87,0.0,0,1006.5,0.23,4.22,0.012
2022-07-12T21:00,30.3,12,-2.4,25.9,0.0,0.0,0.0,13.0,27.4,96,0.0,4,1007.4,0.18,3.8,0.012
2022-07-12T22:00,29.1,13,-2.2,25.0,0.0,0.0,0.0,11.4,22.0,108,0.0,0,1007.6,0.15,3.5,0.012
2022-07-12T23:00,28.1,14,-2.4,24.6,0.0,0.0,0.0,7.0,19.1,145,0.0,0,1007.7,0.09,3.28,0.012
2022-07-13T00:00,27.3,15,-1.9,23.9,0.0,0.0,0.0,6.4,11.2,218,0.0,2,1007.4,0.08,3.09,0.012
2022-07-13T01:00,25.2,17,-1.8,21.9,0.0,0.0,0.0,6.2,7.9,277,0.0,6,1007.1,0.07,2.66,0.012
2022-07-13T02:00,24.2,17,-2.1,20.8,0.0,0.0,0.0,6.4,8.3,297,0.0,0,1007.3,0.07,2.49,0.012
2022-07-13T03:00,23.7,17,-2.5,19.8,0.0,0.0,0.0,9.5,10.8,351,0.0,0,1008.7,0.11,2.41,0.014
2022-07-13T04:00,22.5,17,-3.8,18.5,0.0,0.0,0.0,8.7,16.2,355,0.0,0,1009.5,0.1,2.26,0.014
2022-07-13T05:00,22.0,18,-3.4,17.9,0.0,0.0,0.0,9.8,15.8,352,4.0,0,1010.5,0.12,2.16,0.014
2022-07-13T06:00,23.1,21,-0.5,19.4,0.0,0.0,0.0,10.2,17.3,337,91.0,0,1010.8,0.15,2.23,0.014
2022-07-13T07:00,25.3,22,2.1,22.1,0.0,0.0,0.0,9.9,20.5,341,269.0,0,1010.6,0.26,2.51,0.014
2022-07-13T08:00,27.8,19,2.3,24.5,0.0,0.0,0.0,10.5,23.8,352,474.0,0,1009.8,0.41,3.02,0.014
2022-07-13T09:00,30.5,13,-1.2,27.1,0.0,0.0,0.0,11.9,27.0,360,668.0,0,1008.5,0.57,3.8,0.014
2022-07-13T10:00,32.6,9,-4.0,29.0,0.0,0.0,0.0,15.9,34.2,18,828.0,0,1007.4,0.74,4.45,0.014
2022-07-13T11:00,34.2,7,-6.6,30.3,0.0,0.0,0.0,19.3,40.7,29,939.0,0,1006.5,0.86,4.99,0.013
2022-07-13T12:00,35.0,6,-8.6,30.3,0.0,0.0,0.0,24.6,49.3,32,988.0,0,1005.7,0.95,5.29,0.013
2022-07-13T13:00,35.2,6,-8.8,30.4,0.0,0.0,0.0,24.2,50.0,30,967.0,0,1005.0,0.94,5.35,0.013
2022-07-13T14:00,35.1,6,-8.7,30.1,0.0,0.0,0.0,23.1,49.0,31,880.0,0,1004.5,0.87,5.34,0.013
2022-07-13T15:00,35.0,5,-11.3,29.5,0.0,0.0,0.0,20.9,46.4,32,737.0,0,1003.8,0.75,5.36,0.012
2022-07-13T16:00,34.3,5,-11.2,27.9,0.0,0.0,0.0,21.0,42.1,39,555.0,0,1003.4,0.63,5.15,0.012
2022-07-13T17:00,33.0,6,-9.8,26.6,0.0,0.0,0.0,21.5,41.8,40,345.0,0,1003.8,0.49,4.74,0.012
2022-07-13T18:00,31.5,7,-8.1,25.6,0.0,0.0,0.0,19.1,40.7,36,145.0,0,1004.4,0.34,4.29,0.012
2022-07-13T19:00,29.8,8,-7.9,24.7,0.0,0.0,0.0,13.5,33.8,25,18.0,0,1005.0,0.2,3.85,0.012
2022-07-13T20:00,28.4,9,-8.0,23.4,0.0,0.0,0.0,13.1,22.7,32,0.0,0,1005.6,0.18,3.53,0.012
2022-07-13T21:00,27.2,9,-8.1,21.9,0.0,0.0,0.0,15.1,26.6,40,0.0,0,1006.4,0.2,3.27,0.011
2022-07-13T22:00,25.8,10,-8.1,20.9,0.0,0.0,0.0,12.2,25.6,43,0.0,0,1006.8,0.16,2.98,0.011
2022-07-13T23:00,24.3,11,-8.0,20.0,0.0,0.0,0.0,7.9,20.5,39,0.0,0,1007.1,0.1,2.69,0.011
2022-07-14T00:00,22.1,14,-6.4,17.8,0.0,0.0,0.0,8.9,12.6,43,0.0,0,1007.4,0.1,2.27,0.011
2022-07-14T01:00,23.2,13,-7.2,19.5,0.0,0.0,0.0,4.9,11.2,17,0.0,0,1007.4,0.06,2.49,0.011
2022-07-14T02:00,20.1,17,-6.1,16.3,0.0,0.0,0.0,6.1,6.8,320,0.0,0,1007.3,0.06,1.96,0.011
2022-07-14T03:00,18.5,19,-5.7,14.7,0.0,0.0,0.0,6.4,8.3,317,0.0,0,1007.9,0.06,1.73,0.01
2022-07-14T04:00,18.4,19,-5.7,14.8,0.0,0.0,0.0,5.4,8.3,312,0.0,0,1008.3,0.05,1.72,0.01
2022-07-14T05:00,17.6,20,-5.5,14.0,0.0,0.0,0.0,5.5,8.3,302,4.0,0,1008.6,0.06,1.61,0.01
2022-07-14T06:00,19.8,18,-5.4,16.0,0.0,0.0,0.0,6.1,8.6,298,93.0,0,1009.0,0.1,1.89,0.01
2022-07-14T07:00,23.5,15,-4.9,20.1,0.0,0.0,0.0,4.6,11.9,321,275.0,0,1009.1,0.2,2.47,0.01
2022-07-14T08:00,26.1,13,-4.1,22.4,0.0,0.0,0.0,6.5,17.6,3,484.0,0,1008.4,0.37,2.92,0.01
2022-07-14T09:00,28.1,12,-4.2,25.6,0.0,0.0,0.0,4.3,18.4,5,680.0,0,1007.3,0.49,3.35,0.01
2022-07-14T10:00,29.8,11,-4.5,28.4,0.0,0.0,0.0,4.0,17.3,5,839.0,0,1006.3,0.61,3.76,0.01
2022-07-14T11:00,31.2,10,-4.5,30.0,0.0,0.0,0.0,6.1,21.6,28,946.0,0,1005.4,0.72,4.11,0.01
2022-07-14T12:00,32.5,9,-4.8,31.5,0.0,0.0,0.0,6.6,22.0,68,987.0,0,1004.3,0.77,4.46,0.01
2022-07-14T13:00,33.4,8,-4.9,31.6,0.0,0.0,0.0,9.7,26.3,88,962.0,0,1003.0,0.79,4.71,0.01
2022-07-14T14:00,33.8,8,-5.1,31.2,0.0,0.0,0.0,11.2,28.4,88,875.0,0,1002.5,0.74,4.83,0.009
2022-07-14T15:00,33.5,8,-5.6,30.0,0.0,0.0,0.0,11.2,28.4,88,731.0,0,1002.6,0.64,4.77,0.005
2022-07-14T16:00,33.4,8,-5.8,28.8,0.0,0.0,0.0,11.9,27.4,85,546.0,0,1002.1,0.51,4.75,0.005
2022-07-14T17:00,32.5,8,-5.9,27.7,0.0,0.0,0.0,12.9,27.4,63,337.0,0,1002.0,0.38,4.5,0.005
2022-07-14T18:00,31.2,9,-6.2,25.9,0.0,0.0,0.0,16.1,29.9,50,141.0,0,1002.6,0.3,4.15,0.005
2022-07-14T19:00,29.4,10,-6.0,24.2,0.0,0.0,0.0,15.5,30.2,48,17.0,0,1003.3,0.22,3.71,0.005
2022-07-14T20:00,28.0,11,-5.5,22.9,0.0,0.0,0.0,15.8,27.7,55,0.0,0,1004.1,0.21,3.37,0.005
2022-07-14T21:00,26.7,12,-4.6,22.1,0.0,0.0,0.0,12.5,27.4,57,0.0,0,1005.1,0.16,3.07,0.005
2022-07-14T22:00,25.6,14,-4.3,21.2,0.0,0.0,0.0,10.9,21.2,63,0.0,0,1005.6,0.14,2.83,0.005
2022-07-14T23:00,24.2,15,-4.4,20.6,0.0,0.0,0.0,6.0,18.4,73,0.0,0,1006.0,0.07,2.58,0.005
2022-07-15T00:00,22.3,18,-3.5,18.6,0.0,0.0,0.0,7.7,10.1,37,0.0,0,1006.2,0.08,2.22,0.005
2022-07-15T01:00,23.6,15,-4.3,20.3,0.0,0.0,0.0,4.0,9.7,10,0.0,0,1006.7,0.04,2.46,0.005
2022-07-15T02:00,21.0,19,-3.7,18.0,0.0,0.0,0.0,2.9,5.4,300,0.0,0,1006.9,0.02,2.02,0.005
2022-07-15T03:00,22.0,18,-3.5,19.3,0.0,0.0,0.0,0.7,6.8,270,0.0,0,1006.9,0.0,2.17,0.005
2022-07-15T04:00,18.6,22,-3.4,15.0,0.0,0.0,0.0,6.5,7.9,326,0.0,0,1007.7,0.06,1.66,0.005
2022-07-15T05:00,18.5,22,-3.8,14.6,0.0,0.0,0.0,8.0,13.0,333,4.0,0,1008.6,0.08,1.66,0.005
2022-07-15T06:00,20.1,20,-3.8,16.0,0.0,0.0,0.0,9.5,15.1,323,91.0,0,1009.4,0.14,1.88,0.005
2022-07-15T07:00,23.5,16,-3.6,19.8,0.0,0.0,0.0,6.8,16.6,328,269.0,0,1009.8,0.22,2.42,0.005
2022-07-15T08:00,26.6,15,-1.8,22.7,0.0,0.0,0.0,10.1,22.3,358,474.0,0,1009.2,0.4,2.95,0.005
2022-07-15T09:00,29.3,15,-0.3,26.0,0.0,0.0,0.0,12.1,27.7,30,668.0,0,1008.4,0.56,3.46,0.005
2022-07-15T10:00,31.4,12,-1.7,28.3,0.0,0.0,0.0,14.5,32.0,60,826.0,0,1007.6,0.71,4.04,0.005
2022-07-15T11:00,32.2,11,-1.5,29.7,0.0,0.0,0.0,14.7,35.3,62,932.0,0,1007.1,0.79,4.25,0.005
2022-07-15T12:00,33.4,10,-2.1,32.0,0.0,0.0,0.0,9.5,33.8,61,972.0,0,1006.2,0.8,4.62,0.005
2022-07-15T13:00,34.8,9,-3.0,32.4,0.0,0.0,0.0,13.6,31.3,58,948.0,0,1004.9,0.83,5.07,0.005
2022-07-15T14:00,34.9,9,-2.4,31.2,0.0,0.0,0.0,18.8,39.2,61,862.0,0,1004.5,0.82,5.06,0.005
2022-07-15T15:00,33.8,10,-1.8,29.1,0.0,0.0,0.0,21.7,43.6,47,718.0,0,1005.0,0.73,4.72,0.006
2022-07-15T16:00,33.4,10,-2.0,27.8,0.0,0.0,0.0,21.7,44.3,43,534.0,0,1004.7,0.61,4.6,0.006
2022-07-15T17:00,32.5,11,-2.3,26.9,0.0,0.0,0.0,21.7,43.2,42,330.0,0,1005.3,0.47,4.37,0.006
2022-07-15T18:00,31.4,11,-2.8,25.9,0.0,0.0,0.0,20.1,41.4,43,137.0,0,1005.7,0.34,4.09,0.006
2022-07-15T19:00,29.7,12,-3.0,24.8,0.0,0.0,0.0,15.9,36.7,39,16.0,0,1006.6,0.22,3.68,0.006
2022-07-15T20:00,28.4,13,-3.2,23.5,0.0,0.0,0.0,15.3,27.7,41,0.0,0,1007.7,0.2,3.38,0.006
2022-07-15T21:00,27.3,13,-3.5,22.5,0.0,0.0,0.0,14.8,26.3,43,0.0,0,1008.3,0.19,3.16,0.006
2022-07-15T22:00,26.2,14,-3.4,21.8,0.0,0.0,0.0,12.2,25.2,43,0.0,0,1008.6,0.15,2.92,0.006
2022-07-15T23:00,25.1,15,-3.0,20.8,0.0,0.0,0.0,11.8,20.9,31,0.0,0,1008.7,0.14,2.7,0.006
2022-07-16T00:00,24.3,17,-2.6,20.4,0.0,0.0,0.0,9.5,19.8,25,0.0,0,1008.4,0.11,2.52,0.006
2022-07-16T01:00,23.0,18,-2.8,19.3,0.0,0.0,0.0,8.0,15.1,5,0.0,0,1008.3,0.09,2.31,0.006
2022-07-16T02:00,21.7,19,-3.1,18.0,0.0,0.0,0.0,7.4,12.2,346,0.0,0,1008.3,0.08,2.1,0.005
2022-07-16T03:00,20.2,20,-3.3,16.5,0.0,0.0,0.0,7.3,15.8,349,0.0,0,1009.3,0.07,1.88,0.006
2022-07-16T04:00,20.0,20,-3.6,15.9,0.0,0.0,0.0,10.2,16.2,350,0.0,0,1009.5,0.1,1.87,0.006
2022-07-16T05:00,19.8,26,-0.2,16.0,0.0,0.0,0.0,11.6,19.1,344,4.0,0,1009.8,0.11,1.71,0.006
2022-07-16T06:00,21.8,29,3.0,18.4,0.0,0.0,0.0,12.1,19.8,343,90.0,0,1010.4,0.15,1.85,0.006
2022-07-16T07:00,24.3,27,4.0,21.2,0.0,0.0,0.0,11.5,22.7,360,269.0,0,1010.3,0.26,2.22,0.006
2022-07-16T08:00,26.4,23,3.6,24.0,0.0,0.0,0.0,5.8,23.0,30,475.0,0,1009.9,0.36,2.65,0.006
2022-07-16T09:00,28.7,19,2.9,27.7,0.0,0.0,0.0,1.1,16.6,342,670.0,0,1008.9,0.47,3.19,0.006
2022-07-16T10:00,30.7,14,0.4,30.4,0.0,0.0,0.0,1.1,13.7,360,828.0,0,1008.0,0.59,3.79,0.006
2022-07-16T11:00,32.4,10,-2.6,31.6,0.0,0.0,0.0,5.0,19.1,69,933.0,0,1007.0,0.72,4.36,0.006
2022-07-16T12:00,33.7,9,-3.9,32.1,0.0,0.0,0.0,9.8,26.3,66,977.0,0,1006.1,0.8,4.77,0.006
2022-07-16T13:00,34.4,8,-4.5,31.8,0.0,0.0,0.0,14.3,33.1,65,955.0,0,1005.2,0.84,5.0,0.006
2022-07-16T14:00,34.6,8,-4.7,30.9,0.0,0.0,0.0,17.4,37.8,66,868.0,0,1004.6,0.8,5.05,0.006
2022-07-16T15:00,33.9,8,-4.6,30.0,0.0,0.0,0.0,14.5,38.2,63,722.0,0,1004.4,0.67,4.86,0.003
2022-07-16T16:00,33.8,8,-4.7,29.5,0.0,0.0,0.0,10.6,31.3,55,537.0,0,1004.0,0.49,4.81,0.003
2022-07-16T17:00,33.4,9,-4.4,29.3,0.0,0.0,0.0,9.0,24.8,23,330.0,0,1003.7,0.33,4.69,0.003
2022-07-16T18:00,32.2,9,-4.2,27.2,0.0,0.0,0.0,15.8,28.1,30,136.0,0,1004.2,0.3,4.35,0.003
2022-07-16T19:00,30.6,10,-5.2,25.1,0.0,0.0,0.0,18.4,32.4,55,16.0,0,1004.8,0.26,3.97,0.003
2022-07-16T20:00,29.5,10,-6.0,24.1,0.0,0.0,0.0,17.5,32.4,58,0.0,0,1005.5,0.24,3.73,0.003
2022-07-16T21:00,28.3,10,-5.7,23.5,0.0,0.0,0.0,13.4,30.6,66,0.0,0,1006.1,0.18,3.45,0.003
2022-07-16T22:00,26.7,12,-5.2,22.8,0.0,0.0,0.0,7.2,22.3,84,0.0,0,1006.5,0.1,3.09,0.003
2022-07-16T23:00,24.8,14,-4.8,20.8,0.0,0.0,0.0,8.0,11.5,100,0.0,0,1007.0,0.1,2.69,0.003
2022-07-17T00:00,24.8,14,-4.8,20.9,0.0,0.0,0.0,7.6,12.2,121,0.0,0,1006.9,0.09,2.69,0.003
2022-07-17T01:00,23.1,16,-4.6,19.7,0.0,0.0,0.0,4.4,9.7,235,0.0,0,1007.1,0.05,2.38,0.003
2022-07-17T02:00,22.0,16,-5.0,18.5,0.0,0.0,0.0,5.1,6.8,274,0.0,0,1007.1,0.05,2.22,0.003
2022-07-17T03:00,20.1,19,-4.3,16.3,0.0,0.0,0.0,7.2,9.4,288,0.0,0,1007.2,0.07,1.9,0.003
2022-07-17T04:00,19.7,20,-4.2,16.0,0.0,0.0,0.0,7.2,9.0,323,0.0,0,1007.8,0.07,1.85,0.003
2022-07-17T05:00,19.9,19,-4.1,16.2,0.0,0.0,0.0,7.2,8.6,323,3.0,0,1008.8,0.08,1.87,0.003
2022-07-17T06:00,20.6,19,-4.0,17.4,0.0,0.0,0.0,3.4,8.6,288,89.0,0,1009.4,0.07,1.97,0.003
2022-07-17T07:00,24.3,15,-4.4,20.9,0.0,0.0,0.0,4.3,11.2,294,271.0,0,1010.0,0.2,2.59,0.003
2022-07-17T08:00,27.3,12,-4.8,23.7,0.0,0.0,0.0,5.6,15.8,320,479.0,0,1009.1,0.36,3.2,0.003
2022-07-17T09:00,30.0,9,-6.7,26.9,0.0,0.0,0.0,5.9,19.1,14,674.0,0,1008.2,0.51,3.86,0.003
2022-07-17T10:00,31.8,7,-8.4,29.5,0.0,0.0,0.0,6.2,20.2,69,833.0,0,1007.3,0.64,4.38,0.003
2022-07-17T11:00,33.3,6,-9.1,31.3,0.0,0.0,0.0,8.2,23.4,75,941.0,0,1006.4,0.75,4.81,0.003
2022-07-17T12:00,34.5,6,-9.4,32.1,0.0,0.0,0.0,11.1,28.1,77,985.0,0,1005.2,0.82,5.15,0.003
2022-07-17T13:00,35.1,5,-9.4,32.5,0.0,0.0,0.0,11.5,29.2,76,962.0,0,1004.3,0.82,5.35,0.003
2022-07-17T14:00,35.5,5,-9.4,32.5,0.0,0.0,0.0,11.2,29.2,75,875.0,0,1003.7,0.75,5.46,0.003
2022-07-17T15:00,34.9,5,-10.1,31.2,0.0,0.0,0.0,10.0,27.7,75,730.0,0,1004.0,0.63,5.29,0.002
2022-07-17T16:00,34.9,5,-9.9,30.4,0.0,0.0,0.0,8.4,24.1,70,544.0,0,1003.7,0.47,5.3,0.002
2022-07-17T17:00,34.5,5,-9.9,30.6,0.0,0.0,0.0,4.7,21.2,86,335.0,0,1003.5,0.27,5.18,0.002
2022-07-17T18:00,33.6,6,-9.9,29.3,0.0,0.0,0.0,7.4,13.3,203,138.0,0,1003.5,0.18,4.91,0.002
2022-07-17T19:00,30.9,8,-7.3,27.1,0.0,0.0,0.0,5.6,12.6,255,16.0,0,1003.9,0.08,4.11,0.002
2022-07-17T20:00,30.3,7,-8.6,25.2,0.0,0.0,0.0,13.3,20.5,3,0.0,0,1005.0,0.2,4.0,0.002
2022-07-17T21:00,29.7,9,-6.2,23.8,0.0,0.0,0.0,20.4,35.3,45,0.0,0,1005.7,0.28,3.79,0.002
2022-07-17T22:00,28.3,10,-5.8,23.7,0.0,0.0,0.0,11.6,34.9,64,0.0,0,1006.0,0.16,3.45,0.002
2022-07-17T23:00,25.8,13,-5.0,21.8,0.0,0.0,0.0,8.2,19.4,61,0.0,0,1006.4,0.11,2.9,0.002
2022-07-18T00:00,27.2,11,-5.6,23.6,0.0,0.0,0.0,5.1,11.5,4,0.0,0,1006.4,0.06,3.21,0.002
2022-07-18T01:00,25.0,13,-5.0,21.9,0.0,0.0,0.0,2.2,6.8,261,0.0,0,1006.7,0.02,2.75,0.002
2022-07-18T02:00,22.9,15,-5.3,19.4,0.0,0.0,0.0,4.7,7.2,279,0.0,0,1006.9,0.05,2.38,0.002
2022-07-18T03:00,22.0,16,-4.9,18.3,0.0,0.0,0.0,6.2,9.4,280,0.0,0,1007.7,0.07,2.21,0.007
2022-07-18T04:00,20.3,18,-4.8,16.5,0.0,0.0,0.0,7.1,9.7,255,0.0,0,1008.2,0.07,1.95,0.007
2022-07-18T05:00,19.3,20,-4.6,15.4,0.0,0.0,0.0,7.9,10.4,246,3.0,0,1008.7,0.09,1.8,0.007
2022-07-18T06:00,21.8,17,-4.7,18.5,0.0,0.0,0.0,3.4,9.7,252,87.0,0,1009.3,0.07,2.17,0.007
2022-07-18T07:00,25.6,13,-5.0,22.3,0.0,0.0,0.0,3.4,9.4,252,267.0,0,1009.6,0.19,2.85,0.007
2022-07-18T08:00,28.8,10,-5.8,25.1,0.0,0.0,0.0,5.4,15.1,352,476.0,0,1009.0,0.36,3.56,0.007
2022-07-18T09:00,31.1,8,-6.5,28.5,0.0,0.0,0.0,2.6,16.2,344,671.0,0,1008.1,0.48,4.13,0.007
2022-07-18T10:00,32.8,7,-7.0,31.3,0.0,0.0,0.0,2.7,14.8,23,831.0,0,1007.2,0.61,4.61,0.007
2022-07-18T11:00,34.4,6,-7.7,32.5,0.0,0.0,0.0,7.9,23.0,51,938.0,0,1006.3,0.76,5.08,0.007
2022-07-18T12:00,35.3,6,-7.5,33.4,0.0,0.0,0.0,9.0,25.6,53,982.0,0,1005.2,0.81,5.35,0.007
2022-07-18T13:00,35.7,6,-7.4,34.0,0.0,0.0,0.0,7.6,25.2,82,959.0,0,1004.4,0.78,5.49,0.007
2022-07-18T14:00,36.1,6,-7.4,33.6,0.0,0.0,0.0,8.9,24.5,122,871.0,0,1003.9,0.73,5.61,0.007
2022-07-18T15:00,35.7,6,-7.7,32.5,0.0,0.0,0.0,8.2,27.0,165,727.0,0,1003.9,0.61,5.5,0.006
2022-07-18T16:00,35.9,6,-8.0,30.9,0.0,0.0,0.0,12.6,27.7,160,541.0,0,1003.3,0.54,5.56,0.006
2022-07-18T17:00,35.4,6,-8.1,30.4,0.0,0.0,0.0,12.7,28.8,151,332.0,0,1003.2,0.39,5.42,0.006
2022-07-18T18:00,34.5,6,-8.3,30.2,0.0,0.0,0.0,7.9,26.3,137,137.0,0,1003.5,0.19,5.13,0.006
2022-07-18T19:00,31.6,8,-6.4,27.8,0.0,0.0,0.0,5.9,14.0,76,15.0,0,1004.2,0.09,4.26,0.006
2022-07-18T20:00,30.8,9,-6.4,26.3,0.0,0.0,0.0,10.9,17.6,63,0.0,0,1005.5,0.16,4.06,0.006
2022-07-18T21:00,29.8,9,-5.9,24.8,0.0,0.0,0.0,14.0,23.0,61,0.0,0,1005.9,0.2,3.79,0.006
2022-07-18T22:00,28.5,11,-5.1,24.1,0.0,0.0,0.0,10.8,24.1,60,0.0,0,1006.4,0.15,3.47,0.006
2022-07-18T23:00,26.4,13,-4.0,22.5,0.0,0.0,0.0,8.0,18.0,85,0.0,0,1006.7,0.1,2.98,0.006
2022-07-19T00:00,27.6,11,-5.3,24.5,0.0,0.0,0.0,2.3,10.1,342,0.0,0,1007.0,0.02,3.28,0.006
2022-07-19T01:00,24.3,14,-4.7,20.7,0.0,0.0,0.0,5.6,7.2,255,0.0,0,1007.1,0.07,2.61,0.006
2022-07-19T02:00,23.5,15,-5.0,19.4,0.0,0.0,0.0,8.9,14.0,249,0.0,0,1007.3,0.11,2.46,0.006
2022-07-19T03:00,21.9,17,-4.5,18.2,0.0,0.0,0.0,6.4,14.0,254,0.0,0,1007.9,0.07,2.18,0.006
2022-07-19T04:00,21.3,18,-4.4,17.7,0.0,0.0,0.0,5.9,9.7,259,0.0,0,1008.2,0.06,2.08,0.006
2022-07-19T05:00,21.5,18,-4.2,18.1,0.0,0.0,0.0,4.7,9.7,261,3.0,0,1008.9,0.05,2.11,0.006
2022-07-19T06:00,21.9,21,-1.3,19.2,0.0,0.0,0.0,2.8,5.8,310,85.0,0,1010.1,0.07,2.07,0.006
2022-07-19T07:00,25.5,14,-4.5,21.9,0.0,0.0,0.0,5.4,12.6,312,264.0,0,1010.5,0.21,2.81,0.006
2022-07-19T08:00,29.0,11,-4.9,25.2,0.0,0.0,0.0,7.1,18.0,336,472.0,0,1009.8,0.38,3.58,0.006
2022-07-19T09:00,31.9,9,-5.2,28.8,0.0,0.0,0.0,6.7,20.2,16,668.0,0,1008.4,0.53,4.31,0.006
2022-07-19T10:00,33.5,8,-5.5,31.3,0.0,0.0,0.0,7.3,21.6,70,828.0,0,1007.7,0.66,4.77,0.006
2022-07-19T11:00,34.6,7,-6.3,32.8,0.0,0.0,0.0,8.4,23.8,83,935.0,0,1006.9,0.76,5.12,0.006
2022-07-19T12:00,35.5,7,-6.2,33.4,0.0,0.0,0.0,11.4,28.1,79,979.0,0,1006.1,0.84,5.39,0.006
2022-07-19T13:00,36.0,7,-5.1,33.5,0.0,0.0,0.0,13.2,31.7,64,954.0,0,1005.5,0.84,5.51,0.006
2022-07-19T14:00,36.1,7,-4.9,33.4,0.0,0.0,0.0,11.5,31.7,49,865.0,0,1004.8,0.76,5.55,0.006
2022-07-19T15:00,35.5,7,-5.0,32.4,0.0,0.0,0.0,8.9,28.1,76,721.0,0,1004.9,0.62,5.34,0.005
2022-07-19T16:00,35.6,7,-5.1,31.9,0.0,0.0,0.0,6.3,22.3,103,536.0,0,1004.1,0.45,5.39,0.005
2022-07-19T17:00,35.6,7,-5.1,31.4,0.0,0.0,0.0,9.3,20.2,106,329.0,0,1003.7,0.34,5.38,0.005
2022-07-19T18:00,33.9,8,-4.5,28.5,0.0,0.0,0.0,18.6,33.8,68,134.0,0,1004.3,0.34,4.85,0.005
2022-07-19T19:00,32.4,9,-4.4,27.7,0.0,0.0,0.0,13.4,33.8,70,15.0,0,1004.8,0.21,4.41,0.005
2022-07-19T20:00,30.9,10,-4.8,26.2,0.0,0.0,0.0,13.6,23.4,68,0.0,0,1005.8,0.2,4.04,0.005
2022-07-19T21:00,29.8,10,-4.8,25.1,0.0,0.0,0.0,13.5,23.4,46,0.0,0,1006.4,0.19,3.77,0.005
2022-07-19T22:00,28.5,11,-4.9,24.3,0.0,0.0,0.0,9.7,23.0,45,0.0,0,1006.7,0.13,3.47,0.005
2022-07-19T23:00,26.2,14,-3.9,22.2,0.0,0.0,0.0,8.8,15.5,55,0.0,0,1006.6,0.11,2.93,0.005
2022-07-20T00:00,27.7,11,-5.1,24.7,0.0,0.0,0.0,0.8,10.8,297,0.0,0,1006.4,0.0,3.28,0.005
2022-07-20T01:00,24.6,14,-4.7,21.1,0.0,0.0,0.0,5.0,6.8,270,0.0,0,1006.2,0.06,2.65,0.005
2022-07-20T02:00,23.7,15,-4.9,19.9,0.0,0.0,0.0,6.5,11.2,273,0.0,0,1006.1,0.08,2.5,0.005
2022-07-20T03:00,21.5,18,-3.9,17.5,0.0,0.0,0.0,8.7,10.4,294,0.0,0,1006.5,0.09,2.1,0.005
2022-07-20T04:00,20.8,19,-4.0,16.6,0.0,0.0,0.0,10.3,12.2,331,0.0,0,1006.9,0.11,2.0,0.005
2022-07-20T05:00,20.4,18,-4.4,16.3,0.0,0.0,0.0,9.3,13.0,344,3.0,0,1008.1,0.1,1.96,0.005
2022-07-20T06:00,23.0,15,-4.8,19.0,0.0,0.0,0.0,7.9,12.2,317,85.0,0,1008.7,0.13,2.37,0.005
2022-07-20T07:00,26.3,12,-4.9,22.6,0.0,0.0,0.0,6.5,15.1,326,263.0,0,1009.0,0.23,3.0,0.005
2022-07-20T08:00,29.3,12,-3.3,26.1,0.0,0.0,0.0,4.3,15.5,355,471.0,0,1008.4,0.35,3.6,0.005
2022-07-20T09:00,31.9,10,-3.5,30.0,0.0,0.0,0.0,0.7,14.0,180,667.0,0,1007.1,0.46,4.26,0.005
2022-07-20T10:00,33.7,8,-5.3,32.6,0.0,0.0,0.0,0.7,13.3,180,827.0,0,1006.3,0.59,4.8,0.005
2022-07-20T11:00,34.8,7,-5.7,34.1,0.0,0.0,0.0,2.5,15.5,8,934.0,0,1005.3,0.7,5.16,0.005
2022-07-20T12:00,35.8,7,-6.1,34.7,0.0,0.0,0.0,5.6,20.5,27,979.0,0,1004.3,0.78,5.47,0.005
2022-07-20T13:00,36.3,6,-6.1,34.5,0.0,0.0,0.0,8.5,24.5,36,956.0,0,1003.4,0.79,5.63,0.005
2022-07-20T14:00,36.4,6,-6.0,34.0,0.0,0.0,0.0,9.2,25.2,45,868.0,0,1002.7,0.74,5.66,0.004
2022-07-20T15:00,35.9,7,-5.8,33.0,0.0,0.0,0.0,7.4,24.8,67,726.0,0,1002.3,0.6,5.5,0.002
2022-07-20T16:00,36.1,6,-6.2,32.0,0.0,0.0,0.0,7.6,21.2,90,538.0,0,1001.6,0.47,5.57,0.002
2022-07-20T17:00,35.6,7,-6.3,31.4,0.0,0.0,0.0,8.7,20.5,107,330.0,0,1001.3,0.33,5.43,0.002
2022-07-20T18:00,34.6,7,-6.0,30.0,0.0,0.0,0.0,11.2,20.2,96,135.0,0,1001.2,0.24,5.09,0.002
2022-07-20T19:00,32.7,8,-5.5,28.8,0.0,0.0,0.0,7.6,20.5,90,15.0,0,1001.4,0.12,4.54,0.002
2022-07-20T20:00,31.7,9,-5.3,27.6,0.0,0.0,0.0,8.7,12.2,73,0.0,0,1001.4,0.13,4.26,0.002
2022-07-20T21:00,30.5,11,-3.7,25.5,0.0,0.0,0.0,15.8,28.8,66,0.0,0,1002.7,0.22,3.89,0.002
2022-07-20T22:00,29.4,12,-3.3,25.1,0.0,0.0,0.0,11.9,27.0,119,0.0,0,1003.4,0.17,3.62,0.002
2022-07-20T23:00,28.2,13,-2.9,24.0,0.0,0.0,0.0,11.0,20.2,128,0.0,0,1003.8,0.15,3.32,0.002
2022-07-21T00:00,26.9,15,-1.5,23.1,0.0,0.0,0.0,9.7,20.2,117,0.0,0,1003.9,0.12,3.0,0.002
2022-07-21T01:00,24.8,19,-0.3,21.2,0.0,0.0,0.0,9.2,15.8,149,0.0,0,1003.8,0.11,2.52,0.002
2022-07-21T02:00,24.0,21,0.0,20.6,0.0,0.0,0.0,8.7,12.2,210,0.0,0,1003.9,0.1,2.37,0.002
2022-07-21T03:00,23.2,21,-0.6,20.0,0.0,0.0,0.0,6.9,11.2,219,0.0,0,1004.3,0.07,2.26,0.002
2022-07-21T04:00,22.4,21,-1.0,19.2,0.0,0.0,0.0,6.3,10.8,246,0.0,0,1004.4,0.06,2.14,0.002
2022-07-21T05:00,20.8,23,-1.0,17.7,0.0,0.0,0.0,5.8,9.7,274,3.0,0,1004.7,0.05,1.89,0.002
2022-07-21T06:00,22.8,20,-1.1,19.8,0.0,0.0,0.0,4.6,7.2,309,83.0,0,1005.5,0.09,2.21,0.002
2022-07-21T07:00,25.9,17,-1.0,23.2,0.0,0.0,0.0,2.3,9.7,18,260.0,0,1006.2,0.17,2.76,0.002
2022-07-21T08:00,28.5,15,-0.8,25.7,0.0,0.0,0.0,3.8,14.0,49,467.0,0,1005.7,0.34,3.31,0.002
2022-07-21T09:00,30.7,13,-0.6,28.5,0.0,0.0,0.0,4.3,16.6,95,662.0,0,1005.0,0.5,3.82,0.002
2022-07-21T10:00,32.8,11,-1.1,31.0,0.0,0.0,0.0,8.0,22.7,108,819.0,0,1004.1,0.66,4.41,0.002
2022-07-21T11:00,34.5,10,-1.7,33.1,0.0,0.0,0.0,8.8,24.8,102,925.0,0,1003.1,0.76,4.93,0.002
2022-07-21T12:00,35.8,9,-2.2,34.7,0.0,0.0,0.0,8.0,24.8,95,969.0,0,1002.0,0.8,5.36,0.002
2022-07-21T13:00,36.9,8,-2.7,35.8,0.0,0.0,0.0,6.8,23.8,93,947.0,0,1000.6,0.78,5.72,0.002
2022-07-21T14:00,37.6,7,-3.3,36.3,0.0,0.0,0.0,5.0,22.0,90,861.0,0,999.7,0.69,6.0,0.002
2022-07-21T15:00,37.6,7,-3.5,34.8,0.0,0.0,0.0,8.2,19.8,38,718.0,0,999.5,0.62,5.99,0.003
2022-07-21T16:00,37.4,7,-3.8,33.3,0.0,0.0,0.0,9.5,23.8,25,533.0,0,999.0,0.5,5.93,0.003
2022-07-21T17:00,36.7,8,-3.7,32.7,0.0,0.0,0.0,9.4,23.0,23,326.0,0,999.0,0.35,5.71,0.003
2022-07-21T18:00,35.9,8,-3.1,32.0,0.0,0.0,0.0,8.9,20.9,32,132.0,0,999.2,0.21,5.42,0.003
2022-07-21T19:00,34.1,9,-2.8,30.3,0.0,0.0,0.0,9.0,15.8,61,14.0,0,999.4,0.15,4.85,0.003
2022-07-21T20:00,32.9,10,-2.7,29.1,0.0,0.0,0.0,8.3,14.8,85,0.0,0,999.8,0.13,4.49,0.003
2022-07-21T21:00,31.8,11,-2.6,28.3,0.0,0.0,0.0,6.5,13.3,87,0.0,0,1000.1,0.09,4.18,0.003
2022-07-21T22:00,30.3,12,-2.5,26.8,0.0,0.0,0.0,6.5,11.2,19,0.0,0,1001.4,0.09,3.8,0.003
2022-07-21T23:00,28.3,14,-2.1,25.3,0.0,0.0,0.0,3.7,10.1,299,0.0,0,1002.5,0.04,3.31,0.003
2022-07-22T00:00,30.4,12,-2.8,27.2,0.0,0.0,0.0,4.9,5.0,144,0.0,0,1002.1,0.07,3.84,0.003
2022-07-22T01:00,26.9,15,-1.7,22.9,0.0,0.0,0.0,11.4,14.0,162,0.0,0,1001.9,0.14,3.01,0.003
2022-07-22T02:00,29.0,13,-2.1,26.5,0.0,0.0,0.0,0.5,14.0,315,0.0,0,1001.9,0.0,3.48,0.003
2022-07-22T03:00,28.1,15,-1.4,25.2,0.0,0.0,0.0,3.7,7.2,101,0.0,0,1002.6,0.04,3.25,0.004
2022-07-22T04:00,26.9,16,-1.1,24.0,0.0,0.0,0.0,4.1,5.4,218,0.0,0,1003.3,0.05,2.97,0.004
2022-07-22T05:00,23.1,25,1.8,20.3,0.0,0.0,0.0,6.5,7.6,276,2.0,0,1004.5,0.08,2.12,0.004
2022-07-22T06:00,25.0,24,2.9,23.1,0.0,0.0,0.0,1.1,7.6,18,80.0,0,1004.8,0.05,2.41,0.004
2022-07-22T07:00,27.7,21,3.2,25.3,0.0,0.0,0.0,5.1,11.5,309,254.0,0,1005.8,0.21,2.94,0.004
2022-07-22T08:00,30.4,15,0.9,27.7,0.0,0.0,0.0,4.4,14.8,351,458.0,0,1005.4,0.35,3.68,0.004
2022-07-22T09:00,32.8,12,-0.1,30.7,0.0,0.0,0.0,3.6,15.1,354,651.0,0,1004.6,0.49,4.35,0.003
2022-07-22T10:00,35.0,11,0.2,34.1,0.0,0.0,0.0,3.3,15.8,6,809.0,0,1003.8,0.62,4.99,0.003
2022-07-22T11:00,36.6,10,0.6,36.2,0.0,0.0,0.0,4.3,18.4,48,914.0,0,1002.9,0.73,5.48,0.003
2022-07-22T12:00,37.9,9,0.0,37.5,0.0,0.0,0.0,5.5,20.2,67,958.0,0,1001.6,0.78,5.98,0.003
2022-07-22T13:00,38.7,8,-0.8,38.6,0.0,0.0,0.0,2.9,20.2,83,936.0,0,1000.6,0.73,6.3,0.003
2022-07-22T14:00,39.3,8,-1.0,38.7,0.0,0.0,0.0,1.8,16.9,53,849.0,2,999.7,0.65,6.52,0.003
2022-07-22T15:00,38.2,8,-1.0,36.7,0.0,0.0,0.0,0.8,17.6,63,685.0,94,999.5,0.5,6.13,0.003
2022-07-22T16:00,38.9,8,-1.0,36.1,0.0,0.0,0.0,3.0,13.0,76,473.0,17,998.9,0.37,6.37,0.003
2022-07-22T17:00,38.7,8,-1.2,34.9,0.0,0.0,0.0,9.8,21.2,73,297.0,29,998.4,0.35,6.3,0.003
2022-07-22T18:00,37.1,8,-2.2,32.6,0.0,0.0,0.0,14.0,25.2,64,132.0,3,998.7,0.29,5.79,0.003
2022-07-22T19:00,35.5,9,-2.9,31.0,0.0,0.0,0.0,13.0,25.6,76,14.0,9,998.9,0.21,5.27,0.003
2022-07-22T20:00,34.4,9,-3.0,30.1,0.0,0.0,0.0,11.4,22.0,62,0.0,0,999.2,0.18,4.93,0.003
2022-07-22T21:00,32.3,12,-1.1,29.5,0.0,0.0,0.0,3.3,19.1,229,0.0,26,1000.1,0.04,4.27,0.003
2022-07-22T22:00,32.2,17,3.9,28.8,0.0,0.0,0.0,12.8,20.5,259,0.0,36,1001.0,0.18,3.99,0.003
2022-07-22T23:00,30.7,20,5.5,28.6,0.0,0.0,0.0,7.1,20.5,285,0.0,0,1001.0,0.09,3.51,0.003
2022-07-23T00:00,30.0,20,4.3,28.6,0.0,0.0,0.0,0.4,11.2,360,0.0,0,1001.0,0.0,3.41,0.003
2022-07-23T01:00,27.7,20,2.5,25.1,0.0,0.0,0.0,6.1,7.6,310,0.0,4,1001.5,0.07,2.98,0.003
2022-07-23T02:00,27.3,18,1.1,23.6,0.0,0.0,0.0,11.6,20.5,344,0.0,0,1001.9,0.14,2.96,0.003
2022-07-23T03:00,25.1,21,1.4,22.2,0.0,0.0,0.0,6.1,19.4,28,0.0,0,1002.9,0.07,2.5,0.002
2022-07-23T04:00,24.6,23,2.1,22.5,0.0,0.0,0.0,1.8,10.1,323,0.0,0,1003.4,0.01,2.37,0.002
2022-07-23T05:00,23.6,24,1.6,20.9,0.0,0.0,0.0,5.4,8.6,323,2.0,0,1003.8,0.06,2.22,0.002
2022-07-23T06:00,24.2,23,1.6,21.3,0.0,0.0,0.0,7.3,12.2,327,78.0,0,1004.0,0.12,2.33,0.002
2022-07-23T07:00,28.1,18,1.8,25.8,0.0,0.0,0.0,3.1,12.2,306,252.0,0,1004.3,0.18,3.1,0.002
2022-07-23T08:00,30.8,17,3.3,29.1,0.0,0.0,0.0,0.7,10.1,360,457.0,0,1003.9,0.31,3.65,0.002
2022-07-23T09:00,33.1,14,1.9,31.3,0.0,0.0,0.0,4.0,15.5,80,650.0,0,1002.9,0.5,4.36,0.002
2022-07-23T10:00,35.4,12,1.3,34.1,0.0,0.0,0.0,6.5,20.5,93,807.0,0,1002.0,0.66,5.08,0.001
2022-07-23T11:00,37.4,10,0.9,36.3,0.0,0.0,0.0,8.4,24.1,110,912.0,0,1000.8,0.78,5.76,0.001
2022-07-23T12:00,38.9,9,-0.1,37.9,0.0,0.0,0.0,8.9,25.2,117,956.0,0,999.3,0.83,6.35,0.001
2022-07-23T13:00,39.8,8,-0.4,38.5,0.0,0.0,0.0,9.1,25.6,124,934.0,0,997.7,0.82,6.7,0.001
2022-07-23T14:00,40.4,7,-1.6,38.4,0.0,0.0,0.0,9.2,25.2,135,848.0,0,996.8,0.75,6.99,0.001
2022-07-23T15:00,41.0,6,-3.4,38.2,0.0,0.0,0.0,7.4,25.9,209,694.0,100,995.6,0.61,7.3,0.004
2022-07-23T16:00,39.9,7,-3.1,36.3,0.0,0.0,0.0,6.9,19.8,141,361.0,96,995.4,0.38,6.83,0.004
2022-07-23T17:00,38.6,8,-2.0,34.1,0.0,0.0,0.0,14.2,27.4,60,304.0,5,995.8,0.42,6.29,0.004
2022-07-23T18:00,37.1,8,-3.4,31.8,0.0,0.0,0.0,18.5,36.7,53,117.0,1,996.1,0.36,5.82,0.004
2022-07-23T19:00,35.9,8,-2.8,32.2,0.0,0.0,0.0,8.3,33.1,90,12.0,0,995.5,0.14,5.41,0.004
2022-07-23T20:00,34.9,9,-2.7,31.2,0.0,0.0,0.0,8.2,13.7,131,0.0,15,996.2,0.13,5.09,0.004
2022-07-23T21:00,33.6,10,-2.0,30.1,0.0,0.0,0.0,7.4,18.0,151,0.0,0,996.7,0.11,4.67,0.004
2022-07-23T22:00,31.6,12,-1.8,28.3,0.0,0.0,0.0,5.8,11.5,210,0.0,7,998.0,0.08,4.1,0.004
2022-07-23T23:00,30.5,12,-1.6,27.0,0.0,0.0,0.0,7.7,11.5,152,0.0,0,998.7,0.11,3.82,0.004
2022-07-24T00:00,30.2,12,-2.0,26.4,0.0,0.0,0.0,9.7,18.4,149,0.0,0,998.5,0.14,3.76,0.004
2022-07-24T01:00,27.4,16,-1.0,23.7,0.0,0.0,0.0,9.6,15.8,167,0.0,0,998.5,0.12,3.07,0.004
2022-07-24T02:00,25.9,18,0.1,22.4,0.0,0.0,0.0,9.2,11.9,225,0.0,0,998.9,0.11,2.73,0.004
2022-07-24T03:00,25.1,24,2.8,21.9,0.0,0.0,0.0,10.0,10.8,232,0.0,0,998.9,0.11,2.43,0.004
2022-07-24T04:00,25.1,24,3.0,22.2,0.0,0.0,0.0,8.7,12.2,222,0.0,0,999.1,0.09,2.42,0.004
2022-07-24T05:00,23.8,25,2.7,21.1,0.0,0.0,0.0,6.8,11.5,238,2.0,0,999.8,0.07,2.21,0.004
2022-07-24T06:00,25.4,23,2.5,22.7,0.0,0.0,0.0,7.0,11.2,235,77.0,0,1000.7,0.12,2.51,0.004
2022-07-24T07:00,28.1,19,2.3,25.7,0.0,0.0,0.0,4.2,11.9,250,251.0,0,1001.1,0.2,3.08,0.004
2022-07-24T08:00,30.9,15,1.7,28.5,0.0,0.0,0.0,3.1,13.7,291,455.0,0,1000.5,0.33,3.77,0.004
2022-07-24T09:00,33.4,13,1.3,31.7,0.0,0.0,0.0,3.2,14.4,63,648.0,0,999.6,0.49,4.47,0.004
2022-07-24T10:00,35.7,11,1.2,34.4,0.0,0.0,0.0,6.2,19.8,100,805.0,0,998.8,0.66,5.18,0.004
2022-07-24T11:00,37.5,10,1.4,36.4,0.0,0.0,0.0,8.9,24.5,122,910.0,0,997.7,0.78,5.77,0.004
2022-07-24T12:00,38.9,10,1.5,37.8,0.0,0.0,0.0,10.0,26.3,131,953.0,0,996.4,0.84,6.25,0.004
2022-07-24T13:00,39.9,9,1.3,38.8,0.0,0.0,0.0,9.5,26.6,143,936.0,1,994.8,0.83,6.65,0.004
2022-07-24T14:00,40.5,9,1.2,39.1,0.0,0.0,0.0,7.7,25.6,139,834.0,16,993.7,0.73,6.89,0.004
2022-07-24T15:00,39.8,9,0.8,36.3,0.0,0.0,0.0,9.8,22.7,172,523.0,87,993.9,0.54,6.63,0.004
2022-07-24T16:00,39.6,9,0.3,36.1,0.0,0.0,0.0,9.9,23.8,161,332.0,92,993.1,0.41,6.6,0.003
2022-07-24T17:00,39.4,8,-0.5,36.0,0.0,0.0,0.0,7.9,22.3,227,173.0,100,992.6,0.27,6.55,0.003
2022-07-24T18:00,38.2,8,-2.5,33.1,0.0,0.0,0.0,17.7,31.0,274,71.0,100,993.1,0.35,6.17,0.003
2022-07-24T19:00,36.8,8,-2.7,31.8,0.0,0.0,0.0,17.3,32.8,265,9.0,51,993.6,0.3,5.7,0.003
2022-07-24T20:00,35.2,9,-3.0,29.8,0.0,0.0,0.0,19.1,32.8,250,0.0,11,994.9,0.3,5.18,0.003
2022-07-24T21:00,33.4,8,-5.7,27.3,0.0,0.0,0.0,21.5,37.4,249,0.0,6,996.1,0.32,4.73,0.003
2022-07-24T22:00,31.7,7,-8.7,26.6,0.0,0.0,0.0,13.3,37.4,270,0.0,2,997.1,0.2,4.36,0.003
2022-07-24T23:00,30.3,7,-9.4,25.3,0.0,0.0,0.0,12.6,22.7,268,0.0,6,997.7,0.19,4.02,0.003
2022-07-25T00:00,29.0,7,-9.9,23.6,0.0,0.0,0.0,15.0,26.3,222,0.0,16,997.6,0.22,3.72,0.003
2022-07-25T01:00,27.6,8,-10.1,22.7,0.0,0.0,0.0,11.0,25.2,247,0.0,12,998.1,0.16,3.4,0.003
2022-07-25T02:00,26.4,8,-10.1,21.5,0.0,0.0,0.0,10.6,18.0,242,0.0,38,998.5,0.15,3.15,0.003
2022-07-25T03:00,26.1,9,-9.7,21.7,0.0,0.0,0.0,8.0,17.6,262,0.0,5,999.0,0.11,3.09,0.002
2022-07-25T04:00,25.4,9,-9.5,20.4,0.0,0.0,0.0,11.9,18.7,267,0.0,24,999.4,0.16,2.94,0.002
2022-07-25T05:00,24.8,10,-9.5,19.8,0.0,0.0,0.0,12.2,20.9,256,2.0,1,999.8,0.16,2.82,0.002
2022-07-25T06:00,25.8,9,-9.5,20.6,0.0,0.0,0.0,13.8,23.4,242,77.0,26,1000.3,0.21,3.02,0.002
2022-07-25T07:00,28.2,8,-9.3,23.3,0.0,0.0,0.0,11.9,23.4,245,253.0,0,1000.9,0.3,3.52,0.002
2022-07-25T08:00,31.3,7,-9.2,26.3,0.0,0.0,0.0,11.9,25.6,265,463.0,0,1000.2,0.44,4.25,0.002
2022-07-25T09:00,33.5,5,-10.4,29.4,0.0,0.0,0.0,9.4,25.6,266,658.0,0,999.5,0.56,4.88,0.002
2022-07-25T10:00,35.2,5,-10.7,32.3,0.0,0.0,0.0,8.3,23.4,268,819.0,0,998.8,0.68,5.41,0.002
2022-07-25T11:00,36.8,5,-10.3,35.0,0.0,0.0,0.0,6.2,23.0,263,929.0,0,997.9,0.74,5.93,0.002
2022-07-25T12:00,38.1,4,-9.8,36.9,0.0,0.0,0.0,4.6,20.2,225,976.0,0,996.7,0.77,6.37,0.002
2022-07-25T13:00,39.0,5,-8.8,37.1,0.0,0.0,0.0,7.6,22.3,211,956.0,0,995.9,0.8,6.66,0.002
2022-07-25T14:00,39.6,4,-8.9,36.4,0.0,0.0,0.0,12.0,28.4,224,870.0,0,995.0,0.79,6.89,0.002
2022-07-25T15:00,39.1,4,-9.3,34.6,0.0,0.0,0.0,15.0,31.7,228,725.0,0,994.9,0.72,6.71,0.0
2022-07-25T16:00,39.4,4,-10.7,34.0,0.0,0.0,0.0,14.3,32.0,236,538.0,0,994.3,0.58,6.87,0.0
2022-07-25T17:00,38.8,3,-12.9,33.2,0.0,0.0,0.0,14.9,29.9,238,328.0,0,994.2,0.44,6.69,0.0
2022-07-25T18:00,36.8,3,-14.9,30.6,0.0,0.0,0.0,17.5,30.6,262,130.0,0,995.1,0.35,6.0,0.0
2022-07-25T19:00,34.4,4,-15.0,28.3,0.0,0.0,0.0,17.3,31.3,275,12.0,0,996.2,0.28,5.25,0.0
2022-07-25T20:00,33.2,4,-13.8,27.4,0.0,0.0,0.0,15.5,29.5,271,0.0,0,997.7,0.25,4.86,0.0
2022-07-25T21:00,31.2,7,-9.6,27.0,0.0,0.0,0.0,6.3,25.6,329,0.0,0,999.5,0.1,4.24,0.0
2022-07-25T22:00,29.0,22,5.2,26.7,0.0,0.0,0.0,7.6,10.4,335,0.0,0,1000.5,0.09,3.11,0.0
2022-07-25T23:00,27.8,25,5.9,26.0,0.0,0.0,0.0,5.1,9.4,278,0.0,0,1000.7,0.05,2.81,0.0
2022-07-26T00:00,27.3,25,5.4,25.5,0.0,0.0,0.0,4.3,6.5,270,0.0,0,1000.5,0.04,2.73,0.0
2022-07-26T01:00,27.2,27,6.5,25.2,0.0,0.0,0.0,7.4,8.3,331,0.0,0,1001.1,0.08,2.63,0.0
2022-07-26T02:00,25.2,32,7.2,23.2,0.0,0.0,0.0,8.6,12.2,345,0.0,0,1001.4,0.08,2.19,0.0
2022-07-26T03:00,24.3,33,7.1,22.8,0.0,0.0,0.0,4.6,10.4,288,0.0,0,1002.4,0.04,2.02,0.001
2022-07-26T04:00,24.2,34,7.4,22.2,0.0,0.0,0.0,8.9,14.4,328,0.0,0,1002.7,0.08,1.98,0.001
2022-07-26T05:00,23.5,37,8.1,21.3,0.0,0.0,0.0,11.0,17.6,328,2.0,0,1003.0,0.09,1.81,0.001
2022-07-26T06:00,24.7,35,8.4,22.5,0.0,0.0,0.0,12.2,20.5,326,75.0,0,1003.7,0.15,2.01,0.001
2022-07-26T07:00,26.6,33,8.8,24.3,0.0,0.0,0.0,13.4,26.6,352,247.0,0,1003.8,0.27,2.34,0.001
2022-07-26T08:00,29.0,28,8.8,27.1,0.0,0.0,0.0,10.4,26.3,14,450.0,0,1003.3,0.39,2.87,0.001
2022-07-26T09:00,31.5,23,7.7,30.6,0.0,0.0,0.0,5.5,23.8,58,642.0,2,1002.2,0.51,3.56,0.001
2022-07-26T10:00,33.7,19,6.9,33.6,0.0,0.0,0.0,5.8,19.4,120,798.0,27,1001.4,0.64,4.24,0.001
2022-07-26T11:00,35.7,16,6.0,35.4,0.0,0.0,0.0,8.9,24.5,117,902.0,71,1000.4,0.76,4.89,0.001
2022-07-26T12:00,37.3,13,4.7,36.4,0.0,0.0,0.0,12.3,29.9,105,945.0,69,999.1,0.84,5.52,0.001
2022-07-26T13:00,38.4,12,4.1,36.9,0.0,0.0,0.0,14.1,32.8,93,924.0,60,997.9,0.86,5.94,0.001
2022-07-26T14:00,39.1,11,3.4,37.0,0.0,0.0,0.0,14.1,34.2,96,839.0,16,996.7,0.8,6.23,0.001
2022-07-26T15:00,39.0,11,2.9,36.5,0.0,0.0,0.0,11.4,32.4,125,700.0,0,996.4,0.66,6.22,-0.001
2022-07-26T16:00,39.0,11,3.2,35.8,0.0,0.0,0.0,11.2,27.0,138,517.0,0,995.8,0.52,6.23,0.0
2022-07-26T17:00,38.1,12,3.9,34.7,0.0,0.0,0.0,13.0,25.9,95,314.0,0,995.9,0.4,5.84,0.0
2022-07-26T18:00,37.0,13,4.4,33.6,0.0,0.0,0.0,14.0,29.5,108,121.0,4,996.5,0.28,5.42,0.0
2022-07-26T19:00,35.4,15,4.6,32.4,0.0,0.0,0.0,11.0,25.2,79,11.0,0,997.1,0.17,4.89,0.0
2022-07-26T20:00,33.7,17,5.4,30.4,0.0,0.0,0.0,14.2,25.2,74,0.0,2,999.0,0.2,4.32,0.0
2022-07-26T21:00,32.6,19,6.3,30.3,0.0,0.0,0.0,9.4,24.8,94,0.0,1,999.8,0.13,3.97,0.0
2022-07-26T22:00,31.3,22,7.3,29.8,0.0,0.0,0.0,5.2,15.8,106,0.0,0,999.9,0.06,3.55,0.0
2022-07-26T23:00,30.7,24,7.8,30.0,0.0,0.0,0.0,1.0,9.7,315,0.0,2,1000.0,0.0,3.36,0.0
2022-07-27T00:00,29.3,26,7.7,27.9,0.0,0.0,0.0,5.1,6.5,315,0.0,0,1000.0,0.05,3.03,0.0
2022-07-27T01:00,28.5,28,8.0,26.6,0.0,0.0,0.0,8.8,13.7,325,0.0,0,1000.1,0.1,2.81,0.0
2022-07-27T02:00,27.6,29,8.0,25.6,0.0,0.0,0.0,9.5,16.2,335,0.0,0,1000.3,0.1,2.61,0.0
2022-07-27T03:00,26.0,32,8.1,24.6,0.0,0.0,0.0,6.0,15.1,335,0.0,14,1000.6,0.05,2.28,0.0
2022-07-27T04:00,25.7,33,8.0,24.3,0.0,0.0,0.0,5.7,10.4,325,0.0,28,1001.0,0.05,2.22,0.0
2022-07-27T05:00,25.2,33,8.0,23.6,0.0,0.0,0.0,7.4,10.8,331,1.0,0,1001.7,0.09,2.14,0.0
2022-07-27T06:00,26.6,31,8.1,24.9,0.0,0.0,0.0,8.0,13.7,342,72.0,0,1002.5,0.12,2.4,0.0
2022-07-27T07:00,29.1,27,8.3,27.9,0.0,0.0,0.0,5.0,13.3,30,241.0,0,1002.9,0.2,2.94,0.0
2022-07-27T08:00,31.9,24,8.7,30.3,0.0,0.0,0.0,8.4,19.4,97,442.0,0,1002.4,0.39,3.6,0.0
2022-07-27T09:00,33.9,22,9.5,32.3,0.0,0.0,0.0,13.0,29.2,118,632.0,0,1001.4,0.58,4.09,0.0
2022-07-27T10:00,35.9,19,8.9,34.8,0.0,0.0,0.0,13.9,31.7,115,787.0,0,1000.6,0.72,4.76,0.0
2022-07-27T11:00,37.6,16,7.4,36.5,0.0,0.0,0.0,14.6,33.5,110,882.0,10,999.5,0.82,5.44,0.0
2022-07-27T12:00,38.4,14,6.2,36.9,0.0,0.0,0.0,14.9,33.8,110,859.0,27,998.7,0.83,5.82,0.0
2022-07-27T13:00,38.7,14,6.0,37.0,0.0,0.0,0.0,13.6,33.5,107,794.0,7,998.0,0.77,5.93,0.0
2022-07-27T14:00,39.2,13,5.7,37.7,0.0,0.0,0.0,11.5,31.7,94,776.0,12,997.3,0.73,6.15,0.0
2022-07-27T15:00,39.0,12,5.0,36.6,0.0,0.0,0.0,12.4,28.1,80,669.0,60,997.1,0.66,6.12,0.0
2022-07-27T16:00,38.7,12,4.2,35.9,0.0,0.0,0.0,9.5,28.1,81,455.0,18,996.6,0.46,6.04,0.0
2022-07-27T17:00,38.6,11,3.4,36.2,0.0,0.0,0.0,6.0,22.3,147,275.0,69,996.1,0.28,6.07,0.0
2022-07-27T18:00,37.8,13,4.3,34.8,0.0,0.0,0.0,11.2,19.1,88,70.0,100,996.5,0.24,5.71,0.0
2022-07-27T19:00,36.5,15,5.5,33.2,0.0,0.0,0.0,14.8,27.0,96,7.0,87,997.5,0.25,5.2,0.0
2022-07-27T20:00,34.9,18,7.4,31.2,0.0,0.0,0.0,20.5,35.6,100,0.0,27,999.3,0.28,4.55,0.0
2022-07-27T21:00,33.5,21,8.4,30.1,0.0,0.0,0.0,20.3,38.2,110,0.0,1,1000.4,0.26,4.06,0.0
2022-07-27T22:00,32.4,25,10.2,29.9,0.0,0.0,0.0,17.2,36.0,106,0.0,2,1000.9,0.21,3.62,0.0
2022-07-27T23:00,31.2,31,12.1,29.9,0.0,0.0,0.0,13.0,31.7,136,0.0,0,1001.9,0.14,3.14,0.0
2022-07-28T00:00,30.0,35,13.1,30.0,0.0,0.0,0.0,6.6,22.7,135,0.0,0,1002.1,0.06,2.74,0.0
2022-07-28T01:00,28.7,39,13.4,29.1,0.0,0.0,0.0,4.3,10.8,90,0.0,0,1002.0,0.03,2.4,0.0
2022-07-28T02:00,28.0,41,13.5,27.9,0.0,0.0,0.0,8.7,13.7,73,0.0,0,1002.5,0.07,2.23,0.0
2022-07-28T03:00,25.9,53,15.6,26.4,0.0,0.0,0.0,9.4,16.9,88,0.0,0,1004.3,0.06,1.57,-0.001
2022-07-28T04:00,25.2,55,15.7,25.9,0.0,0.0,0.0,8.4,16.2,80,0.0,0,1004.9,0.04,1.43,0.0
2022-07-28T05:00,24.6,58,15.8,25.4,0.0,0.0,0.0,7.9,14.0,90,1.0,0,1005.7,0.05,1.29,0.0
2022-07-28T06:00,25.5,55,15.9,26.7,0.0,0.0,0.0,5.4,13.0,90,69.0,0,1006.5,0.07,1.45,0.0
2022-07-28T07:00,27.1,51,16.0,28.1,0.0,0.0,0.0,6.5,15.8,90,235.0,0,1006.6,0.19,1.76,0.0
2022-07-28T08:00,29.0,45,15.9,29.9,0.0,0.0,0.0,7.2,19.4,90,433.0,0,1006.2,0.35,2.19,0.0
2022-07-28T09:00,31.2,38,15.1,32.1,0.0,0.0,0.0,8.3,22.3,92,621.0,0,1005.4,0.51,2.81,0.0
2022-07-28T10:00,33.3,31,14.0,34.5,0.0,0.0,0.0,9.4,26.6,88,774.0,17,1004.8,0.65,3.51,0.0
2022-07-28T11:00,34.5,28,13.6,35.7,0.0,0.0,0.0,9.7,26.6,94,800.0,9,1004.0,0.69,3.91,0.0
2022-07-28T12:00,36.4,26,13.7,37.7,0.0,0.0,0.0,11.9,29.5,85,889.0,5,1002.5,0.79,4.49,0.0
2022-07-28T13:00,36.4,25,13.4,36.3,0.0,0.0,0.0,18.2,38.2,81,852.0,43,1002.3,0.81,4.54,0.0
2022-07-28T14:00,33.8,30,14.0,32.0,0.1,0.1,0.0,22.3,44.3,93,581.0,42,1003.3,0.62,3.66,0.001
2022-07-28T15:00,33.8,31,14.4,33.8,0.0,0.0,0.0,11.3,45.7,107,604.0,38,1002.7,0.55,3.61,0.003
2022-07-28T16:00,34.6,29,13.8,34.5,0.0,0.0,0.0,8.5,26.3,126,447.0,99,1002.0,0.42,3.91,0.003
2022-07-28T17:00,34.3,28,13.4,33.8,0.0,0.0,0.0,10.2,22.3,129,250.0,99,1002.0,0.29,3.86,0.003
2022-07-28T18:00,32.8,31,13.4,32.7,0.0,0.0,0.0,8.1,23.0,148,104.0,100,1003.2,0.16,3.44,0.004
2022-07-28T19:00,29.4,45,16.3,28.4,0.0,0.0,0.0,21.7,40.0,42,7.0,99,1005.5,0.19,2.25,0.004
2022-07-28T20:00,29.2,43,15.2,29.4,0.0,0.0,0.0,10.5,38.9,128,0.0,98,1006.1,0.09,2.32,0.004
2022-07-28T21:00,29.6,41,14.8,29.6,0.0,0.0,0.0,10.2,19.1,98,0.0,73,1006.8,0.09,2.46,0.004
2022-07-28T22:00,28.4,44,14.9,28.5,0.0,0.0,0.0,10.2,19.4,135,0.0,17,1007.0,0.08,2.18,0.004
2022-07-28T23:00,27.7,46,15.2,28.2,0.0,0.0,0.0,8.4,17.6,110,0.0,42,1007.3,0.06,1.99,0.004
2022-07-29T00:00,26.3,53,16.1,26.2,0.0,0.0,0.0,15.1,27.0,91,0.0,64,1007.9,0.09,1.59,0.004
2022-07-29T01:00,25.4,60,16.9,26.4,0.0,0.0,0.0,9.7,26.6,86,0.0,17,1007.8,0.05,1.31,0.004
2022-07-29T02:00,25.1,62,17.2,26.5,0.0,0.0,0.0,7.6,17.6,87,0.0,13,1007.7,0.03,1.21,0.004
2022-07-29T03:00,24.3,59,15.9,25.1,0.0,0.0,0.0,8.4,12.2,80,0.0,20,1008.9,0.04,1.24,0.012
2022-07-29T04:00,23.9,62,16.2,25.2,0.0,0.0,0.0,5.6,14.0,75,0.0,96,1009.3,0.02,1.12,0.012
2022-07-29T05:00,23.3,65,16.3,24.8,0.0,0.0,0.0,4.6,9.0,72,1.0,92,1009.8,0.02,1.0,0.012
2022-07-29T06:00,24.0,63,16.6,25.3,0.0,0.0,0.0,6.5,12.6,84,62.0,100,1010.3,0.07,1.1,0.012
2022-07-29T07:00,25.4,58,16.5,26.6,0.0,0.0,0.0,7.2,16.9,84,191.0,90,1010.2,0.16,1.36,0.012
2022-07-29T08:00,27.5,49,15.8,28.0,0.0,0.0,0.0,9.5,22.3,101,405.0,20,1009.8,0.33,1.87,0.012
2022-07-29T09:00,29.3,43,15.3,29.6,0.0,0.0,0.0,11.8,28.1,102,602.0,7,1009.4,0.49,2.33,0.012
2022-07-29T10:00,30.7,40,15.4,31.7,0.0,0.0,0.0,12.2,29.5,104,727.0,19,1008.8,0.6,2.66,0.012
2022-07-29T11:00,31.6,37,15.3,32.8,0.0,0.0,0.0,12.7,30.2,97,788.0,21,1008.1,0.66,2.9,0.012
2022-07-29T12:00,32.6,35,15.3,34.0,0.0,0.0,0.0,13.9,32.8,100,855.0,20,1006.9,0.72,3.18,0.012
2022-07-29T13:00,33.6,34,15.4,34.3,0.0,0.0,0.0,16.9,36.7,90,824.0,100,1005.7,0.73,3.44,0.012
2022-07-29T14:00,31.0,43,17.0,31.5,1.4,1.4,0.0,16.4,41.0,75,641.0,79,1006.2,0.56,2.54,0.028
2022-07-29T15:00,30.2,42,15.7,29.9,0.2,0.2,0.0,15.6,37.4,75,464.0,82,1005.8,0.44,2.51,0.053
2022-07-29T16:00,30.7,39,15.3,30.8,0.1,0.1,0.0,11.4,34.2,103,388.0,70,1005.5,0.37,2.68,0.054
2022-07-29T17:00,30.6,39,15.3,30.6,0.0,0.0,0.0,11.7,29.2,101,229.0,47,1005.4,0.26,2.66,0.054
2022-07-29T18:00,29.8,42,15.6,30.3,0.0,0.0,0.0,9.4,25.9,113,102.0,36,1005.7,0.15,2.43,0.054
2022-07-29T19:00,29.0,45,15.8,29.5,0.0,0.0,0.0,9.7,21.2,149,9.0,58,1007.0,0.09,2.22,0.054
2022-07-29T20:00,26.5,55,16.8,28.3,0.5,0.5,0.0,3.9,18.4,146,0.0,87,1009.3,0.01,1.55,0.06
2022-07-29T21:00,25.5,58,16.6,26.3,0.0,0.0,0.0,9.8,19.4,204,0.0,54,1010.1,0.05,1.37,0.06
2022-07-29T22:00,24.0,64,16.8,23.7,0.0,0.0,0.0,17.7,28.8,167,0.0,100,1011.1,0.07,1.07,0.06
2022-07-29T23:00,22.7,69,16.7,24.3,0.0,0.0,0.0,5.0,33.1,210,0.0,61,1011.0,0.01,0.85,0.06
2022-07-30T00:00,22.7,69,16.8,24.7,0.0,0.0,0.0,2.3,10.8,231,0.0,30,1010.5,0.0,0.84,0.06
2022-07-30T01:00,22.8,69,16.8,24.9,0.0,0.0,0.0,1.5,5.8,256,0.0,69,1010.3,0.0,0.85,0.06
2022-07-30T02:00,22.2,76,17.8,24.7,0.0,0.0,0.0,1.8,2.5,53,0.0,89,1010.0,0.0,0.64,0.06
2022-07-30T03:00,22.0,73,16.9,24.2,0.0,0.0,0.0,1.8,2.5,191,0.0,9,1010.7,0.0,0.72,0.045
2022-07-30T04:00,22.1,73,16.9,24.0,0.0,0.0,0.0,3.3,5.8,229,0.0,98,1010.7,0.0,0.73,0.045
2022-07-30T05:00,21.8,74,16.9,24.1,0.0,0.0,0.0,0.8,5.4,117,1.0,43,1011.1,0.0,0.69,0.045
2022-07-30T06:00,22.3,71,16.9,24.5,0.0,0.0,0.0,1.3,5.8,34,66.0,3,1011.3,0.04,0.77,0.045
2022-07-30T07:00,23.9,64,16.8,25.8,0.0,0.0,0.0,2.9,11.5,7,230.0,2,1011.3,0.16,1.06,0.045
2022-07-30T08:00,25.9,56,16.4,27.4,0.0,0.0,0.0,4.9,15.8,17,425.0,20,1010.8,0.31,1.48,0.045
2022-07-30T09:00,28.0,46,15.3,28.9,0.0,0.0,0.0,7.6,21.2,59,603.0,88,1010.0,0.46,2.03,0.046
2022-07-30T10:00,29.5,39,13.9,30.2,0.0,0.0,0.0,8.8,25.2,78,674.0,12,1009.3,0.54,2.53,0.046
2022-07-30T11:00,31.4,32,12.6,32.3,0.0,0.0,0.0,11.0,27.7,79,846.0,6,1008.1,0.69,3.14,0.046
2022-07-30T12:00,32.5,29,12.3,32.8,0.0,0.0,0.0,14.8,34.2,76,887.0,7,1007.0,0.75,3.45,0.046
2022-07-30T13:00,32.1,31,12.8,31.8,0.0,0.0,0.0,17.7,38.9,70,831.0,34,1006.7,0.73,3.3,0.046
2022-07-30T14:00,31.8,33,13.3,31.5,0.0,0.0,0.0,15.7,38.9,74,741.0,12,1006.2,0.65,3.16,0.046
2022-07-30T15:00,30.6,36,13.7,30.0,0.0,0.0,0.0,13.8,35.3,81,598.0,10,1006.6,0.53,2.82,0.045
2022-07-30T16:00,30.8,34,13.2,29.9,0.0,0.0,0.0,12.8,31.0,100,435.0,10,1005.9,0.41,2.92,0.045
2022-07-30T17:00,30.8,33,12.6,29.6,0.0,0.0,0.0,13.4,29.5,95,272.0,11,1005.7,0.31,2.97,0.045
2022-07-30T18:00,30.1,33,12.3,29.0,0.0,0.0,0.0,12.3,28.4,95,106.0,13,1005.8,0.19,2.83,0.045
2022-07-30T19:00,29.5,34,12.2,28.7,0.0,0.0,0.0,9.9,24.1,109,8.0,19,1006.6,0.11,2.69,0.045
2022-07-30T20:00,28.7,37,12.5,27.5,0.0,0.0,0.0,13.6,23.0,112,0.0,24,1007.6,0.13,2.49,0.045
2022-07-30T21:00,27.7,40,12.7,26.9,0.0,0.0,0.0,10.9,24.8,117,0.0,39,1008.1,0.09,2.23,0.045
2022-07-30T22:00,27.1,41,12.5,26.5,0.0,0.0,0.0,9.3,18.4,144,0.0,25,1008.2,0.08,2.13,0.045
2022-07-30T23:00,26.4,42,12.3,26.3,0.0,0.0,0.0,4.8,15.5,132,0.0,16,1008.0,0.03,2.01,0.045
2022-07-31T00:00,25.2,46,12.8,25.3,0.0,0.0,0.0,5.1,7.6,98,0.0,6,1007.7,0.03,1.72,0.045
2022-07-31T01:00,24.2,49,12.8,24.5,0.0,0.0,0.0,3.4,6.5,58,0.0,1,1007.5,0.01,1.54,0.045
2022-07-31T02:00,23.0,55,13.5,23.5,0.0,0.0,0.0,4.2,5.8,70,0.0,0,1007.3,0.01,1.27,0.045
2022-07-31T03:00,22.7,56,13.4,23.2,0.0,0.0,0.0,4.1,6.5,135,0.0,0,1008.0,0.01,1.23,0.049
2022-07-31T04:00,22.7,55,13.3,23.3,0.0,0.0,0.0,3.1,5.0,201,0.0,91,1007.8,0.0,1.23,0.049
2022-07-31T05:00,22.7,55,13.3,23.5,0.0,0.0,0.0,1.4,4.0,270,1.0,94,1007.9,0.0,1.24,0.049
2022-07-31T06:00,23.2,54,13.2,24.0,0.0,0.0,0.0,1.4,4.0,180,48.0,96,1008.2,0.04,1.32,0.049
2022-07-31T07:00,25.1,47,13.0,25.5,0.0,0.0,0.0,3.4,10.1,108,175.0,93,1008.6,0.14,1.69,0.049
2022-07-31T08:00,25.9,46,13.5,25.9,0.0,0.0,0.0,7.0,16.6,102,202.0,83,1008.6,0.2,1.79,0.049
2022-07-31T09:00,27.8,39,12.6,26.8,0.0,0.0,0.0,12.3,27.7,111,494.0,0,1007.9,0.42,2.28,0.049
2022-07-31T10:00,30.0,32,11.7,30.0,0.0,0.0,0.0,12.0,29.5,111,788.0,13,1007.0,0.64,2.86,0.049
2022-07-31T11:00,31.3,29,11.0,31.6,0.0,0.0,0.0,11.0,29.2,113,840.0,16,1005.8,0.69,3.24,0.049
2022-07-31T12:00,31.9,27,10.5,31.6,0.0,0.0,0.0,11.1,28.1,103,770.0,18,1004.9,0.66,3.45,0.049
2022-07-31T13:00,32.5,25,10.0,32.0,0.0,0.0,0.0,12.2,29.9,90,788.0,11,1003.9,0.68,3.66,0.049
2022-07-31T14:00,33.0,24,9.7,32.0,0.0,0.0,0.0,13.5,31.7,81,759.0,13,1003.0,0.67,3.81,0.049
2022-07-31T15:00,33.2,19,6.8,30.8,0.0,0.0,0.0,13.9,31.7,65,626.0,24,1001.9,0.59,4.1,0.044
2022-07-31T16:00,33.0,19,6.7,30.5,0.0,0.0,0.0,11.2,30.6,69,471.0,8,1001.6,0.45,4.05,0.044
2022-07-31T17:00,32.5,21,7.1,30.6,0.0,0.0,0.0,7.7,25.6,101,291.0,9,1001.6,0.28,3.89,0.044
2022-07-31T18:00,31.8,23,7.9,29.9,0.0,0.0,0.0,9.2,18.7,121,107.0,9,1001.8,0.18,3.64,0.044
2022-07-31T19:00,30.8,25,8.7,28.8,0.0,0.0,0.0,10.8,18.4,92,8.0,18,1002.3,0.14,3.3,0.044
2022-07-31T20:00,29.6,28,9.3,28.0,0.0,0.0,0.0,9.4,18.0,97,0.0,7,1003.0,0.1,2.98,0.044
2022-07-31T21:00,28.6,31,9.6,27.2,0.0,0.0,0.0,8.4,15.5,110,0.0,39,1003.5,0.09,2.71,0.044
2022-07-31T22:00,27.7,33,10.2,26.4,0.0,0.0,0.0,8.8,14.0,102,0.0,11,1003.7,0.08,2.46,0.044
2022-07-31T23:00,27.0,32,9.1,25.4,0.0,0.0,0.0,9.6,16.2,110,0.0,4,1004.1,0.09,2.41,0.044
2022-08-01T00:00,25.9,36,9.6,24.8,0.0,0.0,0.0,6.5,15.8,146,0.0,0,1003.8,0.05,2.15,0.044
2022-08-01T01:00,26.2,35,9.6,25.6,0.0,0.0,0.0,3.1,10.1,69,0.0,1,1004.0,0.02,2.21,0.044
2022-08-01T02:00,24.0,46,11.6,22.7,0.0,0.0,0.0,12.1,19.4,73,0.0,0,1004.7,0.08,1.62,0.044
2022-08-01T03:00,23.4,43,9.9,22.1,0.0,0.0,0.0,8.4,20.2,110,0.0,0,1005.3,0.06,1.65,0.049
2022-08-01T04:00,23.3,41,9.4,21.8,0.0,0.0,0.0,9.0,15.5,106,0.0,3,1005.6,0.07,1.67,0.049
2022-08-01T05:00,22.7,40,8.3,21.0,0.0,0.0,0.0,8.3,14.4,88,1.0,5,1006.1,0.06,1.66,0.049
2022-08-01T06:00,23.8,35,7.3,21.8,0.0,0.0,0.0,8.5,14.0,78,64.0,7,1007.0,0.11,1.92,0.049
2022-08-01T07:00,26.1,29,6.9,24.5,0.0,0.0,0.0,5.8,14.0,97,229.0,4,1007.4,0.19,2.39,0.049
2022-08-01T08:00,28.5,23,5.1,26.1,0.0,0.0,0.0,7.7,19.4,118,433.0,1,1007.0,0.36,3.0,0.049
2022-08-01T09:00,30.8,19,4.7,28.4,0.0,0.0,0.0,10.0,24.5,116,627.0,0,1006.3,0.53,3.58,0.049
2022-08-01T10:00,32.3,19,5.4,31.3,0.0,0.0,0.0,8.9,24.8,104,785.0,0,1005.5,0.65,3.94,0.049
2022-08-01T11:00,33.7,17,5.7,33.4,0.0,0.0,0.0,8.4,24.5,97,886.0,0,1004.6,0.73,4.3,0.049
2022-08-01T12:00,34.6,17,5.8,34.3,0.0,0.0,0.0,9.0,25.6,92,915.0,8,1003.5,0.77,4.57,0.049
2022-08-01T13:00,35.2,16,5.7,34.3,0.0,0.0,0.0,9.8,26.6,82,844.0,52,1002.6,0.73,4.76,0.049
2022-08-01T14:00,35.4,16,5.4,32.8,0.0,0.0,0.0,12.9,29.5,72,631.0,68,1001.9,0.62,4.84,0.049
2022-08-01T15:00,34.9,15,4.6,32.4,0.0,0.0,0.0,8.4,30.6,50,433.0,79,1001.9,0.44,4.74,0.046
2022-08-01T16:00,35.2,14,4.2,32.7,0.0,0.0,0.0,7.4,21.6,29,380.0,42,1001.4,0.38,4.86,0.046
2022-08-01T17:00,34.7,14,3.5,31.4,0.0,0.0,0.0,11.8,24.1,38,213.0,47,1001.5,0.32,4.73,0.046
2022-08-01T18:00,33.8,14,2.7,30.2,0.0,0.0,0.0,12.9,26.3,30,85.0,48,1001.7,0.25,4.52,0.046
2022-08-01T19:00,33.3,15,3.3,30.2,0.0,0.0,0.0,10.1,23.4,17,7.0,78,1002.0,0.16,4.34,0.046
2022-08-01T20:00,32.3,14,1.7,28.0,0.0,0.0,0.0,16.8,28.8,55,0.0,64,1003.6,0.23,4.15,0.046
2022-08-01T21:00,31.7,14,1.3,27.4,0.0,0.0,0.0,15.9,31.7,51,0.0,100,1004.7,0.22,3.99,0.046
2022-08-01T22:00,30.6,18,3.6,27.0,0.0,0.0,0.0,14.3,28.4,41,0.0,20,1005.3,0.19,3.59,0.046
2022-08-01T23:00,29.0,20,3.8,25.4,0.0,0.0,0.0,14.2,25.2,27,0.0,17,1005.5,0.17,3.19,0.046
2022-08-02T00:00,27.9,21,3.8,25.1,0.0,0.0,0.0,9.1,24.1,81,0.0,10,1005.9,0.11,2.95,0.046
2022-08-02T01:00,26.0,24,3.9,23.8,0.0,0.0,0.0,5.2,15.1,146,0.0,10,1006.0,0.05,2.56,0.046
2022-08-02T02:00,26.4,24,4.2,24.2,0.0,0.0,0.0,5.5,10.1,148,0.0,7,1006.3,0.06,2.62,0.046
2022-08-02T03:00,24.4,29,5.3,22.4,0.0,0.0,0.0,5.7,9.4,235,0.0,7,1006.7,0.05,2.16,0.048
2022-08-02T04:00,23.5,31,5.4,21.3,0.0,0.0,0.0,7.4,9.4,247,0.0,0,1006.8,0.07,2.0,0.048
2022-08-02T05:00,23.8,30,5.3,22.0,0.0,0.0,0.0,4.2,9.0,290,1.0,0,1007.3,0.02,2.05,0.048
2022-08-02T06:00,24.2,29,5.2,22.1,0.0,0.0,0.0,5.8,6.8,338,65.0,0,1008.5,0.09,2.13,0.048
2022-08-02T07:00,26.8,25,5.3,24.9,0.0,0.0,0.0,4.9,12.2,324,234.0,0,1009.0,0.19,2.63,0.048
2022-08-02T08:00,29.3,22,5.2,27.4,0.0,0.0,0.0,4.7,15.8,328,438.0,0,1008.4,0.34,3.18,0.048
2022-08-02T09:00,31.1,19,5.0,30.2,0.0,0.0,0.0,1.4,15.5,360,632.0,0,1007.5,0.45,3.64,0.048
2022-08-02T10:00,32.8,17,4.7,32.9,0.0,0.0,0.0,1.8,14.8,90,791.0,0,1006.8,0.59,4.12,0.048
2022-08-02T11:00,34.4,15,4.4,34.9,0.0,0.0,0.0,2.7,16.6,67,897.0,0,1005.7,0.69,4.59,0.048
2022-08-02T12:00,35.6,13,3.1,35.7,0.0,0.0,0.0,5.4,20.2,53,943.0,0,1004.6,0.76,5.05,0.048
2022-08-02T13:00,36.6,12,2.3,35.8,0.0,0.0,0.0,8.7,24.8,42,918.0,16,1003.7,0.78,5.42,0.048
2022-08-02T14:00,36.8,11,1.1,34.2,0.0,0.0,0.0,11.4,28.1,24,749.0,42,1002.9,0.69,5.53,0.048
2022-08-02T15:00,36.6,10,0.3,32.4,0.0,0.0,0.0,14.0,33.5,12,545.0,8,1002.6,0.59,5.5,0.046
2022-08-02T16:00,35.8,12,1.5,31.2,0.0,0.0,0.0,18.5,37.1,27,440.0,46,1002.5,0.55,5.2,0.046
2022-08-02T17:00,34.6,13,1.9,30.1,0.0,0.0,0.0,17.8,37.8,47,220.0,24,1002.8,0.4,4.79,0.046
2022-08-02T18:00,34.2,12,1.2,30.5,0.0,0.0,0.0,11.5,34.2,58,93.0,76,1002.7,0.23,4.7,0.046
2022-08-02T19:00,33.3,13,0.9,29.4,0.0,0.0,0.0,12.7,19.4,43,6.0,59,1003.3,0.2,4.45,0.046
2022-08-02T20:00,31.9,14,1.0,26.9,0.0,0.0,0.0,20.1,36.0,47,0.0,35,1004.6,0.27,4.06,0.046
2022-08-02T21:00,30.7,15,1.0,27.3,0.0,0.0,0.0,9.3,34.6,62,0.0,0,1005.1,0.13,3.75,0.046
2022-08-02T22:00,28.8,17,1.5,26.0,0.0,0.0,0.0,5.7,15.1,35,0.0,3,1006.1,0.07,3.27,0.046
2022-08-02T23:00,27.7,19,1.9,24.8,0.0,0.0,0.0,7.1,11.5,75,0.0,0,1007.0,0.09,3.02,0.046
2022-08-03T00:00,27.0,20,2.4,23.9,0.0,0.0,0.0,9.3,15.8,103,0.0,0,1007.4,0.11,2.83,0.046
2022-08-03T01:00,25.9,23,3.4,22.9,0.0,0.0,0.0,9.9,17.3,136,0.0,36,1007.7,0.11,2.55,0.046
2022-08-03T02:00,24.4,26,3.8,21.7,0.0,0.0,0.0,8.0,16.9,126,0.0,0,1007.7,0.08,2.25,0.046
2022-08-03T03:00,24.5,27,4.1,21.8,0.0,0.0,0.0,8.9,11.9,140,0.0,0,1007.7,0.09,2.26,0.046
2022-08-03T04:00,24.2,27,4.0,21.5,0.0,0.0,0.0,8.3,11.5,108,0.0,0,1008.2,0.08,2.2,0.046
2022-08-03T05:00,22.0,31,4.1,19.5,0.0,0.0,0.0,7.1,10.1,41,0.0,0,1009.0,0.09,1.82,0.046
2022-08-03T06:00,23.5,28,3.8,21.0,0.0,0.0,0.0,6.9,10.4,47,64.0,0,1009.9,0.1,2.08,0.046
2022-08-03T07:00,26.3,23,3.8,23.9,0.0,0.0,0.0,6.0,14.4,33,234.0,0,1010.3,0.2,2.61,0.046
2022-08-03T08:00,28.6,20,3.5,26.3,0.0,0.0,0.0,5.2,15.8,74,439.0,0,1009.9,0.34,3.13,0.046
2022-08-03T09:00,31.1,17,3.1,28.8,0.0,0.0,0.0,7.6,21.2,82,633.0,0,1009.1,0.51,3.74,0.046
2022-08-03T10:00,33.2,15,2.8,31.5,0.0,0.0,0.0,9.4,24.8,94,791.0,0,1008.3,0.66,4.33,0.046
2022-08-03T11:00,34.8,13,2.5,34.0,0.0,0.0,0.0,8.0,25.2,95,897.0,0,1007.5,0.74,4.83,0.046
2022-08-03T12:00,36.0,12,2.2,35.5,0.0,0.0,0.0,7.3,23.8,81,941.0,0,1006.5,0.78,5.23,0.046
2022-08-03T13:00,37.0,11,1.9,35.7,0.0,0.0,0.0,11.1,27.7,54,922.0,6,1005.5,0.81,5.57,0.046
2022-08-03T14:00,37.2,11,1.7,34.3,0.0,0.0,0.0,16.2,34.9,58,819.0,5,1004.7,0.79,5.64,0.046
2022-08-03T15:00,36.9,11,1.6,33.3,0.0,0.0,0.0,15.1,36.4,38,643.0,21,1004.5,0.66,5.56,0.041
2022-08-03T16:00,36.4,11,1.0,32.1,0.0,0.0,0.0,15.9,32.4,28,368.0,47,1004.1,0.49,5.42,0.041
2022-08-03T17:00,35.9,11,1.0,31.7,0.0,0.0,0.0,14.7,32.4,31,227.0,40,1003.7,0.37,5.24,0.041
2022-08-03T18:00,34.9,12,1.1,31.1,0.0,0.0,0.0,12.5,28.8,46,98.0,68,1004.0,0.25,4.93,0.041
2022-08-03T19:00,34.1,13,1.4,30.9,0.0,0.0,0.0,8.3,21.6,72,5.0,12,1004.2,0.15,4.66,0.041
2022-08-03T20:00,33.4,13,1.5,29.9,0.0,0.0,0.0,10.6,15.1,100,0.0,17,1004.8,0.16,4.45,0.041
2022-08-03T21:00,31.6,15,2.0,27.1,0.0,0.0,0.0,17.9,31.3,112,0.0,55,1006.4,0.24,3.93,0.041
2022-08-03T22:00,30.5,17,3.0,25.3,0.0,0.0,0.0,24.1,48.6,104,0.0,5,1007.6,0.29,3.6,0.041
2022-08-03T23:00,29.4,18,2.7,25.4,0.0,0.0,0.0,15.3,42.1,98,0.0,0,1008.2,0.19,3.35,0.041
2022-08-04T00:00,27.9,20,2.6,24.8,0.0,0.0,0.0,9.5,26.3,115,0.0,13,1008.4,0.12,3.01,0.041
2022-08-04T01:00,26.8,21,2.6,23.7,0.0,0.0,0.0,9.3,15.8,118,0.0,0,1008.7,0.11,2.79,0.041
2022-08-04T02:00,26.2,22,2.5,22.8,0.0,0.0,0.0,11.0,18.7,122,0.0,0,1009.0,0.13,2.66,0.041
2022-08-04T03:00,25.2,23,2.9,22.3,0.0,0.0,0.0,8.0,18.4,108,0.0,0,1009.0,0.09,2.45,0.043
2022-08-04T04:00,24.2,25,2.7,21.4,0.0,0.0,0.0,7.1,13.3,105,0.0,0,1009.5,0.07,2.27,0.043
2022-08-04T05:00,23.1,26,2.5,20.4,0.0,0.0,0.0,6.5,11.2,84,0.0,0,1010.2,0.1,2.1,0.043
2022-08-04T06:00,24.4,24,2.2,21.7,0.0,0.0,0.0,5.9,10.1,79,63.0,1,1011.2,0.09,2.33,0.043
2022-08-04T07:00,26.6,20,2.0,23.9,0.0,0.0,0.0,6.4,14.4,74,232.0,0,1011.6,0.21,2.78,0.043
2022-08-04T08:00,29.1,18,2.0,26.3,0.0,0.0,0.0,6.5,18.0,90,438.0,0,1010.8,0.35,3.31,0.043
2022-08-04T09:00,31.6,15,2.3,29.5,0.0,0.0,0.0,5.9,18.7,101,633.0,0,1009.7,0.5,3.93,0.043
2022-08-04T10:00,34.1,13,2.1,32.7,0.0,0.0,0.0,6.9,21.2,118,792.0,0,1008.7,0.65,4.63,0.043
2022-08-04T11:00,35.8,12,2.0,35.2,0.0,0.0,0.0,6.4,22.0,128,899.0,0,1007.4,0.73,5.17,0.043
2022-08-04T12:00,37.1,11,1.9,36.9,0.0,0.0,0.0,5.4,21.6,132,942.0,0,1006.1,0.76,5.59,0.043
2022-08-04T13:00,38.0,10,1.5,37.7,0.0,0.0,0.0,4.9,20.2,107,920.0,0,1004.8,0.75,5.93,0.043
2022-08-04T14:00,39.2,8,-0.5,37.8,0.0,0.0,0.0,6.4,20.5,43,834.0,59,1003.7,0.7,6.46,0.043
2022-08-04T15:00,39.0,8,-0.7,34.9,0.0,0.0,0.0,16.7,32.4,33,651.0,60,1003.1,0.7,6.41,0.041
2022-08-04T16:00,37.8,11,1.7,32.3,0.0,0.0,0.0,24.5,47.2,33,464.0,48,1002.9,0.65,5.85,0.041
2022-08-04T17:00,36.6,10,0.6,30.8,0.0,0.0,0.0,25.3,50.8,24,273.0,14,1003.0,0.52,5.49,0.041
2022-08-04T18:00,36.5,10,0.7,32.7,0.0,0.0,0.0,12.1,46.4,10,86.0,35,1002.8,0.25,5.47,0.041
2022-08-04T19:00,35.2,11,0.8,32.2,0.0,0.0,0.0,6.9,20.5,28,6.0,16,1002.9,0.12,5.04,0.041
2022-08-04T20:00,33.9,12,1.0,29.3,0.0,0.0,0.0,18.3,29.2,54,0.0,1,1004.3,0.27,4.64,0.041
2022-08-04T21:00,32.5,14,1.4,27.1,0.0,0.0,0.0,23.6,47.9,97,0.0,0,1005.3,0.32,4.22,0.041
2022-08-04T22:00,30.9,15,1.5,27.1,0.0,0.0,0.0,13.2,41.4,112,0.0,0,1005.9,0.18,3.79,0.041
2022-08-04T23:00,29.5,17,1.7,26.1,0.0,0.0,0.0,10.4,23.0,124,0.0,0,1006.1,0.14,3.43,0.041
2022-08-05T00:00,28.4,18,1.9,25.5,0.0,0.0,0.0,7.4,17.6,133,0.0,0,1006.3,0.09,3.16,0.041
2022-08-05T01:00,27.2,20,2.1,24.2,0.0,0.0,0.0,8.0,12.6,80,0.0,0,1006.9,0.1,2.89,0.041
2022-08-05T02:00,26.1,21,2.3,23.2,0.0,0.0,0.0,7.8,14.4,103,0.0,0,1007.5,0.09,2.66,0.041
2022-08-05T03:00,24.9,23,2.4,22.1,0.0,0.0,0.0,7.5,19.4,107,0.0,0,1007.8,0.08,2.42,0.042
2022-08-05T04:00,24.6,23,2.4,21.7,0.0,0.0,0.0,8.0,13.0,95,0.0,0,1008.2,0.08,2.36,0.042
2022-08-05T05:00,23.4,25,2.4,20.6,0.0,0.0,0.0,6.8,13.0,93,0.0,0,1009.0,0.1,2.15,0.042
2022-08-05T06:00,24.7,23,2.4,22.1,0.0,0.0,0.0,5.6,11.2,117,63.0,0,1009.6,0.09,2.38,0.042
2022-08-05T07:00,27.1,20,2.2,24.4,0.0,0.0,0.0,6.6,14.4,135,234.0,0,1009.5,0.21,2.87,0.042
2022-08-05T08:00,29.5,17,2.1,26.3,0.0,0.0,0.0,9.2,21.2,121,441.0,0,1009.1,0.38,3.4,0.042
2022-08-05T09:00,31.7,15,1.9,28.5,0.0,0.0,0.0,12.8,28.4,112,637.0,0,1008.1,0.57,3.97,0.042
2022-08-05T10:00,33.6,13,1.9,31.2,0.0,0.0,0.0,12.7,29.9,105,796.0,0,1007.3,0.7,4.49,0.042
2022-08-05T11:00,35.2,12,1.7,33.5,0.0,0.0,0.0,12.2,29.9,88,902.0,0,1006.2,0.79,4.98,0.042
2022-08-05T12:00,36.4,11,1.4,34.9,0.0,0.0,0.0,12.1,29.9,78,946.0,0,1005.0,0.83,5.4,0.042
2022-08-05T13:00,37.3,10,1.2,35.9,0.0,0.0,0.0,10.6,29.5,80,923.0,0,1004.0,0.81,5.7,0.042
2022-08-05T14:00,37.8,10,0.8,36.1,0.0,0.0,0.0,9.5,27.4,81,836.0,0,1002.8,0.73,5.91,0.042
2022-08-05T15:00,37.1,10,0.7,33.8,0.0,0.0,0.0,13.5,26.6,65,691.0,0,1003.0,0.67,5.65,0.042
2022-08-05T16:00,36.8,10,0.5,32.9,0.0,0.0,0.0,12.4,30.2,60,504.0,1,1002.6,0.51,5.56,0.042
2022-08-05T17:00,36.3,10,0.5,33.1,0.0,0.0,0.0,7.3,27.0,79,295.0,0,1002.2,0.29,5.39,0.042
2022-08-05T18:00,35.6,11,0.8,32.0,0.0,0.0,0.0,10.4,17.6,90,106.0,1,1002.3,0.22,5.15,0.042
2022-08-05T19:00,33.5,14,2.5,28.7,0.0,0.0,0.0,21.4,36.7,46,6.0,2,1003.3,0.3,4.44,0.042
2022-08-05T20:00,32.0,15,2.5,27.9,0.0,0.0,0.0,16.2,37.8,91,0.0,2,1004.6,0.22,4.03,0.042
2022-08-05T21:00,31.1,16,2.6,27.3,0.0,0.0,0.0,13.9,28.1,107,0.0,0,1004.9,0.19,3.77,0.042
2022-08-05T22:00,30.0,17,2.7,26.3,0.0,0.0,0.0,13.4,24.5,114,0.0,0,1005.5,0.17,3.49,0.042
2022-08-05T23:00,28.9,19,2.7,24.9,0.0,0.0,0.0,16.0,27.4,121,0.0,3,1006.2,0.2,3.24,0.042
2022-08-06T00:00,27.9,20,2.9,24.4,0.0,0.0,0.0,12.4,27.7,116,0.0,5,1006.3,0.15,3.01,0.042
2022-08-06T01:00,26.6,22,2.9,23.8,0.0,0.0,0.0,8.2,20.9,128,0.0,8,1006.4,0.09,2.73,0.042
2022-08-06T02:00,25.5,23,3.0,22.8,0.0,0.0,0.0,7.5,13.3,125,0.0,3,1006.7,0.08,2.51,0.042
2022-08-06T03:00,24.0,26,3.4,21.4,0.0,0.0,0.0,7.5,11.9,125,0.0,0,1007.2,0.07,2.21,0.042
2022-08-06T04:00,23.3,28,3.5,20.4,0.0,0.0,0.0,8.9,11.2,140,0.0,0,1007.5,0.09,2.07,0.042
2022-08-06T05:00,22.5,29,3.6,19.6,0.0,0.0,0.0,9.0,11.9,157,0.0,0,1007.8,0.11,1.93,0.042
2022-08-06T06:00,24.4,25,3.2,22.1,0.0,0.0,0.0,4.3,11.5,180,61.0,0,1008.4,0.07,2.28,0.042
2022-08-06T07:00,26.8,21,2.9,24.6,0.0,0.0,0.0,3.9,10.1,124,230.0,0,1008.6,0.18,2.77,0.042
2022-08-06T08:00,28.8,18,2.5,25.8,0.0,0.0,0.0,8.7,20.2,107,437.0,0,1008.0,0.37,3.23,0.042
2022-08-06T09:00,30.8,16,2.5,28.1,0.0,0.0,0.0,10.0,24.8,105,632.0,0,1007.2,0.53,3.71,0.042
2022-08-06T10:00,32.8,15,2.5,30.9,0.0,0.0,0.0,10.6,26.6,108,790.0,0,1006.1,0.67,4.23,0.042
2022-08-06T11:00,34.6,13,2.4,33.3,0.0,0.0,0.0,10.2,27.0,108,895.0,0,1004.6,0.76,4.76,0.041
2022-08-06T12:00,35.9,12,2.3,35.0,0.0,0.0,0.0,9.9,27.4,109,939.0,0,1003.0,0.8,5.19,0.041
2022-08-06T13:00,36.8,11,2.1,36.0,0.0,0.0,0.0,8.5,26.6,102,917.0,0,1001.5,0.78,5.5,0.041
2022-08-06T14:00,37.5,11,1.9,36.0,0.0,0.0,0.0,9.0,24.8,88,830.0,0,1000.5,0.72,5.73,0.041
2022-08-06T15:00,36.6,11,1.7,34.0,0.0,0.0,0.0,10.4,25.6,76,687.0,0,1000.9,0.62,5.43,0.044
2022-08-06T16:00,36.6,11,1.4,32.8,0.0,0.0,0.0,12.9,28.4,67,501.0,0,1000.1,0.52,5.45,0.044
2022-08-06T17:00,35.6,11,1.2,31.7,0.0,0.0,0.0,13.2,28.8,64,295.0,1,999.9,0.37,5.15,0.044
2022-08-06T18:00,34.4,12,1.1,31.1,0.0,0.0,0.0,8.9,27.0,58,106.0,0,1000.2,0.19,4.78,0.044
2022-08-06T19:00,32.6,14,1.2,29.9,0.0,0.0,0.0,5.1,15.5,94,6.0,0,1000.2,0.07,4.24,0.044
2022-08-06T20:00,31.4,16,2.8,28.7,0.0,0.0,0.0,7.1,8.3,75,0.0,0,1000.3,0.09,3.84,0.044
2022-08-06T21:00,30.4,16,1.4,26.8,0.0,0.0,0.0,11.9,17.6,104,0.0,26,1000.9,0.16,3.67,0.044
2022-08-06T22:00,29.6,16,1.3,25.6,0.0,0.0,0.0,14.0,25.9,119,0.0,6,1002.1,0.18,3.46,0.044
2022-08-06T23:00,28.5,18,1.5,25.4,0.0,0.0,0.0,8.6,23.8,123,0.0,5,1002.5,0.11,3.21,0.044
2022-08-07T00:00,27.3,19,1.7,24.4,0.0,0.0,0.0,6.8,14.0,122,0.0,0,1002.5,0.08,2.93,0.044
2022-08-07T01:00,26.4,20,1.9,23.5,0.0,0.0,0.0,7.3,11.2,123,0.0,0,1002.3,0.08,2.73,0.044
2022-08-07T02:00,25.5,22,2.3,22.7,0.0,0.0,0.0,7.5,11.9,107,0.0,0,1002.3,0.08,2.54,0.044
2022-08-07T03:00,24.7,24,2.9,22.0,0.0,0.0,0.0,7.2,13.3,84,0.0,0,1003.1,0.08,2.36,0.047
2022-08-07T04:00,24.6,24,2.8,21.4,0.0,0.0,0.0,10.5,16.9,96,0.0,0,1003.7,0.11,2.35,0.047
2022-08-07T05:00,23.7,25,2.4,20.7,0.0,0.0,0.0,9.1,17.3,97,0.0,0,1004.5,0.12,2.2,0.047
2022-08-07T06:00,24.5,23,2.1,21.7,0.0,0.0,0.0,6.5,14.8,96,59.0,0,1005.3,0.1,2.35,0.047
2022-08-07T07:00,26.7,20,2.0,24.5,0.0,0.0,0.0,2.4,11.2,63,228.0,0,1005.6,0.16,2.79,0.047
2022-08-07T08:00,29.1,18,2.0,26.6,0.0,0.0,0.0,4.4,14.4,81,434.0,0,1005.0,0.33,3.31,0.047
2022-08-07T09:00,31.4,15,2.0,29.4,0.0,0.0,0.0,5.1,17.6,82,630.0,0,1004.3,0.49,3.89,0.047
2022-08-07T10:00,33.8,13,1.7,32.5,0.0,0.0,0.0,5.8,19.8,83,788.0,0,1003.5,0.63,4.56,0.047
2022-08-07T11:00,35.8,12,1.6,35.0,0.0,0.0,0.0,6.5,21.2,87,893.0,7,1002.3,0.73,5.18,0.047
2022-08-07T12:00,37.3,11,1.7,37.0,0.0,0.0,0.0,5.4,21.2,82,936.0,3,1000.9,0.76,5.67,0.047
2022-08-07T13:00,38.2,11,2.0,38.3,0.0,0.0,0.0,3.2,20.5,63,914.0,1,999.8,0.72,5.97,0.047
2022-08-07T14:00,38.6,10,2.0,37.9,0.0,0.0,0.0,4.2,17.6,31,828.0,2,998.8,0.67,6.12,0.047
2022-08-07T15:00,38.4,10,1.7,35.5,0.0,0.0,0.0,12.0,23.8,39,692.0,2,998.9,0.66,6.06,0.046
2022-08-07T16:00,37.9,10,1.4,34.3,0.0,0.0,0.0,11.4,28.4,35,509.0,2,998.8,0.51,5.9,0.046
2022-08-07T17:00,37.5,10,0.8,34.1,0.0,0.0,0.0,9.3,26.3,16,298.0,4,998.7,0.33,5.8,0.046
2022-08-07T18:00,36.6,10,0.4,33.2,0.0,0.0,0.0,9.1,20.5,342,103.0,17,998.9,0.2,5.49,0.046
2022-08-07T19:00,35.5,11,0.6,32.6,0.0,0.0,0.0,5.8,15.5,330,4.0,98,999.8,0.11,5.14,0.046
2022-08-07T20:00,34.6,13,2.2,31.7,0.0,0.0,0.0,7.2,11.2,267,0.0,67,1000.9,0.11,4.77,0.046
2022-08-07T21:00,33.6,16,4.3,31.3,0.0,0.0,0.0,5.9,13.0,322,0.0,36,1001.5,0.08,4.36,0.046
2022-08-07T22:00,32.6,17,4.6,29.8,0.0,0.0,0.0,10.2,16.9,328,0.0,7,1001.7,0.14,4.07,0.046
2022-08-07T23:00,31.6,18,4.0,29.7,0.0,0.0,0.0,2.8,16.9,320,0.0,0,1002.2,0.03,3.82,0.046
2022-08-08T00:00,28.4,23,5.2,26.1,0.0,0.0,0.0,7.3,10.4,160,0.0,0,1002.5,0.08,2.99,0.046
2022-08-08T01:00,27.7,24,5.2,25.4,0.0,0.0,0.0,7.6,10.4,177,0.0,16,1002.5,0.08,2.83,0.046
2022-08-08T02:00,26.8,25,5.1,24.1,0.0,0.0,0.0,9.7,11.9,158,0.0,2,1002.9,0.11,2.64,0.046
2022-08-08T03:00,25.0,35,8.5,23.3,0.0,0.0,0.0,8.8,11.9,199,0.0,24,1004.1,0.08,2.05,0.046
2022-08-08T04:00,24.6,36,8.5,23.5,0.0,0.0,0.0,4.7,10.8,238,0.0,0,1004.5,0.03,1.98,0.046
2022-08-08T05:00,23.3,39,8.5,22.2,0.0,0.0,0.0,4.8,7.9,283,0.0,0,1005.1,0.06,1.74,0.046
2022-08-08T06:00,24.3,35,7.7,23.4,0.0,0.0,0.0,2.1,6.5,301,58.0,0,1006.0,0.04,1.99,0.046
2022-08-08T07:00,27.4,28,7.5,26.7,0.0,0.0,0.0,0.4,6.5,270,226.0,2,1006.4,0.13,2.61,0.046
2022-08-08T08:00,30.2,23,6.8,29.2,0.0,0.0,0.0,0.8,9.7,27,432.0,3,1005.9,0.29,3.29,0.046
2022-08-08T09:00,32.6,19,6.2,31.9,0.0,0.0,0.0,1.5,12.6,45,626.0,0,1005.2,0.46,3.96,0.046
2022-08-08T10:00,34.8,16,5.5,34.8,0.0,0.0,0.0,2.7,15.5,67,785.0,0,1004.3,0.6,4.66,0.046
2022-08-08T11:00,36.7,14,4.8,37.1,0.0,0.0,0.0,3.6,17.6,84,890.0,10,1003.2,0.71,5.31,0.046
2022-08-08T12:00,37.9,12,3.9,38.5,0.0,0.0,0.0,2.9,18.4,83,920.0,16,1002.1,0.73,5.78,0.046
2022-08-08T13:00,38.7,11,3.5,38.8,0.0,0.0,0.0,3.6,17.3,53,889.0,5,1000.9,0.72,6.1,0.046
2022-08-08T14:00,39.4,11,2.9,38.5,0.0,0.0,0.0,6.1,20.2,40,817.0,2,999.8,0.69,6.39,0.046
2022-08-08T15:00,39.6,11,3.1,38.1,0.0,0.0,0.0,4.6,24.1,18,675.0,2,999.5,0.56,6.44,0.041
2022-08-08T16:00,39.3,11,3.0,36.4,0.0,0.0,0.0,8.9,21.6,27,459.0,13,999.3,0.46,6.35,0.041
2022-08-08T17:00,38.1,11,2.8,35.1,0.0,0.0,0.0,9.2,23.4,11,242.0,31,999.6,0.31,5.9,0.041
2022-08-08T18:00,37.5,12,2.7,34.6,0.0,0.0,0.0,8.3,19.8,326,83.0,97,999.7,0.19,5.69,0.041
2022-08-08T19:00,36.1,14,4.3,32.4,0.0,0.0,0.0,15.4,25.6,323,4.0,10,1000.5,0.25,5.13,0.041
2022-08-08T20:00,35.1,15,4.7,31.9,0.0,0.0,0.0,13.0,27.7,321,0.0,5,1001.1,0.19,4.8,0.041
2022-08-08T21:00,34.3,16,4.6,31.3,0.0,0.0,0.0,11.1,22.0,306,0.0,80,1001.2,0.16,4.55,0.041
2022-08-08T22:00,33.5,16,4.6,30.6,0.0,0.0,0.0,10.3,18.7,331,0.0,20,1001.2,0.15,4.31,0.041
2022-08-08T23:00,32.6,17,4.5,29.8,0.0,0.0,0.0,10.4,18.4,14,0.0,21,1001.5,0.14,4.08,0.041
2022-08-09T00:00,31.0,18,3.8,28.2,0.0,0.0,0.0,9.2,20.9,39,0.0,6,1002.1,0.12,3.69,0.041
2022-08-09T01:00,29.6,19,3.7,27.2,0.0,0.0,0.0,6.5,14.8,6,0.0,18,1002.1,0.08,3.35,0.041
2022-08-09T02:00,28.0,22,4.3,25.3,0.0,0.0,0.0,8.9,10.8,21,0.0,14,1002.0,0.1,2.94,0.041
2022-08-09T03:00,27.6,22,4.1,25.7,0.0,0.0,0.0,3.0,11.9,256,0.0,5,1003.4,0.03,2.86,0.04
2022-08-09T04:00,26.8,24,4.3,25.1,0.0,0.0,0.0,2.2,4.7,270,0.0,9,1003.5,0.01,2.7,0.04
2022-08-09T05:00,25.9,25,4.5,24.0,0.0,0.0,0.0,3.8,5.0,253,0.0,4,1003.9,0.07,2.5,0.04
2022-08-09T06:00,26.3,25,4.8,24.7,0.0,0.0,0.0,1.9,4.7,292,56.0,0,1004.6,0.04,2.55,0.04
2022-08-09T07:00,29.4,20,4.0,27.5,0.0,0.0,0.0,3.2,8.3,27,223.0,0,1004.8,0.17,3.27,0.04
2022-08-09T08:00,32.0,16,3.2,29.0,0.0,0.0,0.0,9.4,22.0,47,429.0,0,1004.9,0.4,3.97,0.04
2022-08-09T09:00,33.9,15,3.2,31.6,0.0,0.0,0.0,7.9,23.0,66,626.0,0,1004.2,0.53,4.51,0.04
2022-08-09T10:00,35.8,13,3.0,34.8,0.0,0.0,0.0,5.7,21.2,72,785.0,0,1003.3,0.64,5.12,0.04
2022-08-09T11:00,37.4,12,2.8,37.1,0.0,0.0,0.0,5.4,20.2,82,891.0,0,1002.2,0.73,5.67,0.04
2022-08-09T12:00,38.6,11,2.8,38.4,0.0,0.0,0.0,6.2,20.9,111,934.0,22,1001.2,0.78,6.1,0.04
2022-08-09T13:00,39.4,10,2.6,38.8,0.0,0.0,0.0,5.7,21.2,125,873.0,2,1000.0,0.73,6.39,0.04
2022-08-09T14:00,39.9,10,2.3,39.4,0.0,0.0,0.0,2.6,20.5,74,798.0,59,999.5,0.63,6.6,0.04
2022-08-09T15:00,39.1,10,2.5,37.2,0.0,0.0,0.0,4.3,20.5,24,627.0,32,999.8,0.52,6.3,0.036
2022-08-09T16:00,38.6,11,2.8,36.5,0.0,0.0,0.0,2.6,16.2,16,429.0,36,999.7,0.34,6.08,0.036
2022-08-09T17:00,38.1,11,2.7,35.9,0.0,0.0,0.0,3.3,13.0,347,267.0,61,999.3,0.22,5.92,0.036
2022-08-09T18:00,37.2,12,2.8,33.9,0.0,0.0,0.0,11.1,20.5,13,70.0,59,999.6,0.23,5.58,0.036
2022-08-09T19:00,35.7,14,4.2,32.3,0.0,0.0,0.0,13.7,23.8,23,4.0,68,1000.5,0.22,5.0,0.036
2022-08-09T20:00,34.5,16,5.3,31.3,0.0,0.0,0.0,13.8,24.5,49,0.0,47,1001.4,0.2,4.58,0.036
2022-08-09T21:00,33.5,18,6.3,30.2,0.0,0.0,0.0,16.4,28.1,50,0.0,50,1002.2,0.22,4.22,0.036
2022-08-09T22:00,32.9,20,6.7,29.9,0.0,0.0,0.0,14.5,28.4,55,0.0,71,1002.6,0.19,4.01,0.036
2022-08-09T23:00,32.4,20,6.8,29.5,0.0,0.0,0.0,13.6,25.6,53,0.0,97,1002.6,0.18,3.86,0.036
2022-08-10T00:00,30.9,22,6.4,28.7,0.0,0.0,0.0,8.7,23.8,48,0.0,58,1002.7,0.11,3.49,0.036
2022-08-10T01:00,29.6,23,6.5,28.2,0.0,0.0,0.0,3.4,14.4,18,0.0,1,1003.3,0.03,3.18,0.036
2022-08-10T02:00,28.2,26,6.7,26.4,0.0,0.0,0.0,6.3,11.2,329,0.0,0,1003.6,0.07,2.84,0.036
2022-08-10T03:00,29.0,26,7.3,27.9,0.0,0.0,0.0,2.5,11.2,360,0.0,4,1004.2,0.02,2.97,0.036
2022-08-10T04:00,26.5,31,8.0,25.3,0.0,0.0,0.0,3.9,4.3,292,0.0,11,1005.0,0.03,2.38,0.036
2022-08-10T05:00,24.9,39,10.0,23.3,0.0,0.0,0.0,10.8,16.2,330,0.0,6,1005.8,0.12,1.92,0.036
2022-08-10T06:00,25.1,42,11.4,23.7,0.0,0.0,0.0,12.1,20.5,343,55.0,4,1006.7,0.13,1.83,0.036
2022-08-10T07:00,27.0,38,11.3,25.9,0.0,0.0,0.0,9.8,20.9,352,222.0,5,1007.0,0.22,2.22,0.036
2022-08-10T08:00,29.6,30,10.0,28.5,0.0,0.0,0.0,7.1,21.2,15,427.0,3,1006.2,0.35,2.91,0.036
2022-08-10T09:00,31.5,25,9.2,31.1,0.0,0.0,0.0,4.1,19.1,45,621.0,0,1005.7,0.48,3.45,0.036
2022-08-10T10:00,33.5,22,8.6,33.7,0.0,0.0,0.0,5.8,19.8,68,779.0,0,1004.8,0.63,4.06,0.036
2022-08-10T11:00,35.4,18,7.6,35.4,0.0,0.0,0.0,8.8,24.5,78,871.0,9,1003.5,0.74,4.71,0.036
2022-08-10T12:00,36.8,15,6.3,36.3,0.0,0.0,0.0,9.8,27.0,82,872.0,39,1002.2,0.77,5.25,0.036
2022-08-10T13:00,37.8,14,5.3,37.1,0.0,0.0,0.0,8.0,26.3,85,826.0,29,1001.2,0.72,5.64,0.035
2022-08-10T14:00,38.4,13,5.0,37.0,0.0,0.0,0.0,9.4,24.8,88,764.0,3,1000.1,0.69,5.88,0.035
2022-08-10T15:00,38.3,13,4.7,35.8,0.0,0.0,0.0,12.6,27.7,85,667.0,13,999.7,0.65,5.86,0.033
2022-08-10T16:00,38.1,13,4.6,34.8,0.0,0.0,0.0,13.1,30.2,82,487.0,25,999.3,0.52,5.79,0.033
2022-08-10T17:00,37.4,14,5.2,34.6,0.0,0.0,0.0,10.4,28.4,92,266.0,61,999.3,0.33,5.51,0.033
2022-08-10T18:00,35.8,15,4.7,33.1,0.0,0.0,0.0,9.5,22.7,79,75.0,100,1000.3,0.2,5.02,0.033
2022-08-10T19:00,33.0,19,6.5,30.8,0.0,0.0,0.0,8.7,20.2,210,2.0,81,1003.1,0.15,4.07,0.033
2022-08-10T20:00,31.7,27,10.3,30.8,0.0,0.0,0.0,6.5,27.0,267,0.0,45,1003.9,0.07,3.41,0.033
2022-08-10T21:00,31.0,26,9.2,29.3,0.0,0.0,0.0,10.0,15.8,64,0.0,12,1003.7,0.12,3.32,0.033
2022-08-10T22:00,29.9,27,9.1,28.4,0.0,0.0,0.0,8.4,18.4,97,0.0,37,1004.0,0.09,3.07,0.033
2022-08-10T23:00,29.0,29,9.0,27.8,0.0,0.0,0.0,6.2,13.7,126,0.0,62,1004.5,0.06,2.85,0.033
2022-08-11T00:00,29.3,25,7.3,28.0,0.0,0.0,0.0,4.3,7.9,85,0.0,4,1004.6,0.04,3.06,0.033
2022-08-11T01:00,28.3,25,6.2,26.5,0.0,0.0,0.0,5.6,7.9,130,0.0,0,1004.9,0.06,2.9,0.033
2022-08-11T02:00,27.3,25,5.5,26.1,0.0,0.0,0.0,0.5,7.6,315,0.0,17,1005.4,0.0,2.71,0.033
2022-08-11T03:00,26.6,26,5.6,24.4,0.0,0.0,0.0,7.2,4.3,108,0.0,14,1006.2,0.07,2.56,0.042
2022-08-11T04:00,26.2,27,5.6,24.2,0.0,0.0,0.0,5.5,9.0,122,0.0,0,1006.8,0.05,2.48,0.042
2022-08-11T05:00,25.5,28,5.8,24.1,0.0,0.0,0.0,2.5,7.6,360,0.0,0,1007.6,0.05,2.34,0.042
2022-08-11T06:00,24.5,33,7.2,23.6,0.0,0.0,0.0,0.8,4.0,333,55.0,0,1008.3,0.03,2.05,0.042
2022-08-11T07:00,26.6,29,7.1,25.6,0.0,0.0,0.0,1.6,6.5,153,221.0,0,1008.6,0.14,2.47,0.042
2022-08-11T08:00,28.1,27,7.5,26.8,0.0,0.0,0.0,4.3,15.1,156,426.0,0,1008.6,0.32,2.77,0.041
2022-08-11T09:00,29.9,24,7.3,29.1,0.0,0.0,0.0,3.6,15.8,135,621.0,0,1008.1,0.46,3.18,0.041
2022-08-11T10:00,31.7,21,7.0,31.9,0.0,0.0,0.0,3.7,17.3,101,779.0,0,1007.5,0.59,3.68,0.041
2022-08-11T11:00,33.4,19,6.5,33.9,0.0,0.0,0.0,4.8,19.4,77,884.0,0,1006.4,0.7,4.16,0.041
2022-08-11T12:00,34.7,17,6.2,35.3,0.0,0.0,0.0,5.4,20.5,82,927.0,0,1005.1,0.74,4.58,0.041
2022-08-11T13:00,35.4,16,6.1,35.1,0.0,0.0,0.0,7.6,23.0,82,841.0,10,1004.0,0.71,4.81,0.041
2022-08-11T14:00,36.3,15,5.9,35.2,0.0,0.0,0.0,10.3,26.3,78,803.0,3,1003.1,0.71,5.1,0.041
2022-08-11T15:00,35.7,16,5.8,33.3,0.0,0.0,0.0,13.0,30.2,66,668.0,2,1003.4,0.63,4.91,0.041
2022-08-11T16:00,35.3,16,5.7,32.7,0.0,0.0,0.0,10.2,29.2,72,483.0,3,1003.0,0.46,4.8,0.041
2022-08-11T17:00,34.7,17,5.7,32.7,0.0,0.0,0.0,6.5,23.8,124,273.0,3,1002.7,0.26,4.62,0.041
2022-08-11T18:00,34.5,17,5.5,32.3,0.0,0.0,0.0,7.2,16.2,127,93.0,3,1002.6,0.15,4.55,0.041
2022-08-11T19:00,32.3,19,5.6,28.8,0.0,0.0,0.0,16.4,27.0,38,4.0,3,1003.9,0.22,3.93,0.041
2022-08-11T20:00,30.9,20,5.6,27.7,0.0,0.0,0.0,13.7,31.0,60,0.0,1,1005.6,0.17,3.55,0.041
2022-08-11T21:00,30.0,21,5.6,27.2,0.0,0.0,0.0,11.9,23.4,95,0.0,0,1006.1,0.15,3.33,0.041
2022-08-11T22:00,28.8,23,5.5,25.4,0.0,0.0,0.0,15.8,27.4,131,0.0,0,1006.8,0.18,3.06,0.041
2022-08-11T23:00,27.7,23,4.6,24.2,0.0,0.0,0.0,14.8,28.4,141,0.0,0,1007.4,0.17,2.86,0.041
2022-08-12T00:00,26.6,24,4.2,23.9,0.0,0.0,0.0,9.3,25.6,126,0.0,0,1007.4,0.1,2.66,0.041
2022-08-12T01:00,25.8,24,3.6,23.2,0.0,0.0,0.0,7.4,15.8,113,0.0,0,1007.4,0.08,2.52,0.041
2022-08-12T02:00,23.8,27,3.7,21.1,0.0,0.0,0.0,8.4,12.2,130,0.0,0,1007.8,0.08,2.15,0.041
2022-08-12T03:00,22.8,26,2.2,19.6,0.0,0.0,0.0,9.5,10.4,143,0.0,0,1008.6,0.09,2.05,0.042
2022-08-12T04:00,23.9,23,1.4,21.3,0.0,0.0,0.0,5.0,11.5,111,0.0,0,1009.0,0.05,2.29,0.042
2022-08-12T05:00,22.2,26,1.6,19.7,0.0,0.0,0.0,4.1,6.1,38,0.0,0,1009.4,0.07,1.98,0.042
2022-08-12T06:00,22.6,24,1.2,20.3,0.0,0.0,0.0,2.7,5.8,23,55.0,0,1009.8,0.05,2.08,0.042
2022-08-12T07:00,25.2,20,0.8,22.9,0.0,0.0,0.0,1.8,8.6,37,225.0,0,1010.0,0.14,2.56,0.042
2022-08-12T08:00,27.2,18,0.6,25.0,0.0,0.0,0.0,0.8,10.1,117,435.0,0,1009.6,0.28,2.97,0.042
2022-08-12T09:00,29.0,16,0.8,27.1,0.0,0.0,0.0,2.8,14.0,40,635.0,0,1009.0,0.45,3.36,0.042
2022-08-12T10:00,30.9,14,0.4,29.4,0.0,0.0,0.0,6.4,20.2,43,798.0,0,1008.3,0.62,3.83,0.042
2022-08-12T11:00,32.3,12,-0.6,30.6,0.0,0.0,0.0,10.4,27.4,44,907.0,0,1007.3,0.74,4.24,0.042
2022-08-12T12:00,33.1,11,-1.3,31.8,0.0,0.0,0.0,8.7,28.1,45,951.0,0,1006.5,0.77,4.49,0.042
2022-08-12T13:00,35.0,9,-3.2,33.4,0.0,0.0,0.0,8.6,25.2,57,928.0,0,1004.7,0.77,5.14,0.042
2022-08-12T14:00,35.5,8,-4.4,30.5,0.0,0.0,0.0,24.5,47.5,43,840.0,0,1004.0,0.86,5.32,0.042
2022-08-12T15:00,34.0,8,-5.1,28.6,0.0,0.0,0.0,22.2,54.0,42,692.0,0,1004.9,0.72,4.9,0.041
2022-08-12T16:00,33.7,8,-5.8,27.8,0.0,0.0,0.0,20.5,43.6,51,503.0,0,1004.5,0.58,4.83,0.041
2022-08-12T17:00,32.5,8,-5.9,26.5,0.0,0.0,0.0,21.3,40.7,53,289.0,0,1004.7,0.45,4.5,0.041
2022-08-12T18:00,30.7,9,-5.4,25.0,0.0,0.0,0.0,19.4,40.0,47,96.0,0,1005.3,0.31,3.99,0.041
2022-08-12T19:00,29.0,11,-4.8,23.9,0.0,0.0,0.0,15.5,33.8,48,3.0,0,1006.2,0.22,3.57,0.041
2022-08-12T20:00,28.0,12,-4.7,23.6,0.0,0.0,0.0,10.8,27.0,53,0.0,0,1007.0,0.15,3.34,0.041
2022-08-12T21:00,27.1,12,-5.0,22.9,0.0,0.0,0.0,10.1,18.0,35,0.0,0,1007.3,0.13,3.16,0.041
2022-08-12T22:00,25.9,12,-5.7,21.3,0.0,0.0,0.0,11.9,19.8,25,0.0,0,1008.0,0.15,2.94,0.041
2022-08-12T23:00,24.6,12,-6.6,20.3,0.0,0.0,0.0,8.9,19.8,40,0.0,0,1008.6,0.11,2.72,0.041
2022-08-13T00:00,22.8,13,-7.3,18.8,0.0,0.0,0.0,6.4,14.8,43,0.0,0,1008.6,0.08,2.41,0.041
2022-08-13T01:00,21.1,15,-6.7,16.9,0.0,0.0,0.0,8.4,10.8,59,0.0,0,1008.7,0.09,2.13,0.041
2022-08-13T02:00,21.6,14,-6.9,17.7,0.0,0.0,0.0,6.2,10.4,83,0.0,0,1008.9,0.07,2.22,0.041
2022-08-13T03:00,22.1,13,-7.7,18.4,0.0,0.0,0.0,4.5,7.6,14,0.0,0,1009.1,0.05,2.32,0.044
2022-08-13T04:00,18.6,16,-8.0,14.7,0.0,0.0,0.0,5.5,6.8,328,0.0,0,1009.3,0.06,1.81,0.044
2022-08-13T05:00,17.7,16,-8.2,13.6,0.0,0.0,0.0,6.6,9.0,299,0.0,0,1009.6,0.1,1.69,0.044
2022-08-13T06:00,18.7,16,-7.9,15.1,0.0,0.0,0.0,3.2,7.9,243,56.0,0,1010.0,0.05,1.81,0.044
2022-08-13T07:00,22.8,12,-8.4,19.3,0.0,0.0,0.0,2.5,8.6,278,234.0,0,1010.1,0.15,2.45,0.044
2022-08-13T08:00,25.8,9,-8.9,22.2,0.0,0.0,0.0,2.5,11.5,360,451.0,0,1009.8,0.29,3.0,0.044
2022-08-13T09:00,27.6,8,-9.3,24.6,0.0,0.0,0.0,3.6,15.1,360,656.0,0,1009.0,0.46,3.39,0.044
2022-08-13T10:00,29.5,8,-8.5,27.3,0.0,0.0,0.0,5.3,18.7,28,821.0,0,1008.0,0.61,3.79,0.044
2022-08-13T11:00,31.2,7,-8.1,28.7,0.0,0.0,0.0,10.5,26.6,49,929.0,0,1007.1,0.74,4.2,0.044
2022-08-13T12:00,32.0,7,-7.6,30.0,0.0,0.0,0.0,9.9,29.2,44,972.0,0,1006.2,0.78,4.41,0.044
2022-08-13T13:00,33.5,7,-7.9,31.6,0.0,0.0,0.0,7.9,26.6,51,945.0,0,1004.8,0.75,4.82,0.044
2022-08-13T14:00,34.2,6,-7.8,30.6,0.0,0.0,0.0,14.8,32.8,41,852.0,0,1003.9,0.76,5.04,0.044
2022-08-13T15:00,33.6,6,-9.0,28.5,0.0,0.0,0.0,18.1,38.9,31,701.0,0,1003.9,0.68,4.88,0.042
2022-08-13T16:00,33.0,7,-8.1,27.2,0.0,0.0,0.0,18.5,38.2,29,508.0,0,1003.8,0.56,4.7,0.042
2022-08-13T17:00,31.5,8,-7.0,25.7,0.0,0.0,0.0,19.4,37.4,35,291.0,0,1004.1,0.42,4.26,0.042
2022-08-13T18:00,29.9,9,-5.8,24.9,0.0,0.0,0.0,14.6,37.1,38,95.0,0,1004.7,0.25,3.82,0.042
2022-08-13T19:00,28.7,10,-5.7,24.2,0.0,0.0,0.0,10.8,25.2,26,3.0,0,1005.1,0.15,3.53,0.042
2022-08-13T20:00,27.4,11,-6.2,22.9,0.0,0.0,0.0,10.8,18.7,30,0.0,0,1006.0,0.15,3.25,0.042
2022-08-13T21:00,26.0,12,-5.8,21.6,0.0,0.0,0.0,10.3,18.4,36,0.0,0,1006.6,0.13,2.97,0.042
2022-08-13T22:00,24.8,13,-5.5,20.3,0.0,0.0,0.0,11.8,19.1,23,0.0,0,1007.0,0.15,2.72,0.042
2022-08-13T23:00,23.7,14,-5.6,19.1,0.0,0.0,0.0,11.4,20.9,28,0.0,0,1007.4,0.14,2.52,0.042
2022-08-14T00:00,21.2,17,-5.2,17.1,0.0,0.0,0.0,9.0,19.1,53,0.0,0,1007.6,0.1,2.1,0.042
2022-08-14T01:00,22.6,15,-5.8,19.1,0.0,0.0,0.0,3.7,11.2,119,0.0,0,1007.8,0.04,2.34,0.042
2022-08-14T02:00,20.5,17,-5.3,17.2,0.0,0.0,0.0,3.1,5.0,291,0.0,0,1007.8,0.03,2.0,0.042
2022-08-14T03:00,18.4,19,-5.6,14.5,0.0,0.0,0.0,6.9,8.6,313,0.0,0,1008.3,0.07,1.71,0.044
2022-08-14T04:00,17.4,21,-5.2,13.6,0.0,0.0,0.0,7.1,9.0,294,0.0,0,1008.5,0.07,1.57,0.044
2022-08-14T05:00,16.3,23,-5.1,12.4,0.0,0.0,0.0,7.6,9.0,270,0.0,0,1009.1,0.07,1.43,0.044
2022-08-14T06:00,18.2,20,-5.2,14.7,0.0,0.0,0.0,4.3,9.4,275,55.0,0,1009.9,0.06,1.67,0.044
2022-08-14T07:00,22.1,16,-5.2,18.8,0.0,0.0,0.0,3.7,10.1,281,232.0,0,1010.0,0.16,2.25,0.044
2022-08-14T08:00,25.4,14,-4.5,22.1,0.0,0.0,0.0,4.1,13.3,315,448.0,0,1009.6,0.31,2.81,0.044
2022-08-14T09:00,27.6,12,-4.9,24.8,0.0,0.0,0.0,4.3,16.2,336,651.0,0,1008.9,0.47,3.27,0.044
2022-08-14T10:00,29.5,9,-6.1,27.8,0.0,0.0,0.0,3.6,16.9,354,816.0,0,1008.2,0.59,3.73,0.044
2022-08-14T11:00,31.2,9,-6.0,29.9,0.0,0.0,0.0,5.4,19.8,53,926.0,0,1007.2,0.7,4.15,0.044
2022-08-14T12:00,32.5,8,-5.6,30.7,0.0,0.0,0.0,9.5,25.6,65,970.0,0,1006.2,0.78,4.49,0.044
2022-08-14T13:00,33.0,8,-5.3,31.2,0.0,0.0,0.0,9.2,27.0,64,943.0,0,1005.2,0.76,4.62,0.044
2022-08-14T14:00,33.1,8,-4.9,31.8,0.0,0.0,0.0,3.4,25.6,108,848.0,0,1004.5,0.63,4.63,0.044
2022-08-14T15:00,33.1,9,-4.5,30.2,0.0,0.0,0.0,7.0,20.9,192,695.0,0,1004.1,0.56,4.61,0.042
2022-08-14T16:00,33.5,8,-4.9,29.6,0.0,0.0,0.0,7.1,21.2,195,500.0,0,1003.6,0.42,4.73,0.042
2022-08-14T17:00,33.3,8,-5.9,30.2,0.0,0.0,0.0,1.3,19.1,304,285.0,0,1003.3,0.17,4.72,0.042
2022-08-14T18:00,31.9,8,-6.3,26.9,0.0,0.0,0.0,13.9,23.4,25,92.0,0,1003.7,0.24,4.33,0.042
2022-08-14T19:00,29.9,10,-5.3,24.4,0.0,0.0,0.0,18.5,32.0,37,3.0,0,1004.8,0.25,3.81,0.042
2022-08-14T20:00,28.7,12,-3.9,23.8,0.0,0.0,0.0,14.8,31.7,45,0.0,0,1005.6,0.2,3.47,0.042
2022-08-14T21:00,27.3,14,-2.9,23.4,0.0,0.0,0.0,8.9,24.8,40,0.0,0,1006.2,0.12,3.12,0.042
2022-08-14T22:00,25.7,16,-2.1,22.4,0.0,0.0,0.0,5.9,14.8,43,0.0,0,1006.4,0.07,2.78,0.042
2022-08-14T23:00,25.4,17,-1.7,22.1,0.0,0.0,0.0,5.9,9.7,43,0.0,0,1006.7,0.07,2.69,0.042
2022-08-15T00:00,24.1,18,-1.5,21.1,0.0,0.0,0.0,4.7,7.6,9,0.0,0,1006.7,0.05,2.45,0.042
2022-08-15T01:00,23.0,20,-1.3,20.0,0.0,0.0,0.0,4.7,6.5,337,0.0,0,1006.6,0.05,2.24,0.042
2022-08-15T02:00,24.2,18,-1.6,21.6,0.0,0.0,0.0,1.5,5.8,284,0.0,0,1006.8,0.01,2.48,0.042
2022-08-15T03:00,22.2,21,-1.0,19.5,0.0,0.0,0.0,2.5,4.0,278,0.0,0,1007.8,0.02,2.1,0.043
2022-08-15T04:00,18.8,27,-0.9,15.6,0.0,0.0,0.0,5.9,6.8,256,0.0,0,1008.3,0.05,1.59,0.043
2022-08-15T05:00,17.9,27,-1.3,14.6,0.0,0.0,0.0,6.4,7.9,254,0.0,0,1009.1,0.05,1.49,0.043
2022-08-15T06:00,19.6,24,-1.8,16.6,0.0,0.0,0.0,4.1,7.9,255,52.0,0,1009.5,0.06,1.74,0.043
2022-08-15T07:00,23.4,19,-1.8,20.3,0.0,0.0,0.0,4.3,10.8,265,225.0,0,1009.9,0.16,2.33,0.043
2022-08-15T08:00,26.8,15,-1.6,23.9,0.0,0.0,0.0,3.3,12.6,276,438.0,0,1009.6,0.3,2.97,0.043
2022-08-15T09:00,29.3,13,-2.0,27.0,0.0,0.0,0.0,2.9,14.0,277,639.0,0,1008.7,0.45,3.54,0.043
2022-08-15T10:00,31.2,12,-2.1,30.1,0.0,0.0,0.0,2.4,15.1,333,802.0,0,1008.1,0.58,4.02,0.043
2022-08-15T11:00,32.9,11,-1.6,32.6,0.0,0.0,0.0,2.6,16.2,34,910.0,0,1007.3,0.68,4.46,0.042
2022-08-15T12:00,34.6,10,-2.0,33.4,0.0,0.0,0.0,7.9,22.3,43,952.0,0,1006.4,0.77,4.97,0.042
2022-08-15T13:00,35.2,9,-2.0,34.0,0.0,0.0,0.0,7.1,26.6,49,925.0,0,1005.7,0.75,5.16,0.042
2022-08-15T14:00,36.3,8,-2.8,33.9,0.0,0.0,0.0,10.0,25.6,111,832.0,0,1004.6,0.72,5.53,0.042
2022-08-15T15:00,36.4,7,-4.5,32.1,0.0,0.0,0.0,15.0,29.5,69,683.0,0,1004.3,0.67,5.62,0.041
2022-08-15T16:00,35.6,7,-4.7,29.6,0.0,0.0,0.0,21.9,42.8,41,490.0,1,1004.4,0.61,5.36,0.041
2022-08-15T17:00,33.9,8,-4.4,27.3,0.0,0.0,0.0,26.8,49.7,33,264.0,11,1005.1,0.51,4.85,0.041
2022-08-15T18:00,32.7,10,-3.0,27.2,0.0,0.0,0.0,20.1,49.0,47,87.0,0,1005.8,0.32,4.44,0.041
2022-08-15T19:00,30.9,12,-1.8,26.1,0.0,0.0,0.0,16.8,36.0,43,2.0,0,1006.8,0.24,3.93,0.041
2022-08-15T20:00,30.0,13,-1.5,25.6,0.0,0.0,0.0,14.0,29.2,29,0.0,0,1007.3,0.19,3.68,0.041
2022-08-15T21:00,29.0,14,-1.4,24.9,0.0,0.0,0.0,12.0,23.8,21,0.0,0,1007.5,0.16,3.44,0.04
2022-08-15T22:00,27.6,15,-1.3,24.3,0.0,0.0,0.0,6.6,19.4,45,0.0,0,1007.8,0.08,3.13,0.04
2022-08-15T23:00,25.5,18,-0.4,22.2,0.0,0.0,0.0,7.9,10.4,106,0.0,0,1008.2,0.09,2.67,0.04
2022-08-16T00:00,26.9,16,-1.5,23.7,0.0,0.0,0.0,5.6,10.1,135,0.0,0,1008.2,0.07,3.0,0.04
2022-08-16T01:00,26.9,15,-1.9,23.6,0.0,0.0,0.0,6.1,7.6,90,0.0,0,1008.0,0.08,3.0,0.04
2022-08-16T02:00,25.3,17,-2.0,21.8,0.0,0.0,0.0,7.2,8.6,174,0.0,0,1008.1,0.09,2.69,0.04
2022-08-16T03:00,22.0,19,-2.9,18.4,0.0,0.0,0.0,6.9,10.8,242,0.0,0,1009.1,0.07,2.14,0.041
2022-08-16T04:00,21.2,21,-2.2,17.7,0.0,0.0,0.0,7.1,10.8,246,0.0,0,1009.2,0.07,1.99,0.041
2022-08-16T05:00,19.7,23,-1.8,16.4,0.0,0.0,0.0,6.3,11.5,257,0.0,0,1009.7,0.06,1.76,0.041
2022-08-16T06:00,20.4,22,-1.8,17.0,0.0,0.0,0.0,6.8,10.1,295,51.0,0,1010.5,0.09,1.86,0.041
2022-08-16T07:00,24.0,18,-1.9,21.1,0.0,0.0,0.0,3.3,11.9,319,224.0,0,1010.8,0.15,2.44,0.041
2022-08-16T08:00,27.5,14,-2.2,24.6,0.0,0.0,0.0,2.9,11.9,360,437.0,0,1010.6,0.3,3.15,0.041
2022-08-16T09:00,30.2,11,-3.1,28.1,0.0,0.0,0.0,1.1,13.0,342,639.0,0,1009.5,0.44,3.81,0.041
2022-08-16T10:00,32.1,11,-2.5,31.2,0.0,0.0,0.0,0.5,12.2,45,802.0,0,1008.5,0.56,4.26,0.041
2022-08-16T11:00,33.7,10,-1.8,33.2,0.0,0.0,0.0,3.1,16.6,36,911.0,0,1007.5,0.69,4.68,0.041
2022-08-16T12:00,35.1,9,-2.6,33.3,0.0,0.0,0.0,10.9,27.0,44,955.0,0,1006.7,0.81,5.13,0.041
2022-08-16T13:00,35.9,8,-3.6,34.7,0.0,0.0,0.0,6.2,28.8,10,928.0,0,1005.6,0.75,5.44,0.041
2022-08-16T14:00,37.5,6,-6.6,33.4,0.0,0.0,0.0,17.8,35.3,36,837.0,0,1004.1,0.82,6.06,0.04
2022-08-16T15:00,36.4,6,-7.2,30.3,0.0,0.0,0.0,25.5,54.7,42,687.0,0,1004.1,0.78,5.72,0.04
2022-08-16T16:00,35.9,6,-7.2,29.8,0.0,0.0,0.0,20.9,49.7,45,494.0,0,1004.3,0.6,5.55,0.04
2022-08-16T17:00,35.2,6,-6.9,29.3,0.0,0.0,0.0,19.9,40.3,42,280.0,0,1004.4,0.45,5.32,0.04
2022-08-16T18:00,32.6,10,-3.7,27.1,0.0,0.0,0.0,19.7,42.1,38,87.0,0,1005.8,0.32,4.45,0.04
2022-08-16T19:00,31.2,10,-3.8,27.0,0.0,0.0,0.0,10.2,34.9,48,2.0,0,1006.3,0.15,4.07,0.04
2022-08-16T20:00,29.3,12,-3.2,25.9,0.0,0.0,0.0,6.0,16.9,57,0.0,0,1006.7,0.08,3.59,0.04
2022-08-16T21:00,28.9,11,-4.2,24.2,0.0,0.0,0.0,13.2,22.3,55,0.0,0,1007.5,0.18,3.52,0.04
2022-08-16T22:00,27.1,13,-4.2,23.4,0.0,0.0,0.0,6.9,22.3,96,0.0,0,1008.1,0.09,3.13,0.04
2022-08-16T23:00,24.9,16,-3.0,21.1,0.0,0.0,0.0,8.9,11.2,140,0.0,0,1008.1,0.11,2.66,0.04
2022-08-17T00:00,24.8,16,-2.9,21.1,0.0,0.0,0.0,7.4,11.2,209,0.0,0,1007.9,0.09,2.63,0.04
2022-08-17T01:00,24.6,16,-3.1,21.2,0.0,0.0,0.0,5.7,8.6,252,0.0,0,1007.8,0.07,2.61,0.04
2022-08-17T02:00,25.1,15,-3.6,21.9,0.0,0.0,0.0,4.2,6.5,250,0.0,0,1007.8,0.05,2.72,0.04
2022-08-17T03:00,24.3,16,-3.5,21.1,0.0,0.0,0.0,3.8,7.6,229,0.0,0,1008.6,0.04,2.57,0.04
2022-08-17T04:00,23.1,17,-3.6,20.2,0.0,0.0,0.0,1.5,4.7,284,0.0,0,1008.8,0.01,2.35,0.04
2022-08-17T05:00,21.9,18,-3.6,19.2,0.0,0.0,0.0,0.8,1.8,297,0.0,0,1009.2,0.0,2.16,0.04
2022-08-17T06:00,20.3,21,-2.7,17.6,0.0,0.0,0.0,1.0,1.8,315,51.0,0,1009.9,0.02,1.87,0.04
2022-08-17T07:00,23.6,17,-3.3,20.5,0.0,0.0,0.0,2.9,9.0,330,225.0,0,1010.0,0.15,2.43,0.04
2022-08-17T08:00,26.8,14,-2.9,23.9,0.0,0.0,0.0,2.2,11.2,351,439.0,0,1009.8,0.29,3.02,0.04
2022-08-17T09:00,29.3,12,-2.7,27.2,0.0,0.0,0.0,1.3,11.9,124,642.0,0,1008.8,0.44,3.57,0.04
2022-08-17T10:00,31.1,11,-2.6,30.1,0.0,0.0,0.0,1.6,13.7,63,805.0,0,1008.0,0.57,4.01,0.04
2022-08-17T11:00,32.9,10,-3.4,30.9,0.0,0.0,0.0,10.2,25.2,42,914.0,0,1007.0,0.75,4.53,0.04
2022-08-17T12:00,33.3,10,-3.2,31.1,0.0,0.0,0.0,12.6,33.1,27,958.0,0,1006.7,0.81,4.62,0.039
2022-08-17T13:00,35.1,7,-5.6,32.6,0.0,0.0,0.0,11.9,30.6,29,931.0,0,1005.1,0.8,5.23,0.039
2022-08-17T14:00,34.9,7,-6.2,30.2,0.0,0.0,0.0,21.4,43.9,49,841.0,0,1004.7,0.82,5.19,0.039
2022-08-17T15:00,34.3,7,-5.7,29.1,0.0,0.0,0.0,20.4,44.6,49,690.0,0,1004.6,0.71,5.01,0.041
2022-08-17T16:00,33.5,8,-6.1,27.7,0.0,0.0,0.0,19.7,41.0,52,494.0,0,1004.8,0.56,4.77,0.041
2022-08-17T17:00,32.1,8,-5.8,26.5,0.0,0.0,0.0,18.3,39.2,58,277.0,0,1005.1,0.4,4.37,0.041
2022-08-17T18:00,30.8,9,-5.7,26.0,0.0,0.0,0.0,13.0,34.9,66,85.0,0,1005.6,0.22,4.03,0.041
2022-08-17T19:00,29.3,10,-6.2,24.6,0.0,0.0,0.0,11.7,22.7,56,2.0,0,1006.1,0.16,3.68,0.041
2022-08-17T20:00,28.0,10,-6.5,23.4,0.0,0.0,0.0,11.2,20.5,57,0.0,0,1006.8,0.15,3.39,0.041
2022-08-17T21:00,26.0,11,-6.4,22.2,0.0,0.0,0.0,5.7,18.4,72,0.0,0,1007.2,0.07,2.97,0.041
2022-08-17T22:00,24.2,13,-6.2,20.3,0.0,0.0,0.0,6.8,10.1,148,0.0,0,1007.8,0.08,2.64,0.041
2022-08-17T23:00,22.9,15,-5.2,18.6,0.0,0.0,0.0,10.2,12.2,162,0.0,0,1008.2,0.12,2.38,0.041
2022-08-18T00:00,24.9,12,-6.1,20.8,0.0,0.0,0.0,8.3,13.0,146,0.0,0,1008.0,0.1,2.76,0.041
2022-08-18T01:00,22.8,15,-5.6,19.1,0.0,0.0,0.0,6.0,10.4,237,0.0,0,1007.9,0.07,2.37,0.041
2022-08-18T02:00,21.1,16,-5.6,17.4,0.0,0.0,0.0,5.4,7.2,266,0.0,0,1008.1,0.06,2.09,0.041
2022-08-18T03:00,22.7,15,-5.8,19.3,0.0,0.0,0.0,3.1,6.1,315,0.0,0,1008.4,0.03,2.35,0.047
2022-08-18T04:00,21.4,16,-5.8,18.2,0.0,0.0,0.0,2.3,3.6,231,0.0,0,1008.5,0.02,2.15,0.047
2022-08-18T05:00,20.1,17,-5.6,17.0,0.0,0.0,0.0,1.6,4.0,243,0.0,0,1008.8,0.01,1.94,0.047
2022-08-18T06:00,18.2,20,-5.5,15.0,0.0,0.0,0.0,2.5,4.7,270,50.0,0,1009.6,0.04,1.68,0.047
2022-08-18T07:00,21.7,15,-5.7,18.1,0.0,0.0,0.0,4.8,11.5,257,225.0,0,1010.1,0.16,2.2,0.047
2022-08-18T08:00,25.3,12,-6.0,22.0,0.0,0.0,0.0,2.9,12.2,277,440.0,0,1009.8,0.29,2.83,0.047
2022-08-18T09:00,28.0,11,-5.4,25.5,0.0,0.0,0.0,1.8,13.0,259,644.0,0,1008.8,0.44,3.36,0.047
2022-08-18T10:00,29.9,10,-5.1,28.7,0.0,0.0,0.0,1.0,13.3,135,808.0,0,1008.2,0.56,3.79,0.047
2022-08-18T11:00,31.2,9,-4.8,30.4,0.0,0.0,0.0,3.1,16.6,54,916.0,0,1007.0,0.67,4.11,0.047
2022-08-18T12:00,32.3,9,-5.3,31.5,0.0,0.0,0.0,4.1,18.7,45,959.0,0,1005.9,0.72,4.41,0.047
2022-08-18T13:00,33.2,8,-5.9,32.1,0.0,0.0,0.0,4.3,18.7,42,933.0,0,1004.7,0.71,4.69,0.046
2022-08-18T14:00,33.6,8,-5.9,31.4,0.0,0.0,0.0,7.4,22.3,39,840.0,0,1003.9,0.67,4.81,0.046
2022-08-18T15:00,33.0,8,-5.6,29.7,0.0,0.0,0.0,8.1,25.6,32,687.0,0,1003.9,0.56,4.61,0.045
2022-08-18T16:00,32.7,8,-5.8,28.6,0.0,0.0,0.0,8.2,22.0,23,490.0,0,1003.6,0.42,4.54,0.045
2022-08-18T17:00,31.9,8,-6.0,27.9,0.0,0.0,0.0,7.2,21.2,360,273.0,0,1003.4,0.26,4.32,0.045
2022-08-18T18:00,30.9,9,-5.8,26.7,0.0,0.0,0.0,8.9,16.9,27,82.0,0,1003.2,0.16,4.07,0.045
2022-08-18T19:00,29.0,11,-4.8,23.7,0.0,0.0,0.0,16.8,29.2,42,1.0,0,1004.5,0.24,3.56,0.045
2022-08-18T20:00,27.9,12,-4.1,23.5,0.0,0.0,0.0,11.7,29.2,45,0.0,0,1005.4,0.16,3.3,0.045
2022-08-18T21:00,26.0,14,-3.4,22.5,0.0,0.0,0.0,6.0,19.4,65,0.0,0,1005.9,0.07,2.87,0.045
2022-08-18T22:00,24.5,16,-2.9,20.8,0.0,0.0,0.0,7.4,9.0,129,0.0,0,1006.2,0.09,2.57,0.045
2022-08-18T23:00,23.5,16,-3.7,19.5,0.0,0.0,0.0,9.3,12.2,144,0.0,0,1006.6,0.11,2.43,0.045
2022-08-19T00:00,22.7,14,-6.0,18.6,0.0,0.0,0.0,8.4,11.9,133,0.0,0,1006.7,0.1,2.37,0.045
2022-08-19T01:00,23.3,13,-6.9,19.2,0.0,0.0,0.0,8.0,13.0,144,0.0,0,1006.9,0.1,2.5,0.045
2022-08-19T02:00,23.1,13,-7.1,19.3,0.0,0.0,0.0,5.4,9.7,228,0.0,0,1007.0,0.06,2.47,0.045
2022-08-19T03:00,19.9,16,-6.5,15.9,0.0,0.0,0.0,7.4,7.9,227,0.0,0,1007.1,0.08,1.95,0.047
2022-08-19T04:00,18.0,19,-5.7,13.9,0.0,0.0,0.0,8.1,10.1,238,0.0,0,1007.4,0.08,1.66,0.047
2022-08-19T05:00,17.2,21,-5.2,13.6,0.0,0.0,0.0,5.4,9.4,270,0.0,0,1007.9,0.05,1.54,0.047
2022-08-19T06:00,18.0,21,-4.7,14.7,0.0,0.0,0.0,3.7,6.8,299,48.0,0,1008.6,0.05,1.63,0.047
2022-08-19T07:00,21.4,16,-5.9,18.3,0.0,0.0,0.0,1.3,7.2,326,222.0,0,1009.2,0.12,2.15,0.047
2022-08-19T08:00,24.6,12,-6.8,21.4,0.0,0.0,0.0,1.8,10.8,53,437.0,0,1009.2,0.27,2.72,0.047
2022-08-19T09:00,27.3,9,-8.1,24.0,0.0,0.0,0.0,4.7,16.2,113,639.0,0,1008.6,0.46,3.29,0.047
2022-08-19T10:00,29.4,8,-7.7,26.7,0.0,0.0,0.0,8.0,22.7,117,802.0,0,1007.7,0.62,3.76,0.047
2022-08-19T11:00,31.0,8,-6.8,29.0,0.0,0.0,0.0,7.6,23.0,98,909.0,0,1006.6,0.71,4.11,0.047
2022-08-19T12:00,32.1,9,-5.4,30.1,0.0,0.0,0.0,9.8,26.3,82,951.0,0,1005.6,0.77,4.36,0.047
2022-08-19T13:00,32.6,9,-5.0,30.3,0.0,0.0,0.0,11.2,28.4,75,924.0,0,1004.9,0.76,4.5,0.047
2022-08-19T14:00,32.9,8,-5.2,30.5,0.0,0.0,0.0,8.8,28.1,81,830.0,0,1004.1,0.68,4.59,0.047
2022-08-19T15:00,32.7,8,-5.4,29.8,0.0,0.0,0.0,5.9,24.1,79,678.0,0,1004.0,0.53,4.54,0.046
2022-08-19T16:00,33.0,8,-5.6,29.3,0.0,0.0,0.0,5.4,18.7,53,483.0,0,1003.2,0.38,4.61,0.046
2022-08-19T17:00,32.5,8,-6.1,28.8,0.0,0.0,0.0,4.9,16.6,36,268.0,0,1003.0,0.22,4.49,0.046
2022-08-19T18:00,31.1,9,-6.2,27.3,0.0,0.0,0.0,5.7,13.3,55,79.0,0,1003.2,0.11,4.12,0.046
2022-08-19T19:00,28.7,11,-5.1,25.2,0.0,0.0,0.0,4.7,9.4,113,1.0,1,1003.5,0.07,3.52,0.046
2022-08-19T20:00,27.1,13,-3.5,23.5,0.0,0.0,0.0,6.3,8.3,24,0.0,0,1004.4,0.08,3.1,0.046
2022-08-19T21:00,26.3,12,-5.4,22.2,0.0,0.0,0.0,8.4,15.1,50,0.0,0,1005.8,0.11,3.0,0.046
2022-08-19T22:00,24.5,14,-4.9,20.7,0.0,0.0,0.0,6.8,14.0,93,0.0,0,1006.4,0.08,2.64,0.046
2022-08-19T23:00,24.3,14,-4.7,20.5,0.0,0.0,0.0,7.1,10.8,120,0.0,0,1006.8,0.09,2.6,0.046
2022-08-20T00:00,23.9,15,-4.1,19.8,0.0,0.0,0.0,9.7,16.2,117,0.0,0,1006.9,0.11,2.51,0.046
2022-08-20T01:00,22.6,17,-3.7,18.8,0.0,0.0,0.0,7.8,16.2,124,0.0,0,1007.3,0.09,2.27,0.046
2022-08-20T02:00,20.9,20,-3.1,16.9,0.0,0.0,0.0,9.7,12.2,135,0.0,0,1007.6,0.1,1.98,0.046
2022-08-20T03:00,22.8,18,-3.1,19.1,0.0,0.0,0.0,7.2,13.0,127,0.0,0,1008.4,0.08,2.28,0.041
2022-08-20T04:00,22.5,18,-3.0,19.2,0.0,0.0,0.0,5.4,9.4,86,0.0,0,1008.5,0.06,2.24,0.04
2022-08-20T05:00,22.1,19,-3.0,18.9,0.0,0.0,0.0,4.1,7.2,105,0.0,0,1009.1,0.04,2.16,0.04
2022-08-20T06:00,21.0,20,-2.7,17.8,0.0,0.0,0.0,5.0,6.5,210,46.0,0,1009.8,0.07,1.99,0.04
2022-08-20T07:00,23.1,17,-3.1,20.3,0.0,0.0,0.0,1.5,6.5,256,217.0,0,1010.5,0.13,2.33,0.04
2022-08-20T08:00,25.3,14,-4.1,22.2,0.0,0.0,0.0,2.8,11.9,130,430.0,0,1010.1,0.29,2.76,0.04
2022-08-20T09:00,27.8,12,-4.7,24.6,0.0,0.0,0.0,6.0,17.6,123,631.0,0,1009.4,0.47,3.29,0.04
2022-08-20T10:00,29.9,10,-4.7,27.4,0.0,0.0,0.0,7.8,22.3,112,794.0,0,1008.6,0.62,3.77,0.04
2022-08-20T11:00,31.3,10,-4.6,29.3,0.0,0.0,0.0,9.1,25.2,97,901.0,0,1007.7,0.72,4.12,0.04
2022-08-20T12:00,32.2,9,-4.7,30.5,0.0,0.0,0.0,9.0,25.9,85,944.0,0,1006.4,0.76,4.38,0.04
2022-08-20T13:00,33.0,9,-4.9,31.3,0.0,0.0,0.0,7.7,25.2,79,918.0,0,1005.4,0.73,4.59,0.04
2022-08-20T14:00,33.6,8,-5.1,31.5,0.0,0.0,0.0,6.9,23.0,96,825.0,0,1004.2,0.66,4.78,0.04
2022-08-20T15:00,33.4,8,-5.2,30.1,0.0,0.0,0.0,8.3,24.1,92,675.0,0,1004.1,0.56,4.73,0.036
2022-08-20T16:00,33.3,8,-5.7,28.5,0.0,0.0,0.0,12.8,27.4,80,478.0,2,1003.5,0.47,4.7,0.036
2022-08-20T17:00,32.1,8,-5.7,27.5,0.0,0.0,0.0,12.1,28.1,67,264.0,0,1003.5,0.32,4.38,0.036
2022-08-20T18:00,31.0,10,-3.8,27.9,0.0,0.0,0.0,2.9,23.8,120,76.0,1,1003.7,0.07,4.03,0.036
2022-08-20T19:00,29.7,10,-5.2,25.1,0.0,0.0,0.0,12.0,15.1,41,1.0,6,1004.5,0.16,3.76,0.036
2022-08-20T20:00,27.9,11,-4.9,22.6,0.0,0.0,0.0,17.5,35.6,58,0.0,19,1006.0,0.23,3.33,0.036
2022-08-20T21:00,26.8,12,-5.4,22.3,0.0,0.0,0.0,11.5,29.5,88,0.0,34,1007.1,0.15,3.11,0.036
2022-08-20T22:00,25.9,12,-6.3,21.4,0.0,0.0,0.0,10.8,19.8,92,0.0,5,1007.8,0.14,2.95,0.036
2022-08-20T23:00,24.8,11,-7.9,20.0,0.0,0.0,0.0,12.1,19.8,107,0.0,32,1008.3,0.15,2.79,0.036
2022-08-21T00:00,24.2,10,-9.6,19.7,0.0,0.0,0.0,8.9,20.2,122,0.0,61,1008.4,0.11,2.73,0.036
2022-08-21T01:00,22.5,11,-9.0,18.2,0.0,0.0,0.0,7.9,14.4,150,0.0,61,1008.7,0.1,2.42,0.036
2022-08-21T02:00,21.2,13,-8.1,16.6,0.0,0.0,0.0,10.4,13.3,136,0.0,9,1008.8,0.12,2.18,0.036
2022-08-21T03:00,19.9,15,-7.6,15.2,0.0,0.0,0.0,10.7,13.0,130,0.0,7,1009.4,0.12,1.97,0.039
2022-08-21T04:00,21.6,13,-8.1,17.5,0.0,0.0,0.0,7.0,13.3,192,0.0,0,1009.5,0.08,2.25,0.039
2022-08-21T05:00,17.9,17,-7.6,13.7,0.0,0.0,0.0,7.7,9.4,242,0.0,2,1010.1,0.08,1.7,0.039
2022-08-21T06:00,19.5,14,-8.6,15.7,0.0,0.0,0.0,4.5,9.4,256,45.0,1,1010.8,0.06,1.95,0.039
2022-08-21T07:00,22.6,12,-8.7,18.9,0.0,0.0,0.0,3.6,10.1,276,215.0,7,1010.7,0.15,2.42,0.039
2022-08-21T08:00,25.0,11,-8.0,21.7,0.0,0.0,0.0,1.5,9.7,76,425.0,24,1010.6,0.26,2.83,0.039
2022-08-21T09:00,26.9,10,-7.9,23.1,0.0,0.0,0.0,7.3,19.8,101,614.0,33,1010.4,0.47,3.21,0.039
2022-08-21T10:00,28.7,9,-8.0,25.5,0.0,0.0,0.0,9.5,24.8,101,763.0,29,1009.8,0.6,3.6,0.039
2022-08-21T11:00,30.1,8,-8.0,27.1,0.0,0.0,0.0,10.3,26.6,102,839.0,8,1008.8,0.68,3.92,0.039
2022-08-21T12:00,31.0,8,-7.8,28.4,0.0,0.0,0.0,9.2,26.6,101,860.0,21,1007.7,0.7,4.15,0.039
2022-08-21T13:00,31.9,7,-7.4,29.2,0.0,0.0,0.0,9.4,25.6,108,834.0,44,1006.4,0.69,4.38,0.039
2022-08-21T14:00,32.5,7,-7.2,29.0,0.0,0.0,0.0,11.1,27.4,115,760.0,1,1005.4,0.65,4.52,0.039
2022-08-21T15:00,32.6,7,-7.3,28.5,0.0,0.0,0.0,10.5,27.7,94,632.0,0,1004.9,0.56,4.55,0.038
2022-08-21T16:00,32.6,7,-7.4,27.9,0.0,0.0,0.0,11.2,25.6,88,478.0,0,1004.3,0.45,4.57,0.038
2022-08-21T17:00,31.7,8,-7.4,26.8,0.0,0.0,0.0,12.7,25.2,75,262.0,0,1004.4,0.32,4.31,0.038
2022-08-21T18:00,30.2,8,-7.0,25.9,0.0,0.0,0.0,8.8,25.2,78,74.0,0,1005.0,0.16,3.92,0.038
2022-08-21T19:00,28.4,10,-5.9,24.7,0.0,0.0,0.0,5.8,14.4,112,1.0,0,1005.5,0.05,3.48,0.038
2022-08-21T20:00,27.1,11,-5.6,22.9,0.0,0.0,0.0,9.4,14.8,83,0.0,12,1006.8,0.13,3.18,0.038
2022-08-21T21:00,26.0,13,-4.7,21.6,0.0,0.0,0.0,11.6,20.5,120,0.0,0,1007.5,0.15,2.93,0.038
2022-08-21T22:00,24.8,14,-4.5,20.7,0.0,0.0,0.0,9.4,19.4,122,0.0,0,1008.0,0.12,2.68,0.038
2022-08-21T23:00,23.9,15,-4.4,19.5,0.0,0.0,0.0,10.9,18.4,117,0.0,0,1008.2,0.13,2.51,0.038
2022-08-22T00:00,22.4,16,-4.6,18.8,0.0,0.0,0.0,6.2,18.0,144,0.0,5,1008.5,0.07,2.27,0.038
2022-08-22T01:00,21.1,18,-3.9,17.2,0.0,0.0,0.0,8.3,11.2,182,0.0,0,1008.8,0.09,2.04,0.038
2022-08-22T02:00,22.9,16,-4.7,19.4,0.0,0.0,0.0,4.8,10.4,207,0.0,0,1008.9,0.05,2.35,0.038
2022-08-22T03:00,22.3,16,-4.5,18.7,0.0,0.0,0.0,5.4,6.5,172,0.0,0,1009.8,0.06,2.25,0.039
2022-08-22T04:00,21.7,17,-4.4,18.2,0.0,0.0,0.0,5.6,7.6,135,0.0,0,1010.0,0.06,2.16,0.039
2022-08-22T05:00,21.1,18,-4.3,17.6,0.0,0.0,0.0,5.5,7.6,122,0.0,0,1010.6,0.06,2.06,0.039
2022-08-22T06:00,19.7,21,-3.6,16.1,0.0,0.0,0.0,6.6,8.6,131,44.0,0,1011.3,0.08,1.83,0.039
2022-08-22T07:00,22.2,18,-3.6,18.8,0.0,0.0,0.0,4.8,11.2,132,213.0,2,1011.8,0.16,2.2,0.039
2022-08-22T08:00,24.3,17,-2.4,20.7,0.0,0.0,0.0,7.9,19.4,114,425.0,4,1011.5,0.33,2.53,0.039
2022-08-22T09:00,26.5,15,-2.3,23.1,0.0,0.0,0.0,9.3,23.8,106,625.0,2,1010.9,0.49,2.94,0.039
2022-08-22T10:00,28.5,13,-2.9,26.0,0.0,0.0,0.0,9.0,24.8,106,787.0,0,1010.0,0.61,3.38,0.039
2022-08-22T11:00,30.2,11,-3.4,28.3,0.0,0.0,0.0,8.7,24.5,97,894.0,0,1008.6,0.7,3.8,0.039
2022-08-22T12:00,31.5,10,-3.7,29.6,0.0,0.0,0.0,9.7,26.3,86,936.0,0,1007.5,0.75,4.14,0.039
2022-08-22T13:00,32.3,10,-3.8,30.1,0.0,0.0,0.0,10.7,27.7,76,909.0,0,1006.5,0.75,4.37,0.039
2022-08-22T14:00,32.6,10,-3.4,30.0,0.0,0.0,0.0,10.0,28.1,69,816.0,0,1005.8,0.68,4.43,0.039
2022-08-22T15:00,32.1,10,-3.7,28.9,0.0,0.0,0.0,8.3,26.3,72,664.0,1,1005.9,0.55,4.32,0.036
2022-08-22T16:00,32.2,10,-3.5,28.7,0.0,0.0,0.0,6.3,22.0,77,467.0,1,1005.4,0.38,4.34,0.036
2022-08-22T17:00,31.9,10,-3.7,28.0,0.0,0.0,0.0,8.7,18.4,73,258.0,7,1004.9,0.27,4.26,0.036
2022-08-22T18:00,30.2,11,-3.6,25.6,0.0,0.0,0.0,13.4,24.8,63,71.0,18,1005.4,0.22,3.82,0.036
2022-08-22T19:00,28.3,14,-1.8,25.0,0.0,0.0,0.0,6.0,22.3,115,0.0,36,1005.4,0.11,3.31,0.036
2022-08-22T20:00,27.8,14,-2.5,22.8,0.0,0.0,0.0,17.0,26.3,96,0.0,6,1006.9,0.22,3.22,0.036
2022-08-22T21:00,26.6,18,0.7,21.7,0.0,0.0,0.0,19.5,37.1,118,0.0,85,1007.6,0.22,2.83,0.036
2022-08-22T22:00,26.0,19,0.9,21.4,0.0,0.0,0.0,17.6,34.6,121,0.0,50,1007.7,0.2,2.71,0.036
2022-08-22T23:00,24.8,21,0.9,21.1,0.0,0.0,0.0,11.5,30.6,122,0.0,8,1008.4,0.13,2.48,0.036
2022-08-23T00:00,23.5,22,0.7,20.2,0.0,0.0,0.0,8.2,19.8,139,0.0,4,1008.8,0.09,2.24,0.036
2022-08-23T01:00,21.9,24,0.4,18.8,0.0,0.0,0.0,6.6,13.3,135,0.0,0,1008.9,0.06,1.99,0.036
2022-08-23T02:00,21.0,24,-0.5,17.8,0.0,0.0,0.0,6.9,10.4,133,0.0,0,1009.1,0.07,1.89,0.036
2022-08-23T03:00,20.6,23,-1.3,17.1,0.0,0.0,0.0,7.9,10.4,141,0.0,0,1009.5,0.08,1.87,0.035
2022-08-23T04:00,19.5,23,-2.1,15.9,0.0,0.0,0.0,7.9,13.0,133,0.0,0,1010.2,0.07,1.73,0.035
2022-08-23T05:00,19.2,22,-2.9,15.2,0.0,0.0,0.0,9.5,13.3,127,0.0,0,1011.0,0.09,1.72,0.035
2022-08-23T06:00,19.8,21,-3.2,16.2,0.0,0.0,0.0,7.0,11.9,111,43.0,0,1011.7,0.09,1.83,0.035
2022-08-23T07:00,22.3,16,-4.5,18.8,0.0,0.0,0.0,5.2,11.5,102,212.0,0,1011.9,0.16,2.25,0.035
2022-08-23T08:00,24.5,14,-5.1,20.1,0.0,0.0,0.0,11.2,24.1,111,425.0,0,1011.8,0.36,2.66,0.035
2022-08-23T09:00,26.6,12,-5.2,22.4,0.0,0.0,0.0,12.2,28.1,104,627.0,0,1011.4,0.51,3.07,0.035
2022-08-23T10:00,28.3,11,-5.4,25.1,0.0,0.0,0.0,11.7,28.4,99,790.0,0,1010.6,0.63,3.44,0.035
2022-08-23T11:00,29.9,10,-5.6,27.3,0.0,0.0,0.0,12.0,29.5,97,898.0,0,1009.6,0.72,3.82,0.035
2022-08-23T12:00,31.2,9,-5.6,28.5,0.0,0.0,0.0,13.4,32.0,98,941.0,0,1008.6,0.78,4.14,0.035
2022-08-23T13:00,32.2,9,-5.0,29.5,0.0,0.0,0.0,13.4,32.4,104,914.0,0,1007.5,0.77,4.39,0.035
2022-08-23T14:00,32.8,9,-4.3,29.6,0.0,0.0,0.0,13.7,32.0,108,820.0,0,1006.6,0.71,4.53,0.035
2022-08-23T15:00,32.8,9,-4.2,28.7,0.0,0.0,0.0,14.0,31.7,108,668.0,0,1006.3,0.61,4.53,0.031
2022-08-23T16:00,32.6,9,-4.3,28.0,0.0,0.0,0.0,12.8,30.2,106,473.0,0,1005.9,0.46,4.46,0.03
2022-08-23T17:00,31.7,10,-3.8,26.7,0.0,0.0,0.0,15.5,29.2,121,257.0,0,1006.2,0.35,4.2,0.03
2022-08-23T18:00,29.7,12,-3.3,24.5,0.0,0.0,0.0,18.2,34.2,120,69.0,0,1007.0,0.27,3.69,0.03
2022-08-23T19:00,27.9,13,-2.9,23.3,0.0,0.0,0.0,13.9,32.4,80,0.0,0,1008.4,0.22,3.26,0.03
2022-08-23T20:00,26.5,15,-2.7,22.3,0.0,0.0,0.0,11.5,23.8,88,0.0,0,1009.9,0.15,2.96,0.03
2022-08-23T21:00,25.3,16,-2.8,21.4,0.0,0.0,0.0,9.3,19.4,103,0.0,0,1010.8,0.11,2.73,0.03
2022-08-23T22:00,24.4,16,-3.3,20.4,0.0,0.0,0.0,10.0,16.9,103,0.0,0,1011.6,0.12,2.58,0.03
2022-08-23T23:00,23.1,15,-4.8,19.4,0.0,0.0,0.0,6.4,16.9,128,0.0,0,1012.3,0.07,2.4,0.03
2022-08-24T00:00,22.3,15,-5.5,18.3,0.0,0.0,0.0,8.0,13.0,175,0.0,0,1012.7,0.09,2.29,0.03
2022-08-24T01:00,20.4,19,-4.4,16.3,0.0,0.0,0.0,8.9,12.6,137,0.0,0,1012.5,0.09,1.95,0.03
2022-08-24T02:00,20.7,19,-4.1,16.8,0.0,0.0,0.0,7.9,12.6,177,0.0,0,1012.9,0.08,1.98,0.03
2022-08-24T03:00,20.7,17,-5.1,17.0,0.0,0.0,0.0,6.2,9.7,170,0.0,0,1013.5,0.07,2.02,0.032
2022-08-24T04:00,20.2,18,-4.6,16.7,0.0,0.0,0.0,5.4,8.3,86,0.0,0,1014.1,0.05,1.93,0.032
2022-08-24T05:00,19.7,20,-4.1,16.5,0.0,0.0,0.0,3.6,7.2,45,0.0,0,1014.9,0.03,1.84,0.032
2022-08-24T06:00,18.1,24,-3.0,15.0,0.0,0.0,0.0,3.8,5.4,17,42.0,0,1015.4,0.05,1.58,0.032
2022-08-24T07:00,20.9,19,-3.4,17.8,0.0,0.0,0.0,2.8,9.4,40,209.0,0,1015.5,0.13,1.99,0.032
2022-08-24T08:00,23.2,18,-2.7,19.5,0.0,0.0,0.0,7.8,18.7,112,422.0,0,1015.4,0.32,2.33,0.032
2022-08-24T09:00,24.9,17,-2.0,21.3,0.0,0.0,0.0,10.7,26.3,110,622.0,0,1015.2,0.48,2.62,0.032
2022-08-24T10:00,26.4,16,-1.6,23.9,0.0,0.0,0.0,9.8,26.3,114,783.0,0,1014.5,0.59,2.89,0.032
2022-08-24T11:00,27.8,15,-1.2,26.1,0.0,0.0,0.0,9.0,25.9,113,889.0,0,1013.6,0.67,3.17,0.032
2022-08-24T12:00,29.0,14,-0.9,27.8,0.0,0.0,0.0,8.6,25.6,105,930.0,0,1012.4,0.71,3.43,0.032
2022-08-24T13:00,30.1,13,-1.1,28.3,0.0,0.0,0.0,10.8,27.4,88,903.0,0,1011.2,0.72,3.7,0.032
2022-08-24T14:00,30.6,12,-1.9,27.5,0.0,0.0,0.0,14.4,32.4,68,809.0,0,1010.4,0.69,3.86,0.032
2022-08-24T15:00,30.3,12,-2.6,26.2,0.0,0.0,0.0,14.7,33.5,59,657.0,0,1010.4,0.59,3.8,0.033
2022-08-24T16:00,29.8,12,-2.3,25.3,0.0,0.0,0.0,14.0,32.0,55,462.0,0,1010.0,0.45,3.68,0.033
2022-08-24T17:00,29.2,13,-2.1,25.4,0.0,0.0,0.0,9.7,29.5,59,248.0,0,1010.0,0.26,3.53,0.033
2022-08-24T18:00,28.4,14,-1.9,24.4,0.0,0.0,0.0,11.3,20.2,63,65.0,0,1010.0,0.18,3.34,0.033
2022-08-24T19:00,26.5,14,-3.1,22.0,0.0,0.0,0.0,13.5,24.1,48,0.0,0,1011.4,0.2,2.98,0.033
2022-08-24T20:00,25.0,15,-3.3,20.9,0.0,0.0,0.0,10.4,23.0,70,0.0,0,1012.6,0.13,2.69,0.033
2022-08-24T21:00,23.8,15,-4.7,19.7,0.0,0.0,0.0,8.7,17.6,83,0.0,0,1013.2,0.1,2.51,0.033
2022-08-24T22:00,22.8,14,-5.9,18.5,0.0,0.0,0.0,9.2,15.1,116,0.0,0,1013.5,0.11,2.37,0.033
2022-08-24T23:00,21.8,15,-6.4,17.2,0.0,0.0,0.0,11.3,19.4,143,0.0,0,1014.2,0.13,2.23,0.033
2022-08-25T00:00,20.8,15,-7.2,16.3,0.0,0.0,0.0,9.6,19.1,146,0.0,0,1014.4,0.11,2.09,0.033
2022-08-25T01:00,19.7,16,-6.8,15.6,0.0,0.0,0.0,8.1,15.8,122,0.0,0,1014.4,0.09,1.93,0.033
2022-08-25T02:00,17.7,19,-6.0,13.4,0.0,0.0,0.0,9.5,13.0,143,0.0,0,1014.9,0.09,1.63,0.033
2022-08-25T03:00,18.1,20,-5.5,13.9,0.0,0.0,0.0,8.9,12.6,148,0.0,0,1015.2,0.09,1.66,0.031
2022-08-25T04:00,18.8,19,-5.6,15.1,0.0,0.0,0.0,5.7,11.2,162,0.0,0,1015.4,0.06,1.76,0.031
2022-08-25T05:00,18.3,19,-5.7,15.1,0.0,0.0,0.0,2.1,7.2,301,0.0,0,1015.9,0.01,1.7,0.031
2022-08-25T06:00,17.3,21,-5.3,14.2,0.0,0.0,0.0,1.3,2.9,326,42.0,0,1016.4,0.02,1.56,0.031
2022-08-25T07:00,19.3,18,-5.7,16.2,0.0,0.0,0.0,1.4,6.5,90,214.0,0,1016.7,0.11,1.84,0.031
2022-08-25T08:00,21.6,15,-6.4,18.2,0.0,0.0,0.0,2.5,11.9,135,431.0,0,1016.5,0.27,2.19,0.031
2022-08-25T09:00,23.6,13,-6.6,20.6,0.0,0.0,0.0,3.8,15.5,107,636.0,0,1015.8,0.42,2.53,0.031
2022-08-25T10:00,25.2,11,-7.0,23.2,0.0,0.0,0.0,4.5,18.0,76,801.0,0,1014.8,0.56,2.84,0.031
2022-08-25T11:00,26.9,10,-7.2,25.3,0.0,0.0,0.0,5.7,20.5,72,909.0,0,1013.6,0.65,3.18,0.031
2022-08-25T12:00,28.3,9,-7.1,26.4,0.0,0.0,0.0,8.7,24.8,83,951.0,0,1012.4,0.72,3.48,0.031
2022-08-25T13:00,29.4,9,-7.2,26.9,0.0,0.0,0.0,11.2,28.4,88,923.0,0,1011.1,0.73,3.74,0.031
2022-08-25T14:00,29.8,8,-7.5,26.1,0.0,0.0,0.0,14.6,32.8,80,827.0,0,1010.2,0.69,3.85,0.031
2022-08-25T15:00,29.4,8,-7.6,24.8,0.0,0.0,0.0,15.0,34.2,79,671.0,0,1009.9,0.59,3.75,0.03
2022-08-25T16:00,29.0,9,-7.3,23.7,0.0,0.0,0.0,15.1,32.8,72,472.0,0,1009.5,0.46,3.64,0.03
2022-08-25T17:00,28.1,9,-7.3,23.6,0.0,0.0,0.0,10.2,31.0,82,253.0,0,1009.5,0.27,3.45,0.03
2022-08-25T18:00,27.2,10,-7.6,23.1,0.0,0.0,0.0,6.8,20.9,162,65.0,0,1009.5,0.12,3.25,0.03
2022-08-25T19:00,25.0,11,-7.0,21.2,0.0,0.0,0.0,5.4,11.5,70,0.0,0,1009.8,0.1,2.81,0.03
2022-08-25T20:00,23.8,12,-7.9,19.6,0.0,0.0,0.0,7.7,15.8,53,0.0,0,1011.4,0.1,2.6,0.03
2022-08-25T21:00,21.9,13,-7.7,17.9,0.0,0.0,0.0,6.4,12.6,63,0.0,0,1012.2,0.07,2.28,0.03
2022-08-25T22:00,20.6,15,-7.4,16.4,0.0,0.0,0.0,8.1,10.1,77,0.0,0,1012.5,0.09,2.07,0.03
2022-08-25T23:00,19.6,15,-7.4,15.2,0.0,0.0,0.0,9.3,11.2,152,0.0,0,1012.9,0.1,1.93,0.03
2022-08-26T00:00,18.8,16,-8.0,14.6,0.0,0.0,0.0,7.6,12.2,172,0.0,0,1013.2,0.08,1.83,0.03
2022-08-26T01:00,17.7,17,-7.9,13.1,0.0,0.0,0.0,10.2,14.0,141,0.0,0,1013.4,0.1,1.69,0.03
2022-08-26T02:00,19.0,15,-8.5,15.5,0.0,0.0,0.0,2.5,12.2,270,0.0,0,1013.5,0.02,1.87,0.03
2022-08-26T03:00,18.6,15,-8.3,15.3,0.0,0.0,0.0,1.6,9.0,297,0.0,0,1014.0,0.01,1.82,0.029
2022-08-26T04:00,17.8,16,-8.2,14.4,0.0,0.0,0.0,2.0,2.9,315,0.0,0,1014.1,0.01,1.71,0.029
2022-08-26T05:00,15.6,19,-8.0,11.9,0.0,0.0,0.0,3.5,4.3,294,0.0,0,1014.5,0.03,1.43,0.029
2022-08-26T06:00,14.3,21,-7.9,10.6,0.0,0.0,0.0,3.7,7.6,281,42.0,0,1015.2,0.04,1.29,0.029
2022-08-26T07:00,17.7,17,-7.9,14.0,0.0,0.0,0.0,3.9,10.1,292,218.0,0,1015.6,0.14,1.68,0.029
2022-08-26T08:00,21.2,13,-8.0,17.6,0.0,0.0,0.0,2.9,11.5,277,439.0,0,1015.8,0.27,2.17,0.029
2022-08-26T09:00,23.6,11,-8.6,20.5,0.0,0.0,0.0,3.7,15.1,281,646.0,0,1015.0,0.43,2.58,0.028
2022-08-26T10:00,25.3,9,-9.4,23.8,0.0,0.0,0.0,0.5,15.1,225,813.0,0,1014.2,0.53,2.92,0.028
2022-08-26T11:00,26.6,8,-10.2,25.4,0.0,0.0,0.0,2.9,16.6,90,922.0,0,1013.2,0.64,3.2,0.028
2022-08-26T12:00,27.8,7,-10.9,26.4,0.0,0.0,0.0,5.1,20.2,82,964.0,0,1012.3,0.69,3.47,0.028
2022-08-26T13:00,28.9,7,-11.3,27.0,0.0,0.0,0.0,6.1,21.2,93,935.0,0,1011.2,0.69,3.73,0.028
2022-08-26T14:00,29.7,6,-11.5,26.8,0.0,0.0,0.0,8.3,23.8,92,838.0,0,1010.2,0.64,3.92,0.028
2022-08-26T15:00,29.6,6,-11.9,25.7,0.0,0.0,0.0,8.7,26.3,85,680.0,0,1009.6,0.54,3.9,0.022
2022-08-26T16:00,29.4,6,-11.7,24.5,0.0,0.0,0.0,9.7,23.4,86,478.0,0,1009.3,0.41,3.84,0.022
2022-08-26T17:00,28.5,7,-11.5,23.7,0.0,0.0,0.0,9.7,23.0,92,255.0,0,1009.2,0.26,3.63,0.022
2022-08-26T18:00,26.7,8,-10.9,22.2,0.0,0.0,0.0,8.2,20.5,119,64.0,0,1009.5,0.13,3.24,0.022
2022-08-26T19:00,25.2,9,-10.2,21.2,0.0,0.0,0.0,4.9,13.3,126,0.0,0,1009.9,0.1,2.92,0.022
2022-08-26T20:00,24.0,9,-10.4,19.6,0.0,0.0,0.0,7.1,10.8,30,0.0,0,1010.9,0.09,2.7,0.022
2022-08-26T21:00,22.2,11,-10.1,18.0,0.0,0.0,0.0,6.3,12.2,59,0.0,0,1011.6,0.08,2.39,0.022
2022-08-26T22:00,21.9,12,-9.3,17.1,0.0,0.0,0.0,10.5,16.6,121,0.0,0,1012.2,0.12,2.32,0.022
2022-08-26T23:00,21.2,14,-7.7,16.7,0.0,0.0,0.0,9.8,19.4,118,0.0,0,1012.6,0.11,2.17,0.022
2022-08-27T00:00,18.7,17,-6.8,14.3,0.0,0.0,0.0,9.7,16.2,132,0.0,0,1012.9,0.1,1.78,0.022
2022-08-27T01:00,19.6,16,-7.0,15.4,0.0,0.0,0.0,8.3,13.0,175,0.0,0,1013.1,0.09,1.91,0.022
2022-08-27T02:00,20.2,15,-7.1,16.3,0.0,0.0,0.0,5.9,10.4,128,0.0,0,1013.2,0.06,2.01,0.022
2022-08-27T03:00,19.1,17,-6.8,15.1,0.0,0.0,0.0,6.9,7.6,133,0.0,0,1013.7,0.07,1.84,0.026
2022-08-27T04:00,18.1,18,-6.8,14.5,0.0,0.0,0.0,4.7,8.6,184,0.0,0,1014.0,0.04,1.71,0.026
2022-08-27T05:00,16.7,20,-6.7,13.4,0.0,0.0,0.0,2.5,6.1,270,0.0,0,1014.8,0.02,1.53,0.026
2022-08-27T06:00,14.3,24,-6.1,10.7,0.0,0.0,0.0,5.2,5.8,282,41.0,0,1015.5,0.05,1.24,0.026
2022-08-27T07:00,17.8,18,-6.7,14.2,0.0,0.0,0.0,4.0,10.1,275,215.0,0,1015.9,0.14,1.66,0.026
2022-08-27T08:00,21.3,14,-7.0,17.8,0.0,0.0,0.0,3.3,12.2,319,435.0,0,1016.0,0.27,2.17,0.026
2022-08-27T09:00,23.8,12,-7.4,20.9,0.0,0.0,0.0,2.6,14.0,304,641.0,0,1015.5,0.42,2.59,0.026
2022-08-27T10:00,25.6,10,-8.3,23.9,0.0,0.0,0.0,1.9,14.8,338,805.0,0,1014.5,0.54,2.95,0.026
2022-08-27T11:00,27.2,9,-8.3,26.0,0.0,0.0,0.0,3.1,16.9,21,912.0,0,1013.5,0.64,3.28,0.026
2022-08-27T12:00,28.8,9,-8.0,27.2,0.0,0.0,0.0,6.5,21.6,56,953.0,0,1012.4,0.71,3.61,0.026
2022-08-27T13:00,29.8,8,-8.8,27.3,0.0,0.0,0.0,10.1,27.0,63,926.0,0,1011.5,0.72,3.87,0.026
2022-08-27T14:00,30.0,7,-9.1,26.9,0.0,0.0,0.0,10.0,27.7,60,829.0,0,1010.8,0.66,3.92,0.026
2022-08-27T15:00,29.4,7,-10.6,25.8,0.0,0.0,0.0,7.2,26.3,72,672.0,0,1010.9,0.51,3.83,0.026
2022-08-27T16:00,29.4,6,-11.2,25.2,0.0,0.0,0.0,5.7,19.4,125,472.0,0,1010.5,0.36,3.83,0.026
2022-08-27T17:00,28.7,6,-11.9,23.8,0.0,0.0,0.0,10.2,20.5,157,250.0,0,1010.4,0.27,3.69,0.026
2022-08-27T18:00,26.6,7,-12.2,21.3,0.0,0.0,0.0,12.8,22.3,164,61.0,0,1010.7,0.19,3.24,0.026
2022-08-27T19:00,25.8,7,-12.1,21.6,0.0,0.0,0.0,5.5,20.9,148,0.0,0,1011.0,0.11,3.08,0.026
2022-08-27T20:00,24.4,8,-12.2,19.7,0.0,0.0,0.0,8.6,13.7,22,0.0,0,1012.2,0.11,2.82,0.026
2022-08-27T21:00,22.8,8,-13.4,18.1,0.0,0.0,0.0,8.4,15.1,31,0.0,0,1012.6,0.11,2.56,0.026
2022-08-27T22:00,21.5,9,-12.4,17.0,0.0,0.0,0.0,7.3,13.3,79,0.0,0,1012.9,0.09,2.33,0.026
2022-08-27T23:00,20.7,10,-11.7,16.2,0.0,0.0,0.0,7.6,13.7,109,0.0,0,1013.1,0.09,2.19,0.026
2022-08-28T00:00,21.1,10,-11.3,16.6,0.0,0.0,0.0,8.0,13.3,144,0.0,0,1013.5,0.1,2.24,0.026
2022-08-28T01:00,18.2,13,-10.6,13.8,0.0,0.0,0.0,7.3,9.7,237,0.0,0,1013.6,0.08,1.82,0.026
2022-08-28T02:00,16.8,14,-10.8,12.5,0.0,0.0,0.0,6.6,9.4,261,0.0,0,1013.6,0.07,1.64,0.026
2022-08-28T03:00,20.0,12,-10.8,16.3,0.0,0.0,0.0,2.5,7.6,262,0.0,0,1014.0,0.02,2.07,0.026
2022-08-28T04:00,18.6,13,-10.8,14.8,0.0,0.0,0.0,2.7,3.6,23,0.0,0,1014.2,0.02,1.87,0.026
2022-08-28T05:00,17.0,14,-10.7,12.8,0.0,0.0,0.0,5.9,7.2,47,0.0,0,1015.0,0.06,1.67,0.026
2022-08-28T06:00,15.6,16,-10.2,11.7,0.0,0.0,0.0,4.6,7.6,18,40.0,0,1016.1,0.05,1.49,0.026
2022-08-28T07:00,18.1,13,-10.5,14.6,0.0,0.0,0.0,1.0,6.5,315,214.0,0,1016.5,0.1,1.8,0.026
2022-08-28T08:00,21.3,11,-10.5,17.9,0.0,0.0,0.0,0.7,9.0,360,435.0,0,1016.5,0.25,2.26,0.026
2022-08-28T09:00,24.1,9,-10.3,21.2,0.0,0.0,0.0,1.8,12.6,101,644.0,0,1015.3,0.41,2.72,0.026
2022-08-28T10:00,26.3,8,-10.9,24.1,0.0,0.0,0.0,3.6,16.6,90,813.0,0,1014.5,0.56,3.14,0.026
2022-08-28T11:00,27.8,6,-12.5,25.9,0.0,0.0,0.0,5.4,19.8,70,923.0,0,1013.6,0.66,3.5,0.026
2022-08-28T12:00,29.0,6,-12.8,27.1,0.0,0.0,0.0,7.1,22.3,75,965.0,0,1012.5,0.72,3.78,0.025
2022-08-28T13:00,29.9,5,-13.4,27.6,0.0,0.0,0.0,7.6,23.4,90,936.0,0,1011.5,0.71,3.99,0.025
2022-08-28T14:00,30.4,5,-13.7,27.3,0.0,0.0,0.0,8.3,23.8,108,837.0,0,1010.8,0.65,4.12,0.025
2022-08-28T15:00,29.8,5,-14.3,25.8,0.0,0.0,0.0,7.9,24.1,120,677.0,0,1010.7,0.52,3.98,0.023
2022-08-28T16:00,29.6,5,-14.9,24.7,0.0,0.0,0.0,8.4,22.0,133,473.0,0,1010.4,0.39,3.94,0.023
2022-08-28T17:00,29.0,5,-15.3,24.1,0.0,0.0,0.0,8.6,20.9,147,250.0,0,1010.3,0.25,3.81,0.023
2022-08-28T18:00,27.2,5,-15.0,22.5,0.0,0.0,0.0,7.5,18.0,163,59.0,0,1010.5,0.12,3.41,0.023
2022-08-28T19:00,25.3,6,-15.1,20.7,0.0,0.0,0.0,6.9,12.2,152,0.0,0,1010.9,0.1,3.03,0.023
2022-08-28T20:00,23.4,7,-14.6,18.8,0.0,0.0,0.0,6.9,11.2,133,0.0,0,1011.5,0.09,2.67,0.023
2022-08-28T21:00,22.5,7,-15.1,17.9,0.0,0.0,0.0,6.4,10.4,47,0.0,0,1012.2,0.08,2.53,0.023
2022-08-28T22:00,20.7,9,-13.8,16.2,0.0,0.0,0.0,6.6,11.5,45,0.0,0,1012.9,0.08,2.23,0.023
2022-08-28T23:00,19.4,10,-13.0,14.4,0.0,0.0,0.0,10.2,13.0,113,0.0,0,1013.4,0.12,2.02,0.023
2022-08-29T00:00,19.4,12,-11.2,14.6,0.0,0.0,0.0,10.2,14.4,138,0.0,0,1013.5,0.11,1.99,0.023
2022-08-29T01:00,18.1,13,-10.7,13.5,0.0,0.0,0.0,8.9,12.6,212,0.0,0,1013.8,0.09,1.8,0.023
2022-08-29T02:00,16.8,14,-11.2,12.1,0.0,0.0,0.0,9.0,11.2,241,0.0,0,1014.0,0.09,1.65,0.023
2022-08-29T03:00,16.9,14,-11.1,12.4,0.0,0.0,0.0,7.7,10.8,242,0.0,0,1014.7,0.08,1.66,0.025
2022-08-29T04:00,14.5,16,-11.4,10.1,0.0,0.0,0.0,6.9,9.0,264,0.0,0,1015.1,0.06,1.39,0.025
2022-08-29T05:00,13.5,16,-12.1,9.4,0.0,0.0,0.0,4.7,8.6,261,0.0,0,1015.9,0.04,1.31,0.025
2022-08-29T06:00,14.6,15,-12.1,10.7,0.0,0.0,0.0,2.9,6.8,277,39.0,0,1016.7,0.03,1.42,0.025
2022-08-29T07:00,17.8,12,-11.9,13.8,0.0,0.0,0.0,4.1,9.7,285,211.0,0,1017.0,0.14,1.79,0.025
2022-08-29T08:00,22.0,9,-11.9,18.2,0.0,0.0,0.0,2.9,11.5,353,431.0,0,1017.2,0.27,2.4,0.025
2022-08-29T09:00,24.6,9,-11.0,21.5,0.0,0.0,0.0,2.2,13.0,81,638.0,0,1016.7,0.41,2.82,0.025
2022-08-29T10:00,26.6,8,-10.7,24.3,0.0,0.0,0.0,4.1,17.3,105,803.0,0,1015.8,0.56,3.21,0.025
2022-08-29T11:00,28.1,8,-10.0,26.4,0.0,0.0,0.0,5.2,19.4,74,912.0,0,1014.8,0.66,3.52,0.025
2022-08-29T12:00,29.2,7,-9.6,27.5,0.0,0.0,0.0,6.8,22.3,65,952.0,0,1013.9,0.71,3.76,0.025
2022-08-29T13:00,29.8,7,-9.6,28.2,0.0,0.0,0.0,5.1,22.3,82,922.0,0,1013.0,0.68,3.9,0.025
2022-08-29T14:00,30.3,7,-9.6,28.3,0.0,0.0,0.0,3.6,19.4,135,822.0,0,1012.1,0.59,4.01,0.025
2022-08-29T15:00,29.5,7,-9.6,26.4,0.0,0.0,0.0,4.2,17.6,149,664.0,0,1012.4,0.48,3.83,0.028
2022-08-29T16:00,29.5,7,-9.8,25.4,0.0,0.0,0.0,6.1,16.9,177,461.0,0,1011.8,0.36,3.83,0.028
2022-08-29T17:00,28.7,7,-10.3,24.0,0.0,0.0,0.0,9.3,19.1,196,240.0,0,1011.7,0.25,3.65,0.028
2022-08-29T18:00,26.8,8,-10.6,22.1,0.0,0.0,0.0,9.5,19.1,191,55.0,0,1011.9,0.15,3.24,0.028
2022-08-29T19:00,25.1,9,-10.1,21.1,0.0,0.0,0.0,5.0,15.5,159,0.0,0,1012.0,0.06,2.9,0.028
2022-08-29T20:00,24.1,10,-9.5,19.6,0.0,0.0,0.0,8.6,13.3,112,0.0,0,1012.8,0.11,2.7,0.028
2022-08-29T21:00,23.7,10,-10.1,18.6,0.0,0.0,0.0,12.6,19.4,117,0.0,0,1013.3,0.16,2.64,0.028
2022-08-29T22:00,23.0,11,-9.6,18.2,0.0,0.0,0.0,10.8,22.3,120,0.0,0,1013.6,0.13,2.5,0.028
2022-08-29T23:00,22.2,11,-9.3,17.7,0.0,0.0,0.0,9.0,18.4,127,0.0,0,1013.7,0.11,2.37,0.028
2022-08-30T00:00,20.6,13,-8.7,16.3,0.0,0.0,0.0,7.8,15.1,112,0.0,0,1014.2,0.09,2.11,0.028
2022-08-30T01:00,19.2,16,-7.4,14.6,0.0,0.0,0.0,10.1,13.7,96,0.0,0,1014.8,0.11,1.87,0.028
2022-08-30T02:00,19.7,15,-7.4,15.4,0.0,0.0,0.0,8.7,12.6,114,0.0,0,1015.0,0.09,1.94,0.028
2022-08-30T03:00,20.6,14,-7.6,16.7,0.0,0.0,0.0,6.1,10.8,93,0.0,0,1015.6,0.07,2.08,0.028
2022-08-30T04:00,20.1,15,-7.6,16.4,0.0,0.0,0.0,4.7,8.3,180,0.0,0,1015.8,0.05,2.01,0.028
2022-08-30T05:00,18.9,16,-7.7,15.5,0.0,0.0,0.0,2.4,6.1,243,0.0,0,1016.5,0.02,1.84,0.028
2022-08-30T06:00,16.3,20,-6.9,13.0,0.0,0.0,0.0,1.9,3.2,292,37.0,0,1017.3,0.02,1.49,0.028
2022-08-30T07:00,19.3,16,-7.4,15.9,0.0,0.0,0.0,2.5,7.6,262,207.0,0,1017.9,0.12,1.89,0.028
2022-08-30T08:00,22.7,13,-7.5,19.5,0.0,0.0,0.0,1.0,9.4,315,424.0,0,1017.9,0.25,2.4,0.028
2022-08-30T09:00,25.2,11,-7.1,22.5,0.0,0.0,0.0,1.4,12.2,90,629.0,0,1017.5,0.41,2.85,0.028
2022-08-30T10:00,27.5,10,-7.1,25.6,0.0,0.0,0.0,3.3,15.8,103,794.0,0,1016.7,0.56,3.31,0.028
2022-08-30T11:00,29.2,9,-7.4,27.7,0.0,0.0,0.0,4.7,18.7,86,901.0,0,1015.7,0.66,3.7,0.028
2022-08-30T12:00,30.4,8,-7.9,28.8,0.0,0.0,0.0,6.4,21.2,74,941.0,0,1014.7,0.71,4.0,0.028
2022-08-30T13:00,31.1,7,-8.1,29.0,0.0,0.0,0.0,7.8,23.4,68,910.0,0,1013.8,0.71,4.19,0.028
2022-08-30T14:00,31.5,7,-8.2,28.8,0.0,0.0,0.0,7.7,23.8,62,812.0,0,1012.9,0.64,4.28,0.027
2022-08-30T15:00,31.1,7,-8.4,27.4,0.0,0.0,0.0,8.0,22.7,54,655.0,0,1012.6,0.52,4.19,0.027
2022-08-30T16:00,31.1,7,-8.7,26.9,0.0,0.0,0.0,7.4,20.9,23,454.0,0,1012.0,0.38,4.2,0.027
2022-08-30T17:00,30.4,7,-8.8,26.0,0.0,0.0,0.0,8.5,18.7,348,235.0,0,1011.7,0.24,4.03,0.027
2022-08-30T18:00,28.9,8,-8.3,24.9,0.0,0.0,0.0,5.5,17.6,349,52.0,0,1011.7,0.09,3.64,0.027
2022-08-30T19:00,27.5,9,-8.1,23.2,0.0,0.0,0.0,8.0,13.0,18,0.0,0,1012.0,0.11,3.33,0.027
2022-08-30T20:00,26.0,10,-7.9,21.6,0.0,0.0,0.0,8.8,12.6,71,0.0,0,1012.7,0.12,3.02,0.027
2022-08-30T21:00,25.7,10,-8.1,20.5,0.0,0.0,0.0,14.7,25.9,65,0.0,0,1013.1,0.19,2.97,0.027
2022-08-30T22:00,23.8,12,-7.4,19.2,0.0,0.0,0.0,10.7,25.2,110,0.0,0,1014.3,0.13,2.6,0.027
2022-08-30T23:00,23.2,14,-6.1,18.3,0.0,0.0,0.0,13.2,22.0,119,0.0,0,1014.4,0.15,2.45,0.027
2022-08-31T00:00,21.8,15,-5.8,17.9,0.0,0.0,0.0,7.4,22.3,119,0.0,0,1014.5,0.08,2.21,0.027
2022-08-31T01:00,21.7,16,-5.5,17.8,0.0,0.0,0.0,7.3,12.2,81,0.0,0,1014.7,0.08,2.18,0.027
2022-08-31T02:00,19.9,18,-5.3,16.2,0.0,0.0,0.0,6.3,9.4,31,0.0,0,1014.7,0.06,1.91,0.027
2022-08-31T03:00,21.2,16,-5.4,17.5,0.0,0.0,0.0,5.4,7.9,42,0.0,0,1015.5,0.06,2.1,0.027
2022-08-31T04:00,20.4,17,-5.4,16.8,0.0,0.0,0.0,5.0,6.8,60,0.0,0,1015.6,0.05,1.98,0.027
2022-08-31T05:00,19.3,18,-5.4,16.0,0.0,0.0,0.0,3.3,6.5,6,0.0,0,1015.8,0.03,1.83,0.027
2022-08-31T06:00,18.6,19,-5.3,15.6,0.0,0.0,0.0,1.1,4.3,288,36.0,0,1016.6,0.01,1.72,0.027
2022-08-31T07:00,19.9,18,-5.2,17.1,0.0,0.0,0.0,0.0,4.3,270,205.0,0,1016.8,0.09,1.91,0.027
2022-08-31T08:00,23.1,14,-6.0,20.0,0.0,0.0,0.0,1.1,9.4,90,423.0,0,1016.6,0.25,2.43,0.027
2022-08-31T09:00,25.6,11,-7.0,22.4,0.0,0.0,0.0,4.6,15.8,108,628.0,0,1016.1,0.44,2.91,0.027
2022-08-31T10:00,27.8,10,-7.1,25.3,0.0,0.0,0.0,6.3,20.2,114,792.0,0,1015.2,0.58,3.37,0.027
2022-08-31T11:00,29.5,9,-7.0,27.6,0.0,0.0,0.0,7.0,21.6,102,900.0,0,1013.9,0.68,3.75,0.027
2022-08-31T12:00,30.7,8,-7.1,28.9,0.0,0.0,0.0,7.6,23.4,87,940.0,0,1012.7,0.72,4.05,0.027
2022-08-31T13:00,31.3,8,-7.5,29.2,0.0,0.0,0.0,8.4,24.5,70,909.0,0,1011.9,0.71,4.22,0.027
2022-08-31T14:00,31.6,7,-8.1,28.8,0.0,0.0,0.0,8.9,24.8,58,811.0,0,1011.1,0.65,4.32,0.027
2022-08-31T15:00,31.5,7,-8.1,27.4,0.0,0.0,0.0,10.8,24.5,53,653.0,0,1010.7,0.56,4.28,0.028
2022-08-31T16:00,31.3,7,-8.6,26.6,0.0,0.0,0.0,10.1,25.6,35,451.0,0,1010.1,0.41,4.24,0.028
2022-08-31T17:00,30.6,7,-8.8,26.1,0.0,0.0,0.0,8.7,23.0,7,232.0,0,1010.0,0.24,4.06,0.028
2022-08-31T18:00,28.4,10,-6.1,24.4,0.0,0.0,0.0,7.3,17.6,340,50.0,0,1010.1,0.12,3.48,0.028
2022-08-31T19:00,26.7,10,-7.0,22.5,0.0,0.0,0.0,8.5,10.1,12,0.0,0,1010.6,0.11,3.14,0.028
2022-08-31T20:00,26.3,9,-8.8,21.7,0.0,0.0,0.0,9.9,14.4,44,0.0,0,1011.5,0.13,3.11,0.028
2022-08-31T21:00,25.6,10,-8.7,19.9,0.0,0.0,0.0,17.6,29.5,55,0.0,0,1011.8,0.22,2.97,0.028
2022-08-31T22:00,23.8,12,-7.8,19.2,0.0,0.0,0.0,10.8,29.9,92,0.0,0,1012.6,0.13,2.61,0.027
2022-08-31T23:00,22.8,13,-7.1,18.5,0.0,0.0,0.0,8.7,18.0,135,0.0,0,1012.7,0.1,2.41,0.027
2022-09-01T00:00,20.8,16,-6.2,16.3,0.0,0.0,0.0,10.3,14.4,126,0.0,0,1012.9,0.11,2.06,0.027
2022-09-01T01:00,20.5,16,-6.2,16.2,0.0,0.0,0.0,9.3,13.7,118,0.0,0,1013.0,0.1,2.03,0.027
2022-09-01T02:00,20.2,16,-6.4,16.1,0.0,0.0,0.0,8.1,11.5,77,0.0,0,1013.1,0.09,1.99,0.027
2022-09-01T03:00,18.5,18,-6.5,14.1,0.0,0.0,0.0,9.4,10.8,83,0.0,0,1013.8,0.09,1.75,0.026
2022-09-01T04:00,19.3,16,-6.8,15.2,0.0,0.0,0.0,7.5,11.5,73,0.0,0,1014.0,0.08,1.87,0.026
2022-09-01T05:00,19.2,16,-6.9,15.6,0.0,0.0,0.0,4.2,9.7,31,0.0,0,1014.5,0.04,1.86,0.026
2022-09-01T06:00,18.0,18,-6.7,14.5,0.0,0.0,0.0,3.1,5.8,339,35.0,0,1015.4,0.04,1.69,0.026
2022-09-01T07:00,19.9,16,-6.8,16.6,0.0,0.0,0.0,2.3,6.5,309,204.0,0,1015.8,0.12,1.96,0.026
2022-09-01T08:00,23.1,13,-7.2,20.1,0.0,0.0,0.0,0.0,8.6,270,423.0,0,1015.6,0.24,2.47,0.026
2022-09-01T09:00,25.6,11,-7.3,22.7,0.0,0.0,0.0,2.8,13.7,130,630.0,0,1014.8,0.42,2.93,0.026
2022-09-01T10:00,28.0,9,-7.4,25.9,0.0,0.0,0.0,4.0,17.3,117,796.0,0,1013.8,0.57,3.42,0.026
2022-09-01T11:00,29.7,8,-7.7,28.4,0.0,0.0,0.0,4.0,17.6,90,904.0,0,1012.5,0.66,3.83,0.026
2022-09-01T12:00,30.9,7,-8.5,29.3,0.0,0.0,0.0,6.1,20.9,62,944.0,0,1011.8,0.71,4.13,0.026
2022-09-01T13:00,31.4,7,-9.4,29.3,0.0,0.0,0.0,7.2,22.7,63,913.0,0,1011.0,0.7,4.3,0.026
2022-09-01T14:00,31.7,6,-9.9,29.4,0.0,0.0,0.0,5.2,22.7,78,813.0,0,1010.1,0.61,4.39,0.026
2022-09-01T15:00,31.0,7,-9.2,28.2,0.0,0.0,0.0,2.0,19.4,135,654.0,0,1010.0,0.45,4.19,0.029
2022-09-01T16:00,31.3,7,-9.3,27.6,0.0,0.0,0.0,3.3,13.0,131,450.0,0,1009.7,0.32,4.27,0.029
2022-09-01T17:00,30.8,7,-9.6,26.7,0.0,0.0,0.0,6.0,14.0,115,229.0,0,1009.6,0.2,4.15,0.029
2022-09-01T18:00,29.0,7,-9.9,24.6,0.0,0.0,0.0,8.0,14.4,126,48.0,0,1009.7,0.13,3.72,0.029
2022-09-01T19:00,27.8,8,-10.3,23.4,0.0,0.0,0.0,7.6,14.0,149,0.0,0,1010.1,0.11,3.45,0.029
2022-09-01T20:00,26.0,9,-9.4,21.7,0.0,0.0,0.0,7.2,11.5,37,0.0,0,1010.9,0.1,3.05,0.028
2022-09-01T21:00,25.1,10,-8.6,20.6,0.0,0.0,0.0,9.1,17.3,72,0.0,0,1011.6,0.12,2.86,0.028
2022-09-01T22:00,23.6,11,-8.9,19.2,0.0,0.0,0.0,8.2,15.1,131,0.0,0,1012.2,0.1,2.6,0.028
2022-09-01T23:00,23.2,11,-8.9,18.4,0.0,0.0,0.0,10.9,18.7,136,0.0,0,1012.8,0.13,2.52,0.028
2022-09-02T00:00,21.2,13,-8.0,16.7,0.0,0.0,0.0,9.6,18.4,160,0.0,0,1012.8,0.11,2.17,0.028
2022-09-02T01:00,23.0,11,-8.9,19.5,0.0,0.0,0.0,2.1,11.9,301,0.0,0,1012.9,0.02,2.5,0.028
2022-09-02T02:00,20.6,13,-8.4,16.7,0.0,0.0,0.0,5.2,6.1,236,0.0,0,1013.1,0.06,2.1,0.028
2022-09-02T03:00,20.9,13,-8.5,17.4,0.0,0.0,0.0,2.3,6.5,288,0.0,0,1014.1,0.02,2.14,0.03
2022-09-02T04:00,17.3,17,-7.9,13.3,0.0,0.0,0.0,5.7,6.5,18,0.0,0,1014.7,0.05,1.63,0.03
2022-09-02T05:00,15.9,19,-7.5,11.9,0.0,0.0,0.0,6.5,8.3,357,0.0,0,1015.4,0.06,1.45,0.03
2022-09-02T06:00,15.7,20,-7.0,11.8,0.0,0.0,0.0,6.2,9.0,324,34.0,0,1016.3,0.06,1.42,0.03
2022-09-02T07:00,19.6,15,-7.5,16.1,0.0,0.0,0.0,3.3,8.3,257,203.0,0,1016.7,0.13,1.93,0.03
2022-09-02T08:00,23.3,12,-7.7,19.8,0.0,0.0,0.0,2.6,11.5,326,421.0,0,1016.7,0.27,2.51,0.03
2022-09-02T09:00,26.0,10,-7.7,23.3,0.0,0.0,0.0,1.3,12.2,34,626.0,0,1016.1,0.4,3.02,0.03
2022-09-02T10:00,28.4,9,-8.2,26.8,0.0,0.0,0.0,1.1,13.3,72,790.0,0,1015.0,0.54,3.54,0.03
2022-09-02T11:00,30.3,8,-8.0,29.2,0.0,0.0,0.0,2.0,15.1,45,897.0,0,1013.9,0.64,3.97,0.03
2022-09-02T12:00,31.5,7,-7.8,30.4,0.0,0.0,0.0,3.6,17.6,45,937.0,0,1013.0,0.69,4.27,0.03
2022-09-02T13:00,32.2,7,-8.0,30.9,0.0,0.0,0.0,3.7,18.4,29,905.0,0,1012.0,0.67,4.47,0.03
2022-09-02T14:00,32.7,7,-8.4,30.8,0.0,0.0,0.0,3.0,18.0,14,805.0,0,1011.3,0.58,4.61,0.03
2022-09-02T15:00,32.2,7,-8.3,29.0,0.0,0.0,0.0,4.7,16.2,9,646.0,0,1011.1,0.48,4.48,0.029
2022-09-02T16:00,32.4,7,-8.8,28.4,0.0,0.0,0.0,5.9,16.9,11,442.0,0,1010.6,0.35,4.55,0.029
2022-09-02T17:00,31.7,6,-9.5,27.2,0.0,0.0,0.0,8.9,18.4,21,223.0,0,1010.6,0.25,4.38,0.029
2022-09-02T18:00,29.6,7,-9.2,24.9,0.0,0.0,0.0,10.1,18.7,35,45.0,0,1010.8,0.16,3.84,0.029
2022-09-02T19:00,28.0,8,-8.7,23.9,0.0,0.0,0.0,6.6,16.6,77,0.0,0,1011.2,0.09,3.46,0.029
2022-09-02T20:00,26.8,9,-8.4,22.1,0.0,0.0,0.0,10.3,16.9,78,0.0,0,1012.5,0.14,3.19,0.029
2022-09-02T21:00,26.4,9,-9.3,20.6,0.0,0.0,0.0,17.4,29.9,68,0.0,0,1013.0,0.23,3.13,0.029
2022-09-02T22:00,24.5,10,-8.7,19.9,0.0,0.0,0.0,9.7,29.2,112,0.0,0,1013.8,0.12,2.75,0.029
2022-09-02T23:00,23.7,11,-8.1,19.2,0.0,0.0,0.0,10.0,17.3,139,0.0,0,1014.1,0.12,2.6,0.029
2022-09-03T00:00,21.5,14,-6.8,17.0,0.0,0.0,0.0,10.4,16.2,160,0.0,0,1014.0,0.12,2.2,0.029
2022-09-03T01:00,22.0,14,-7.2,18.0,0.0,0.0,0.0,6.2,13.0,234,0.0,0,1014.1,0.07,2.28,0.029
2022-09-03T02:00,21.3,14,-7.3,17.5,0.0,0.0,0.0,5.0,7.9,249,0.0,0,1014.2,0.05,2.17,0.029
2022-09-03T03:00,22.4,13,-7.3,19.3,0.0,0.0,0.0,0.5,6.5,315,0.0,0,1014.7,0.0,2.35,0.031
2022-09-03T04:00,18.5,17,-6.8,14.7,0.0,0.0,0.0,5.4,6.5,352,0.0,0,1015.5,0.05,1.76,0.031
2022-09-03T05:00,16.3,20,-6.6,12.3,0.0,0.0,0.0,6.6,7.9,331,0.0,0,1016.2,0.06,1.47,0.031
2022-09-03T06:00,16.2,21,-6.2,12.4,0.0,0.0,0.0,6.4,9.0,308,33.0,0,1016.9,0.07,1.46,0.031
2022-09-03T07:00,20.2,15,-6.9,16.6,0.0,0.0,0.0,3.6,9.0,276,200.0,0,1016.8,0.13,2.0,0.031
2022-09-03T08:00,24.0,12,-7.3,20.6,0.0,0.0,0.0,2.3,10.4,309,418.0,0,1017.2,0.26,2.63,0.031
2022-09-03T09:00,26.9,10,-7.4,24.0,0.0,0.0,0.0,2.2,13.0,360,623.0,0,1016.1,0.42,3.18,0.031
2022-09-03T10:00,29.0,9,-7.4,27.4,0.0,0.0,0.0,1.4,13.7,360,787.0,0,1015.2,0.54,3.66,0.031
2022-09-03T11:00,30.6,8,-7.5,29.6,0.0,0.0,0.0,2.1,15.5,31,893.0,0,1014.2,0.64,4.04,0.031
2022-09-03T12:00,31.8,7,-7.8,30.9,0.0,0.0,0.0,2.6,16.6,56,932.0,0,1013.0,0.68,4.36,0.031
2022-09-03T13:00,32.8,7,-8.2,31.5,0.0,0.0,0.0,2.9,16.6,90,901.0,0,1011.8,0.66,4.63,0.031
2022-09-03T14:00,33.2,6,-8.5,31.0,0.0,0.0,0.0,4.7,18.0,86,800.0,0,1010.8,0.6,4.76,0.031
2022-09-03T15:00,32.8,6,-9.3,29.7,0.0,0.0,0.0,3.3,18.4,49,641.0,0,1010.2,0.46,4.67,0.03
2022-09-03T16:00,32.9,6,-9.7,28.8,0.0,0.0,0.0,5.7,16.2,55,439.0,0,1009.7,0.35,4.71,0.03
2022-09-03T17:00,32.0,6,-9.9,27.4,0.0,0.0,0.0,9.6,19.1,56,220.0,0,1009.8,0.25,4.47,0.03
2022-09-03T18:00,30.2,7,-9.5,25.8,0.0,0.0,0.0,8.2,19.1,75,43.0,0,1009.8,0.13,3.99,0.03
2022-09-03T19:00,28.6,8,-8.9,24.7,0.0,0.0,0.0,4.8,13.3,77,0.0,0,1010.1,0.07,3.59,0.03
2022-09-03T20:00,27.5,9,-8.9,22.5,0.0,0.0,0.0,12.8,19.4,50,0.0,0,1011.1,0.18,3.36,0.03
2022-09-03T21:00,26.5,9,-8.4,21.1,0.0,0.0,0.0,15.5,28.1,65,0.0,0,1011.3,0.2,3.14,0.03
2022-09-03T22:00,24.9,10,-8.5,20.3,0.0,0.0,0.0,9.8,26.3,73,0.0,0,1011.6,0.13,2.83,0.03
2022-09-03T23:00,22.5,13,-7.8,18.1,0.0,0.0,0.0,8.8,15.8,102,0.0,0,1011.9,0.11,2.38,0.03
2022-09-04T00:00,21.7,13,-7.9,17.2,0.0,0.0,0.0,9.7,13.0,178,0.0,0,1011.9,0.11,2.26,0.03
2022-09-04T01:00,23.9,11,-8.1,19.8,0.0,0.0,0.0,6.8,12.6,198,0.0,0,1011.9,0.09,2.63,0.03
2022-09-04T02:00,20.4,15,-7.5,16.7,0.0,0.0,0.0,4.4,8.6,325,0.0,0,1012.3,0.05,2.05,0.03
2022-09-04T03:00,18.6,16,-7.7,14.7,0.0,0.0,0.0,5.6,6.1,297,0.0,0,1012.8,0.06,1.8,0.033
2022-09-04T04:00,16.6,18,-7.8,12.5,0.0,0.0,0.0,6.6,8.6,257,0.0,0,1012.6,0.06,1.54,0.033
2022-09-04T05:00,16.1,18,-8.1,12.2,0.0,0.0,0.0,5.5,8.6,259,0.0,0,1013.0,0.05,1.49,0.033
2022-09-04T06:00,16.2,18,-7.9,12.4,0.0,0.0,0.0,5.1,8.6,274,33.0,0,1013.9,0.05,1.5,0.033
2022-09-04T07:00,19.9,14,-8.0,16.4,0.0,0.0,0.0,2.9,8.3,263,200.0,0,1014.1,0.12,1.99,0.033
2022-09-04T08:00,24.1,11,-8.1,20.8,0.0,0.0,0.0,1.3,9.4,304,419.0,0,1014.0,0.25,2.66,0.033
2022-09-04T09:00,26.9,10,-7.7,24.1,0.0,0.0,0.0,1.5,12.2,346,624.0,0,1013.2,0.41,3.19,0.033
2022-09-04T10:00,29.1,9,-7.7,27.4,0.0,0.0,0.0,1.5,13.3,135,788.0,0,1012.2,0.54,3.67,0.033
2022-09-04T11:00,30.9,8,-8.0,29.6,0.0,0.0,0.0,3.1,16.2,135,895.0,0,1010.8,0.65,4.13,0.033
2022-09-04T12:00,32.3,7,-8.4,31.2,0.0,0.0,0.0,3.3,17.3,103,934.0,0,1009.4,0.69,4.5,0.033
2022-09-04T13:00,33.2,6,-8.7,31.8,0.0,0.0,0.0,3.6,17.6,90,902.0,0,1008.1,0.67,4.77,0.033
2022-09-04T14:00,33.8,6,-9.0,31.7,0.0,0.0,0.0,3.4,17.3,72,801.0,0,1007.2,0.59,4.94,0.033
2022-09-04T15:00,33.3,6,-9.4,30.4,0.0,0.0,0.0,1.8,16.9,127,640.0,0,1006.5,0.44,4.8,0.032
2022-09-04T16:00,33.5,6,-9.5,29.5,0.0,0.0,0.0,5.2,15.5,106,437.0,0,1006.0,0.34,4.86,0.032
2022-09-04T17:00,32.5,6,-9.7,27.6,0.0,0.0,0.0,10.9,21.6,81,217.0,0,1005.9,0.27,4.58,0.032
2022-09-04T18:00,30.3,7,-8.6,25.1,0.0,0.0,0.0,13.6,23.8,68,40.0,0,1006.2,0.21,3.99,0.032
2022-09-04T19:00,29.3,8,-8.3,25.0,0.0,0.0,0.0,8.1,23.0,77,0.0,0,1006.2,0.12,3.75,0.032
2022-09-04T20:00,28.5,9,-8.1,24.3,0.0,0.0,0.0,7.2,13.7,87,0.0,0,1006.5,0.1,3.55,0.032
2022-09-04T21:00,27.1,9,-8.0,22.6,0.0,0.0,0.0,9.7,14.0,22,0.0,0,1007.5,0.13,3.25,0.032
2022-09-04T22:00,25.0,11,-7.8,20.9,0.0,0.0,0.0,6.5,19.1,34,0.0,0,1008.6,0.08,2.82,0.032
2022-09-04T23:00,23.3,13,-6.9,19.0,0.0,0.0,0.0,8.7,11.5,52,0.0,0,1008.9,0.11,2.49,0.032
2022-09-05T00:00,22.2,13,-7.2,17.8,0.0,0.0,0.0,9.5,10.8,25,0.0,0,1008.5,0.11,2.31,0.032
2022-09-05T01:00,23.5,12,-7.7,19.3,0.0,0.0,0.0,7.6,12.2,25,0.0,0,1008.2,0.09,2.55,0.032
2022-09-05T02:00,22.9,13,-7.5,18.9,0.0,0.0,0.0,6.0,9.0,335,0.0,0,1008.3,0.07,2.44,0.032
2022-09-05T03:00,19.0,18,-5.7,14.6,0.0,0.0,0.0,10.1,12.6,333,0.0,0,1009.7,0.1,1.79,0.028
2022-09-05T04:00,20.4,17,-5.8,16.3,0.0,0.0,0.0,8.2,13.3,337,0.0,0,1009.9,0.09,1.99,0.028
2022-09-05T05:00,19.3,18,-5.8,15.7,0.0,0.0,0.0,5.0,9.7,270,0.0,0,1010.2,0.05,1.84,0.028
2022-09-05T06:00,17.2,21,-5.5,13.4,0.0,0.0,0.0,6.6,8.6,261,32.0,0,1011.1,0.07,1.55,0.028
2022-09-05T07:00,21.1,16,-6.1,17.5,0.0,0.0,0.0,4.6,9.4,252,198.0,0,1011.6,0.14,2.11,0.028
2022-09-05T08:00,24.8,12,-6.2,21.5,0.0,0.0,0.0,2.2,10.4,270,417.0,0,1011.9,0.26,2.74,0.028
2022-09-05T09:00,27.5,10,-6.3,24.8,0.0,0.0,0.0,2.1,13.0,329,623.0,0,1010.9,0.42,3.29,0.028
2022-09-05T10:00,29.9,9,-6.8,28.2,0.0,0.0,0.0,2.2,14.4,360,787.0,0,1009.7,0.55,3.84,0.028
2022-09-05T11:00,31.7,7,-7.8,30.4,0.0,0.0,0.0,2.9,15.8,7,893.0,0,1008.5,0.65,4.32,0.028
2022-09-05T12:00,32.9,6,-9.1,31.3,0.0,0.0,0.0,5.7,19.8,18,931.0,0,1007.4,0.71,4.69,0.028
2022-09-05T13:00,33.6,6,-9.8,31.4,0.0,0.0,0.0,7.2,22.3,27,898.0,0,1006.4,0.71,4.91,0.028
2022-09-05T14:00,34.0,5,-10.0,31.1,0.0,0.0,0.0,7.7,23.0,37,797.0,0,1005.4,0.64,5.02,0.028
2022-09-05T15:00,33.6,6,-9.3,30.0,0.0,0.0,0.0,6.2,22.7,54,636.0,0,1005.1,0.5,4.9,0.03
2022-09-05T16:00,33.6,6,-9.4,28.9,0.0,0.0,0.0,9.7,22.0,63,432.0,0,1004.7,0.4,4.89,0.03
2022-09-05T17:00,32.5,6,-9.3,27.1,0.0,0.0,0.0,14.8,28.1,64,212.0,0,1004.9,0.32,4.59,0.03
2022-09-05T18:00,30.4,7,-9.2,25.4,0.0,0.0,0.0,12.0,28.1,81,38.0,0,1005.0,0.18,4.02,0.03
2022-09-05T19:00,28.4,10,-6.9,24.4,0.0,0.0,0.0,7.0,19.4,102,0.0,0,1004.9,0.1,3.49,0.03
2022-09-05T20:00,27.7,9,-8.5,22.2,0.0,0.0,0.0,16.3,25.2,28,0.0,0,1006.6,0.22,3.39,0.03
2022-09-05T21:00,26.6,10,-7.2,22.0,0.0,0.0,0.0,10.5,29.9,49,0.0,0,1007.8,0.14,3.12,0.03
2022-09-05T22:00,24.0,13,-6.3,19.8,0.0,0.0,0.0,8.6,17.3,105,0.0,0,1008.3,0.11,2.6,0.03
2022-09-05T23:00,26.0,11,-7.2,22.2,0.0,0.0,0.0,5.1,11.5,129,0.0,0,1008.3,0.06,2.99,0.03
2022-09-06T00:00,22.5,13,-7.4,18.1,0.0,0.0,0.0,9.2,12.2,191,0.0,0,1008.7,0.11,2.37,0.029
2022-09-06T01:00,25.1,10,-8.1,21.1,0.0,0.0,0.0,5.8,13.0,184,0.0,0,1008.5,0.07,2.85,0.029
2022-09-06T02:00,20.7,14,-7.4,16.2,0.0,0.0,0.0,9.8,11.5,197,0.0,0,1008.6,0.11,2.09,0.029
2022-09-06T03:00,19.2,16,-7.5,15.1,0.0,0.0,0.0,6.9,13.0,227,0.0,0,1009.7,0.07,1.87,0.03
2022-09-06T04:00,17.7,18,-6.7,14.0,0.0,0.0,0.0,4.8,10.1,283,0.0,0,1010.2,0.04,1.66,0.03
2022-09-06T05:00,16.4,20,-6.6,12.7,0.0,0.0,0.0,5.0,6.1,300,0.0,0,1010.7,0.04,1.49,0.029
2022-09-06T06:00,16.7,20,-6.4,13.0,0.0,0.0,0.0,4.8,6.8,297,31.0,0,1011.5,0.05,1.52,0.029
2022-09-06T07:00,20.7,15,-6.8,17.1,0.0,0.0,0.0,4.0,9.0,260,197.0,0,1011.9,0.13,2.07,0.029
2022-09-06T08:00,24.8,11,-7.2,21.3,0.0,0.0,0.0,2.9,11.2,270,415.0,0,1012.4,0.27,2.77,0.029
2022-09-06T09:00,27.1,10,-7.1,24.3,0.0,0.0,0.0,2.1,13.0,239,620.0,0,1011.5,0.41,3.23,0.029
2022-09-06T10:00,29.1,9,-7.3,27.3,0.0,0.0,0.0,2.1,14.4,149,785.0,0,1010.6,0.54,3.66,0.029
2022-09-06T11:00,30.9,8,-7.6,29.4,0.0,0.0,0.0,4.3,18.0,114,891.0,0,1009.0,0.66,4.11,0.029
2022-09-06T12:00,32.4,7,-8.0,30.9,0.0,0.0,0.0,5.4,19.8,98,929.0,0,1008.0,0.71,4.52,0.029
2022-09-06T13:00,33.3,6,-8.7,31.0,0.0,0.0,0.0,8.1,23.0,77,895.0,0,1006.7,0.71,4.78,0.029
2022-09-06T14:00,33.6,6,-9.0,30.3,0.0,0.0,0.0,10.2,25.9,72,793.0,0,1005.8,0.66,4.89,0.029
2022-09-06T15:00,33.1,6,-8.6,29.1,0.0,0.0,0.0,8.9,25.9,58,632.0,0,1005.9,0.53,4.72,0.028
2022-09-06T16:00,32.9,6,-8.6,28.5,0.0,0.0,0.0,8.7,22.7,48,427.0,0,1005.6,0.38,4.68,0.028
2022-09-06T17:00,32.1,7,-8.5,27.8,0.0,0.0,0.0,7.9,20.5,51,208.0,0,1005.8,0.22,4.46,0.028
2022-09-06T18:00,30.1,8,-8.2,26.2,0.0,0.0,0.0,5.4,16.2,48,36.0,0,1005.8,0.08,3.92,0.028
2022-09-06T19:00,29.1,8,-8.4,24.8,0.0,0.0,0.0,8.2,13.3,29,0.0,0,1006.3,0.12,3.7,0.028
2022-09-06T20:00,27.5,9,-8.2,23.4,0.0,0.0,0.0,6.5,13.0,19,0.0,0,1006.8,0.09,3.33,0.028
2022-09-06T21:00,26.1,10,-8.0,21.1,0.0,0.0,0.0,13.2,23.4,73,0.0,0,1007.8,0.17,3.05,0.028
2022-09-06T22:00,25.4,10,-8.0,20.2,0.0,0.0,0.0,14.3,27.7,129,0.0,0,1008.5,0.18,2.91,0.028
2022-09-06T23:00,23.9,12,-7.6,19.7,0.0,0.0,0.0,7.8,24.5,146,0.0,0,1008.7,0.1,2.62,0.028
2022-09-07T00:00,21.8,14,-6.7,17.4,0.0,0.0,0.0,9.4,11.9,203,0.0,0,1008.8,0.11,2.23,0.027
2022-09-07T01:00,22.7,13,-7.3,18.9,0.0,0.0,0.0,5.5,11.5,238,0.0,0,1008.8,0.06,2.4,0.027
2022-09-07T02:00,23.6,12,-7.5,19.6,0.0,0.0,0.0,6.6,8.3,189,0.0,0,1009.0,0.08,2.56,0.027
2022-09-07T03:00,19.9,17,-5.9,15.3,0.0,0.0,0.0,11.7,8.3,135,0.0,0,1009.5,0.12,1.92,0.028
2022-09-07T04:00,17.6,21,-5.3,13.1,0.0,0.0,0.0,10.9,14.0,81,0.0,0,1010.1,0.1,1.59,0.028
2022-09-07T05:00,16.2,23,-5.1,12.0,0.0,0.0,0.0,9.8,13.3,66,0.0,0,1011.1,0.09,1.42,0.028
2022-09-07T06:00,18.8,19,-5.4,15.3,0.0,0.0,0.0,4.8,12.2,27,29.0,0,1011.9,0.05,1.76,0.028
2022-09-07T07:00,21.0,17,-5.3,18.0,0.0,0.0,0.0,0.7,6.5,270,193.0,0,1012.2,0.09,2.07,0.028
2022-09-07T08:00,24.4,14,-4.8,21.5,0.0,0.0,0.0,1.1,9.0,162,408.0,0,1012.1,0.25,2.63,0.028
2022-09-07T09:00,27.1,12,-4.4,24.3,0.0,0.0,0.0,3.3,14.0,84,612.0,0,1011.6,0.42,3.14,0.028
2022-09-07T10:00,29.3,11,-4.7,27.1,0.0,0.0,0.0,5.7,19.1,72,774.0,0,1010.9,0.58,3.63,0.028
2022-09-07T11:00,31.2,9,-5.2,29.5,0.0,0.0,0.0,6.4,21.2,74,879.0,0,1009.5,0.67,4.13,0.028
2022-09-07T12:00,32.8,8,-5.8,31.0,0.0,0.0,0.0,7.4,22.7,76,916.0,0,1008.4,0.72,4.56,0.028
2022-09-07T13:00,33.8,7,-6.1,31.9,0.0,0.0,0.0,7.1,22.7,75,882.0,0,1007.2,0.7,4.87,0.028
2022-09-07T14:00,34.2,7,-6.4,31.8,0.0,0.0,0.0,6.0,22.3,73,782.0,0,1006.5,0.61,5.0,0.028
2022-09-07T15:00,33.6,7,-6.4,30.1,0.0,0.0,0.0,6.6,19.8,68,620.0,6,1006.6,0.5,4.82,0.029
2022-09-07T16:00,33.6,8,-5.8,29.4,0.0,0.0,0.0,8.7,20.5,60,417.0,2,1006.4,0.38,4.79,0.029
2022-09-07T17:00,32.7,8,-5.6,28.1,0.0,0.0,0.0,11.4,23.0,79,203.0,0,1006.3,0.27,4.53,0.029
2022-09-07T18:00,30.4,9,-6.0,25.7,0.0,0.0,0.0,12.4,23.0,107,32.0,1,1006.8,0.19,3.94,0.029
2022-09-07T19:00,28.8,10,-5.7,25.0,0.0,0.0,0.0,6.6,20.5,139,0.0,0,1007.4,0.09,3.56,0.029
2022-09-07T20:00,28.1,12,-4.4,24.1,0.0,0.0,0.0,8.3,10.4,124,0.0,1,1008.1,0.11,3.35,0.029
2022-09-07T21:00,28.1,11,-5.2,24.4,0.0,0.0,0.0,5.6,9.7,75,0.0,20,1008.9,0.07,3.38,0.029
2022-09-07T22:00,25.7,12,-5.8,21.9,0.0,0.0,0.0,6.5,10.8,90,0.0,0,1010.5,0.08,2.91,0.029
2022-09-07T23:00,23.9,14,-5.6,19.7,0.0,0.0,0.0,9.6,12.2,110,0.0,0,1010.6,0.12,2.56,0.029
2022-09-08T00:00,23.0,14,-5.8,18.7,0.0,0.0,0.0,10.0,13.3,139,0.0,0,1010.4,0.12,2.41,0.029
2022-09-08T01:00,22.0,15,-5.6,17.4,0.0,0.0,0.0,11.4,14.8,162,0.0,0,1010.4,0.13,2.23,0.029
2022-09-08T02:00,22.4,15,-5.7,18.6,0.0,0.0,0.0,6.1,13.7,225,0.0,0,1010.7,0.07,2.3,0.029
2022-09-08T03:00,22.3,16,-5.1,19.0,0.0,0.0,0.0,3.1,7.9,291,0.0,0,1011.7,0.03,2.27,0.029
2022-09-08T04:00,18.8,20,-5.0,15.0,0.0,0.0,0.0,7.3,8.6,9,0.0,0,1012.3,0.07,1.75,0.029
2022-09-08T05:00,18.6,19,-5.3,14.9,0.0,0.0,0.0,5.8,8.6,7,0.0,1,1013.0,0.06,1.73,0.029
2022-09-08T06:00,18.4,19,-5.5,14.8,0.0,0.0,0.0,5.0,8.6,339,28.0,0,1013.9,0.06,1.71,0.029
2022-09-08T07:00,21.8,15,-5.6,18.2,0.0,0.0,0.0,5.0,11.2,339,189.0,0,1014.5,0.14,2.21,0.029
2022-09-08T08:00,25.6,12,-6.0,22.3,0.0,0.0,0.0,3.0,11.9,14,403.0,0,1014.6,0.27,2.89,0.029
2022-09-08T09:00,28.2,10,-6.6,25.0,0.0,0.0,0.0,4.1,15.1,75,605.0,0,1014.0,0.43,3.44,0.029
2022-09-08T10:00,30.3,9,-6.8,27.8,0.0,0.0,0.0,5.8,19.1,86,767.0,0,1013.2,0.58,3.94,0.029
2022-09-08T11:00,32.3,8,-6.7,30.3,0.0,0.0,0.0,6.5,20.9,87,871.0,0,1012.1,0.68,4.45,0.029
2022-09-08T12:00,33.9,7,-6.5,31.9,0.0,0.0,0.0,8.3,23.4,88,908.0,0,1010.7,0.73,4.91,0.029
2022-09-08T13:00,35.0,7,-6.4,32.6,0.0,0.0,0.0,9.2,24.8,79,875.0,0,1009.5,0.73,5.23,0.029
2022-09-08T14:00,35.3,7,-6.2,31.9,0.0,0.0,0.0,12.1,28.1,63,774.0,0,1008.4,0.69,5.33,0.029
2022-09-08T15:00,35.0,7,-6.3,30.0,0.0,0.0,0.0,16.4,35.6,57,614.0,0,1008.1,0.62,5.24,0.034
2022-09-08T16:00,34.1,7,-5.9,28.7,0.0,0.0,0.0,17.5,35.3,53,419.0,0,1008.2,0.49,4.95,0.034
2022-09-08T17:00,33.0,8,-5.6,28.6,0.0,0.0,0.0,10.5,34.2,49,201.0,0,1008.4,0.26,4.63,0.034
2022-09-08T18:00,31.0,9,-5.3,27.4,0.0,0.0,0.0,5.0,19.1,150,31.0,0,1008.2,0.08,4.07,0.034
2022-09-08T19:00,29.6,10,-5.1,26.0,0.0,0.0,0.0,5.4,10.8,110,0.0,66,1008.8,0.07,3.73,0.034
2022-09-08T20:00,28.9,12,-4.0,25.2,0.0,0.0,0.0,7.0,9.4,55,0.0,21,1010.0,0.1,3.52,0.034
2022-09-08T21:00,28.5,10,-5.6,23.6,0.0,0.0,0.0,13.5,22.0,81,0.0,48,1011.3,0.19,3.48,0.034
2022-09-08T22:00,26.5,12,-5.3,22.7,0.0,0.0,0.0,6.9,24.1,133,0.0,0,1012.1,0.09,3.05,0.034
2022-09-08T23:00,24.4,15,-4.4,20.2,0.0,0.0,0.0,9.7,12.6,132,0.0,0,1012.3,0.12,2.61,0.034
2022-09-09T00:00,25.9,12,-5.4,21.9,0.0,0.0,0.0,7.7,12.6,118,0.0,0,1012.4,0.1,2.93,0.034
2022-09-09T01:00,24.7,13,-5.4,20.8,0.0,0.0,0.0,7.6,10.1,183,0.0,0,1012.4,0.09,2.7,0.034
2022-09-09T02:00,23.8,14,-5.4,19.7,0.0,0.0,0.0,8.7,11.2,185,0.0,0,1012.2,0.1,2.54,0.034
2022-09-09T03:00,25.3,13,-5.6,21.8,0.0,0.0,0.0,4.7,11.2,203,0.0,0,1012.8,0.06,2.82,0.033
2022-09-09T04:00,23.4,14,-5.4,19.5,0.0,0.0,0.0,7.3,9.0,79,0.0,0,1012.9,0.09,2.47,0.033
2022-09-09T05:00,18.8,19,-5.2,14.8,0.0,0.0,0.0,8.4,11.2,47,0.0,0,1013.5,0.08,1.75,0.033
2022-09-09T06:00,18.6,20,-4.8,15.2,0.0,0.0,0.0,4.1,10.4,345,27.0,0,1014.9,0.05,1.71,0.033
2022-09-09T07:00,22.2,15,-5.4,18.8,0.0,0.0,0.0,3.9,9.0,292,188.0,0,1015.4,0.13,2.26,0.033
2022-09-09T08:00,25.8,12,-5.8,22.6,0.0,0.0,0.0,2.6,11.2,286,402.0,0,1015.2,0.26,2.92,0.033
2022-09-09T09:00,28.4,10,-5.9,25.7,0.0,0.0,0.0,1.0,11.2,45,605.0,0,1014.4,0.4,3.46,0.033
2022-09-09T10:00,30.7,9,-6.0,28.9,0.0,0.0,0.0,2.6,14.8,74,766.0,0,1013.4,0.55,4.02,0.033
2022-09-09T11:00,32.8,8,-6.1,31.4,0.0,0.0,0.0,3.4,16.6,108,870.0,0,1011.9,0.65,4.57,0.033
2022-09-09T12:00,34.3,7,-6.0,33.0,0.0,0.0,0.0,4.6,18.4,129,907.0,0,1010.5,0.7,5.0,0.033
2022-09-09T13:00,35.1,7,-5.6,33.6,0.0,0.0,0.0,4.6,19.1,135,873.0,0,1009.2,0.67,5.23,0.033
2022-09-09T14:00,35.2,7,-5.5,33.5,0.0,0.0,0.0,2.6,18.4,106,778.0,0,1008.1,0.57,5.28,0.033
2022-09-09T15:00,35.1,7,-5.3,31.7,0.0,0.0,0.0,6.2,17.6,83,597.0,13,1007.6,0.48,5.24,0.032
2022-09-09T16:00,35.1,7,-5.6,31.2,0.0,0.0,0.0,7.2,19.4,84,361.0,25,1006.7,0.34,5.25,0.032
2022-09-09T17:00,34.6,7,-5.6,30.7,0.0,0.0,0.0,7.2,18.4,117,139.0,92,1006.7,0.2,5.1,0.032
2022-09-09T18:00,33.0,8,-5.5,28.8,0.0,0.0,0.0,8.9,14.8,76,19.0,100,1007.0,0.16,4.61,0.032
2022-09-09T19:00,31.7,9,-5.8,28.0,0.0,0.0,0.0,5.9,17.3,52,0.0,87,1008.0,0.09,4.28,0.032
2022-09-09T20:00,30.9,9,-5.1,27.3,0.0,0.0,0.0,5.2,9.7,34,0.0,99,1008.8,0.07,4.03,0.032
2022-09-09T21:00,30.0,10,-4.4,25.8,0.0,0.0,0.0,10.1,13.7,27,0.0,7,1009.5,0.15,3.79,0.031
2022-09-09T22:00,28.4,13,-3.2,24.7,0.0,0.0,0.0,7.9,22.7,43,0.0,66,1010.4,0.11,3.39,0.031
2022-09-09T23:00,27.5,13,-3.6,23.9,0.0,0.0,0.0,6.5,13.0,124,0.0,45,1010.3,0.08,3.2,0.031
2022-09-10T00:00,26.7,13,-3.8,23.3,0.0,0.0,0.0,5.1,10.8,219,0.0,40,1010.1,0.06,3.04,0.031
2022-09-10T01:00,25.7,14,-3.7,21.6,0.0,0.0,0.0,10.3,16.6,299,0.0,0,1009.9,0.13,2.84,0.031
2022-09-10T02:00,23.4,17,-3.4,19.5,0.0,0.0,0.0,8.4,16.9,329,0.0,0,1009.9,0.1,2.39,0.031
2022-09-10T03:00,22.5,20,-1.9,18.5,0.0,0.0,0.0,10.5,11.2,352,0.0,0,1010.4,0.11,2.19,0.033
2022-09-10T04:00,22.2,20,-1.6,18.8,0.0,0.0,0.0,6.9,13.7,298,0.0,0,1011.0,0.07,2.12,0.033
2022-09-10T05:00,20.3,24,-0.9,17.1,0.0,0.0,0.0,6.5,10.4,264,0.0,0,1011.3,0.06,1.81,0.033
2022-09-10T06:00,20.3,26,0.1,17.2,0.0,0.0,0.0,6.3,9.7,246,27.0,0,1012.0,0.07,1.76,0.033
2022-09-10T07:00,23.5,23,0.9,20.3,0.0,0.0,0.0,7.9,15.5,231,185.0,0,1012.6,0.18,2.23,0.033
2022-09-10T08:00,27.2,16,-0.6,24.1,0.0,0.0,0.0,5.8,15.8,263,400.0,0,1012.6,0.3,3.02,0.033
2022-09-10T09:00,30.0,11,-3.8,26.0,0.0,0.0,0.0,10.6,24.8,332,599.0,0,1011.9,0.51,3.77,0.033
2022-09-10T10:00,31.6,10,-3.1,28.8,0.0,0.0,0.0,10.1,25.9,6,760.0,0,1011.0,0.63,4.16,0.032
2022-09-10T11:00,33.0,10,-2.8,31.2,0.0,0.0,0.0,7.8,25.6,22,864.0,0,1009.7,0.69,4.52,0.032
2022-09-10T12:00,34.1,9,-2.9,33.4,0.0,0.0,0.0,3.0,22.7,14,900.0,0,1008.5,0.68,4.84,0.032
2022-09-10T13:00,34.6,9,-3.4,33.8,0.0,0.0,0.0,2.1,16.6,329,867.0,0,1007.3,0.64,5.01,0.032
2022-09-10T14:00,35.8,7,-5.2,33.0,0.0,0.0,0.0,7.7,22.3,11,738.0,70,1005.5,0.62,5.46,0.032
2022-09-10T15:00,36.0,6,-6.3,31.7,0.0,0.0,0.0,9.4,22.7,263,546.0,98,1004.7,0.5,5.54,0.032
2022-09-10T16:00,35.2,7,-5.4,30.6,0.0,0.0,0.0,11.7,24.5,252,288.0,96,1004.2,0.37,5.26,0.032
2022-09-10T17:00,34.6,8,-5.1,29.8,0.0,0.0,0.0,13.7,24.5,215,73.0,93,1003.9,0.29,5.06,0.032
2022-09-10T18:00,33.5,8,-4.5,29.7,0.0,0.0,0.0,7.3,24.1,351,11.0,66,1004.5,0.15,4.74,0.032
2022-09-10T19:00,29.4,15,0.2,24.4,0.0,0.0,0.0,19.6,37.4,20,0.0,12,1007.3,0.25,3.48,0.032
2022-09-10T20:00,28.5,18,2.1,25.0,0.0,0.0,0.0,11.6,34.9,7,0.0,3,1008.9,0.15,3.18,0.032
2022-09-10T21:00,27.4,20,2.8,24.2,0.0,0.0,0.0,10.0,19.8,21,0.0,0,1009.9,0.12,2.89,0.032
2022-09-10T22:00,26.4,22,2.9,23.0,0.0,0.0,0.0,11.5,20.9,49,0.0,0,1009.9,0.13,2.68,0.032
2022-09-10T23:00,24.3,26,3.6,21.6,0.0,0.0,0.0,8.0,19.4,8,0.0,0,1010.0,0.08,2.24,0.032
2022-09-11T00:00,24.2,24,2.3,21.6,0.0,0.0,0.0,5.8,9.7,300,0.0,0,1010.0,0.06,2.29,0.032
2022-09-11T01:00,23.1,26,2.4,20.1,0.0,0.0,0.0,8.2,13.7,322,0.0,0,1009.9,0.08,2.09,0.032
2022-09-11T02:00,22.3,28,2.9,19.3,0.0,0.0,0.0,8.7,14.4,330,0.0,0,1010.0,0.08,1.93,0.032
2022-09-11T03:00,21.4,32,4.0,18.3,0.0,0.0,0.0,11.4,16.9,349,0.0,0,1010.8,0.1,1.74,0.032
2022-09-11T04:00,20.4,37,5.1,18.2,0.0,0.0,0.0,6.9,19.4,332,0.0,0,1011.2,0.05,1.52,0.032
2022-09-11T05:00,18.7,42,5.5,16.4,0.0,0.0,0.0,8.4,10.8,313,0.0,0,1011.7,0.05,1.26,0.032
2022-09-11T06:00,19.9,38,5.3,17.7,0.0,0.0,0.0,7.3,10.8,303,25.0,0,1012.1,0.06,1.43,0.032
2022-09-11T07:00,22.4,33,5.5,19.7,0.0,0.0,0.0,11.0,20.9,308,182.0,0,1012.3,0.18,1.81,0.032
2022-09-11T08:00,24.4,30,5.7,21.8,0.0,0.0,0.0,10.0,23.4,322,393.0,0,1011.8,0.31,2.13,0.032
2022-09-11T09:00,26.9,25,5.2,25.0,0.0,0.0,0.0,6.4,22.3,313,594.0,0,1010.9,0.44,2.65,0.032
2022-09-11T10:00,28.9,21,4.5,28.6,0.0,0.0,0.0,2.5,19.1,270,753.0,0,1010.0,0.54,3.14,0.032
2022-09-11T11:00,30.5,18,3.9,30.9,0.0,0.0,0.0,1.0,15.1,45,855.0,0,1008.5,0.62,3.55,0.032
2022-09-11T12:00,31.8,16,3.3,31.7,0.0,0.0,0.0,4.7,18.7,58,891.0,0,1007.1,0.68,3.92,0.032
2022-09-11T13:00,32.7,14,2.2,31.7,0.0,0.0,0.0,7.6,23.0,59,856.0,11,1005.9,0.69,4.23,0.032
2022-09-11T14:00,33.0,14,1.7,30.7,0.0,0.0,0.0,11.1,27.4,54,752.0,2,1004.6,0.64,4.34,0.032
2022-09-11T15:00,33.0,13,0.5,30.4,0.0,0.0,0.0,5.0,29.5,360,592.0,0,1004.3,0.46,4.38,0.032
2022-09-11T16:00,33.1,12,-0.4,30.0,0.0,0.0,0.0,5.8,17.3,4,394.0,59,1003.8,0.32,4.45,0.032
2022-09-11T17:00,31.8,14,0.6,27.7,0.0,0.0,0.0,13.7,24.8,27,177.0,3,1003.8,0.28,4.05,0.032
2022-09-11T18:00,28.6,21,4.5,24.1,0.0,0.0,0.0,21.7,37.8,47,25.0,2,1005.1,0.25,3.07,0.032
2022-09-11T19:00,27.2,24,4.9,23.2,0.0,0.0,0.0,18.3,40.7,54,0.0,2,1006.4,0.2,2.73,0.032
2022-09-11T20:00,26.4,25,4.8,24.1,0.0,0.0,0.0,6.5,31.7,56,0.0,1,1007.9,0.07,2.57,0.032
2022-09-11T21:00,25.3,27,5.0,23.6,0.0,0.0,0.0,3.1,10.4,339,0.0,3,1008.8,0.02,2.36,0.032
2022-09-11T22:00,24.4,29,5.1,22.6,0.0,0.0,0.0,3.4,6.5,342,0.0,0,1009.1,0.03,2.17,0.032
2022-09-11T23:00,23.8,30,5.1,22.5,0.0,0.0,0.0,0.4,6.5,270,0.0,0,1009.2,0.0,2.06,0.032
2022-09-12T00:00,22.4,33,5.2,20.8,0.0,0.0,0.0,2.8,4.7,230,0.0,0,1009.3,0.01,1.82,0.032
2022-09-12T01:00,20.4,38,5.5,18.3,0.0,0.0,0.0,6.1,6.1,310,0.0,0,1009.3,0.04,1.49,0.032
2022-09-12T02:00,19.2,40,5.4,17.3,0.0,0.0,0.0,5.4,7.6,318,0.0,0,1009.3,0.03,1.33,0.032
2022-09-12T03:00,20.9,36,5.2,19.2,0.0,0.0,0.0,3.4,6.1,32,0.0,0,1010.2,0.02,1.59,0.032
2022-09-12T04:00,20.7,37,5.3,19.0,0.0,0.0,0.0,3.7,5.4,281,0.0,0,1010.4,0.02,1.54,0.032
2022-09-12T05:00,20.4,37,5.4,18.7,0.0,0.0,0.0,3.6,5.0,276,0.0,0,1010.7,0.02,1.5,0.032
2022-09-12T06:00,19.5,40,5.5,17.9,0.0,0.0,0.0,3.0,4.7,284,25.0,0,1011.5,0.03,1.36,0.032
2022-09-12T07:00,21.3,35,5.4,19.7,0.0,0.0,0.0,3.0,8.3,284,179.0,0,1011.8,0.11,1.64,0.032
2022-09-12T08:00,22.9,32,5.3,21.6,0.0,0.0,0.0,0.4,9.7,270,390.0,0,1011.8,0.23,1.89,0.031
2022-09-12T09:00,24.7,28,5.2,23.4,0.0,0.0,0.0,2.6,13.7,34,590.0,0,1011.2,0.4,2.23,0.031
2022-09-12T10:00,26.6,25,5.0,26.1,0.0,0.0,0.0,3.8,17.3,49,749.0,0,1010.3,0.53,2.61,0.031
2022-09-12T11:00,28.3,22,4.4,28.1,0.0,0.0,0.0,4.9,19.1,73,851.0,0,1009.0,0.63,3.0,0.031
2022-09-12T12:00,29.8,19,3.7,29.0,0.0,0.0,0.0,8.6,24.5,90,886.0,0,1007.7,0.69,3.39,0.031
2022-09-12T13:00,30.7,17,2.7,29.1,0.0,0.0,0.0,11.0,28.1,101,845.0,32,1006.8,0.69,3.67,0.031
2022-09-12T14:00,31.0,17,2.8,28.3,0.0,0.0,0.0,13.2,30.6,107,715.0,12,1006.0,0.62,3.74,0.031
2022-09-12T15:00,30.5,17,2.5,27.1,0.0,0.0,0.0,12.4,31.0,107,571.0,2,1005.6,0.51,3.63,0.031
2022-09-12T16:00,30.1,17,2.1,26.8,0.0,0.0,0.0,9.8,27.4,98,388.0,9,1005.4,0.36,3.55,0.031
2022-09-12T17:00,29.5,16,1.4,26.0,0.0,0.0,0.0,10.3,22.3,102,175.0,3,1005.4,0.22,3.44,0.031
2022-09-12T18:00,27.8,18,1.0,23.5,0.0,0.0,0.0,15.9,25.9,118,23.0,2,1005.6,0.2,3.08,0.031
2022-09-12T19:00,26.1,20,1.2,21.9,0.0,0.0,0.0,15.3,29.9,117,0.0,0,1006.6,0.17,2.71,0.031
2022-09-12T20:00,25.5,19,-0.2,20.9,0.0,0.0,0.0,16.7,29.2,123,0.0,0,1007.6,0.19,2.66,0.031
2022-09-12T21:00,24.4,18,-1.7,20.0,0.0,0.0,0.0,13.7,28.8,117,0.0,0,1008.2,0.16,2.51,0.031
2022-09-12T22:00,23.3,18,-2.5,19.1,0.0,0.0,0.0,11.5,23.4,129,0.0,0,1008.6,0.13,2.35,0.031
2022-09-12T23:00,22.2,19,-2.9,18.7,0.0,0.0,0.0,6.6,19.4,151,0.0,0,1008.8,0.07,2.18,0.031
2022-09-13T00:00,21.6,20,-2.6,18.3,0.0,0.0,0.0,5.9,11.2,227,0.0,0,1008.8,0.06,2.08,0.031
2022-09-13T01:00,19.8,23,-2.2,16.2,0.0,0.0,0.0,7.7,9.0,259,0.0,0,1008.7,0.07,1.79,0.031
2022-09-13T02:00,19.7,23,-2.2,16.3,0.0,0.0,0.0,6.6,9.0,241,0.0,0,1008.8,0.06,1.78,0.031
2022-09-13T03:00,21.2,20,-2.6,18.1,0.0,0.0,0.0,3.6,8.3,225,0.0,0,1009.4,0.03,2.01,0.031
2022-09-13T04:00,20.0,22,-2.6,17.3,0.0,0.0,0.0,1.1,4.7,342,0.0,0,1009.6,0.0,1.82,0.031
2022-09-13T05:00,16.6,28,-2.2,13.6,0.0,0.0,0.0,4.0,5.0,355,0.0,0,1010.1,0.03,1.37,0.031
2022-09-13T06:00,16.3,29,-1.8,13.4,0.0,0.0,0.0,3.3,5.0,319,24.0,0,1010.4,0.03,1.31,0.031
2022-09-13T07:00,19.5,23,-2.4,16.6,0.0,0.0,0.0,2.4,8.3,297,181.0,0,1010.9,0.11,1.75,0.031
2022-09-13T08:00,23.1,18,-2.6,20.4,0.0,0.0,0.0,1.1,9.4,288,396.0,0,1010.9,0.24,2.31,0.031
2022-09-13T09:00,25.5,16,-2.5,23.2,0.0,0.0,0.0,1.3,11.9,146,598.0,0,1010.3,0.39,2.75,0.031
2022-09-13T10:00,27.7,14,-1.8,26.2,0.0,0.0,0.0,3.5,16.2,114,760.0,0,1009.5,0.54,3.18,0.031
2022-09-13T11:00,29.8,13,-1.3,28.8,0.0,0.0,0.0,4.5,18.0,104,864.0,0,1008.2,0.64,3.63,0.031
2022-09-13T12:00,31.5,12,-1.5,30.6,0.0,0.0,0.0,5.1,19.4,86,900.0,0,1006.6,0.68,4.07,0.031
2022-09-13T13:00,32.5,10,-2.6,31.5,0.0,0.0,0.0,3.7,19.8,61,865.0,0,1005.3,0.65,4.38,0.031
2022-09-13T14:00,33.0,9,-3.7,31.7,0.0,0.0,0.0,1.1,17.3,270,762.0,0,1004.3,0.54,4.56,0.031
2022-09-13T15:00,32.2,9,-4.2,29.6,0.0,0.0,0.0,1.6,14.4,243,598.0,0,1004.6,0.41,4.36,0.031
2022-09-13T16:00,32.8,8,-5.1,29.7,0.0,0.0,0.0,2.3,11.2,18,394.0,0,1003.9,0.27,4.56,0.031
2022-09-13T17:00,32.1,8,-5.7,28.4,0.0,0.0,0.0,5.7,12.6,72,178.0,0,1004.0,0.17,4.38,0.031
2022-09-13T18:00,29.7,10,-5.0,24.9,0.0,0.0,0.0,13.6,22.7,79,22.0,0,1004.6,0.19,3.74,0.031
2022-09-13T19:00,28.1,11,-5.1,24.6,0.0,0.0,0.0,4.8,23.4,117,0.0,0,1005.3,0.06,3.37,0.031
2022-09-13T20:00,26.5,14,-3.6,23.2,0.0,0.0,0.0,4.4,8.6,215,0.0,0,1006.7,0.05,2.98,0.031
2022-09-13T21:00,25.5,14,-4.2,22.0,0.0,0.0,0.0,5.2,10.8,258,0.0,0,1007.5,0.06,2.8,0.031
2022-09-13T22:00,24.0,15,-4.1,20.3,0.0,0.0,0.0,6.4,7.9,16,0.0,0,1007.6,0.07,2.52,0.031
2022-09-13T23:00,24.4,14,-4.7,20.4,0.0,0.0,0.0,8.5,13.3,126,0.0,0,1008.1,0.1,2.62,0.031
2022-09-14T00:00,23.0,17,-3.3,19.4,0.0,0.0,0.0,6.8,15.5,183,0.0,0,1008.4,0.08,2.32,0.031
2022-09-14T01:00,20.5,20,-3.2,17.0,0.0,0.0,0.0,6.1,10.4,273,0.0,0,1008.9,0.06,1.93,0.031
2022-09-14T02:00,18.8,23,-3.0,15.3,0.0,0.0,0.0,6.6,8.3,315,0.0,0,1009.3,0.06,1.68,0.031
2022-09-14T03:00,18.2,26,-1.5,15.0,0.0,0.0,0.0,5.6,8.6,255,0.0,0,1010.1,0.05,1.54,0.031
2022-09-14T04:00,17.9,26,-2.0,14.4,0.0,0.0,0.0,6.9,11.5,261,0.0,0,1010.7,0.06,1.52,0.031
2022-09-14T05:00,16.1,28,-2.3,12.6,0.0,0.0,0.0,6.8,10.4,267,0.0,0,1011.4,0.05,1.31,0.031
2022-09-14T06:00,16.6,26,-3.0,13.4,0.0,0.0,0.0,4.7,9.4,247,24.0,0,1012.3,0.04,1.4,0.031
2022-09-14T07:00,20.6,18,-4.5,16.8,0.0,0.0,0.0,7.0,14.4,235,180.0,0,1012.8,0.16,1.98,0.031
2022-09-14T08:00,24.6,15,-4.1,21.3,0.0,0.0,0.0,4.1,14.0,225,395.0,0,1012.6,0.27,2.63,0.031
2022-09-14T09:00,27.9,13,-3.1,25.5,0.0,0.0,0.0,0.8,13.7,243,597.0,0,1011.6,0.39,3.26,0.031
2022-09-14T10:00,30.8,11,-3.1,29.4,0.0,0.0,0.0,1.6,13.0,333,758.0,0,1010.3,0.53,3.94,0.031
2022-09-14T11:00,32.7,10,-3.6,31.5,0.0,0.0,0.0,3.7,16.6,299,860.0,0,1009.2,0.64,4.46,0.031
2022-09-14T12:00,33.5,8,-4.6,32.3,0.0,0.0,0.0,4.7,18.4,266,895.0,0,1008.2,0.68,4.74,0.03
2022-09-14T13:00,34.1,8,-5.4,32.3,0.0,0.0,0.0,5.9,19.1,259,859.0,0,1007.2,0.67,4.94,0.03
2022-09-14T14:00,34.8,7,-6.7,30.8,0.0,0.0,0.0,14.6,30.6,279,754.0,18,1006.3,0.69,5.19,0.03
2022-09-14T15:00,34.3,7,-7.0,28.8,0.0,0.0,0.0,17.0,37.1,291,562.0,1,1006.0,0.59,5.03,0.03
2022-09-14T16:00,33.5,7,-7.6,28.6,0.0,0.0,0.0,13.0,34.2,275,372.0,1,1005.9,0.41,4.83,0.03
2022-09-14T17:00,32.0,8,-7.2,27.3,0.0,0.0,0.0,11.4,25.9,259,168.0,2,1006.1,0.25,4.39,0.03
2022-09-14T18:00,30.4,8,-6.9,26.2,0.0,0.0,0.0,8.2,19.8,165,21.0,0,1004.9,0.12,3.98,0.03
2022-09-14T19:00,28.9,9,-6.6,24.2,0.0,0.0,0.0,11.8,20.2,218,0.0,1,1006.1,0.17,3.6,0.03
2022-09-14T20:00,28.5,10,-6.2,23.9,0.0,0.0,0.0,11.8,20.2,258,0.0,0,1007.6,0.16,3.51,0.03
2022-09-14T21:00,28.4,14,-2.1,23.1,0.0,0.0,0.0,19.6,34.2,284,0.0,0,1008.5,0.25,3.35,0.03
2022-09-14T22:00,26.9,15,-1.9,22.4,0.0,0.0,0.0,13.7,33.1,265,0.0,0,1008.8,0.17,3.0,0.03
2022-09-14T23:00,25.4,17,-1.6,21.2,0.0,0.0,0.0,12.9,23.0,257,0.0,0,1009.2,0.15,2.7,0.03
2022-09-15T00:00,24.2,18,-1.4,20.4,0.0,0.0,0.0,10.2,21.2,252,0.0,0,1009.1,0.12,2.47,0.03
2022-09-15T01:00,23.0,20,-1.3,19.1,0.0,0.0,0.0,10.5,16.9,239,0.0,0,1009.1,0.11,2.25,0.03
2022-09-15T02:00,22.0,21,-1.3,18.2,0.0,0.0,0.0,10.3,16.9,245,0.0,0,1009.3,0.11,2.09,0.03
2022-09-15T03:00,21.3,23,-0.5,17.4,0.0,0.0,0.0,11.6,17.6,244,0.0,0,1009.6,0.11,1.94,0.03
2022-09-15T04:00,20.4,25,-0.5,16.5,0.0,0.0,0.0,11.8,19.1,239,0.0,0,1010.1,0.11,1.81,0.03
2022-09-15T05:00,19.1,27,-0.5,15.5,0.0,0.0,0.0,9.8,18.7,242,0.0,0,1010.5,0.09,1.62,0.03
2022-09-15T06:00,18.7,28,-0.5,15.0,0.0,0.0,0.0,9.7,15.5,248,23.0,0,1011.2,0.09,1.56,0.03
2022-09-15T07:00,21.8,23,-0.4,18.4,0.0,0.0,0.0,8.1,17.3,238,178.0,0,1011.7,0.17,2.01,0.03
2022-09-15T08:00,25.9,18,-0.1,22.8,0.0,0.0,0.0,6.1,15.8,242,392.0,0,1011.7,0.3,2.73,0.03
2022-09-15T09:00,29.1,15,0.0,26.6,0.0,0.0,0.0,4.4,16.2,261,593.0,0,1010.8,0.43,3.41,0.03
2022-09-15T10:00,31.4,13,-0.8,29.4,0.0,0.0,0.0,7.1,19.4,246,753.0,0,1009.8,0.59,4.02,0.03
2022-09-15T11:00,33.0,10,-2.1,30.7,0.0,0.0,0.0,10.9,26.6,243,854.0,0,1008.5,0.71,4.5,0.03
2022-09-15T12:00,34.3,9,-3.8,31.6,0.0,0.0,0.0,12.9,29.5,240,888.0,0,1007.1,0.77,4.95,0.03
2022-09-15T13:00,34.9,8,-3.8,31.2,0.0,0.0,0.0,17.7,37.1,257,852.0,0,1005.9,0.8,5.12,0.03
2022-09-15T14:00,35.1,8,-3.7,30.3,0.0,0.0,0.0,21.4,42.1,262,759.0,0,1005.3,0.77,5.17,0.03
2022-09-15T15:00,34.0,8,-4.3,28.0,0.0,0.0,0.0,23.5,43.9,259,599.0,0,1005.5,0.67,4.86,0.03
2022-09-15T16:00,32.7,10,-3.4,26.1,0.0,0.0,0.0,27.8,50.8,260,389.0,0,1005.7,0.56,4.47,0.03
2022-09-15T17:00,31.4,10,-3.6,25.3,0.0,0.0,0.0,23.5,50.8,259,169.0,0,1006.1,0.39,4.11,0.03
2022-09-15T18:00,29.7,11,-3.7,24.1,0.0,0.0,0.0,20.1,41.8,255,19.0,0,1006.9,0.27,3.69,0.03
2022-09-15T19:00,28.5,12,-3.7,22.9,0.0,0.0,0.0,20.2,36.0,251,0.0,0,1007.9,0.26,3.42,0.03
2022-09-15T20:00,27.4,13,-3.7,22.0,0.0,0.0,0.0,18.3,35.3,250,0.0,0,1008.8,0.23,3.17,0.03
2022-09-15T21:00,26.1,14,-3.3,21.0,0.0,0.0,0.0,17.5,31.3,256,0.0,0,1008.9,0.21,2.9,0.03
2022-09-15T22:00,24.8,16,-2.6,20.2,0.0,0.0,0.0,14.4,29.9,257,0.0,0,1009.2,0.17,2.62,0.03
2022-09-15T23:00,23.4,18,-2.2,19.2,0.0,0.0,0.0,11.8,24.5,258,0.0,0,1009.5,0.13,2.36,0.03
2022-09-16T00:00,22.4,20,-2.1,18.0,0.0,0.0,0.0,13.1,21.2,254,0.0,0,1009.2,0.14,2.18,0.03
2022-09-16T01:00,21.1,21,-2.1,17.3,0.0,0.0,0.0,9.4,21.6,266,0.0,0,1009.2,0.1,1.98,0.03
2022-09-16T02:00,19.7,23,-2.3,16.2,0.0,0.0,0.0,6.9,14.8,264,0.0,0,1009.3,0.06,1.77,0.03
2022-09-16T03:00,18.3,25,-2.0,14.9,0.0,0.0,0.0,6.2,12.2,249,0.0,0,1009.3,0.05,1.57,0.029
2022-09-16T04:00,17.1,27,-2.0,13.8,0.0,0.0,0.0,5.9,9.7,256,0.0,0,1010.1,0.05,1.41,0.029
2022-09-16T05:00,15.9,30,-1.8,12.3,0.0,0.0,0.0,8.1,10.1,283,0.0,0,1011.0,0.06,1.27,0.029
2022-09-16T06:00,17.4,26,-2.2,14.1,0.0,0.0,0.0,5.9,10.1,259,22.0,0,1011.2,0.06,1.46,0.029
2022-09-16T07:00,20.4,22,-2.3,17.1,0.0,0.0,0.0,5.9,13.0,259,177.0,0,1011.3,0.14,1.88,0.029
2022-09-16T08:00,23.9,18,-1.7,20.9,0.0,0.0,0.0,4.6,13.7,315,392.0,0,1011.1,0.27,2.43,0.029
2022-09-16T09:00,26.1,21,1.8,23.6,0.0,0.0,0.0,6.4,18.4,16,595.0,0,1010.6,0.44,2.69,0.029
2022-09-16T10:00,28.1,19,2.2,26.7,0.0,0.0,0.0,5.9,19.8,43,755.0,0,1009.6,0.56,3.08,0.029
2022-09-16T11:00,29.9,15,0.3,28.7,0.0,0.0,0.0,6.7,20.9,106,857.0,0,1008.2,0.65,3.59,0.029
2022-09-16T12:00,31.2,12,-1.6,29.5,0.0,0.0,0.0,9.5,25.2,115,893.0,0,1006.9,0.71,4.0,0.029
2022-09-16T13:00,31.9,10,-3.1,29.6,0.0,0.0,0.0,10.1,26.6,107,856.0,0,1005.6,0.7,4.24,0.029
2022-09-16T14:00,32.2,10,-3.9,29.1,0.0,0.0,0.0,10.7,27.0,104,751.0,0,1004.7,0.63,4.34,0.029
2022-09-16T15:00,31.8,9,-4.7,27.6,0.0,0.0,0.0,11.2,27.0,105,588.0,0,1004.4,0.52,4.26,0.03
2022-09-16T16:00,31.5,9,-5.4,27.0,0.0,0.0,0.0,11.2,26.3,105,382.0,0,1004.1,0.37,4.2,0.03
2022-09-16T17:00,30.5,9,-5.9,25.8,0.0,0.0,0.0,12.1,24.1,102,166.0,0,1004.3,0.25,3.97,0.03
2022-09-16T18:00,28.1,10,-6.0,23.2,0.0,0.0,0.0,13.3,23.4,109,18.0,0,1004.9,0.18,3.4,0.03
2022-09-16T19:00,26.4,10,-7.2,22.6,0.0,0.0,0.0,5.5,22.0,148,0.0,0,1005.1,0.07,3.09,0.03
2022-09-16T20:00,25.5,11,-6.9,21.4,0.0,0.0,0.0,7.6,9.7,31,0.0,0,1006.1,0.1,2.9,0.03
2022-09-16T21:00,24.3,23,1.7,21.0,0.0,0.0,0.0,9.8,19.1,84,0.0,0,1007.1,0.1,2.34,0.03
2022-09-16T22:00,23.1,23,0.5,20.1,0.0,0.0,0.0,6.5,16.2,124,0.0,0,1007.5,0.07,2.18,0.03
2022-09-16T23:00,23.9,23,1.6,21.3,0.0,0.0,0.0,5.2,11.5,102,0.0,0,1007.8,0.05,2.28,0.03
2022-09-17T00:00,22.8,26,2.2,19.9,0.0,0.0,0.0,8.0,10.1,117,0.0,0,1007.9,0.08,2.06,0.03
2022-09-17T01:00,20.6,30,2.5,17.8,0.0,0.0,0.0,7.6,10.1,205,0.0,0,1008.0,0.06,1.7,0.03
2022-09-17T02:00,20.6,30,2.3,17.7,0.0,0.0,0.0,7.3,10.4,237,0.0,0,1008.1,0.06,1.7,0.03
2022-09-17T03:00,20.3,31,2.4,18.0,0.0,0.0,0.0,3.4,8.6,302,0.0,0,1008.6,0.02,1.65,0.031
2022-09-17T04:00,17.2,38,2.9,14.7,0.0,0.0,0.0,5.6,6.5,320,0.0,0,1008.9,0.03,1.21,0.031
2022-09-17T05:00,16.4,42,3.4,13.5,0.0,0.0,0.0,8.6,10.1,327,0.0,0,1009.5,0.05,1.08,0.031
2022-09-17T06:00,16.2,44,3.8,13.4,0.0,0.0,0.0,8.7,10.4,315,21.0,0,1010.1,0.06,1.04,0.031
2022-09-17T07:00,20.0,34,3.6,17.7,0.0,0.0,0.0,5.0,10.4,300,174.0,0,1010.5,0.12,1.54,0.031
2022-09-17T08:00,23.5,27,3.3,21.4,0.0,0.0,0.0,3.1,11.5,306,387.0,0,1010.7,0.25,2.12,0.031
2022-09-17T09:00,26.0,21,2.0,24.2,0.0,0.0,0.0,1.6,12.6,297,588.0,0,1010.0,0.39,2.66,0.03
2022-09-17T10:00,27.8,18,1.6,27.3,0.0,0.0,0.0,0.0,12.2,270,747.0,0,1009.2,0.5,3.05,0.03
2022-09-17T11:00,29.3,16,1.3,28.8,0.0,0.0,0.0,3.0,15.8,104,847.0,0,1008.2,0.61,3.4,0.03
2022-09-17T12:00,30.5,14,0.4,29.6,0.0,0.0,0.0,6.1,20.5,93,880.0,0,1007.1,0.67,3.74,0.03
2022-09-17T13:00,31.3,13,-0.7,29.5,0.0,0.0,0.0,8.6,24.1,90,843.0,0,1006.0,0.67,3.97,0.03
2022-09-17T14:00,31.6,12,-1.3,28.9,0.0,0.0,0.0,10.1,25.6,88,739.0,0,1005.2,0.61,4.09,0.03
2022-09-17T15:00,31.2,12,-1.3,27.2,0.0,0.0,0.0,12.2,25.9,92,577.0,9,1005.3,0.52,3.99,0.026
2022-09-17T16:00,30.7,12,-1.9,26.7,0.0,0.0,0.0,11.2,27.4,92,373.0,5,1005.1,0.36,3.88,0.026
2022-09-17T17:00,29.9,12,-2.8,26.2,0.0,0.0,0.0,8.0,24.1,98,160.0,20,1005.1,0.19,3.72,0.026
2022-09-17T18:00,28.4,13,-2.8,25.1,0.0,0.0,0.0,5.2,15.5,115,16.0,12,1005.3,0.07,3.36,0.026
2022-09-17T19:00,27.0,15,-1.7,23.7,0.0,0.0,0.0,6.2,8.3,111,0.0,1,1006.0,0.08,3.02,0.026
2022-09-17T20:00,25.5,16,-2.5,22.2,0.0,0.0,0.0,5.4,9.0,37,0.0,0,1007.1,0.06,2.74,0.026
2022-09-17T21:00,23.6,19,-1.8,20.1,0.0,0.0,0.0,7.2,10.1,84,0.0,0,1008.0,0.08,2.37,0.026
2022-09-17T22:00,23.1,19,-1.7,19.8,0.0,0.0,0.0,6.2,10.1,80,0.0,0,1009.0,0.07,2.28,0.026
2022-09-17T23:00,21.3,24,-0.4,17.7,0.0,0.0,0.0,9.9,12.2,109,0.0,0,1009.4,0.1,1.94,0.026
2022-09-18T00:00,21.7,23,-0.5,18.3,0.0,0.0,0.0,7.9,12.6,150,0.0,0,1009.7,0.08,2.01,0.026
2022-09-18T01:00,20.1,26,-0.2,16.5,0.0,0.0,0.0,9.7,13.3,158,0.0,1,1010.2,0.09,1.74,0.026
2022-09-18T02:00,21.8,23,-0.4,18.5,0.0,0.0,0.0,7.3,13.3,200,0.0,9,1010.8,0.07,2.01,0.026
2022-09-18T03:00,21.8,24,0.4,19.3,0.0,0.0,0.0,3.0,9.4,284,0.0,1,1011.3,0.02,1.98,0.027
2022-09-18T04:00,21.3,25,0.6,19.0,0.0,0.0,0.0,1.8,4.7,349,0.0,0,1011.6,0.01,1.9,0.027
2022-09-18T05:00,17.4,32,0.7,14.9,0.0,0.0,0.0,3.3,3.6,311,0.0,0,1012.4,0.02,1.34,0.027
2022-09-18T06:00,17.0,34,0.9,14.4,0.0,0.0,0.0,4.0,5.4,297,20.0,0,1013.1,0.03,1.28,0.027
2022-09-18T07:00,20.6,26,0.6,18.0,0.0,0.0,0.0,3.3,7.6,257,170.0,0,1013.3,0.11,1.78,0.027
2022-09-18T08:00,23.7,22,0.5,21.2,0.0,0.0,0.0,3.3,11.5,257,381.0,1,1013.5,0.25,2.3,0.027
2022-09-18T09:00,25.6,19,0.4,23.4,0.0,0.0,0.0,2.3,13.3,288,579.0,0,1013.1,0.39,2.66,0.027
2022-09-18T10:00,27.6,17,-0.1,26.3,0.0,0.0,0.0,2.1,14.0,59,732.0,0,1012.1,0.51,3.08,0.027
2022-09-18T11:00,29.4,14,-1.0,27.6,0.0,0.0,0.0,7.9,22.3,87,837.0,2,1010.9,0.64,3.52,0.027
2022-09-18T12:00,30.8,12,-1.6,28.6,0.0,0.0,0.0,11.2,27.7,90,872.0,0,1009.9,0.71,3.89,0.027
2022-09-18T13:00,31.4,12,-2.0,29.0,0.0,0.0,0.0,10.5,28.4,94,835.0,8,1008.9,0.68,4.06,0.027
2022-09-18T14:00,31.5,12,-1.9,28.7,0.0,0.0,0.0,9.0,26.6,95,709.0,43,1008.3,0.58,4.08,0.027
2022-09-18T15:00,31.2,11,-2.2,27.3,0.0,0.0,0.0,10.1,23.8,94,558.0,27,1008.5,0.48,4.02,0.027
2022-09-18T16:00,30.8,12,-2.3,26.8,0.0,0.0,0.0,10.5,24.1,86,354.0,8,1008.4,0.35,3.93,0.027
2022-09-18T17:00,29.7,12,-2.3,25.4,0.0,0.0,0.0,12.7,23.8,75,153.0,9,1008.6,0.24,3.65,0.027
2022-09-18T18:00,28.2,14,-2.1,24.0,0.0,0.0,0.0,11.8,23.8,78,14.0,8,1008.7,0.16,3.29,0.026
2022-09-18T19:00,27.3,15,-2.0,23.7,0.0,0.0,0.0,7.7,19.8,53,0.0,7,1009.1,0.1,3.09,0.026
2022-09-18T20:00,25.9,16,-1.8,22.5,0.0,0.0,0.0,6.9,12.6,84,0.0,3,1009.9,0.08,2.79,0.026
2022-09-18T21:00,24.5,17,-2.5,20.7,0.0,0.0,0.0,9.0,17.6,119,0.0,3,1010.6,0.11,2.56,0.026
2022-09-18T22:00,23.3,17,-3.4,19.6,0.0,0.0,0.0,6.9,14.8,99,0.0,0,1011.2,0.08,2.38,0.026
2022-09-18T23:00,22.7,17,-3.6,18.8,0.0,0.0,0.0,8.4,13.3,140,0.0,0,1011.1,0.09,2.28,0.026
2022-09-19T00:00,22.2,18,-3.4,18.2,0.0,0.0,0.0,9.2,15.1,154,0.0,0,1011.0,0.1,2.19,0.026
2022-09-19T01:00,21.1,20,-3.0,17.4,0.0,0.0,0.0,7.7,15.1,152,0.0,0,1010.9,0.08,2.01,0.026
2022-09-19T02:00,19.2,23,-2.4,15.5,0.0,0.0,0.0,8.4,12.2,220,0.0,0,1011.1,0.08,1.7,0.026
2022-09-19T03:00,18.8,24,-2.4,15.4,0.0,0.0,0.0,6.4,10.1,243,0.0,0,1011.2,0.06,1.65,0.026
2022-09-19T04:00,18.1,25,-2.4,14.8,0.0,0.0,0.0,5.2,7.6,25,0.0,0,1011.7,0.04,1.56,0.026
2022-09-19T05:00,16.8,28,-2.1,13.4,0.0,0.0,0.0,6.8,8.3,25,0.0,0,1012.4,0.05,1.39,0.026
2022-09-19T06:00,17.0,27,-2.1,13.9,0.0,0.0,0.0,4.4,9.7,9,19.0,0,1013.2,0.04,1.41,0.026
2022-09-19T07:00,20.1,23,-2.0,17.2,0.0,0.0,0.0,3.2,8.6,360,168.0,0,1013.9,0.11,1.82,0.026
2022-09-19T08:00,23.4,20,-1.2,20.7,0.0,0.0,0.0,2.5,10.8,98,379.0,0,1013.9,0.24,2.31,0.026
2022-09-19T09:00,26.0,17,-1.4,22.8,0.0,0.0,0.0,6.8,18.4,115,579.0,0,1013.4,0.43,2.8,0.026
2022-09-19T10:00,28.1,14,-1.7,25.7,0.0,0.0,0.0,7.6,22.0,98,736.0,0,1012.3,0.56,3.26,0.026
2022-09-19T11:00,30.1,13,-1.8,28.5,0.0,0.0,0.0,6.1,22.0,90,836.0,0,1010.9,0.63,3.72,0.026
2022-09-19T12:00,31.5,12,-1.9,30.4,0.0,0.0,0.0,5.2,20.9,102,868.0,0,1009.7,0.66,4.09,0.026
2022-09-19T13:00,32.2,11,-2.1,31.0,0.0,0.0,0.0,4.0,19.1,117,831.0,0,1008.6,0.62,4.27,0.026
2022-09-19T14:00,32.7,10,-2.5,30.4,0.0,0.0,0.0,4.3,17.6,66,690.0,60,1007.5,0.53,4.42,0.026
2022-09-19T15:00,31.6,11,-2.0,27.7,0.0,0.0,0.0,9.7,20.9,112,449.0,100,1007.9,0.43,4.11,0.025
2022-09-19T16:00,31.4,11,-2.1,27.4,0.0,0.0,0.0,10.5,23.8,106,295.0,38,1007.9,0.33,4.07,0.025
2022-09-19T17:00,30.4,12,-2.2,26.1,0.0,0.0,0.0,12.2,23.8,92,115.0,4,1007.8,0.24,3.81,0.025
2022-09-19T18:00,28.7,13,-2.3,24.4,0.0,0.0,0.0,12.2,23.8,92,11.0,18,1008.0,0.17,3.41,0.025
2022-09-19T19:00,26.9,16,-1.2,23.5,0.0,0.0,0.0,7.3,20.2,110,0.0,5,1008.5,0.09,2.97,0.025
2022-09-19T20:00,27.1,14,-2.4,24.4,0.0,0.0,0.0,1.4,8.3,270,0.0,24,1009.1,0.01,3.07,0.025
2022-09-19T21:00,27.0,14,-2.5,24.4,0.0,0.0,0.0,0.4,2.5,270,0.0,96,1009.3,0.0,3.04,0.025
2022-09-19T22:00,26.5,15,-2.4,23.6,0.0,0.0,0.0,2.8,4.3,50,0.0,83,1009.5,0.03,2.94,0.025
2022-09-19T23:00,25.6,16,-2.2,22.4,0.0,0.0,0.0,4.9,5.8,36,0.0,75,1009.3,0.06,2.76,0.025
2022-09-20T00:00,23.8,18,-2.1,20.6,0.0,0.0,0.0,5.5,9.0,32,0.0,76,1009.6,0.06,2.42,0.025
2022-09-20T01:00,21.9,20,-1.9,18.6,0.0,0.0,0.0,6.0,10.4,65,0.0,67,1010.1,0.06,2.09,0.025
2022-09-20T02:00,20.2,23,-1.4,16.6,0.0,0.0,0.0,8.6,11.2,90,0.0,15,1009.9,0.08,1.81,0.025
2022-09-20T03:00,18.9,28,-0.1,15.4,0.0,0.0,0.0,9.2,11.5,132,0.0,2,1010.7,0.08,1.58,0.026
2022-09-20T04:00,18.4,29,0.3,15.5,0.0,0.0,0.0,5.4,10.8,228,0.0,4,1010.9,0.04,1.49,0.026
2022-09-20T05:00,17.5,32,0.6,14.5,0.0,0.0,0.0,6.6,10.1,241,0.0,0,1011.7,0.05,1.36,0.026
2022-09-20T06:00,17.1,34,0.9,14.0,0.0,0.0,0.0,7.6,12.2,262,18.0,3,1012.5,0.06,1.3,0.026
2022-09-20T07:00,20.2,28,1.1,17.2,0.0,0.0,0.0,7.4,14.4,256,164.0,2,1013.1,0.14,1.71,0.026
2022-09-20T08:00,23.6,22,0.7,20.7,0.0,0.0,0.0,5.9,15.5,281,373.0,0,1013.1,0.27,2.27,0.026
2022-09-20T09:00,26.3,18,-0.3,23.6,0.0,0.0,0.0,4.4,15.8,305,574.0,0,1012.7,0.41,2.81,0.026
2022-09-20T10:00,28.8,15,-0.5,27.3,0.0,0.0,0.0,3.6,16.6,307,732.0,0,1011.4,0.53,3.37,0.026
2022-09-20T11:00,30.9,13,-0.5,30.3,0.0,0.0,0.0,2.2,16.6,279,831.0,0,1010.0,0.6,3.88,0.026
2022-09-20T12:00,31.9,12,-1.5,30.7,0.0,0.0,0.0,4.2,17.3,149,833.0,29,1008.7,0.63,4.17,0.026
2022-09-20T13:00,32.6,11,-2.0,30.4,0.0,0.0,0.0,6.9,21.6,118,749.0,61,1007.4,0.61,4.39,0.026
2022-09-20T14:00,32.1,10,-2.8,29.4,0.0,0.0,0.0,3.9,21.2,146,605.0,88,1007.0,0.47,4.28,0.026
2022-09-20T15:00,31.6,12,-1.6,27.6,0.0,0.0,0.0,10.7,15.8,237,323.0,30,1007.4,0.37,4.09,0.026
2022-09-20T16:00,31.4,12,-1.7,27.2,0.0,0.0,0.0,12.4,25.6,253,280.0,87,1007.0,0.34,4.04,0.026
2022-09-20T17:00,30.4,12,-2.1,26.1,0.0,0.0,0.0,12.8,25.9,260,79.0,56,1007.4,0.24,3.8,0.026
2022-09-20T18:00,29.0,13,-2.5,25.2,0.0,0.0,0.0,9.0,24.8,254,8.0,88,1008.4,0.14,3.5,0.026
2022-09-20T19:00,28.2,13,-2.6,24.7,0.0,0.0,0.0,6.5,15.1,264,0.0,96,1009.0,0.09,3.31,0.026
2022-09-20T20:00,27.3,14,-2.4,23.2,0.0,0.0,0.0,11.0,15.5,247,0.0,100,1009.7,0.14,3.1,0.026
2022-09-20T21:00,26.0,20,1.6,22.0,0.0,0.0,0.0,14.4,25.9,267,0.0,41,1010.4,0.16,2.67,0.026
2022-09-20T22:00,25.0,22,1.9,22.2,0.0,0.0,0.0,6.6,24.1,292,0.0,74,1010.9,0.07,2.46,0.026
2022-09-20T23:00,23.7,25,2.6,21.3,0.0,0.0,0.0,5.1,10.4,225,0.0,11,1010.9,0.05,2.19,0.026
2022-09-21T00:00,22.6,27,2.8,19.9,0.0,0.0,0.0,7.3,7.9,290,0.0,24,1010.7,0.07,2.0,0.025
2022-09-21T01:00,22.1,28,2.5,19.2,0.0,0.0,0.0,8.2,12.2,311,0.0,4,1010.4,0.08,1.93,0.025
2022-09-21T02:00,21.6,28,2.5,18.5,0.0,0.0,0.0,9.0,15.1,307,0.0,4,1010.3,0.08,1.84,0.025
2022-09-21T03:00,21.0,31,3.0,18.0,0.0,0.0,0.0,9.7,14.4,318,0.0,1,1010.7,0.08,1.73,0.024
2022-09-21T04:00,22.2,28,2.9,19.6,0.0,0.0,0.0,6.5,14.4,326,0.0,13,1011.5,0.06,1.92,0.024
2022-09-21T05:00,19.0,35,3.2,16.5,0.0,0.0,0.0,6.3,8.3,257,0.0,34,1012.1,0.05,1.43,0.024
2022-09-21T06:00,18.6,36,3.2,16.3,0.0,0.0,0.0,4.7,10.1,261,17.0,72,1012.5,0.04,1.37,0.024
2022-09-21T07:00,21.5,30,3.3,19.3,0.0,0.0,0.0,4.3,10.4,265,140.0,100,1012.9,0.11,1.78,0.024
2022-09-21T08:00,23.9,25,2.9,21.9,0.0,0.0,0.0,2.3,9.0,252,270.0,100,1013.3,0.19,2.21,0.024
2022-09-21T09:00,25.6,22,2.3,23.1,0.0,0.0,0.0,5.1,14.8,266,372.0,100,1013.0,0.3,2.55,0.024
2022-09-21T10:00,27.0,19,1.4,24.8,0.0,0.0,0.0,2.3,15.1,309,443.0,96,1012.2,0.34,2.89,0.024
2022-09-21T11:00,28.1,16,0.2,25.7,0.0,0.0,0.0,1.8,12.6,281,447.0,37,1011.3,0.35,3.17,0.024
2022-09-21T12:00,30.0,13,-1.3,28.9,0.0,0.0,0.0,1.3,14.4,304,758.0,39,1010.0,0.54,3.69,0.024
2022-09-21T13:00,31.0,12,-1.8,28.9,0.0,0.0,0.0,6.8,19.8,32,766.0,69,1008.7,0.6,3.96,0.024
2022-09-21T14:00,31.7,11,-2.2,27.7,0.0,0.0,0.0,11.9,27.4,25,584.0,99,1007.8,0.54,4.14,0.024
2022-09-21T15:00,29.8,15,-0.1,26.0,0.0,0.0,0.0,11.8,29.2,243,426.0,100,1008.5,0.42,3.59,0.025
2022-09-21T16:00,29.2,16,0.5,25.8,0.0,0.0,0.0,9.4,22.7,212,132.0,98,1008.9,0.23,3.42,0.025
2022-09-21T17:00,28.0,19,2.2,23.7,0.0,0.0,0.0,17.1,30.6,210,77.0,97,1009.6,0.26,3.06,0.025
2022-09-21T18:00,24.8,29,5.3,20.4,0.0,0.0,0.0,21.9,40.3,237,5.0,100,1011.3,0.22,2.23,0.025
2022-09-21T19:00,24.8,27,4.8,21.8,0.0,0.0,0.0,11.5,38.2,229,0.0,100,1011.6,0.12,2.26,0.025
2022-09-21T20:00,24.1,31,6.0,20.4,0.1,0.1,0.0,18.0,30.6,196,0.0,100,1012.3,0.16,2.06,0.026
2022-09-21T21:00,23.4,33,6.2,20.6,0.1,0.1,0.0,12.4,31.3,202,0.0,100,1012.3,0.11,1.92,0.027
2022-09-21T22:00,22.5,35,6.5,20.2,0.0,0.0,0.0,9.7,20.5,222,0.0,99,1013.0,0.08,1.76,0.027
2022-09-21T23:00,21.8,37,6.7,19.4,0.0,0.0,0.0,10.8,17.3,244,0.0,86,1012.3,0.08,1.63,0.027
2022-09-22T00:00,21.2,38,6.5,18.9,0.0,0.0,0.0,9.4,19.4,238,0.0,57,1012.2,0.07,1.55,0.027
2022-09-22T01:00,20.9,39,6.4,19.1,0.0,0.0,0.0,5.4,14.8,184,0.0,100,1012.3,0.04,1.51,0.027
2022-09-22T02:00,19.7,41,6.2,17.6,0.0,0.0,0.0,7.6,11.2,262,0.0,100,1011.8,0.05,1.35,0.027
2022-09-22T03:00,20.0,42,6.6,18.4,0.0,0.0,0.0,4.9,13.7,287,0.0,46,1012.1,0.03,1.37,0.021
2022-09-22T04:00,19.1,43,6.2,17.5,0.0,0.0,0.0,4.6,7.2,309,0.0,63,1012.3,0.02,1.26,0.021
2022-09-22T05:00,19.1,43,6.1,17.7,0.0,0.0,0.0,2.5,8.6,270,0.0,69,1012.8,0.01,1.27,0.021
2022-09-22T06:00,18.4,45,6.3,16.8,0.0,0.0,0.0,4.6,6.5,231,15.0,66,1013.1,0.04,1.16,0.021
2022-09-22T07:00,20.8,39,6.5,19.1,0.0,0.0,0.0,5.6,10.8,230,115.0,80,1013.4,0.11,1.49,0.021
2022-09-22T08:00,23.3,32,5.9,21.5,0.0,0.0,0.0,5.2,13.7,245,267.0,28,1013.7,0.21,1.94,0.021
2022-09-22T09:00,25.8,26,4.9,23.9,0.0,0.0,0.0,4.3,15.8,246,537.0,67,1013.0,0.38,2.46,0.021
2022-09-22T10:00,27.6,21,3.1,26.6,0.0,0.0,0.0,1.6,15.5,207,683.0,17,1012.0,0.48,2.92,0.021
2022-09-22T11:00,29.2,18,2.4,28.5,0.0,0.0,0.0,4.3,19.8,175,809.0,20,1011.0,0.6,3.33,0.021
2022-09-22T12:00,30.7,16,1.7,29.4,0.0,0.0,0.0,7.2,22.7,180,818.0,15,1009.6,0.64,3.72,0.021
2022-09-22T13:00,31.4,14,1.2,28.8,0.0,0.0,0.0,11.0,26.3,199,713.0,57,1008.7,0.61,3.93,0.021
2022-09-22T14:00,30.4,16,1.4,26.7,0.0,0.0,0.0,12.1,27.4,210,451.0,58,1008.4,0.46,3.67,0.021
2022-09-22T15:00,30.1,14,-0.1,27.0,0.0,0.0,0.0,6.4,26.3,223,258.0,91,1008.2,0.28,3.66,0.023
2022-09-22T16:00,30.1,14,0.1,26.5,0.0,0.0,0.0,10.1,20.2,215,221.0,64,1008.2,0.28,3.64,0.023
2022-09-22T17:00,29.2,16,0.7,25.3,0.0,0.0,0.0,12.6,24.5,193,79.0,100,1008.6,0.22,3.41,0.023
2022-09-22T18:00,28.7,16,0.6,25.2,0.0,0.0,0.0,10.1,23.0,174,4.0,88,1009.1,0.16,3.3,0.023
2022-09-22T19:00,26.8,20,2.0,24.3,0.0,0.0,0.0,5.0,17.3,249,0.0,28,1009.8,0.06,2.82,0.023
2022-09-22T20:00,25.8,20,1.3,22.7,0.0,0.0,0.0,7.4,12.2,293,0.0,22,1010.5,0.08,2.64,0.023
2022-09-22T21:00,24.9,22,1.6,22.2,0.0,0.0,0.0,5.4,11.9,250,0.0,7,1010.5,0.06,2.47,0.023
2022-09-22T22:00,24.2,23,2.1,21.2,0.0,0.0,0.0,8.6,15.1,270,0.0,11,1011.4,0.09,2.31,0.023
2022-09-22T23:00,21.9,29,2.9,19.2,0.0,0.0,0.0,7.5,14.0,287,0.0,10,1011.6,0.07,1.88,0.023
2022-09-23T00:00,21.0,30,2.7,18.2,0.0,0.0,0.0,7.6,9.4,289,0.0,0,1011.8,0.07,1.75,0.023
2022-09-23T01:00,20.1,31,2.6,17.2,0.0,0.0,0.0,8.5,10.8,298,0.0,0,1012.0,0.07,1.62,0.023
2022-09-23T02:00,19.5,33,2.9,16.8,0.0,0.0,0.0,6.6,10.8,299,0.0,8,1012.4,0.05,1.51,0.023
2022-09-23T03:00,17.6,39,3.7,15.0,0.0,0.0,0.0,7.6,10.1,278,0.0,25,1012.9,0.05,1.22,0.021
2022-09-23T04:00,17.0,41,3.8,14.5,0.0,0.0,0.0,6.8,9.4,270,0.0,0,1013.5,0.04,1.13,0.021
2022-09-23T05:00,16.1,44,3.9,13.7,0.0,0.0,0.0,6.3,8.6,257,0.0,0,1014.2,0.03,1.02,0.021
2022-09-23T06:00,16.7,44,4.2,14.5,0.0,0.0,0.0,5.2,7.9,236,16.0,0,1014.6,0.04,1.07,0.021
2022-09-23T07:00,19.9,36,4.5,17.4,0.0,0.0,0.0,7.8,15.1,236,159.0,2,1015.3,0.14,1.48,0.021
2022-09-23T08:00,23.4,29,4.1,21.0,0.0,0.0,0.0,6.3,16.6,239,367.0,0,1015.2,0.27,2.05,0.021
2022-09-23T09:00,26.2,23,3.3,23.9,0.0,0.0,0.0,5.8,17.3,248,565.0,0,1014.2,0.41,2.63,0.021
2022-09-23T10:00,28.5,18,2.2,27.1,0.0,0.0,0.0,4.7,18.0,270,722.0,0,1013.3,0.53,3.17,0.021
2022-09-23T11:00,29.8,16,1.6,29.1,0.0,0.0,0.0,3.9,17.3,236,821.0,0,1012.0,0.61,3.51,0.021
2022-09-23T12:00,30.7,15,0.6,29.7,0.0,0.0,0.0,5.5,19.4,212,847.0,1,1010.9,0.64,3.77,0.021
2022-09-23T13:00,31.4,13,-0.2,30.0,0.0,0.0,0.0,5.4,20.2,200,791.0,23,1009.6,0.61,3.99,0.021
2022-09-23T14:00,31.9,11,-2.3,29.5,0.0,0.0,0.0,2.4,18.7,153,613.0,85,1008.5,0.45,4.2,0.021
2022-09-23T15:00,32.2,9,-5.4,28.9,0.0,0.0,0.0,3.1,14.0,315,475.0,93,1007.7,0.35,4.4,0.024
2022-09-23T16:00,31.9,8,-6.5,27.3,0.0,0.0,0.0,11.3,23.0,301,290.0,94,1007.6,0.34,4.35,0.024
2022-09-23T17:00,30.4,11,-3.4,25.5,0.0,0.0,0.0,15.5,29.9,292,106.0,1,1008.3,0.27,3.85,0.024
2022-09-23T18:00,28.7,13,-2.2,26.0,0.0,0.0,0.0,1.6,28.1,117,8.0,24,1008.6,0.01,3.42,0.023
2022-09-23T19:00,27.4,14,-2.7,22.9,0.0,0.0,0.0,13.4,23.0,76,0.0,4,1009.3,0.17,3.14,0.023
2022-09-23T20:00,25.8,16,-2.4,22.6,0.0,0.0,0.0,5.4,22.7,90,0.0,3,1009.6,0.06,2.81,0.023
2022-09-23T21:00,24.5,16,-2.8,21.4,0.0,0.0,0.0,4.1,10.1,225,0.0,0,1010.5,0.04,2.58,0.023
2022-09-23T22:00,23.6,17,-3.0,19.5,0.0,0.0,0.0,10.6,20.5,252,0.0,0,1010.9,0.12,2.42,0.023
2022-09-23T23:00,23.0,19,-1.8,19.2,0.0,0.0,0.0,9.2,16.6,281,0.0,0,1011.5,0.1,2.26,0.023
2022-09-24T00:00,20.5,25,-0.4,17.0,0.0,0.0,0.0,8.8,14.8,258,0.0,0,1011.7,0.08,1.81,0.023
2022-09-24T01:00,19.6,27,0.0,16.1,0.0,0.0,0.0,9.2,10.8,281,0.0,0,1011.9,0.08,1.66,0.023
2022-09-24T02:00,19.3,26,-0.5,15.8,0.0,0.0,0.0,8.9,11.5,302,0.0,0,1012.2,0.08,1.64,0.023
2022-09-24T03:00,17.8,28,-0.9,13.9,0.0,0.0,0.0,10.8,12.2,300,0.0,0,1013.1,0.09,1.46,0.019
2022-09-24T04:00,17.4,29,-1.1,13.7,0.0,0.0,0.0,9.7,14.4,315,0.0,0,1013.9,0.08,1.42,0.019
2022-09-24T05:00,17.1,28,-1.4,13.4,0.0,0.0,0.0,9.3,12.6,324,0.0,0,1014.4,0.08,1.39,0.019
2022-09-24T06:00,17.3,28,-1.6,13.6,0.0,0.0,0.0,9.4,14.4,302,16.0,0,1015.0,0.08,1.43,0.019
2022-09-24T07:00,21.0,21,-1.9,17.5,0.0,0.0,0.0,7.3,12.2,250,160.0,0,1015.7,0.15,1.96,0.019
2022-09-24T08:00,24.3,18,-1.8,21.3,0.0,0.0,0.0,4.5,13.0,241,371.0,0,1015.8,0.26,2.5,0.019
2022-09-24T09:00,27.0,16,-1.2,24.4,0.0,0.0,0.0,2.9,13.3,300,571.0,0,1015.0,0.39,3.0,0.019
2022-09-24T10:00,29.3,14,-1.3,27.9,0.0,0.0,0.0,2.2,14.8,351,729.0,0,1014.0,0.51,3.52,0.019
2022-09-24T11:00,31.0,11,-2.5,30.0,0.0,0.0,0.0,2.3,14.4,108,828.0,0,1012.6,0.6,3.97,0.019
2022-09-24T12:00,31.9,10,-3.3,30.5,0.0,0.0,0.0,5.0,19.1,120,859.0,0,1011.3,0.65,4.25,0.019
2022-09-24T13:00,32.5,9,-3.9,30.7,0.0,0.0,0.0,5.6,19.8,105,820.0,0,1010.2,0.63,4.43,0.019
2022-09-24T14:00,32.9,9,-4.5,30.2,0.0,0.0,0.0,6.8,20.5,87,713.0,0,1009.1,0.57,4.56,0.019
2022-09-24T15:00,32.4,10,-3.8,29.6,0.0,0.0,0.0,0.8,23.4,297,548.0,0,1008.6,0.36,4.39,0.02
2022-09-24T16:00,32.4,9,-4.2,29.4,0.0,0.0,0.0,1.8,10.4,270,341.0,0,1008.2,0.22,4.41,0.02
2022-09-24T17:00,31.2,10,-4.4,28.1,0.0,0.0,0.0,2.5,9.7,270,131.0,0,1008.2,0.09,4.09,0.02
2022-09-24T18:00,29.3,11,-4.3,26.4,0.0,0.0,0.0,1.3,4.7,34,8.0,0,1008.7,0.0,3.62,0.02
2022-09-24T19:00,26.9,14,-3.0,23.4,0.0,0.0,0.0,6.4,7.2,74,0.0,0,1009.2,0.08,3.05,0.019
2022-09-24T20:00,26.0,14,-3.3,22.4,0.0,0.0,0.0,6.8,7.9,58,0.0,0,1009.3,0.08,2.88,0.019
2022-09-24T21:00,24.3,15,-3.7,20.4,0.0,0.0,0.0,8.4,10.1,65,0.0,0,1009.2,0.1,2.56,0.019
2022-09-24T22:00,23.7,15,-4.2,19.8,0.0,0.0,0.0,7.8,12.2,124,0.0,0,1009.5,0.09,2.47,0.019
2022-09-24T23:00,24.2,15,-3.8,20.5,0.0,0.0,0.0,7.2,12.2,177,0.0,0,1009.9,0.09,2.56,0.019
2022-09-25T00:00,23.3,17,-3.4,20.0,0.0,0.0,0.0,4.3,9.0,265,0.0,0,1010.4,0.05,2.38,0.019
2022-09-25T01:00,20.0,20,-3.5,16.4,0.0,0.0,0.0,6.8,7.9,335,0.0,0,1010.5,0.07,1.86,0.019
2022-09-25T02:00,18.7,22,-3.4,14.8,0.0,0.0,0.0,8.5,9.7,348,0.0,0,1010.4,0.08,1.67,0.019
2022-09-25T03:00,17.0,25,-3.2,13.0,0.0,0.0,0.0,9.6,12.6,347,0.0,0,1010.8,0.08,1.46,0.021
2022-09-25T04:00,16.0,26,-3.4,12.0,0.0,0.0,0.0,9.2,11.2,309,0.0,0,1011.6,0.07,1.34,0.021
2022-09-25T05:00,15.9,26,-3.7,12.1,0.0,0.0,0.0,8.0,11.2,278,0.0,0,1012.6,0.07,1.34,0.021
2022-09-25T06:00,15.1,27,-3.7,11.5,0.0,0.0,0.0,6.4,9.0,243,16.0,0,1012.8,0.05,1.24,0.021
2022-09-25T07:00,19.0,21,-4.1,15.2,0.0,0.0,0.0,7.2,13.0,243,160.0,0,1013.4,0.14,1.74,0.021
2022-09-25T08:00,23.7,15,-4.3,20.3,0.0,0.0,0.0,4.8,14.0,243,373.0,0,1013.5,0.26,2.49,0.021
2022-09-25T09:00,26.9,13,-4.2,23.8,0.0,0.0,0.0,3.3,14.0,264,574.0,0,1012.9,0.39,3.08,0.021
2022-09-25T10:00,29.1,11,-4.1,27.4,0.0,0.0,0.0,1.6,13.7,297,732.0,0,1011.8,0.5,3.58,0.021
2022-09-25T11:00,31.0,10,-4.2,30.2,0.0,0.0,0.0,0.4,13.3,270,831.0,0,1010.6,0.57,4.03,0.021
2022-09-25T12:00,32.3,9,-4.6,31.5,0.0,0.0,0.0,1.1,13.7,108,861.0,0,1009.3,0.61,4.39,0.021
2022-09-25T13:00,33.0,8,-5.2,31.6,0.0,0.0,0.0,2.9,15.8,97,820.0,0,1008.1,0.6,4.62,0.021
2022-09-25T14:00,33.4,8,-5.8,31.1,0.0,0.0,0.0,3.3,15.8,84,711.0,0,1007.3,0.52,4.73,0.021
2022-09-25T15:00,32.8,8,-5.9,29.9,0.0,0.0,0.0,0.4,16.9,180,545.0,0,1007.2,0.35,4.58,0.021
2022-09-25T16:00,32.8,8,-6.0,29.4,0.0,0.0,0.0,2.9,10.8,60,337.0,0,1006.9,0.23,4.57,0.021
2022-09-25T17:00,31.3,8,-6.4,27.1,0.0,0.0,0.0,8.8,14.8,71,128.0,0,1007.1,0.18,4.19,0.021
2022-09-25T18:00,29.2,8,-8.0,24.4,0.0,0.0,0.0,11.7,18.7,81,7.0,0,1007.7,0.16,3.72,0.021
2022-09-25T19:00,27.8,9,-8.0,23.3,0.0,0.0,0.0,9.5,18.7,99,0.0,0,1008.1,0.13,3.4,0.021
2022-09-25T20:00,26.6,11,-6.6,22.0,0.0,0.0,0.0,11.3,18.4,117,0.0,0,1008.4,0.15,3.1,0.021
2022-09-25T21:00,25.7,12,-6.4,21.2,0.0,0.0,0.0,10.7,18.4,104,0.0,0,1008.8,0.14,2.91,0.021
2022-09-25T22:00,24.9,12,-6.5,19.7,0.0,0.0,0.0,15.4,25.9,101,0.0,0,1009.9,0.19,2.76,0.021
2022-09-25T23:00,23.7,13,-6.0,19.5,0.0,0.0,0.0,8.4,26.6,130,0.0,0,1010.5,0.1,2.53,0.021
2022-09-26T00:00,24.1,13,-6.0,20.2,0.0,0.0,0.0,6.7,13.7,164,0.0,0,1010.8,0.08,2.61,0.021
2022-09-26T01:00,24.0,13,-5.9,20.4,0.0,0.0,0.0,4.8,9.0,228,0.0,0,1010.7,0.06,2.59,0.021
2022-09-26T02:00,23.3,14,-5.8,20.1,0.0,0.0,0.0,1.6,6.8,243,0.0,0,1010.6,0.01,2.46,0.021
2022-09-26T03:00,22.4,15,-5.6,19.0,0.0,0.0,0.0,4.0,10.1,10,0.0,0,1011.5,0.04,2.31,0.025
2022-09-26T04:00,17.1,22,-5.0,13.0,0.0,0.0,0.0,9.0,10.8,29,0.0,0,1012.1,0.08,1.53,0.025
2022-09-26T05:00,16.6,22,-5.2,12.7,0.0,0.0,0.0,7.1,11.2,24,0.0,0,1012.9,0.06,1.47,0.025
2022-09-26T06:00,16.5,22,-5.2,12.7,0.0,0.0,0.0,6.2,11.2,10,15.0,0,1013.6,0.06,1.45,0.025
2022-09-26T07:00,19.6,18,-5.2,15.8,0.0,0.0,0.0,6.6,12.2,347,158.0,0,1014.2,0.14,1.87,0.025
2022-09-26T08:00,23.4,14,-5.3,20.1,0.0,0.0,0.0,2.9,12.2,353,371.0,0,1014.8,0.24,2.46,0.025
2022-09-26T09:00,26.4,12,-5.0,22.9,0.0,0.0,0.0,5.4,16.2,86,572.0,0,1014.3,0.41,3.01,0.025
2022-09-26T10:00,28.8,11,-4.9,25.9,0.0,0.0,0.0,8.1,21.6,111,731.0,0,1013.4,0.56,3.52,0.025
2022-09-26T11:00,30.8,9,-5.5,28.2,0.0,0.0,0.0,9.7,24.8,112,831.0,0,1012.1,0.66,4.03,0.025
2022-09-26T12:00,32.2,8,-6.8,29.0,0.0,0.0,0.0,13.1,29.9,106,862.0,0,1011.0,0.73,4.44,0.025
2022-09-26T13:00,32.7,7,-7.5,28.8,0.0,0.0,0.0,15.7,34.6,101,821.0,0,1009.9,0.73,4.6,0.025
2022-09-26T14:00,32.6,7,-7.8,27.6,0.0,0.0,0.0,18.6,38.2,99,712.0,0,1009.3,0.68,4.58,0.025
2022-09-26T15:00,31.9,7,-8.2,25.9,0.0,0.0,0.0,19.8,40.3,102,544.0,0,1009.5,0.58,4.4,0.025
2022-09-26T16:00,31.1,7,-8.3,25.2,0.0,0.0,0.0,19.0,38.9,105,336.0,0,1009.8,0.43,4.19,0.025
2022-09-26T17:00,29.6,8,-7.8,24.6,0.0,0.0,0.0,13.4,36.0,110,125.0,0,1010.0,0.24,3.81,0.025
2022-09-26T18:00,27.5,10,-6.6,22.7,0.0,0.0,0.0,12.4,23.4,107,6.0,0,1010.5,0.16,3.29,0.025
2022-09-26T19:00,26.5,12,-4.9,21.3,0.0,0.0,0.0,16.0,27.4,104,0.0,0,1011.5,0.2,3.03,0.025
2022-09-26T20:00,25.6,14,-3.8,20.7,0.0,0.0,0.0,15.3,28.8,105,0.0,0,1012.3,0.19,2.81,0.025
2022-09-26T21:00,24.5,15,-3.7,19.9,0.0,0.0,0.0,13.0,26.3,124,0.0,0,1012.5,0.15,2.6,0.025
2022-09-26T22:00,23.4,16,-4.1,19.0,0.0,0.0,0.0,11.5,22.0,136,0.0,0,1012.7,0.13,2.43,0.025
2022-09-26T23:00,22.0,17,-4.1,18.2,0.0,0.0,0.0,7.4,19.1,141,0.0,0,1012.9,0.08,2.19,0.025
2022-09-27T00:00,20.6,20,-3.5,16.9,0.0,0.0,0.0,7.6,13.3,225,0.0,0,1013.1,0.08,1.95,0.025
2022-09-27T01:00,19.1,21,-3.6,15.6,0.0,0.0,0.0,6.3,9.7,257,0.0,0,1013.1,0.06,1.74,0.025
2022-09-27T02:00,22.1,17,-3.9,18.6,0.0,0.0,0.0,5.4,8.3,222,0.0,0,1012.8,0.06,2.19,0.025
2022-09-27T03:00,21.3,18,-3.7,18.1,0.0,0.0,0.0,3.9,7.2,34,0.0,0,1013.3,0.04,2.06,0.027
2022-09-27T04:00,17.4,24,-3.3,13.9,0.0,0.0,0.0,6.1,7.6,28,0.0,0,1014.0,0.05,1.51,0.027
2022-09-27T05:00,16.1,27,-3.2,12.7,0.0,0.0,0.0,5.1,8.3,8,0.0,0,1014.2,0.04,1.34,0.027
2022-09-27T06:00,16.4,26,-3.1,13.6,0.0,0.0,0.0,1.5,6.5,315,14.0,0,1014.4,0.01,1.37,0.027
2022-09-27T07:00,18.5,23,-3.3,15.4,0.0,0.0,0.0,3.6,7.2,270,156.0,0,1015.1,0.1,1.65,0.027
2022-09-27T08:00,22.2,18,-3.1,19.1,0.0,0.0,0.0,3.4,11.5,252,369.0,0,1015.3,0.24,2.19,0.027
2022-09-27T09:00,24.8,15,-3.2,22.1,0.0,0.0,0.0,1.8,13.0,217,570.0,0,1014.7,0.37,2.65,0.027
2022-09-27T10:00,27.1,13,-3.6,24.8,0.0,0.0,0.0,5.1,17.6,94,728.0,0,1013.7,0.52,3.11,0.027
2022-09-27T11:00,29.1,11,-4.3,26.8,0.0,0.0,0.0,8.3,23.0,88,827.0,0,1012.3,0.63,3.58,0.027
2022-09-27T12:00,30.7,9,-5.2,28.1,0.0,0.0,0.0,10.4,26.3,90,857.0,0,1010.9,0.69,3.99,0.027
2022-09-27T13:00,31.5,8,-6.2,28.4,0.0,0.0,0.0,11.5,28.1,92,815.0,0,1009.5,0.67,4.24,0.027
2022-09-27T14:00,31.8,8,-7.1,27.8,0.0,0.0,0.0,12.2,28.8,88,706.0,0,1008.7,0.61,4.33,0.027
2022-09-27T15:00,31.3,8,-7.4,26.6,0.0,0.0,0.0,11.5,28.4,90,538.0,0,1008.7,0.48,4.22,0.026
2022-09-27T16:00,30.7,8,-7.5,25.8,0.0,0.0,0.0,12.6,25.9,85,329.0,0,1008.6,0.35,4.07,0.026
2022-09-27T17:00,29.3,9,-7.4,24.4,0.0,0.0,0.0,12.7,25.9,83,120.0,0,1008.6,0.23,3.72,0.026
2022-09-27T18:00,27.2,10,-7.5,22.2,0.0,0.0,0.0,13.8,23.8,83,5.0,0,1008.7,0.18,3.26,0.026
2022-09-27T19:00,25.8,11,-7.3,21.8,0.0,0.0,0.0,6.1,23.0,93,0.0,0,1008.9,0.08,2.96,0.026
2022-09-27T20:00,24.6,12,-7.2,20.3,0.0,0.0,0.0,8.8,12.6,109,0.0,0,1009.8,0.11,2.74,0.026
2022-09-27T21:00,23.8,11,-8.8,18.9,0.0,0.0,0.0,12.0,20.5,111,0.0,0,1010.7,0.15,2.62,0.026
2022-09-27T22:00,22.6,11,-9.0,18.1,0.0,0.0,0.0,8.4,20.2,140,0.0,0,1010.8,0.1,2.42,0.026
2022-09-27T23:00,20.4,14,-8.2,15.8,0.0,0.0,0.0,10.1,14.0,180,0.0,0,1010.9,0.11,2.07,0.026
2022-09-28T00:00,20.7,14,-8.2,16.5,0.0,0.0,0.0,7.0,13.0,235,0.0,0,1011.4,0.08,2.1,0.026
2022-09-28T01:00,19.9,15,-7.7,15.6,0.0,0.0,0.0,8.0,10.1,216,0.0,0,1011.2,0.09,1.97,0.026
2022-09-28T02:00,22.2,13,-7.7,18.3,0.0,0.0,0.0,5.7,10.1,198,0.0,0,1011.1,0.07,2.33,0.026
2022-09-28T03:00,21.0,15,-6.4,17.2,0.0,0.0,0.0,5.8,7.9,97,0.0,0,1011.6,0.06,2.11,0.025
2022-09-28T04:00,15.5,22,-6.2,11.5,0.0,0.0,0.0,7.7,10.8,41,0.0,0,1011.9,0.07,1.38,0.025
2022-09-28T05:00,14.4,23,-6.3,10.5,0.0,0.0,0.0,6.7,10.1,16,0.0,0,1012.4,0.05,1.26,0.025
2022-09-28T06:00,15.0,22,-6.3,11.6,0.0,0.0,0.0,3.1,8.3,324,14.0,0,1013.0,0.02,1.32,0.025
2022-09-28T07:00,17.9,18,-6.6,14.5,0.0,0.0,0.0,2.9,6.5,277,155.0,0,1013.3,0.09,1.67,0.025
2022-09-28T08:00,21.8,15,-6.3,18.5,0.0,0.0,0.0,2.2,10.1,279,368.0,0,1013.6,0.22,2.22,0.025
2022-09-28T09:00,24.4,13,-6.0,21.5,0.0,0.0,0.0,1.3,11.5,304,570.0,0,1012.8,0.36,2.66,0.025
2022-09-28T10:00,26.7,11,-6.7,24.5,0.0,0.0,0.0,2.8,14.8,50,728.0,0,1011.6,0.5,3.13,0.025
2022-09-28T11:00,28.9,9,-7.5,26.7,0.0,0.0,0.0,5.9,19.4,76,827.0,0,1010.4,0.61,3.62,0.025
2022-09-28T12:00,30.6,7,-8.6,27.6,0.0,0.0,0.0,10.8,26.3,86,857.0,0,1008.9,0.69,4.07,0.025
2022-09-28T13:00,31.5,6,-9.8,27.5,0.0,0.0,0.0,14.8,32.4,89,815.0,0,1007.6,0.7,4.33,0.025
2022-09-28T14:00,31.6,6,-10.8,26.6,0.0,0.0,0.0,17.3,35.6,86,706.0,0,1006.7,0.65,4.38,0.025
2022-09-28T15:00,30.8,6,-11.2,24.8,0.0,0.0,0.0,18.1,37.4,85,538.0,0,1006.8,0.54,4.17,0.025
2022-09-28T16:00,29.9,6,-11.6,23.9,0.0,0.0,0.0,18.0,36.4,89,329.0,0,1006.8,0.41,3.97,0.025
2022-09-28T17:00,28.1,7,-11.8,22.5,0.0,0.0,0.0,14.8,33.8,96,118.0,0,1006.9,0.25,3.54,0.025
2022-09-28T18:00,26.2,7,-12.0,20.7,0.0,0.0,0.0,13.8,25.2,110,4.0,0,1006.9,0.19,3.15,0.025
2022-09-28T19:00,25.2,8,-12.2,20.1,0.0,0.0,0.0,11.8,23.0,121,0.0,0,1007.3,0.16,2.97,0.025
2022-09-28T20:00,24.3,8,-12.1,19.2,0.0,0.0,0.0,11.2,19.1,111,0.0,0,1008.2,0.15,2.79,0.025
2022-09-28T21:00,22.9,10,-11.0,18.1,0.0,0.0,0.0,10.2,19.4,113,0.0,0,1009.2,0.13,2.53,0.025
2022-09-28T22:00,21.4,12,-9.4,17.0,0.0,0.0,0.0,7.9,16.2,120,0.0,0,1009.5,0.09,2.25,0.025
2022-09-28T23:00,20.1,14,-7.9,15.6,0.0,0.0,0.0,9.7,12.6,121,0.0,0,1009.6,0.11,2.02,0.025
2022-09-29T00:00,19.3,16,-7.2,14.8,0.0,0.0,0.0,10.2,13.7,170,0.0,0,1009.6,0.11,1.87,0.025
2022-09-29T01:00,17.8,17,-7.4,13.6,0.0,0.0,0.0,8.1,12.6,225,0.0,0,1009.8,0.08,1.69,0.025
2022-09-29T02:00,16.6,18,-7.8,12.5,0.0,0.0,0.0,6.9,10.1,261,0.0,0,1009.9,0.07,1.55,0.025
2022-09-29T03:00,15.7,19,-7.7,11.7,0.0,0.0,0.0,6.4,8.3,297,0.0,0,1010.6,0.06,1.44,0.023
2022-09-29T04:00,15.2,20,-7.4,11.0,0.0,0.0,0.0,7.7,8.6,319,0.0,0,1011.3,0.07,1.37,0.023
2022-09-29T05:00,16.0,19,-7.4,11.9,0.0,0.0,0.0,7.4,9.4,317,0.0,0,1011.9,0.07,1.47,0.023
2022-09-29T06:00,15.7,20,-7.1,11.8,0.0,0.0,0.0,6.1,8.6,270,13.0,0,1012.3,0.06,1.42,0.023
2022-09-29T07:00,17.9,17,-7.2,14.2,0.0,0.0,0.0,5.0,7.6,249,154.0,0,1012.6,0.11,1.7,0.023
2022-09-29T08:00,22.2,13,-7.3,18.6,0.0,0.0,0.0,3.7,11.5,241,367.0,0,1012.9,0.24,2.32,0.023
2022-09-29T09:00,25.2,11,-7.4,22.0,0.0,0.0,0.0,1.9,12.2,292,569.0,0,1012.3,0.37,2.86,0.023
2022-09-29T10:00,27.1,10,-7.6,24.9,0.0,0.0,0.0,2.1,13.7,59,728.0,0,1011.6,0.49,3.24,0.023
2022-09-29T11:00,28.9,8,-9.2,26.9,0.0,0.0,0.0,4.0,16.9,85,826.0,0,1010.6,0.59,3.68,0.023
2022-09-29T12:00,30.2,7,-10.1,27.7,0.0,0.0,0.0,7.2,21.6,84,856.0,0,1009.5,0.65,4.0,0.023
2022-09-29T13:00,30.7,6,-10.8,27.4,0.0,0.0,0.0,10.0,25.2,77,813.0,0,1008.7,0.65,4.13,0.023
2022-09-29T14:00,30.6,6,-11.2,26.2,0.0,0.0,0.0,13.0,28.8,76,701.0,0,1008.2,0.6,4.13,0.023
2022-09-29T15:00,30.0,7,-9.8,24.9,0.0,0.0,0.0,13.1,30.2,74,531.0,0,1008.6,0.48,3.95,0.023
2022-09-29T16:00,29.3,8,-9.2,24.0,0.0,0.0,0.0,14.0,28.1,78,322.0,0,1008.5,0.36,3.76,0.023
2022-09-29T17:00,27.6,9,-8.9,22.7,0.0,0.0,0.0,11.7,27.4,81,113.0,0,1008.6,0.2,3.38,0.023
2022-09-29T18:00,25.7,9,-9.0,21.1,0.0,0.0,0.0,9.8,19.4,107,4.0,0,1009.0,0.12,2.99,0.023
2022-09-29T19:00,25.1,10,-9.2,20.8,0.0,0.0,0.0,7.3,15.5,123,0.0,0,1009.3,0.1,2.87,0.023
2022-09-29T20:00,24.9,10,-8.6,20.5,0.0,0.0,0.0,8.4,12.6,133,0.0,0,1009.7,0.11,2.82,0.023
2022-09-29T21:00,25.4,10,-9.1,21.7,0.0,0.0,0.0,3.1,9.7,225,0.0,0,1009.9,0.03,2.93,0.023
2022-09-29T22:00,23.7,11,-9.0,20.2,0.0,0.0,0.0,2.1,3.2,329,0.0,0,1010.9,0.02,2.61,0.023
2022-09-29T23:00,22.6,12,-8.8,18.8,0.0,0.0,0.0,4.3,5.4,355,0.0,0,1011.4,0.05,2.43,0.023
2022-09-30T00:00,22.1,12,-8.8,18.3,0.0,0.0,0.0,4.7,5.8,180,0.0,0,1011.4,0.05,2.35,0.023
2022-09-30T01:00,17.2,17,-8.1,13.1,0.0,0.0,0.0,6.9,9.4,227,0.0,0,1011.6,0.07,1.63,0.023
2022-09-30T02:00,16.1,18,-8.3,12.1,0.0,0.0,0.0,5.9,9.0,259,0.0,0,1011.7,0.05,1.5,0.023
2022-09-30T03:00,14.1,21,-7.9,10.1,0.0,0.0,0.0,6.1,8.6,267,0.0,0,1012.9,0.05,1.27,0.021
2022-09-30T04:00,13.7,22,-7.5,9.5,0.0,0.0,0.0,7.7,10.4,281,0.0,0,1013.8,0.06,1.22,0.021
2022-09-30T05:00,15.4,20,-7.8,11.7,0.0,0.0,0.0,4.6,9.0,252,0.0,0,1014.7,0.04,1.41,0.021
2022-09-30T06:00,13.0,22,-8.0,9.2,0.0,0.0,0.0,5.1,7.9,231,12.0,0,1015.4,0.04,1.16,0.021
2022-09-30T07:00,16.6,17,-8.6,12.3,0.0,0.0,0.0,7.7,13.0,233,151.0,0,1016.0,0.13,1.56,0.021
2022-09-30T08:00,21.1,13,-8.5,17.2,0.0,0.0,0.0,5.3,14.0,242,363.0,0,1016.1,0.25,2.18,0.021
2022-09-30T09:00,24.5,11,-8.3,21.0,0.0,0.0,0.0,3.3,14.4,276,563.0,0,1015.4,0.37,2.75,0.021
2022-09-30T10:00,27.3,9,-8.3,24.9,0.0,0.0,0.0,2.3,14.0,321,721.0,0,1014.3,0.49,3.29,0.021
2022-09-30T11:00,29.0,9,-7.6,27.6,0.0,0.0,0.0,1.3,14.4,34,818.0,0,1013.4,0.56,3.66,0.021
2022-09-30T12:00,30.1,8,-7.9,28.1,0.0,0.0,0.0,5.4,18.7,86,847.0,0,1012.5,0.63,3.93,0.021
2022-09-30T13:00,30.5,8,-8.2,27.9,0.0,0.0,0.0,7.2,22.0,84,803.0,0,1011.8,0.62,4.04,0.021
2022-09-30T14:00,30.4,8,-8.2,27.3,0.0,0.0,0.0,5.4,22.0,94,691.0,0,1011.2,0.51,4.0,0.021
2022-09-30T15:00,29.7,8,-8.2,26.3,0.0,0.0,0.0,2.3,18.4,129,522.0,0,1011.1,0.35,3.84,0.022
2022-09-30T16:00,29.6,8,-8.2,26.0,0.0,0.0,0.0,3.1,11.2,216,315.0,0,1010.8,0.21,3.8,0.022
2022-09-30T17:00,28.5,9,-8.2,24.8,0.0,0.0,0.0,4.1,10.8,218,108.0,0,1010.5,0.09,3.55,0.022
2022-09-30T18:00,25.6,12,-6.5,21.8,0.0,0.0,0.0,5.8,7.2,240,3.0,0,1010.9,0.07,2.9,0.022
2022-09-30T19:00,24.7,12,-6.7,21.0,0.0,0.0,0.0,4.5,7.6,241,0.0,0,1011.5,0.05,2.73,0.022
2022-09-30T20:00,25.1,11,-7.6,21.6,0.0,0.0,0.0,2.8,5.4,130,0.0,0,1012.3,0.03,2.83,0.022
2022-09-30T21:00,21.7,14,-6.8,17.5,0.0,0.0,0.0,8.4,10.1,47,0.0,0,1012.6,0.1,2.23,0.022
2022-09-30T22:00,23.7,12,-7.5,19.8,0.0,0.0,0.0,5.4,11.5,352,0.0,0,1012.7,0.07,2.57,0.022
2022-09-30T23:00,22.5,13,-7.5,19.2,0.0,0.0,0.0,1.9,6.8,202,0.0,0,1013.3,0.01,2.38,0.022
2022-10-01T00:00,18.4,17,-6.9,14.6,0.0,0.0,0.0,5.2,5.8,295,0.0,0,1013.0,0.05,1.74,0.022
2022-10-01T01:00,16.9,19,-7.2,12.8,0.0,0.0,0.0,7.0,8.3,282,0.0,0,1013.4,0.07,1.56,0.022
2022-10-01T02:00,16.5,19,-7.3,12.6,0.0,0.0,0.0,5.9,8.6,308,0.0,0,1013.7,0.05,1.52,0.022
2022-10-01T03:00,14.9,21,-7.2,10.8,0.0,0.0,0.0,7.7,9.7,298,0.0,0,1014.6,0.07,1.34,0.021
2022-10-01T04:00,13.5,23,-7.3,9.1,0.0,0.0,0.0,8.9,10.8,284,0.0,0,1015.0,0.07,1.19,0.021
2022-10-01T05:00,13.0,24,-7.3,8.7,0.0,0.0,0.0,8.6,11.2,272,0.0,0,1015.3,0.07,1.14,0.021
2022-10-01T06:00,12.7,25,-7.1,8.5,0.0,0.0,0.0,7.9,10.1,254,12.0,0,1016.1,0.06,1.11,0.021
2022-10-01T07:00,16.7,19,-7.3,12.7,0.0,0.0,0.0,6.4,11.2,243,149.0,0,1016.5,0.12,1.54,0.021
2022-10-01T08:00,21.2,14,-7.6,17.5,0.0,0.0,0.0,4.8,13.0,243,360.0,0,1016.8,0.24,2.17,0.02
2022-10-01T09:00,24.6,11,-7.9,21.1,0.0,0.0,0.0,3.2,13.7,270,560.0,0,1015.8,0.37,2.76,0.02
2022-10-01T10:00,27.3,9,-8.3,25.1,0.0,0.0,0.0,1.3,13.3,326,717.0,0,1014.4,0.47,3.29,0.02
2022-10-01T11:00,29.0,8,-8.5,27.3,0.0,0.0,0.0,2.2,14.4,81,814.0,0,1013.5,0.56,3.68,0.02
2022-10-01T12:00,30.0,8,-8.5,27.8,0.0,0.0,0.0,5.8,19.4,83,842.0,0,1012.5,0.63,3.91,0.02
2022-10-01T13:00,30.4,7,-8.5,27.7,0.0,0.0,0.0,7.2,22.0,90,797.0,0,1011.5,0.61,4.02,0.02
2022-10-01T14:00,30.5,7,-8.7,27.2,0.0,0.0,0.0,6.7,22.0,106,685.0,0,1010.8,0.52,4.05,0.02
2022-10-01T15:00,30.1,7,-8.9,26.2,0.0,0.0,0.0,4.9,20.2,126,516.0,0,1010.5,0.38,3.95,0.018
2022-10-01T16:00,29.8,8,-8.8,25.9,0.0,0.0,0.0,5.2,15.5,106,309.0,0,1010.2,0.24,3.88,0.018
2022-10-01T17:00,28.4,8,-8.5,24.2,0.0,0.0,0.0,7.6,14.0,95,104.0,0,1010.1,0.15,3.55,0.018
2022-10-01T18:00,26.1,10,-7.5,22.2,0.0,0.0,0.0,5.9,13.3,104,3.0,0,1010.2,0.07,3.03,0.018
2022-10-01T19:00,25.0,12,-6.8,21.1,0.0,0.0,0.0,6.1,9.4,45,0.0,0,1010.6,0.08,2.79,0.018
2022-10-01T20:00,23.0,13,-6.6,19.3,0.0,0.0,0.0,5.4,9.4,42,0.0,0,1011.4,0.06,2.44,0.018
2022-10-01T21:00,21.2,16,-5.5,17.2,0.0,0.0,0.0,8.0,10.8,72,0.0,0,1011.6,0.09,2.1,0.018
2022-10-01T22:00,21.4,15,-6.0,17.4,0.0,0.0,0.0,7.6,12.2,109,0.0,0,1011.9,0.09,2.16,0.018
2022-10-01T23:00,19.9,20,-3.7,15.8,0.0,0.0,0.0,9.7,13.0,135,0.0,0,1011.9,0.1,1.85,0.018
2022-10-02T00:00,18.8,23,-2.9,14.7,0.0,0.0,0.0,10.4,13.7,134,0.0,0,1012.0,0.1,1.67,0.018
2022-10-02T01:00,21.1,21,-2.0,17.7,0.0,0.0,0.0,6.7,14.4,126,0.0,0,1012.5,0.07,1.97,0.018
2022-10-02T02:00,20.3,23,-1.7,17.5,0.0,0.0,0.0,3.2,9.0,207,0.0,0,1012.7,0.02,1.84,0.018
2022-10-02T03:00,19.9,25,-0.7,17.3,0.0,0.0,0.0,2.6,5.0,344,0.0,0,1013.1,0.02,1.74,0.021
2022-10-02T04:00,18.6,27,-0.6,16.4,0.0,0.0,0.0,0.0,4.3,270,0.0,0,1013.5,0.0,1.56,0.021
2022-10-02T05:00,15.4,34,-0.3,12.9,0.0,0.0,0.0,2.0,2.5,315,0.0,0,1013.9,0.0,1.15,0.021
2022-10-02T06:00,14.2,38,0.1,11.7,0.0,0.0,0.0,2.5,3.6,315,11.0,0,1014.6,0.01,1.0,0.021
2022-10-02T07:00,16.7,33,0.2,14.0,0.0,0.0,0.0,4.0,7.9,297,143.0,0,1015.4,0.09,1.28,0.021
2022-10-02T08:00,20.6,25,0.1,17.9,0.0,0.0,0.0,3.4,11.9,328,349.0,0,1015.9,0.22,1.8,0.021
2022-10-02T09:00,22.8,23,0.7,20.5,0.0,0.0,0.0,1.6,11.9,117,546.0,0,1015.0,0.35,2.12,0.021
2022-10-02T10:00,25.0,21,0.9,23.0,0.0,0.0,0.0,6.4,19.1,117,700.0,0,1014.1,0.5,2.52,0.021
2022-10-02T11:00,26.8,17,0.0,24.2,0.0,0.0,0.0,12.3,28.8,111,794.0,0,1012.9,0.61,2.9,0.021
2022-10-02T12:00,27.8,15,-0.8,24.9,0.0,0.0,0.0,14.2,32.4,106,822.0,0,1011.7,0.66,3.15,0.021
2022-10-02T13:00,28.5,15,-1.0,25.6,0.0,0.0,0.0,12.7,32.0,98,778.0,23,1010.2,0.63,3.31,0.021
2022-10-02T14:00,29.0,13,-1.8,25.4,0.0,0.0,0.0,12.3,29.9,93,657.0,12,1009.0,0.55,3.47,0.021
2022-10-02T15:00,28.6,13,-2.1,24.2,0.0,0.0,0.0,13.6,28.4,101,498.0,23,1008.9,0.45,3.39,0.02
2022-10-02T16:00,27.9,14,-2.3,23.4,0.0,0.0,0.0,13.9,28.8,111,291.0,27,1008.5,0.33,3.23,0.02
2022-10-02T17:00,26.2,15,-2.1,22.0,0.0,0.0,0.0,12.2,27.7,118,97.0,2,1008.7,0.19,2.88,0.02
2022-10-02T18:00,24.4,18,-1.1,20.5,0.0,0.0,0.0,11.3,20.9,127,2.0,1,1009.1,0.13,2.49,0.02
2022-10-02T19:00,23.3,21,-0.4,19.4,0.0,0.0,0.0,11.5,19.1,122,0.0,0,1009.8,0.12,2.26,0.02
2022-10-02T20:00,22.4,24,0.7,18.2,0.0,0.0,0.0,14.4,24.5,122,0.0,0,1010.6,0.14,2.06,0.02
2022-10-02T21:00,21.3,28,2.3,17.7,0.0,0.0,0.0,12.4,24.8,126,0.0,6,1011.2,0.11,1.81,0.02
2022-10-02T22:00,20.3,31,2.7,17.3,0.0,0.0,0.0,8.8,20.9,145,0.0,10,1011.3,0.07,1.64,0.02
2022-10-02T23:00,19.6,33,2.7,16.8,0.0,0.0,0.0,7.2,14.0,180,0.0,0,1011.3,0.06,1.53,0.02
2022-10-03T00:00,19.7,32,2.5,17.3,0.0,0.0,0.0,4.5,9.0,241,0.0,0,1011.4,0.03,1.57,0.02
2022-10-03T01:00,19.4,32,2.4,16.9,0.0,0.0,0.0,4.6,6.1,141,0.0,0,1011.3,0.03,1.52,0.02
2022-10-03T02:00,18.9,33,2.2,16.8,0.0,0.0,0.0,2.5,6.1,352,0.0,0,1011.4,0.01,1.47,0.02
2022-10-03T03:00,14.4,46,3.0,11.8,0.0,0.0,0.0,6.8,7.9,360,0.0,0,1012.3,0.03,0.89,0.02
2022-10-03T04:00,13.2,49,2.8,10.4,0.0,0.0,0.0,8.0,10.1,36,0.0,0,1012.5,0.03,0.77,0.02
2022-10-03T05:00,13.0,50,2.7,10.4,0.0,0.0,0.0,6.5,10.4,19,0.0,0,1013.0,0.03,0.76,0.02
2022-10-03T06:00,12.4,52,2.8,10.3,0.0,0.0,0.0,2.9,7.9,270,10.0,0,1013.8,0.01,0.69,0.02
2022-10-03T07:00,15.7,42,2.8,13.2,0.0,0.0,0.0,5.7,11.2,252,141.0,0,1014.6,0.1,1.04,0.02
2022-10-03T08:00,19.2,33,2.6,16.9,0.0,0.0,0.0,3.9,12.6,248,348.0,0,1015.1,0.22,1.48,0.02
2022-10-03T09:00,21.9,27,2.0,19.8,0.0,0.0,0.0,1.8,13.0,191,544.0,0,1014.0,0.34,1.92,0.02
2022-10-03T10:00,24.3,23,1.6,23.0,0.0,0.0,0.0,2.5,14.8,135,699.0,0,1013.1,0.47,2.35,0.02
2022-10-03T11:00,26.3,19,1.0,25.7,0.0,0.0,0.0,1.8,15.1,143,794.0,0,1011.7,0.55,2.77,0.02
2022-10-03T12:00,28.1,15,-0.9,27.6,0.0,0.0,0.0,1.0,14.4,135,822.0,2,1010.4,0.57,3.23,0.02
2022-10-03T13:00,29.4,12,-3.2,28.1,0.0,0.0,0.0,1.0,13.7,225,762.0,74,1009.3,0.53,3.62,0.02
2022-10-03T14:00,29.5,11,-3.7,27.5,0.0,0.0,0.0,0.4,15.1,360,645.0,42,1008.6,0.43,3.66,0.02
2022-10-03T15:00,30.2,9,-6.1,26.5,0.0,0.0,0.0,5.6,20.9,130,445.0,33,1008.0,0.35,3.9,0.022
2022-10-03T16:00,30.7,6,-10.5,26.0,0.0,0.0,0.0,9.5,16.9,245,273.0,0,1007.4,0.29,4.13,0.022
2022-10-03T17:00,28.6,7,-11.2,23.2,0.0,0.0,0.0,13.7,30.2,267,90.0,22,1008.5,0.23,3.64,0.022
2022-10-03T18:00,26.1,8,-10.8,21.9,0.0,0.0,0.0,5.8,23.8,270,2.0,75,1009.6,0.06,3.1,0.022
2022-10-03T19:00,24.1,10,-9.8,19.8,0.0,0.0,0.0,7.4,9.7,247,0.0,0,1011.2,0.1,2.71,0.022
2022-10-03T20:00,23.1,10,-10.7,18.7,0.0,0.0,0.0,7.1,10.8,255,0.0,0,1012.7,0.09,2.55,0.022
2022-10-03T21:00,22.3,11,-9.3,18.0,0.0,0.0,0.0,7.4,12.6,247,0.0,0,1013.3,0.09,2.39,0.022
2022-10-03T22:00,20.0,14,-8.0,15.7,0.0,0.0,0.0,8.2,11.2,255,0.0,0,1014.0,0.09,2.0,0.022
2022-10-03T23:00,19.5,15,-8.0,15.5,0.0,0.0,0.0,6.0,10.8,237,0.0,0,1014.1,0.06,1.92,0.022
2022-10-04T00:00,18.7,16,-7.8,14.1,0.0,0.0,0.0,10.2,16.2,228,0.0,0,1013.8,0.11,1.81,0.022
2022-10-04T01:00,17.4,17,-7.6,13.0,0.0,0.0,0.0,9.0,16.9,254,0.0,0,1014.2,0.09,1.64,0.022
2022-10-04T02:00,15.8,20,-7.3,11.9,0.0,0.0,0.0,6.1,14.0,270,0.0,0,1014.8,0.05,1.44,0.022
2022-10-04T03:00,14.2,23,-6.4,10.2,0.0,0.0,0.0,7.1,9.7,255,0.0,0,1015.5,0.06,1.24,0.022
2022-10-04T04:00,14.0,24,-6.3,10.1,0.0,0.0,0.0,6.9,10.4,242,0.0,0,1015.9,0.05,1.22,0.022
2022-10-04T05:00,13.1,26,-6.1,9.0,0.0,0.0,0.0,8.0,12.6,234,0.0,0,1016.9,0.06,1.12,0.022
2022-10-04T06:00,12.7,27,-5.9,8.3,0.0,0.0,0.0,10.0,15.8,232,10.0,0,1017.7,0.07,1.07,0.022
2022-10-04T07:00,15.3,23,-5.8,10.9,0.0,0.0,0.0,10.2,19.1,228,141.0,0,1018.5,0.14,1.34,0.022
2022-10-04T08:00,19.5,18,-5.6,15.7,0.0,0.0,0.0,6.3,18.0,239,350.0,0,1019.2,0.24,1.86,0.021
2022-10-04T09:00,23.4,14,-5.7,19.9,0.0,0.0,0.0,4.0,15.8,280,548.0,0,1018.6,0.36,2.47,0.021
2022-10-04T10:00,26.0,12,-6.2,23.5,0.0,0.0,0.0,3.9,16.2,326,704.0,0,1017.8,0.49,2.97,0.021
2022-10-04T11:00,27.5,10,-7.3,25.8,0.0,0.0,0.0,2.1,16.2,329,798.0,0,1016.8,0.55,3.32,0.021
2022-10-04T12:00,28.7,9,-7.9,27.3,0.0,0.0,0.0,1.1,14.4,288,824.0,0,1015.6,0.56,3.6,0.021
2022-10-04T13:00,29.4,8,-7.6,27.7,0.0,0.0,0.0,1.5,13.7,225,779.0,0,1014.8,0.53,3.75,0.021
2022-10-04T14:00,29.4,8,-7.6,27.1,0.0,0.0,0.0,0.7,13.7,180,667.0,0,1014.2,0.44,3.75,0.021
2022-10-04T15:00,28.9,8,-8.1,25.5,0.0,0.0,0.0,1.8,12.2,360,499.0,0,1014.4,0.32,3.64,0.023
2022-10-04T16:00,29.0,8,-8.3,25.6,0.0,0.0,0.0,1.8,11.5,11,294.0,0,1014.2,0.18,3.67,0.023
2022-10-04T17:00,27.9,9,-8.2,24.2,0.0,0.0,0.0,4.0,9.4,100,92.0,0,1014.2,0.08,3.42,0.023
2022-10-04T18:00,25.8,10,-8.1,20.9,0.0,0.0,0.0,12.0,19.4,97,1.0,0,1014.5,0.17,2.98,0.023
2022-10-04T19:00,24.1,11,-7.8,20.0,0.0,0.0,0.0,6.9,19.8,99,0.0,0,1015.3,0.09,2.65,0.023
2022-10-04T20:00,22.3,14,-6.6,18.0,0.0,0.0,0.0,9.1,11.5,124,0.0,0,1015.6,0.11,2.32,0.023
2022-10-04T21:00,22.6,13,-7.2,18.5,0.0,0.0,0.0,7.2,11.2,84,0.0,0,1016.0,0.09,2.38,0.023
2022-10-04T22:00,21.0,14,-7.6,17.0,0.0,0.0,0.0,6.0,9.0,287,0.0,0,1017.2,0.07,2.13,0.023
2022-10-04T23:00,18.5,16,-7.5,14.3,0.0,0.0,0.0,7.7,13.0,307,0.0,0,1017.4,0.08,1.78,0.023
2022-10-05T00:00,19.0,16,-7.8,14.8,0.0,0.0,0.0,7.6,11.9,355,0.0,0,1017.4,0.08,1.85,0.023
2022-10-05T01:00,16.5,20,-6.3,11.9,0.0,0.0,0.0,11.2,13.0,327,0.0,0,1017.6,0.1,1.5,0.023
2022-10-05T02:00,16.3,23,-4.9,12.2,0.0,0.0,0.0,8.7,13.0,336,0.0,0,1018.0,0.08,1.42,0.023
2022-10-05T03:00,17.2,25,-3.3,12.9,0.0,0.0,0.0,11.4,13.7,349,0.0,0,1019.0,0.1,1.48,0.022
2022-10-05T04:00,16.0,24,-4.7,11.9,0.0,0.0,0.0,9.0,18.4,344,0.0,0,1019.5,0.08,1.39,0.022
2022-10-05T05:00,15.3,23,-5.8,10.9,0.0,0.0,0.0,10.2,15.8,309,0.0,0,1020.2,0.09,1.34,0.022
2022-10-05T06:00,13.9,26,-5.5,9.8,0.0,0.0,0.0,8.3,12.2,268,9.0,0,1020.9,0.07,1.18,0.022
2022-10-05T07:00,16.7,23,-4.7,13.0,0.0,0.0,0.0,6.3,10.4,257,137.0,0,1021.5,0.11,1.47,0.022
2022-10-05T08:00,21.1,18,-4.0,17.6,0.0,0.0,0.0,5.2,13.7,254,343.0,0,1021.9,0.23,2.04,0.022
2022-10-05T09:00,24.0,16,-3.6,20.8,0.0,0.0,0.0,4.0,14.8,265,539.0,0,1021.3,0.36,2.52,0.022
2022-10-05T10:00,26.1,15,-2.8,24.2,0.0,0.0,0.0,2.3,14.8,198,693.0,0,1020.3,0.47,2.88,0.022
2022-10-05T11:00,27.9,14,-2.5,25.9,0.0,0.0,0.0,6.5,20.2,124,787.0,0,1019.1,0.58,3.24,0.022
2022-10-05T12:00,29.0,12,-3.2,26.7,0.0,0.0,0.0,8.9,23.8,111,813.0,0,1017.8,0.63,3.52,0.022
2022-10-05T13:00,29.5,11,-4.3,26.7,0.0,0.0,0.0,9.5,24.8,99,768.0,0,1016.6,0.61,3.68,0.022
2022-10-05T14:00,29.5,10,-5.1,26.0,0.0,0.0,0.0,9.0,24.8,85,657.0,0,1016.0,0.52,3.69,0.021
2022-10-05T15:00,28.9,10,-6.3,24.6,0.0,0.0,0.0,9.0,23.4,74,489.0,0,1015.9,0.41,3.59,0.021
2022-10-05T16:00,28.4,9,-7.8,24.7,0.0,0.0,0.0,3.8,20.2,73,285.0,0,1015.6,0.2,3.52,0.021
2022-10-05T17:00,26.5,11,-6.8,23.2,0.0,0.0,0.0,2.2,11.2,180,87.0,0,1015.3,0.05,3.08,0.021
2022-10-05T18:00,25.9,9,-9.6,21.7,0.0,0.0,0.0,6.2,6.5,339,1.0,0,1015.4,0.08,3.04,0.021
2022-10-05T19:00,24.1,11,-8.2,20.0,0.0,0.0,0.0,7.0,11.5,21,0.0,0,1015.8,0.09,2.67,0.021
2022-10-05T20:00,23.5,15,-5.0,18.6,0.0,0.0,0.0,14.6,24.1,50,0.0,0,1016.6,0.17,2.47,0.021
2022-10-05T21:00,22.9,17,-3.7,18.2,0.0,0.0,0.0,13.9,25.6,69,0.0,0,1016.8,0.15,2.33,0.021
2022-10-05T22:00,21.6,18,-3.7,17.6,0.0,0.0,0.0,9.1,23.4,56,0.0,0,1016.8,0.1,2.11,0.021
2022-10-05T23:00,19.0,22,-3.0,15.2,0.0,0.0,0.0,8.4,14.8,25,0.0,0,1017.3,0.08,1.7,0.021
2022-10-06T00:00,18.3,24,-2.8,15.2,0.0,0.0,0.0,3.8,10.4,343,0.0,0,1017.1,0.03,1.61,0.021
2022-10-06T01:00,18.3,24,-2.7,15.2,0.0,0.0,0.0,3.6,5.8,315,0.0,0,1017.2,0.03,1.6,0.021
2022-10-06T02:00,17.0,26,-2.9,13.7,0.0,0.0,0.0,5.4,9.0,228,0.0,0,1017.3,0.04,1.44,0.021
2022-10-06T03:00,14.5,30,-2.9,10.9,0.0,0.0,0.0,7.3,9.0,279,0.0,0,1018.2,0.05,1.15,0.021
2022-10-06T04:00,14.0,31,-2.8,10.2,0.0,0.0,0.0,8.8,11.2,279,0.0,0,1018.5,0.06,1.1,0.021
2022-10-06T05:00,14.5,30,-2.9,11.1,0.0,0.0,0.0,5.8,10.1,266,0.0,0,1018.7,0.04,1.15,0.021
2022-10-06T06:00,13.4,33,-2.8,9.7,0.0,0.0,0.0,7.4,8.6,284,9.0,0,1019.4,0.05,1.04,0.021
2022-10-06T07:00,16.7,26,-3.1,13.1,0.0,0.0,0.0,6.5,10.4,267,136.0,0,1019.7,0.11,1.41,0.021
2022-10-06T08:00,21.0,19,-3.3,17.7,0.0,0.0,0.0,4.4,12.2,261,342.0,0,1019.9,0.22,2.0,0.021
2022-10-06T09:00,23.9,16,-3.7,20.6,0.0,0.0,0.0,4.6,15.1,288,540.0,0,1019.0,0.37,2.49,0.021
2022-10-06T10:00,25.7,14,-4.3,23.2,0.0,0.0,0.0,4.9,17.3,287,695.0,0,1018.1,0.49,2.86,0.021
2022-10-06T11:00,27.0,12,-4.9,25.6,0.0,0.0,0.0,1.9,17.3,292,790.0,0,1017.0,0.54,3.14,0.021
2022-10-06T12:00,28.0,11,-5.8,26.5,0.0,0.0,0.0,2.6,15.5,56,816.0,0,1015.9,0.57,3.37,0.02
2022-10-06T13:00,28.6,10,-6.6,26.2,0.0,0.0,0.0,5.5,19.1,67,771.0,0,1014.6,0.56,3.53,0.02
2022-10-06T14:00,28.7,9,-7.1,25.3,0.0,0.0,0.0,7.0,20.9,78,658.0,0,1013.9,0.5,3.58,0.02
2022-10-06T15:00,28.8,9,-7.5,24.7,0.0,0.0,0.0,7.0,20.9,78,490.0,0,1013.6,0.38,3.6,0.018
2022-10-06T16:00,28.2,9,-7.7,23.9,0.0,0.0,0.0,8.4,18.7,83,284.0,0,1013.4,0.26,3.48,0.018
2022-10-06T17:00,26.6,10,-7.2,22.6,0.0,0.0,0.0,6.5,18.4,87,85.0,0,1013.5,0.11,3.12,0.018
2022-10-06T18:00,24.5,13,-6.2,20.7,0.0,0.0,0.0,6.1,10.4,140,1.0,0,1014.0,0.05,2.68,0.018
2022-10-06T19:00,23.8,14,-5.4,20.1,0.0,0.0,0.0,5.7,10.1,55,0.0,0,1014.5,0.07,2.54,0.018
2022-10-06T20:00,22.7,14,-6.3,17.7,0.0,0.0,0.0,13.8,22.0,39,0.0,0,1015.4,0.16,2.37,0.018
2022-10-06T21:00,21.0,16,-5.7,16.9,0.0,0.0,0.0,8.5,23.4,78,0.0,0,1016.1,0.09,2.09,0.018
2022-10-06T22:00,19.5,19,-4.9,15.6,0.0,0.0,0.0,7.8,14.0,112,0.0,0,1016.8,0.08,1.84,0.018
2022-10-06T23:00,19.6,19,-4.8,15.4,0.0,0.0,0.0,9.5,14.8,143,0.0,0,1016.7,0.1,1.84,0.018
2022-10-07T00:00,18.0,21,-4.7,14.0,0.0,0.0,0.0,7.9,15.1,156,0.0,0,1016.8,0.07,1.63,0.018
2022-10-07T01:00,18.1,21,-4.7,14.0,0.0,0.0,0.0,9.0,14.0,178,0.0,0,1017.4,0.09,1.64,0.018
2022-10-07T02:00,19.4,19,-5.0,16.3,0.0,0.0,0.0,2.5,11.5,270,0.0,0,1017.3,0.02,1.83,0.018
2022-10-07T03:00,18.4,20,-5.2,15.1,0.0,0.0,0.0,2.9,3.6,300,0.0,0,1017.7,0.02,1.7,0.02
2022-10-07T04:00,17.0,22,-5.2,13.8,0.0,0.0,0.0,2.6,4.3,326,0.0,0,1018.0,0.02,1.52,0.02
2022-10-07T05:00,15.5,24,-5.2,12.4,0.0,0.0,0.0,2.2,3.2,279,0.0,0,1018.5,0.01,1.34,0.02
2022-10-07T06:00,11.6,31,-4.9,8.0,0.0,0.0,0.0,5.6,7.9,285,8.0,0,1019.2,0.04,0.94,0.02
2022-10-07T07:00,14.7,26,-4.9,11.0,0.0,0.0,0.0,6.2,11.2,277,134.0,0,1020.1,0.1,1.24,0.02
2022-10-07T08:00,19.0,19,-5.1,15.7,0.0,0.0,0.0,2.9,11.2,277,341.0,0,1020.4,0.2,1.77,0.02
2022-10-07T09:00,21.7,16,-5.3,18.5,0.0,0.0,0.0,2.6,12.6,304,539.0,0,1019.7,0.34,2.18,0.02
2022-10-07T10:00,23.7,14,-5.7,21.5,0.0,0.0,0.0,1.8,13.7,349,694.0,0,1018.7,0.45,2.52,0.02
2022-10-07T11:00,25.0,12,-6.0,23.4,0.0,0.0,0.0,2.1,14.8,59,789.0,0,1017.6,0.53,2.77,0.02
2022-10-07T12:00,26.1,12,-6.1,24.2,0.0,0.0,0.0,4.4,17.6,81,814.0,0,1016.5,0.57,2.98,0.02
2022-10-07T13:00,26.9,11,-6.3,24.2,0.0,0.0,0.0,7.6,22.0,85,768.0,0,1015.2,0.57,3.16,0.02
2022-10-07T14:00,27.2,11,-6.2,23.1,0.0,0.0,0.0,11.9,27.4,76,654.0,0,1014.8,0.53,3.21,0.02
2022-10-07T15:00,26.5,11,-6.5,21.8,0.0,0.0,0.0,12.3,29.5,85,485.0,0,1014.7,0.42,3.09,0.017
2022-10-07T16:00,25.8,11,-6.5,21.1,0.0,0.0,0.0,11.8,26.6,78,279.0,0,1014.9,0.28,2.94,0.017
2022-10-07T17:00,24.1,13,-6.3,20.3,0.0,0.0,0.0,6.0,23.8,73,82.0,0,1015.3,0.1,2.61,0.017
2022-10-07T18:00,22.5,15,-5.2,19.3,0.0,0.0,0.0,2.9,9.4,263,1.0,0,1015.5,0.0,2.31,0.017
2022-10-07T19:00,21.7,15,-5.9,17.5,0.0,0.0,0.0,9.2,11.9,31,0.0,0,1016.3,0.1,2.2,0.017
2022-10-07T20:00,20.3,18,-4.7,15.7,0.0,0.0,0.0,12.2,23.8,47,0.0,0,1017.3,0.13,1.94,0.017
2022-10-07T21:00,18.3,20,-4.8,14.5,0.0,0.0,0.0,7.2,20.5,90,0.0,0,1018.0,0.07,1.67,0.017
2022-10-07T22:00,17.6,20,-5.6,13.6,0.0,0.0,0.0,7.9,11.5,114,0.0,0,1018.4,0.07,1.6,0.017
2022-10-07T23:00,16.5,22,-5.6,12.2,0.0,0.0,0.0,10.2,11.9,135,0.0,0,1018.7,0.09,1.47,0.017
2022-10-08T00:00,15.5,22,-6.0,11.3,0.0,0.0,0.0,8.7,13.0,210,0.0,0,1018.9,0.07,1.36,0.016
2022-10-08T01:00,17.9,18,-6.5,14.3,0.0,0.0,0.0,4.3,11.2,265,0.0,0,1019.0,0.04,1.67,0.016
2022-10-08T02:00,17.6,19,-6.5,14.0,0.0,0.0,0.0,4.5,5.8,241,0.0,0,1019.1,0.04,1.63,0.016
2022-10-08T03:00,14.1,24,-6.0,10.3,0.0,0.0,0.0,6.2,7.2,234,0.0,0,1019.4,0.05,1.22,0.015
2022-10-08T04:00,12.0,28,-5.8,8.5,0.0,0.0,0.0,4.1,7.6,255,0.0,0,1019.9,0.02,1.0,0.015
2022-10-08T05:00,10.6,31,-5.7,7.1,0.0,0.0,0.0,4.3,5.4,275,0.0,0,1020.3,0.02,0.88,0.015
2022-10-08T06:00,10.1,32,-5.8,6.6,0.0,0.0,0.0,4.2,6.5,290,8.0,0,1020.9,0.02,0.84,0.015
2022-10-08T07:00,12.9,27,-5.9,9.3,0.0,0.0,0.0,5.2,10.1,286,132.0,0,1021.7,0.09,1.09,0.015
2022-10-08T08:00,17.2,20,-6.1,13.9,0.0,0.0,0.0,2.8,10.8,320,337.0,0,1022.5,0.19,1.57,0.015
2022-10-08T09:00,19.9,16,-6.7,16.7,0.0,0.0,0.0,1.5,12.2,14,533.0,0,1022.0,0.32,1.95,0.015
2022-10-08T10:00,21.9,14,-6.4,19.5,0.0,0.0,0.0,2.9,14.4,83,687.0,0,1021.2,0.44,2.25,0.015
2022-10-08T11:00,23.4,14,-6.0,21.1,0.0,0.0,0.0,5.9,19.8,79,780.0,0,1020.2,0.53,2.49,0.015
2022-10-08T12:00,24.4,13,-5.9,21.9,0.0,0.0,0.0,7.6,22.7,82,805.0,0,1018.7,0.57,2.65,0.015
2022-10-08T13:00,24.9,13,-5.9,21.9,0.0,0.0,0.0,9.1,24.5,81,759.0,0,1017.6,0.55,2.76,0.015
2022-10-08T14:00,25.0,12,-6.1,21.3,0.0,0.0,0.0,9.5,24.5,79,645.0,0,1016.8,0.48,2.78,0.015
2022-10-08T15:00,24.8,13,-6.0,20.4,0.0,0.0,0.0,10.0,23.8,75,476.0,0,1016.6,0.38,2.73,0.015
2022-10-08T16:00,24.1,13,-6.1,20.0,0.0,0.0,0.0,7.8,22.3,77,272.0,0,1016.4,0.23,2.61,0.015
2022-10-08T17:00,22.6,14,-5.9,18.7,0.0,0.0,0.0,6.5,17.6,109,77.0,0,1016.2,0.1,2.34,0.015
2022-10-08T18:00,21.0,16,-5.7,17.6,0.0,0.0,0.0,3.9,10.4,202,0.0,0,1016.5,0.07,2.09,0.015
2022-10-08T19:00,20.8,17,-5.5,17.2,0.0,0.0,0.0,4.7,6.8,184,0.0,0,1017.0,0.05,2.04,0.015
2022-10-08T20:00,19.2,18,-5.6,15.2,0.0,0.0,0.0,7.8,10.1,103,0.0,0,1017.9,0.08,1.81,0.015
2022-10-08T21:00,18.4,24,-2.7,14.3,0.0,0.0,0.0,10.7,18.0,123,0.0,0,1018.7,0.1,1.61,0.015
2022-10-08T22:00,17.8,27,-1.3,14.1,0.0,0.0,0.0,8.9,18.0,133,0.0,0,1018.9,0.07,1.48,0.015
2022-10-08T23:00,15.7,33,-0.6,11.9,0.0,0.0,0.0,10.2,14.8,129,0.0,0,1019.0,0.07,1.19,0.015
2022-10-09T00:00,15.8,33,-0.6,12.4,0.0,0.0,0.0,8.4,12.6,115,0.0,0,1019.0,0.06,1.21,0.015
2022-10-09T01:00,16.5,31,-0.7,13.3,0.0,0.0,0.0,6.9,10.4,118,0.0,0,1019.2,0.05,1.29,0.015
2022-10-09T02:00,15.8,33,-0.6,13.0,0.0,0.0,0.0,4.0,8.3,170,0.0,0,1019.3,0.02,1.21,0.015
2022-10-09T03:00,15.3,35,-0.2,12.5,0.0,0.0,0.0,4.3,6.1,42,0.0,0,1019.7,0.02,1.13,0.015
2022-10-09T04:00,11.2,46,0.1,7.9,0.0,0.0,0.0,7.6,9.4,31,0.0,0,1020.2,0.03,0.71,0.015
2022-10-09T05:00,11.1,46,0.0,8.1,0.0,0.0,0.0,5.4,9.4,4,0.0,0,1020.7,0.02,0.71,0.015
2022-10-09T06:00,11.2,46,0.0,8.9,0.0,0.0,0.0,1.1,6.8,288,7.0,0,1021.1,0.0,0.72,0.015
2022-10-09T07:00,13.5,39,-0.1,10.6,0.0,0.0,0.0,5.0,9.0,240,128.0,0,1021.8,0.08,0.94,0.015
2022-10-09T08:00,17.0,31,-0.2,14.4,0.0,0.0,0.0,3.3,11.9,229,330.0,0,1022.3,0.19,1.33,0.015
2022-10-09T09:00,19.6,27,-0.1,17.1,0.0,0.0,0.0,2.1,12.2,211,524.0,0,1021.4,0.32,1.67,0.015
2022-10-09T10:00,21.8,23,-0.3,20.1,0.0,0.0,0.0,2.6,14.8,196,677.0,0,1020.3,0.44,2.01,0.015
2022-10-09T11:00,23.6,20,-1.0,22.5,0.0,0.0,0.0,2.1,14.8,149,771.0,0,1019.0,0.51,2.34,0.015
2022-10-09T12:00,25.0,17,-1.9,23.8,0.0,0.0,0.0,2.5,15.5,90,796.0,0,1017.6,0.54,2.63,0.015
2022-10-09T13:00,25.9,15,-2.8,24.0,0.0,0.0,0.0,4.7,18.0,67,751.0,0,1016.3,0.53,2.84,0.015
2022-10-09T14:00,26.5,14,-3.7,23.5,0.0,0.0,0.0,5.8,19.1,68,638.0,0,1015.5,0.46,2.99,0.015
2022-10-09T15:00,25.9,14,-4.0,22.3,0.0,0.0,0.0,6.4,19.1,74,470.0,0,1015.7,0.35,2.88,0.01
2022-10-09T16:00,25.6,14,-4.2,21.8,0.0,0.0,0.0,7.0,17.6,78,266.0,0,1015.5,0.22,2.82,0.01
2022-10-09T17:00,24.0,16,-3.8,19.7,0.0,0.0,0.0,11.5,19.1,92,73.0,0,1015.5,0.16,2.52,0.01
2022-10-09T18:00,22.5,17,-3.6,18.3,0.0,0.0,0.0,10.3,19.8,78,0.0,0,1015.9,0.15,2.25,0.01
2022-10-09T19:00,21.6,18,-3.6,18.0,0.0,0.0,0.0,7.0,16.9,78,0.0,0,1016.3,0.07,2.11,0.01
2022-10-09T20:00,20.5,19,-3.7,16.7,0.0,0.0,0.0,7.8,12.2,68,0.0,0,1016.9,0.08,1.95,0.01
2022-10-09T21:00,19.2,21,-4.0,14.7,0.0,0.0,0.0,12.2,19.4,104,0.0,0,1018.2,0.12,1.76,0.01
2022-10-09T22:00,18.7,19,-5.3,14.1,0.0,0.0,0.0,12.0,21.2,147,0.0,0,1018.6,0.12,1.74,0.01
2022-10-09T23:00,17.1,22,-5.1,13.2,0.0,0.0,0.0,7.6,19.8,161,0.0,0,1018.4,0.07,1.53,0.01
2022-10-10T00:00,17.7,21,-4.8,13.8,0.0,0.0,0.0,7.3,11.9,147,0.0,0,1018.5,0.07,1.59,0.01
2022-10-10T01:00,17.6,21,-4.8,14.3,0.0,0.0,0.0,3.6,9.4,174,0.0,0,1018.7,0.03,1.58,0.01
2022-10-10T02:00,15.0,26,-4.6,11.6,0.0,0.0,0.0,4.0,5.0,5,0.0,0,1018.8,0.03,1.27,0.01
2022-10-10T03:00,11.9,31,-4.9,8.0,0.0,0.0,0.0,7.6,8.6,19,0.0,0,1019.9,0.05,0.97,0.01
2022-10-10T04:00,10.8,32,-5.2,6.9,0.0,0.0,0.0,7.6,9.7,360,0.0,0,1020.4,0.05,0.88,0.01
2022-10-10T05:00,10.7,32,-5.2,7.2,0.0,0.0,0.0,5.1,9.0,315,0.0,0,1020.9,0.03,0.87,0.01
2022-10-10T06:00,10.3,34,-5.0,6.9,0.0,0.0,0.0,4.5,6.1,284,7.0,0,1021.4,0.03,0.83,0.01
2022-10-10T07:00,13.5,27,-5.0,10.1,0.0,0.0,0.0,4.1,8.3,255,126.0,0,1021.7,0.08,1.12,0.01
2022-10-10T08:00,17.5,21,-5.4,14.2,0.0,0.0,0.0,3.0,10.8,256,330.0,0,1021.8,0.19,1.59,0.01
2022-10-10T09:00,20.0,17,-5.7,16.7,0.0,0.0,0.0,2.5,12.6,278,526.0,0,1020.9,0.32,1.93,0.01
2022-10-10T10:00,22.3,15,-5.2,20.1,0.0,0.0,0.0,1.5,13.3,284,678.0,0,1020.0,0.43,2.28,0.01
2022-10-10T11:00,24.5,14,-4.7,23.1,0.0,0.0,0.0,1.1,13.3,252,771.0,0,1018.6,0.51,2.64,0.01
2022-10-10T12:00,26.1,13,-4.7,24.7,0.0,0.0,0.0,1.8,14.4,217,796.0,0,1017.0,0.54,2.94,0.01
2022-10-10T13:00,27.1,11,-5.4,25.4,0.0,0.0,0.0,1.8,14.4,233,750.0,0,1015.6,0.51,3.18,0.01
2022-10-10T14:00,27.5,10,-6.3,24.7,0.0,0.0,0.0,3.1,14.0,249,636.0,0,1014.7,0.44,3.28,0.01
2022-10-10T15:00,26.8,11,-6.4,23.1,0.0,0.0,0.0,5.4,14.4,270,467.0,0,1015.1,0.34,3.14,0.007
2022-10-10T16:00,26.6,11,-6.2,23.1,0.0,0.0,0.0,4.1,15.1,315,263.0,0,1014.7,0.19,3.1,0.007
2022-10-10T17:00,25.0,12,-6.1,21.0,0.0,0.0,0.0,7.4,11.9,39,71.0,4,1014.8,0.12,2.78,0.007
2022-10-10T18:00,23.1,14,-5.8,18.4,0.0,0.0,0.0,12.2,20.9,66,0.0,0,1015.0,0.17,2.42,0.007
2022-10-10T19:00,21.6,16,-5.6,17.9,0.0,0.0,0.0,5.5,20.9,122,0.0,0,1015.1,0.06,2.17,0.007
2022-10-10T20:00,19.9,19,-4.8,16.3,0.0,0.0,0.0,5.4,7.9,228,0.0,0,1016.0,0.05,1.89,0.007
2022-10-10T21:00,18.8,20,-5.0,15.0,0.0,0.0,0.0,7.2,8.3,273,0.0,0,1016.8,0.07,1.75,0.007
2022-10-10T22:00,17.8,21,-5.0,14.0,0.0,0.0,0.0,6.8,9.4,270,0.0,0,1016.7,0.06,1.62,0.007
2022-10-10T23:00,17.1,21,-5.4,13.3,0.0,0.0,0.0,6.3,8.6,193,0.0,0,1016.3,0.06,1.54,0.007
2022-10-11T00:00,15.7,24,-5.0,11.8,0.0,0.0,0.0,7.6,13.3,225,0.0,0,1016.1,0.06,1.36,0.007
2022-10-11T01:00,15.3,24,-5.4,11.1,0.0,0.0,0.0,9.2,16.2,329,0.0,0,1017.0,0.08,1.32,0.007
2022-10-11T02:00,15.8,23,-5.5,12.5,0.0,0.0,0.0,3.0,14.8,256,0.0,0,1016.5,0.02,1.39,0.007
2022-10-11T03:00,13.3,29,-4.6,9.7,0.0,0.0,0.0,5.9,10.4,281,0.0,0,1017.9,0.04,1.09,0.007
2022-10-11T04:00,11.9,31,-4.6,8.0,0.0,0.0,0.0,7.4,9.4,299,0.0,0,1018.5,0.05,0.95,0.007
2022-10-11T05:00,11.8,32,-4.6,7.9,0.0,0.0,0.0,7.8,12.2,283,0.0,0,1018.7,0.05,0.95,0.007
2022-10-11T06:00,10.9,34,-4.4,7.1,0.0,0.0,0.0,7.8,10.4,248,6.0,0,1019.0,0.05,0.86,0.007
2022-10-11T07:00,14.5,28,-3.7,10.6,0.0,0.0,0.0,8.6,13.7,237,124.0,0,1019.4,0.11,1.18,0.007
2022-10-11T08:00,18.5,22,-3.5,15.1,0.0,0.0,0.0,4.8,14.8,222,327.0,0,1019.8,0.21,1.65,0.007
2022-10-11T09:00,21.4,18,-4.1,18.3,0.0,0.0,0.0,2.5,13.3,225,521.0,0,1019.0,0.33,2.1,0.007
2022-10-11T10:00,24.1,16,-3.7,22.1,0.0,0.0,0.0,1.1,12.6,270,673.0,0,1017.8,0.43,2.53,0.007
2022-10-11T11:00,25.9,14,-3.5,24.2,0.0,0.0,0.0,3.6,16.2,354,765.0,0,1016.5,0.53,2.87,0.007
2022-10-11T12:00,26.9,13,-4.2,25.7,0.0,0.0,0.0,1.0,16.2,315,790.0,0,1015.0,0.53,3.09,0.007
2022-10-11T13:00,27.4,12,-4.9,25.2,0.0,0.0,0.0,4.1,16.2,225,744.0,0,1013.9,0.53,3.21,0.007
2022-10-11T14:00,27.6,11,-5.2,24.7,0.0,0.0,0.0,4.4,16.9,215,630.0,0,1012.9,0.45,3.28,0.007
2022-10-11T15:00,27.9,11,-5.6,24.3,0.0,0.0,0.0,4.9,16.2,234,461.0,0,1012.4,0.33,3.35,0.004
2022-10-11T16:00,27.7,11,-6.0,24.0,0.0,0.0,0.0,5.0,13.7,270,258.0,24,1012.0,0.2,3.31,0.004
2022-10-11T17:00,25.8,14,-3.8,22.4,0.0,0.0,0.0,5.5,12.2,148,64.0,4,1011.6,0.09,2.86,0.004
2022-10-11T18:00,24.2,14,-5.3,20.0,0.0,0.0,0.0,8.9,17.6,104,0.0,1,1012.0,0.14,2.6,0.004
2022-10-11T19:00,22.3,17,-4.1,18.6,0.0,0.0,0.0,6.9,14.4,152,0.0,0,1013.2,0.08,2.23,0.004
2022-10-11T20:00,21.2,17,-4.8,17.7,0.0,0.0,0.0,5.1,9.0,266,0.0,0,1013.4,0.05,2.09,0.004
2022-10-11T21:00,20.7,17,-5.0,16.7,0.0,0.0,0.0,8.7,12.6,228,0.0,0,1013.1,0.09,2.02,0.004
2022-10-11T22:00,20.2,20,-3.6,16.0,0.0,0.0,0.0,10.8,17.6,255,0.0,0,1013.4,0.11,1.9,0.004
2022-10-11T23:00,19.0,23,-2.7,15.0,0.0,0.0,0.0,10.1,17.6,243,0.0,0,1013.5,0.09,1.69,0.004
2022-10-12T00:00,18.2,25,-2.2,14.1,0.0,0.0,0.0,11.3,18.4,243,0.0,0,1013.5,0.1,1.56,0.004
2022-10-12T01:00,17.7,27,-1.8,13.5,0.0,0.0,0.0,12.3,20.5,249,0.0,0,1013.7,0.1,1.48,0.004
2022-10-12T02:00,16.3,29,-1.6,12.6,0.0,0.0,0.0,9.0,20.5,254,0.0,0,1013.9,0.07,1.31,0.004
2022-10-12T03:00,14.5,32,-2.0,10.9,0.0,0.0,0.0,7.9,14.0,254,0.0,0,1014.7,0.05,1.12,0.003
2022-10-12T04:00,13.3,35,-2.0,9.8,0.0,0.0,0.0,7.4,12.6,256,0.0,0,1015.3,0.05,1.0,0.003
2022-10-12T05:00,11.9,38,-1.9,8.6,0.0,0.0,0.0,6.0,11.5,253,0.0,0,1016.2,0.03,0.86,0.003
2022-10-12T06:00,11.4,39,-2.1,8.0,0.0,0.0,0.0,6.0,9.4,237,6.0,0,1016.8,0.03,0.82,0.003
2022-10-12T07:00,13.7,33,-2.3,10.0,0.0,0.0,0.0,8.2,15.1,232,124.0,0,1017.5,0.1,1.05,0.003
2022-10-12T08:00,17.5,26,-2.3,14.1,0.0,0.0,0.0,6.4,15.8,232,329.0,0,1017.8,0.21,1.48,0.003
2022-10-12T09:00,21.3,21,-2.2,18.1,0.0,0.0,0.0,5.5,16.9,238,525.0,0,1016.9,0.35,2.01,0.003
2022-10-12T10:00,24.0,17,-2.8,21.4,0.0,0.0,0.0,5.5,17.3,238,677.0,0,1015.6,0.47,2.48,0.003
2022-10-12T11:00,25.7,13,-4.6,23.4,0.0,0.0,0.0,5.8,19.1,240,769.0,0,1014.3,0.54,2.86,0.003
2022-10-12T12:00,26.8,12,-5.5,24.7,0.0,0.0,0.0,5.4,18.7,228,793.0,0,1013.0,0.57,3.12,0.003
2022-10-12T13:00,27.8,10,-6.4,25.0,0.0,0.0,0.0,7.2,20.5,217,746.0,0,1011.8,0.55,3.35,0.003
2022-10-12T14:00,28.2,9,-7.5,24.0,0.0,0.0,0.0,11.0,24.8,221,631.0,0,1010.8,0.51,3.48,0.003
2022-10-12T15:00,28.1,9,-7.6,23.5,0.0,0.0,0.0,10.5,25.9,221,461.0,0,1010.6,0.4,3.46,0.0
2022-10-12T16:00,28.1,9,-8.2,24.0,0.0,0.0,0.0,6.6,21.6,193,255.0,0,1010.0,0.22,3.46,0.0
2022-10-12T17:00,25.3,11,-6.9,21.3,0.0,0.0,0.0,6.7,13.7,144,65.0,0,1010.0,0.1,2.86,0.0
2022-10-12T18:00,23.8,12,-7.7,19.8,0.0,0.0,0.0,6.2,7.9,159,0.0,0,1011.5,0.11,2.6,0.0
2022-10-12T19:00,23.4,12,-8.0,19.6,0.0,0.0,0.0,4.5,7.6,119,0.0,0,1012.6,0.05,2.53,0.0
2022-10-12T20:00,21.6,14,-7.4,17.9,0.0,0.0,0.0,4.6,5.0,198,0.0,0,1013.4,0.05,2.22,0.0
2022-10-12T21:00,19.3,17,-6.5,15.3,0.0,0.0,0.0,7.2,10.4,207,0.0,0,1013.8,0.08,1.86,0.0
2022-10-12T22:00,18.7,19,-5.2,14.2,0.0,0.0,0.0,11.5,18.0,231,0.0,0,1014.3,0.11,1.73,0.0
2022-10-12T23:00,17.9,21,-5.1,13.2,0.0,0.0,0.0,12.9,21.2,234,0.0,0,1014.4,0.12,1.63,0.0
2022-10-13T00:00,16.9,22,-5.3,12.5,0.0,0.0,0.0,10.7,20.9,230,0.0,0,1014.7,0.1,1.51,0.0
2022-10-13T01:00,15.7,22,-5.8,11.4,0.0,0.0,0.0,9.2,17.6,249,0.0,0,1015.3,0.08,1.38,0.0
2022-10-13T02:00,14.7,24,-6.0,10.5,0.0,0.0,0.0,8.5,15.1,258,0.0,0,1015.6,0.07,1.28,0.0
2022-10-13T03:00,11.8,30,-5.4,7.5,0.0,0.0,0.0,9.7,13.7,266,0.0,0,1016.4,0.06,0.97,0.003
2022-10-13T04:00,11.0,32,-5.3,6.9,0.0,0.0,0.0,8.8,11.9,261,0.0,0,1016.8,0.05,0.9,0.003
2022-10-13T05:00,9.8,35,-5.1,5.8,0.0,0.0,0.0,8.4,10.8,245,0.0,0,1017.4,0.05,0.79,0.003
2022-10-13T06:00,9.8,35,-5.0,6.2,0.0,0.0,0.0,5.8,10.4,240,6.0,0,1018.1,0.03,0.79,0.003
2022-10-13T07:00,12.6,29,-4.9,8.6,0.0,0.0,0.0,8.3,14.4,236,123.0,0,1018.5,0.1,1.03,0.003
2022-10-13T08:00,16.6,23,-4.9,12.9,0.0,0.0,0.0,6.1,15.1,230,328.0,0,1018.7,0.21,1.46,0.003
2022-10-13T09:00,20.0,17,-5.8,16.3,0.0,0.0,0.0,5.5,16.2,259,526.0,0,1017.9,0.34,1.93,0.003
2022-10-13T10:00,22.4,14,-6.2,19.7,0.0,0.0,0.0,4.0,16.6,275,680.0,0,1016.9,0.44,2.32,0.003
2022-10-13T11:00,24.2,13,-6.5,22.5,0.0,0.0,0.0,1.8,15.8,233,774.0,0,1015.6,0.51,2.64,0.003
2022-10-13T12:00,25.5,10,-8.2,23.5,0.0,0.0,0.0,3.3,16.2,193,798.0,0,1014.2,0.54,2.93,0.003
2022-10-13T13:00,26.5,8,-10.2,24.0,0.0,0.0,0.0,3.9,16.6,202,751.0,20,1012.8,0.52,3.18,0.003
2022-10-13T14:00,27.1,7,-11.5,23.9,0.0,0.0,0.0,2.2,16.2,189,633.0,21,1011.8,0.42,3.32,0.003
2022-10-13T15:00,26.8,7,-12.4,22.9,0.0,0.0,0.0,2.8,13.3,230,459.0,0,1012.0,0.3,3.28,0.0
2022-10-13T16:00,26.3,7,-12.7,22.6,0.0,0.0,0.0,1.6,10.4,117,254.0,43,1012.0,0.14,3.18,0.0
2022-10-13T17:00,24.1,9,-10.5,19.2,0.0,0.0,0.0,10.9,17.3,82,62.0,3,1012.2,0.15,2.72,0.0
2022-10-13T18:00,22.1,12,-9.2,17.8,0.0,0.0,0.0,7.6,20.2,115,0.0,56,1012.8,0.09,2.35,0.0
2022-10-13T19:00,21.0,12,-9.3,16.7,0.0,0.0,0.0,7.9,13.3,156,0.0,47,1013.9,0.09,2.18,0.0
2022-10-13T20:00,20.0,13,-9.0,15.6,0.0,0.0,0.0,8.1,12.2,159,0.0,62,1014.0,0.09,2.02,0.0
2022-10-13T21:00,20.0,13,-9.4,14.9,0.0,0.0,0.0,12.8,19.4,202,0.0,37,1014.0,0.14,2.03,0.0
2022-10-13T22:00,19.0,14,-9.6,13.7,0.0,0.0,0.0,14.0,23.4,235,0.0,48,1014.3,0.15,1.9,0.0
2022-10-13T23:00,17.8,16,-8.6,12.8,0.0,0.0,0.0,12.6,23.0,243,0.0,65,1014.7,0.12,1.72,0.0
2022-10-14T00:00,16.4,18,-8.0,11.7,0.0,0.0,0.0,11.4,20.5,259,0.0,60,1015.3,0.11,1.53,0.0
2022-10-14T01:00,14.8,20,-7.8,10.6,0.0,0.0,0.0,7.6,18.7,267,0.0,89,1015.9,0.07,1.34,0.0
2022-10-14T02:00,13.4,23,-7.5,9.3,0.0,0.0,0.0,6.8,11.9,252,0.0,58,1016.2,0.05,1.18,0.0
2022-10-14T03:00,12.2,25,-7.3,8.2,0.0,0.0,0.0,6.6,9.4,241,0.0,18,1017.0,0.05,1.06,0.0
2022-10-14T04:00,11.6,26,-7.1,7.5,0.0,0.0,0.0,7.6,11.9,245,0.0,0,1017.3,0.05,1.01,0.0
2022-10-14T05:00,10.7,28,-6.9,6.5,0.0,0.0,0.0,8.6,13.7,248,0.0,0,1017.8,0.06,0.92,0.0
2022-10-14T06:00,10.1,30,-7.0,5.7,0.0,0.0,0.0,9.3,14.8,242,5.0,0,1018.2,0.06,0.87,0.0
2022-10-14T07:00,12.5,26,-6.7,7.9,0.0,0.0,0.0,11.0,18.7,232,120.0,0,1018.8,0.12,1.08,0.0
2022-10-14T08:00,16.8,20,-6.4,12.7,0.0,0.0,0.0,7.6,19.1,225,324.0,0,1019.1,0.22,1.53,0.0
2022-10-14T09:00,20.9,15,-6.6,17.0,0.0,0.0,0.0,6.2,17.6,234,519.0,0,1018.4,0.35,2.09,0.0
2022-10-14T10:00,24.0,12,-6.7,21.0,0.0,0.0,0.0,5.4,17.3,250,669.0,0,1016.8,0.46,2.61,0.0
2022-10-14T11:00,25.8,12,-6.0,23.3,0.0,0.0,0.0,5.8,18.7,270,759.0,0,1015.6,0.54,2.92,0.0
2022-10-14T12:00,26.7,11,-5.9,24.3,0.0,0.0,0.0,6.4,19.8,286,781.0,0,1014.4,0.56,3.1,0.0
2022-10-14T13:00,27.3,11,-6.2,24.6,0.0,0.0,0.0,5.8,19.8,263,731.0,0,1013.4,0.53,3.23,0.0
2022-10-14T14:00,27.4,10,-6.4,23.9,0.0,0.0,0.0,6.1,19.1,242,615.0,17,1013.0,0.45,3.26,0.0
2022-10-14T15:00,26.5,12,-5.6,22.7,0.0,0.0,0.0,6.8,18.4,238,430.0,36,1013.5,0.33,3.06,-0.001
2022-10-14T16:00,26.1,12,-5.5,22.3,0.0,0.0,0.0,6.4,17.3,227,237.0,18,1013.3,0.2,2.96,0.0
2022-10-14T17:00,24.2,14,-4.7,20.8,0.0,0.0,0.0,4.2,14.0,110,54.0,1,1012.9,0.07,2.59,0.0
2022-10-14T18:00,23.0,14,-6.1,18.4,0.0,0.0,0.0,11.2,18.4,90,0.0,0,1013.7,0.13,2.41,0.0
2022-10-14T19:00,21.4,15,-6.1,17.3,0.0,0.0,0.0,8.4,19.1,83,0.0,0,1014.3,0.09,2.16,0.0
2022-10-14T20:00,19.5,18,-5.2,15.4,0.0,0.0,0.0,8.8,13.7,102,0.0,0,1014.8,0.09,1.85,0.0
2022-10-14T21:00,19.0,19,-5.4,14.9,0.0,0.0,0.0,8.1,10.8,225,0.0,0,1015.2,0.08,1.78,0.0
2022-10-14T22:00,18.7,18,-6.2,14.7,0.0,0.0,0.0,7.1,10.4,229,0.0,0,1015.0,0.07,1.77,0.0
2022-10-14T23:00,17.6,19,-6.0,13.8,0.0,0.0,0.0,6.5,11.9,267,0.0,0,1015.4,0.06,1.62,0.0
2022-10-15T00:00,15.9,22,-6.0,12.0,0.0,0.0,0.0,6.8,9.7,32,0.0,0,1016.5,0.06,1.41,0.0
2022-10-15T01:00,16.2,22,-5.9,12.3,0.0,0.0,0.0,6.8,11.9,65,0.0,0,1016.6,0.06,1.44,0.0
2022-10-15T02:00,13.1,28,-5.2,9.1,0.0,0.0,0.0,7.9,9.7,317,0.0,0,1017.7,0.06,1.09,0.0
2022-10-15T03:00,13.4,28,-4.8,10.0,0.0,0.0,0.0,4.6,9.7,288,0.0,0,1018.7,0.03,1.11,0.0
2022-10-15T04:00,11.9,31,-4.8,8.5,0.0,0.0,0.0,4.2,6.8,250,0.0,0,1018.7,0.02,0.97,0.0
2022-10-15T05:00,11.0,33,-4.6,7.2,0.0,0.0,0.0,7.1,11.9,255,0.0,0,1019.2,0.04,0.88,0.0
2022-10-15T06:00,10.2,36,-4.2,6.5,0.0,0.0,0.0,6.8,11.5,252,5.0,0,1019.7,0.04,0.8,0.0
2022-10-15T07:00,12.8,31,-3.8,9.1,0.0,0.0,0.0,7.1,12.6,240,114.0,0,1020.4,0.09,1.02,0.0
2022-10-15T08:00,17.2,24,-3.6,14.2,0.0,0.0,0.0,2.4,12.6,243,313.0,0,1020.8,0.18,1.49,0.0
2022-10-15T09:00,20.7,19,-3.8,17.8,0.0,0.0,0.0,1.3,10.4,326,506.0,0,1020.0,0.3,1.97,0.0
2022-10-15T10:00,23.4,16,-4.2,21.0,0.0,0.0,0.0,3.0,14.4,346,657.0,0,1018.6,0.43,2.43,0.0
2022-10-15T11:00,25.5,13,-4.6,23.5,0.0,0.0,0.0,3.8,16.2,17,749.0,0,1017.5,0.51,2.82,0.0
2022-10-15T12:00,26.7,11,-6.2,24.5,0.0,0.0,0.0,4.3,16.9,90,772.0,0,1016.2,0.54,3.11,0.0
2022-10-15T13:00,27.3,10,-7.1,24.4,0.0,0.0,0.0,6.4,19.8,133,724.0,0,1015.1,0.53,3.27,0.0
2022-10-15T14:00,27.8,9,-8.4,23.8,0.0,0.0,0.0,8.0,21.6,153,606.0,96,1014.5,0.47,3.41,0.0
2022-10-15T15:00,27.0,9,-8.2,23.3,0.0,0.0,0.0,4.0,21.6,80,384.0,64,1014.6,0.28,3.23,0.0
2022-10-15T16:00,26.8,8,-9.6,22.2,0.0,0.0,0.0,9.4,18.7,47,235.0,83,1014.1,0.24,3.23,0.0
2022-10-15T17:00,24.4,10,-8.6,18.9,0.0,0.0,0.0,16.3,28.4,59,55.0,1,1014.8,0.21,2.74,0.0
2022-10-15T18:00,22.3,12,-8.3,17.7,0.0,0.0,0.0,9.7,28.8,88,0.0,0,1015.5,0.12,2.36,0.0
2022-10-15T19:00,20.6,14,-7.6,16.3,0.0,0.0,0.0,8.0,15.8,98,0.0,0,1015.7,0.09,2.07,0.0
2022-10-15T20:00,19.3,16,-7.2,14.9,0.0,0.0,0.0,9.0,11.2,88,0.0,0,1016.6,0.09,1.88,0.0
2022-10-15T21:00,20.5,14,-8.3,16.8,0.0,0.0,0.0,3.9,11.2,68,0.0,0,1017.0,0.04,2.08,0.0
2022-10-15T22:00,20.2,14,-8.3,16.8,0.0,0.0,0.0,1.8,5.4,323,0.0,1,1017.4,0.01,2.04,0.0
2022-10-15T23:00,19.4,15,-8.3,16.1,0.0,0.0,0.0,1.5,2.9,256,0.0,14,1017.4,0.01,1.93,0.0
2022-10-16T00:00,18.6,15,-8.3,15.3,0.0,0.0,0.0,1.1,3.2,252,0.0,0,1017.5,0.0,1.82,0.0
2022-10-16T01:00,15.0,20,-7.9,11.0,0.0,0.0,0.0,6.5,7.6,304,0.0,0,1017.7,0.06,1.37,0.0
2022-10-16T02:00,13.5,22,-8.0,9.5,0.0,0.0,0.0,6.5,8.3,267,0.0,0,1018.1,0.05,1.21,0.0
2022-10-16T03:00,13.7,23,-7.4,9.6,0.0,0.0,0.0,7.3,7.9,351,0.0,7,1019.8,0.06,1.22,0.007
2022-10-16T04:00,12.1,25,-7.2,7.9,0.0,0.0,0.0,8.2,10.4,308,0.0,0,1020.4,0.06,1.05,0.007
2022-10-16T05:00,10.3,29,-7.1,6.1,0.0,0.0,0.0,8.0,9.7,260,0.0,0,1021.1,0.05,0.89,0.007
2022-10-16T06:00,9.9,29,-7.3,5.9,0.0,0.0,0.0,7.0,10.4,258,4.0,31,1021.4,0.05,0.87,0.007
2022-10-16T07:00,13.1,24,-7.3,9.2,0.0,0.0,0.0,5.8,9.4,248,113.0,8,1022.1,0.09,1.15,0.007
2022-10-16T08:00,17.7,18,-7.3,14.3,0.0,0.0,0.0,2.8,10.8,220,313.0,12,1023.0,0.18,1.67,0.007
2022-10-16T09:00,21.0,15,-6.8,17.8,0.0,0.0,0.0,1.3,10.4,304,506.0,0,1022.4,0.3,2.11,0.007
2022-10-16T10:00,23.3,13,-6.7,20.7,0.0,0.0,0.0,2.4,13.3,63,657.0,0,1021.3,0.42,2.49,0.007
2022-10-16T11:00,25.3,12,-6.7,22.7,0.0,0.0,0.0,5.8,19.1,86,748.0,0,1020.2,0.53,2.85,0.007
2022-10-16T12:00,26.8,10,-7.0,24.0,0.0,0.0,0.0,7.9,22.3,90,770.0,0,1018.7,0.57,3.16,0.007
2022-10-16T13:00,27.6,10,-7.2,24.2,0.0,0.0,0.0,9.7,24.8,94,722.0,0,1017.8,0.56,3.34,0.007
2022-10-16T14:00,27.9,9,-7.4,23.4,0.0,0.0,0.0,11.9,26.6,92,608.0,0,1017.4,0.5,3.4,0.007
2022-10-16T15:00,27.2,10,-7.4,21.9,0.0,0.0,0.0,15.5,29.9,85,438.0,0,1017.7,0.42,3.25,0.008
2022-10-16T16:00,26.1,10,-7.4,20.5,0.0,0.0,0.0,17.8,32.8,83,235.0,0,1017.9,0.32,3.03,0.008
2022-10-16T17:00,24.0,12,-7.1,18.9,0.0,0.0,0.0,14.1,32.8,86,53.0,0,1018.2,0.18,2.62,0.008
2022-10-16T18:00,22.7,13,-6.8,18.0,0.0,0.0,0.0,11.6,23.8,116,0.0,7,1018.4,0.14,2.38,0.008
2022-10-16T19:00,20.7,15,-6.5,16.6,0.0,0.0,0.0,7.9,18.7,133,0.0,10,1018.7,0.09,2.07,0.008
2022-10-16T20:00,20.5,15,-6.7,16.4,0.0,0.0,0.0,7.7,11.2,127,0.0,0,1019.6,0.08,2.04,0.008
2022-10-16T21:00,18.3,18,-6.3,14.4,0.0,0.0,0.0,6.9,9.7,28,0.0,9,1020.2,0.07,1.72,0.008
2022-10-16T22:00,20.1,16,-6.9,16.3,0.0,0.0,0.0,5.0,9.4,30,0.0,0,1020.3,0.05,1.98,0.008
2022-10-16T23:00,19.9,16,-6.8,15.8,0.0,0.0,0.0,7.4,9.4,113,0.0,0,1020.4,0.08,1.96,0.008
2022-10-17T00:00,19.4,16,-6.8,15.3,0.0,0.0,0.0,7.6,11.2,135,0.0,0,1020.6,0.08,1.88,0.008
2022-10-17T01:00,18.7,17,-6.8,15.1,0.0,0.0,0.0,4.0,9.7,243,0.0,0,1021.3,0.04,1.79,0.008
2022-10-17T02:00,18.0,18,-6.8,14.9,0.0,0.0,0.0,1.1,5.8,270,0.0,0,1021.6,0.0,1.7,0.008
2022-10-17T03:00,16.9,20,-6.6,13.6,0.0,0.0,0.0,2.1,4.3,301,0.0,0,1022.3,0.01,1.55,0.007
2022-10-17T04:00,13.1,25,-6.4,9.3,0.0,0.0,0.0,5.8,6.8,360,0.0,0,1023.1,0.04,1.13,0.007
2022-10-17T05:00,10.8,30,-6.3,6.9,0.0,0.0,0.0,6.6,8.3,338,0.0,0,1023.9,0.04,0.91,0.007
2022-10-17T06:00,11.3,28,-6.4,7.6,0.0,0.0,0.0,4.7,7.9,302,4.0,0,1024.2,0.03,0.96,0.007
2022-10-17T07:00,13.6,24,-6.6,10.4,0.0,0.0,0.0,1.6,5.8,243,111.0,0,1024.5,0.05,1.18,0.007
2022-10-17T08:00,18.0,18,-6.6,14.7,0.0,0.0,0.0,2.1,8.6,239,310.0,0,1025.0,0.17,1.69,0.007
2022-10-17T09:00,20.9,15,-6.9,17.5,0.0,0.0,0.0,2.6,11.9,34,503.0,0,1024.5,0.31,2.1,0.007
2022-10-17T10:00,23.1,13,-7.0,20.2,0.0,0.0,0.0,4.2,15.8,59,654.0,7,1023.4,0.43,2.46,0.007
2022-10-17T11:00,25.2,11,-7.2,22.4,0.0,0.0,0.0,6.2,19.4,83,744.0,83,1022.2,0.53,2.84,0.007
2022-10-17T12:00,26.7,10,-7.4,23.6,0.0,0.0,0.0,9.0,23.4,90,766.0,27,1020.7,0.57,3.14,0.007
2022-10-17T13:00,27.7,9,-7.6,23.8,0.0,0.0,0.0,11.9,27.4,95,718.0,0,1019.4,0.57,3.36,0.007
2022-10-17T14:00,28.0,9,-7.7,23.1,0.0,0.0,0.0,14.8,31.3,96,603.0,13,1018.6,0.53,3.44,0.007
2022-10-17T15:00,27.7,9,-7.9,22.3,0.0,0.0,0.0,15.8,32.4,89,433.0,7,1018.4,0.43,3.38,0.008
2022-10-17T16:00,26.9,9,-8.5,21.3,0.0,0.0,0.0,16.7,31.7,83,231.0,27,1018.4,0.32,3.21,0.008
2022-10-17T17:00,24.4,11,-8.6,18.8,0.0,0.0,0.0,16.4,31.0,75,50.0,21,1018.5,0.21,2.73,0.008
2022-10-17T18:00,22.7,11,-8.8,17.9,0.0,0.0,0.0,11.0,27.7,101,0.0,16,1018.8,0.13,2.44,0.008
2022-10-17T19:00,20.7,14,-8.1,16.2,0.0,0.0,0.0,9.2,18.0,135,0.0,21,1018.9,0.1,2.1,0.008
2022-10-17T20:00,22.2,12,-8.7,17.9,0.0,0.0,0.0,7.4,12.2,133,0.0,29,1019.3,0.09,2.35,0.008
2022-10-17T21:00,18.5,16,-7.7,13.9,0.0,0.0,0.0,10.5,12.2,94,0.0,47,1019.9,0.11,1.78,0.008
2022-10-17T22:00,17.6,17,-7.7,12.8,0.0,0.0,0.0,11.4,14.0,108,0.0,28,1020.2,0.11,1.66,0.008
2022-10-17T23:00,17.5,18,-7.5,13.0,0.0,0.0,0.0,9.9,14.4,161,0.0,79,1020.1,0.1,1.65,0.008
2022-10-18T00:00,15.6,20,-7.4,11.2,0.0,0.0,0.0,9.6,12.6,214,0.0,79,1019.9,0.09,1.42,0.008
2022-10-18T01:00,14.9,21,-7.5,10.7,0.0,0.0,0.0,7.7,11.9,229,0.0,93,1019.8,0.07,1.34,0.008
2022-10-18T02:00,13.6,22,-7.6,9.8,0.0,0.0,0.0,5.2,9.7,326,0.0,100,1020.0,0.04,1.21,0.008
2022-10-18T03:00,11.9,25,-7.5,7.9,0.0,0.0,0.0,6.6,11.5,347,0.0,100,1020.9,0.05,1.04,0.009
2022-10-18T04:00,10.4,28,-7.2,6.1,0.0,0.0,0.0,8.8,11.2,348,0.0,88,1021.3,0.06,0.9,0.009
2022-10-18T05:00,9.7,30,-7.1,5.3,0.0,0.0,0.0,9.2,11.9,329,0.0,46,1021.2,0.06,0.84,0.009
2022-10-18T06:00,9.5,30,-7.1,5.7,0.0,0.0,0.0,5.8,10.8,274,4.0,79,1021.2,0.03,0.83,0.009
2022-10-18T07:00,13.0,24,-7.3,9.1,0.0,0.0,0.0,5.8,8.6,240,105.0,58,1021.8,0.08,1.14,0.009
2022-10-18T08:00,17.6,18,-7.3,13.9,0.0,0.0,0.0,4.9,12.6,234,305.0,53,1022.1,0.19,1.66,0.009
2022-10-18T09:00,20.8,14,-7.8,17.3,0.0,0.0,0.0,2.7,12.6,247,498.0,52,1021.6,0.31,2.12,0.009
2022-10-18T10:00,23.1,12,-8.1,20.6,0.0,0.0,0.0,0.4,12.2,90,652.0,17,1020.7,0.4,2.48,0.009
2022-10-18T11:00,25.0,11,-8.1,22.7,0.0,0.0,0.0,2.9,14.8,83,743.0,0,1019.4,0.5,2.83,0.009
2022-10-18T12:00,26.5,10,-8.2,24.1,0.0,0.0,0.0,4.6,17.3,72,766.0,0,1018.0,0.54,3.13,0.009
2022-10-18T13:00,27.4,9,-8.7,24.1,0.0,0.0,0.0,7.6,20.9,71,717.0,0,1016.5,0.53,3.33,0.009
2022-10-18T14:00,27.6,8,-9.1,23.1,0.0,0.0,0.0,10.8,25.2,69,602.0,0,1015.9,0.49,3.38,0.009
2022-10-18T15:00,27.1,8,-9.7,21.8,0.0,0.0,0.0,14.0,29.2,67,432.0,0,1015.8,0.41,3.28,0.013
2022-10-18T16:00,25.8,9,-10.0,20.1,0.0,0.0,0.0,16.5,31.0,70,230.0,0,1015.7,0.31,3.03,0.013
2022-10-18T17:00,23.2,10,-9.8,18.4,0.0,0.0,0.0,10.5,30.6,82,48.0,3,1016.1,0.14,2.55,0.013
2022-10-18T18:00,21.6,12,-9.2,17.4,0.0,0.0,0.0,6.6,17.3,135,0.0,6,1016.1,0.08,2.27,0.013
2022-10-18T19:00,20.8,13,-8.7,16.6,0.0,0.0,0.0,7.2,10.8,72,0.0,77,1016.4,0.08,2.13,0.013
2022-10-18T20:00,19.9,13,-9.5,15.2,0.0,0.0,0.0,10.5,15.8,31,0.0,48,1017.2,0.12,2.03,0.013
2022-10-18T21:00,18.9,15,-8.0,14.4,0.0,0.0,0.0,9.4,19.1,72,0.0,56,1017.6,0.1,1.84,0.013
2022-10-18T22:00,17.9,17,-7.4,13.7,0.0,0.0,0.0,7.9,15.1,60,0.0,36,1017.9,0.08,1.7,0.013
2022-10-18T23:00,16.9,19,-7.3,12.8,0.0,0.0,0.0,7.3,11.5,340,0.0,52,1018.5,0.07,1.56,0.013
2022-10-19T00:00,15.8,21,-6.8,11.7,0.0,0.0,0.0,7.6,13.7,355,0.0,28,1018.2,0.07,1.43,0.013
2022-10-19T01:00,15.7,22,-6.1,11.7,0.0,0.0,0.0,7.3,11.9,349,0.0,0,1018.7,0.06,1.39,0.013
2022-10-19T02:00,14.2,26,-5.1,10.2,0.0,0.0,0.0,8.2,11.9,345,0.0,0,1019.1,0.06,1.19,0.013
2022-10-19T03:00,12.3,30,-4.7,7.9,0.0,0.0,0.0,11.2,13.0,339,0.0,8,1020.0,0.07,0.99,0.013
2022-10-19T04:00,13.2,29,-4.3,9.3,0.0,0.0,0.0,7.8,13.7,338,0.0,0,1020.7,0.05,1.07,0.013
2022-10-19T05:00,12.9,34,-2.7,8.9,0.0,0.0,0.0,9.8,15.8,336,0.0,4,1021.7,0.06,0.98,0.013
2022-10-19T06:00,11.7,41,-1.2,8.1,0.0,0.0,0.0,9.2,19.8,329,3.0,0,1022.5,0.05,0.82,0.013
2022-10-19T07:00,13.5,38,-0.6,10.4,0.0,0.0,0.0,6.3,14.4,283,106.0,0,1023.5,0.08,0.96,0.013
2022-10-19T08:00,16.8,32,-0.2,14.0,0.0,0.0,0.0,4.7,14.4,302,302.0,0,1023.8,0.18,1.31,0.013
2022-10-19T09:00,19.4,25,-1.4,15.8,0.0,0.0,0.0,8.7,20.2,187,493.0,0,1023.1,0.33,1.7,0.013
2022-10-19T10:00,20.9,25,0.2,18.1,0.0,0.0,0.0,8.9,23.0,153,641.0,0,1022.3,0.43,1.85,0.013
2022-10-19T11:00,22.2,25,1.0,19.7,0.0,0.0,0.0,10.5,25.9,117,729.0,0,1021.2,0.51,2.01,0.013
2022-10-19T12:00,23.2,20,-1.1,20.3,0.0,0.0,0.0,11.6,28.1,95,749.0,0,1019.8,0.54,2.27,0.013
2022-10-19T13:00,23.7,17,-2.5,20.3,0.0,0.0,0.0,12.0,28.4,81,701.0,0,1018.7,0.52,2.42,0.013
2022-10-19T14:00,23.8,18,-2.0,19.9,0.0,0.0,0.0,12.0,28.1,74,588.0,0,1018.1,0.45,2.42,0.013
2022-10-19T15:00,23.2,19,-1.8,19.2,0.0,0.0,0.0,11.1,27.4,65,421.0,0,1018.1,0.34,2.31,0.009
2022-10-19T16:00,22.7,20,-1.7,19.0,0.0,0.0,0.0,9.0,24.5,67,221.0,0,1018.0,0.2,2.22,0.009
2022-10-19T17:00,22.0,21,-1.6,19.0,0.0,0.0,0.0,4.0,18.4,153,45.0,0,1017.7,0.05,2.09,0.009
2022-10-19T18:00,19.6,24,-1.9,16.1,0.0,0.0,0.0,7.4,9.7,151,0.0,0,1018.3,0.07,1.74,0.009
2022-10-19T19:00,18.9,23,-3.0,15.1,0.0,0.0,0.0,8.7,13.0,138,0.0,0,1018.9,0.08,1.69,0.009
2022-10-19T20:00,17.6,31,0.1,13.8,0.0,0.0,0.0,10.9,18.4,134,0.0,0,1019.6,0.09,1.39,0.009
2022-10-19T21:00,16.7,34,0.9,13.3,0.0,0.0,0.0,9.7,18.0,138,0.0,0,1019.9,0.07,1.24,0.009
2022-10-19T22:00,15.7,37,1.0,12.6,0.0,0.0,0.0,7.2,15.8,162,0.0,0,1019.8,0.05,1.12,0.009
2022-10-19T23:00,14.1,41,1.2,11.1,0.0,0.0,0.0,7.0,11.9,235,0.0,0,1019.8,0.04,0.95,0.009
2022-10-20T00:00,14.0,40,0.6,11.2,0.0,0.0,0.0,5.5,9.0,281,0.0,0,1019.9,0.03,0.96,0.009
2022-10-20T01:00,12.2,44,0.2,9.3,0.0,0.0,0.0,5.1,9.4,278,0.0,0,1019.8,0.02,0.8,0.009
2022-10-20T02:00,11.2,46,-0.1,8.2,0.0,0.0,0.0,5.6,7.6,297,0.0,0,1019.7,0.02,0.72,0.009
2022-10-20T03:00,9.7,52,0.4,6.6,0.0,0.0,0.0,7.4,8.6,317,0.0,0,1020.2,0.02,0.57,0.009
2022-10-20T04:00,9.2,55,0.7,6.2,0.0,0.0,0.0,6.4,8.6,313,0.0,0,1020.6,0.02,0.52,0.009
2022-10-20T05:00,8.4,59,0.7,5.4,0.0,0.0,0.0,6.5,7.6,289,0.0,0,1020.9,0.01,0.46,0.009
2022-10-20T06:00,8.1,59,0.6,5.2,0.0,0.0,0.0,5.4,8.3,262,3.0,0,1021.3,0.02,0.44,0.009
2022-10-20T07:00,11.0,48,0.5,7.8,0.0,0.0,0.0,7.4,12.2,241,103.0,3,1022.0,0.07,0.67,0.009
2022-10-20T08:00,15.2,37,0.6,12.3,0.0,0.0,0.0,5.3,13.7,242,298.0,98,1022.2,0.18,1.09,0.009
2022-10-20T09:00,17.9,31,0.6,15.4,0.0,0.0,0.0,3.5,14.0,246,487.0,100,1021.1,0.29,1.41,0.009
2022-10-20T10:00,20.0,27,0.3,18.1,0.0,0.0,0.0,1.3,13.7,236,604.0,100,1019.8,0.37,1.71,0.009
2022-10-20T11:00,21.5,24,-0.3,19.5,0.0,0.0,0.0,2.1,13.3,121,631.0,100,1018.4,0.41,1.96,0.009
2022-10-20T12:00,22.7,21,-0.6,20.6,0.0,0.0,0.0,3.0,14.8,104,629.0,100,1017.0,0.43,2.17,0.009
2022-10-20T13:00,23.7,20,-0.9,20.8,0.0,0.0,0.0,4.0,15.8,85,556.0,100,1015.6,0.39,2.35,0.009
2022-10-20T14:00,24.0,19,-1.4,20.8,0.0,0.0,0.0,6.0,17.3,73,410.0,100,1015.0,0.32,2.43,0.009
2022-10-20T15:00,24.5,17,-2.4,20.8,0.0,0.0,0.0,8.2,20.2,75,326.0,100,1014.6,0.28,2.55,0.009
2022-10-20T16:00,23.7,17,-3.0,19.7,0.0,0.0,0.0,10.1,20.2,90,195.0,74,1014.7,0.21,2.44,0.009
2022-10-20T17:00,21.5,19,-3.4,17.6,0.0,0.0,0.0,8.6,19.8,88,42.0,0,1014.8,0.1,2.09,0.009
2022-10-20T18:00,19.9,21,-3.0,16.5,0.0,0.0,0.0,5.7,14.0,108,0.0,3,1014.9,0.05,1.83,0.009
2022-10-20T19:00,18.9,23,-3.0,15.1,0.0,0.0,0.0,8.2,10.1,131,0.0,0,1015.2,0.08,1.69,0.009
2022-10-20T20:00,18.3,24,-2.7,14.6,0.0,0.0,0.0,8.0,12.2,207,0.0,0,1015.6,0.07,1.6,0.009
2022-10-20T21:00,17.8,24,-2.9,14.1,0.0,0.0,0.0,8.0,12.2,262,0.0,2,1015.9,0.07,1.54,0.009
2022-10-20T22:00,15.6,29,-2.5,11.9,0.0,0.0,0.0,7.9,12.6,294,0.0,15,1016.3,0.06,1.26,0.009
2022-10-20T23:00,16.2,27,-2.9,13.1,0.0,0.0,0.0,4.0,9.0,5,0.0,30,1016.3,0.03,1.35,0.009
2022-10-21T00:00,15.8,28,-3.0,13.0,0.0,0.0,0.0,1.1,4.7,252,0.0,17,1016.7,0.0,1.3,0.009
2022-10-21T01:00,12.7,34,-2.7,9.4,0.0,0.0,0.0,5.8,8.3,266,0.0,33,1016.4,0.03,0.97,0.009
2022-10-21T02:00,12.1,36,-2.4,8.6,0.0,0.0,0.0,6.6,10.4,261,0.0,68,1016.6,0.04,0.9,0.009
2022-10-21T03:00,10.6,41,-2.3,7.2,0.0,0.0,0.0,6.8,11.5,238,0.0,99,1017.1,0.03,0.76,0.009
2022-10-21T04:00,10.2,41,-2.4,6.7,0.0,0.0,0.0,6.6,11.5,248,0.0,97,1017.6,0.03,0.73,0.009
2022-10-21T05:00,9.7,42,-2.7,6.3,0.0,0.0,0.0,6.0,10.4,237,0.0,98,1018.2,0.03,0.7,0.009
2022-10-21T06:00,9.5,42,-2.9,5.9,0.0,0.0,0.0,7.2,10.8,233,2.0,96,1019.0,0.04,0.69,0.009
2022-10-21T07:00,11.6,36,-2.8,7.5,0.0,0.0,0.0,10.8,17.6,240,94.0,83,1019.6,0.1,0.87,0.009
2022-10-21T08:00,15.5,29,-2.7,11.9,0.0,0.0,0.0,7.7,18.4,242,288.0,2,1019.9,0.19,1.26,0.009
2022-10-21T09:00,19.7,22,-2.5,16.1,0.0,0.0,0.0,7.3,18.4,237,487.0,0,1019.5,0.33,1.78,0.009
2022-10-21T10:00,22.5,19,-2.4,19.7,0.0,0.0,0.0,6.3,19.1,246,638.0,18,1018.0,0.43,2.21,0.009
2022-10-21T11:00,24.0,16,-3.0,22.0,0.0,0.0,0.0,3.9,18.4,202,727.0,65,1016.7,0.49,2.49,0.009
2022-10-21T12:00,25.3,13,-4.9,22.8,0.0,0.0,0.0,6.1,18.7,208,743.0,52,1015.2,0.53,2.8,0.009
2022-10-21T13:00,26.1,11,-6.4,22.4,0.0,0.0,0.0,10.5,24.5,229,689.0,45,1014.3,0.53,2.99,0.009
2022-10-21T14:00,26.2,11,-6.9,21.4,0.0,0.0,0.0,13.2,28.4,241,575.0,0,1014.0,0.48,3.03,0.009
2022-10-21T15:00,26.0,11,-7.0,21.1,0.0,0.0,0.0,13.0,28.4,236,415.0,0,1013.8,0.38,3.0,0.01
2022-10-21T16:00,25.6,11,-7.7,21.2,0.0,0.0,0.0,8.7,24.8,232,215.0,0,1013.7,0.21,2.93,0.01
2022-10-21T17:00,23.3,12,-7.4,19.0,0.0,0.0,0.0,8.7,15.1,222,41.0,0,1013.6,0.11,2.5,0.01
2022-10-21T18:00,22.5,11,-9.0,18.1,0.0,0.0,0.0,8.2,13.3,209,0.0,0,1014.7,0.1,2.41,0.01
2022-10-21T19:00,19.8,14,-8.3,15.8,0.0,0.0,0.0,5.9,13.0,166,0.0,0,1016.0,0.06,1.98,0.01
2022-10-21T20:00,18.5,17,-7.0,14.4,0.0,0.0,0.0,7.5,10.8,163,0.0,0,1017.1,0.08,1.76,0.01
2022-10-21T21:00,17.2,19,-6.6,13.1,0.0,0.0,0.0,8.1,9.7,212,0.0,0,1017.8,0.08,1.59,0.01
2022-10-21T22:00,16.8,20,-6.4,12.7,0.0,0.0,0.0,7.4,11.9,223,0.0,0,1018.2,0.07,1.53,0.01
2022-10-21T23:00,16.7,21,-6.0,12.0,0.0,0.0,0.0,12.3,19.4,230,0.0,0,1018.3,0.11,1.51,0.01
2022-10-22T00:00,15.7,22,-5.9,10.9,0.0,0.0,0.0,13.0,21.6,236,0.0,0,1018.5,0.11,1.38,0.01
2022-10-22T01:00,14.8,24,-5.6,9.9,0.0,0.0,0.0,13.6,22.0,238,0.0,0,1018.8,0.11,1.28,0.01
2022-10-22T02:00,13.9,27,-5.1,9.2,0.0,0.0,0.0,12.6,22.3,243,0.0,0,1019.0,0.09,1.16,0.01
2022-10-22T03:00,13.0,29,-4.9,8.7,0.0,0.0,0.0,10.4,20.9,250,0.0,0,1019.6,0.07,1.07,0.011
2022-10-22T04:00,12.1,31,-4.7,8.1,0.0,0.0,0.0,8.4,16.6,260,0.0,0,1020.5,0.06,0.98,0.011
2022-10-22T05:00,11.1,33,-4.7,7.3,0.0,0.0,0.0,7.1,13.3,246,0.0,0,1021.2,0.04,0.89,0.011
2022-10-22T06:00,10.3,35,-4.7,6.3,0.0,0.0,0.0,8.8,13.7,235,2.0,0,1021.8,0.06,0.82,0.011
2022-10-22T07:00,12.4,30,-4.6,8.1,0.0,0.0,0.0,10.5,17.6,229,98.0,0,1022.2,0.1,1.0,0.011
2022-10-22T08:00,16.3,23,-4.7,12.3,0.0,0.0,0.0,8.2,18.4,229,292.0,0,1022.7,0.2,1.42,0.011
2022-10-22T09:00,20.4,18,-5.0,16.7,0.0,0.0,0.0,6.3,17.6,239,482.0,0,1022.4,0.32,1.97,0.011
2022-10-22T10:00,23.3,15,-4.9,20.2,0.0,0.0,0.0,5.2,17.3,254,630.0,0,1021.2,0.43,2.43,0.011
2022-10-22T11:00,25.0,13,-5.2,22.7,0.0,0.0,0.0,3.8,16.6,229,719.0,0,1019.9,0.49,2.75,0.011
2022-10-22T12:00,26.3,12,-5.8,23.9,0.0,0.0,0.0,4.8,17.3,228,740.0,0,1018.5,0.52,3.02,0.011
2022-10-22T13:00,26.9,11,-6.4,23.8,0.0,0.0,0.0,6.9,19.4,219,690.0,0,1017.5,0.51,3.16,0.011
2022-10-22T14:00,27.2,10,-6.9,23.0,0.0,0.0,0.0,8.9,21.6,223,576.0,0,1016.9,0.45,3.23,0.011
2022-10-22T15:00,26.9,10,-7.4,22.6,0.0,0.0,0.0,8.2,22.3,218,406.0,1,1017.1,0.33,3.18,0.011
2022-10-22T16:00,26.4,10,-7.3,22.4,0.0,0.0,0.0,6.1,18.4,177,209.0,2,1017.0,0.18,3.08,0.011
2022-10-22T17:00,23.9,12,-7.0,19.6,0.0,0.0,0.0,8.7,13.0,114,39.0,26,1017.3,0.11,2.6,0.011
2022-10-22T18:00,22.2,14,-6.2,17.5,0.0,0.0,0.0,12.2,21.2,104,0.0,39,1018.5,0.14,2.28,0.011
2022-10-22T19:00,20.8,16,-6.2,16.8,0.0,0.0,0.0,7.8,20.5,112,0.0,43,1019.0,0.08,2.07,0.011
2022-10-22T20:00,20.3,16,-6.1,16.4,0.0,0.0,0.0,6.9,12.6,99,0.0,25,1019.6,0.07,1.99,0.011
2022-10-22T21:00,18.5,19,-6.0,14.5,0.0,0.0,0.0,7.3,11.5,9,0.0,4,1021.0,0.07,1.73,0.011
2022-10-22T22:00,17.3,25,-2.8,13.7,0.0,0.0,0.0,7.4,11.9,29,0.0,6,1021.8,0.06,1.48,0.011
2022-10-22T23:00,17.4,28,-1.3,13.7,0.0,0.0,0.0,9.2,14.8,11,0.0,1,1021.8,0.08,1.43,0.011
2022-10-23T00:00,16.2,31,-0.9,12.6,0.0,0.0,0.0,8.8,15.5,9,0.0,0,1021.5,0.07,1.26,0.011
2022-10-23T01:00,13.8,38,-0.5,10.4,0.0,0.0,0.0,7.6,14.0,352,0.0,0,1021.7,0.05,0.98,0.011
2022-10-23T02:00,12.8,40,-0.6,9.7,0.0,0.0,0.0,5.7,9.4,305,0.0,0,1022.1,0.03,0.89,0.011
2022-10-23T03:00,12.2,42,-0.5,9.1,0.0,0.0,0.0,6.2,10.1,280,0.0,0,1022.6,0.03,0.83,0.011
2022-10-23T04:00,11.8,43,-0.6,8.8,0.0,0.0,0.0,5.4,7.2,266,0.0,0,1022.7,0.02,0.79,0.011
2022-10-23T05:00,10.3,47,-0.7,7.2,0.0,0.0,0.0,5.8,6.8,248,0.0,0,1023.4,0.02,0.67,0.011
2022-10-23T06:00,9.6,46,-1.4,6.6,0.0,0.0,0.0,4.9,8.6,234,2.0,0,1024.0,0.02,0.64,0.011
2022-10-23T07:00,11.6,39,-1.9,8.0,0.0,0.0,0.0,7.9,13.0,231,96.0,0,1024.4,0.08,0.83,0.011
2022-10-23T08:00,16.2,29,-2.0,13.2,0.0,0.0,0.0,4.4,13.3,235,288.0,0,1024.7,0.17,1.31,0.011
2022-10-23T09:00,19.5,23,-2.1,16.6,0.0,0.0,0.0,3.3,13.0,229,477.0,0,1024.0,0.29,1.74,0.011
2022-10-23T10:00,21.8,18,-3.3,19.2,0.0,0.0,0.0,3.3,14.0,174,625.0,0,1022.9,0.4,2.13,0.011
2022-10-23T11:00,23.7,16,-3.8,21.6,0.0,0.0,0.0,3.2,15.5,180,714.0,0,1021.3,0.47,2.46,0.011
2022-10-23T12:00,25.1,14,-4.2,23.2,0.0,0.0,0.0,2.4,15.5,207,735.0,0,1019.5,0.49,2.73,0.011
2022-10-23T13:00,26.1,13,-5.0,23.7,0.0,0.0,0.0,2.9,14.4,240,687.0,3,1018.1,0.47,2.95,0.011
2022-10-23T14:00,26.5,12,-5.8,23.2,0.0,0.0,0.0,3.8,14.8,287,573.0,23,1017.4,0.39,3.06,0.01
2022-10-23T15:00,25.7,12,-6.4,22.6,0.0,0.0,0.0,1.3,14.8,34,400.0,80,1017.1,0.24,2.92,0.01
2022-10-23T16:00,25.5,12,-6.2,21.0,0.0,0.0,0.0,10.9,20.5,98,188.0,65,1016.5,0.23,2.87,0.01
2022-10-23T17:00,22.8,15,-5.1,17.7,0.0,0.0,0.0,15.5,28.4,87,35.0,59,1017.0,0.18,2.35,0.01
2022-10-23T18:00,21.2,17,-5.0,17.6,0.0,0.0,0.0,5.8,26.6,97,0.0,65,1017.4,0.06,2.1,0.01
2022-10-23T19:00,20.1,18,-5.1,16.5,0.0,0.0,0.0,5.4,9.7,188,0.0,36,1018.1,0.05,1.93,0.01
2022-10-23T20:00,19.1,19,-5.2,14.9,0.0,0.0,0.0,8.9,16.6,227,0.0,0,1018.4,0.09,1.79,0.01
2022-10-23T21:00,18.1,20,-5.2,14.4,0.0,0.0,0.0,5.5,13.7,302,0.0,28,1018.2,0.05,1.65,0.01
2022-10-23T22:00,16.9,22,-5.1,13.1,0.0,0.0,0.0,6.6,12.6,315,0.0,15,1018.5,0.06,1.51,0.01
2022-10-23T23:00,14.8,26,-4.7,10.9,0.0,0.0,0.0,7.5,10.1,287,0.0,35,1018.5,0.06,1.25,0.01
2022-10-24T00:00,14.2,26,-5.2,10.3,0.0,0.0,0.0,6.9,9.4,279,0.0,54,1018.9,0.05,1.2,0.01
2022-10-24T01:00,13.0,27,-5.6,8.9,0.0,0.0,0.0,8.7,10.4,277,0.0,12,1019.1,0.06,1.09,0.01
2022-10-24T02:00,12.3,28,-5.8,8.4,0.0,0.0,0.0,7.3,11.5,250,0.0,9,1019.2,0.05,1.03,0.01
2022-10-24T03:00,11.3,30,-5.5,7.4,0.0,0.0,0.0,6.6,9.7,248,0.0,6,1020.2,0.04,0.93,0.01
2022-10-24T04:00,11.0,31,-5.4,7.1,0.0,0.0,0.0,6.8,10.4,238,0.0,4,1020.1,0.04,0.9,0.01
2022-10-24T05:00,10.3,34,-4.9,6.2,0.0,0.0,0.0,9.1,14.4,236,0.0,17,1020.2,0.05,0.83,0.01
2022-10-24T06:00,9.8,36,-4.6,5.7,0.0,0.0,0.0,9.3,15.1,242,2.0,38,1020.4,0.05,0.78,0.01
2022-10-24T07:00,12.0,32,-4.3,7.6,0.0,0.0,0.0,11.3,17.6,233,93.0,15,1021.0,0.1,0.95,0.01
2022-10-24T08:00,15.9,25,-4.3,12.0,0.0,0.0,0.0,7.9,18.7,231,288.0,2,1021.3,0.19,1.36,0.01
2022-10-24T09:00,19.6,20,-4.4,16.1,0.0,0.0,0.0,5.3,16.9,242,480.0,0,1020.5,0.31,1.83,0.01
2022-10-24T10:00,22.7,16,-4.8,20.0,0.0,0.0,0.0,3.2,15.5,270,629.0,0,1018.8,0.41,2.33,0.01
2022-10-24T11:00,24.7,12,-6.1,22.3,0.0,0.0,0.0,3.9,15.5,304,718.0,26,1017.2,0.49,2.72,0.01
2022-10-24T12:00,25.6,10,-7.8,23.2,0.0,0.0,0.0,3.3,16.6,311,736.0,66,1015.7,0.5,2.93,0.01
2022-10-24T13:00,26.1,9,-9.3,23.3,0.0,0.0,0.0,2.9,15.5,240,684.0,100,1014.6,0.46,3.07,0.01
2022-10-24T14:00,26.0,9,-9.9,22.0,0.0,0.0,0.0,5.4,16.6,222,531.0,100,1013.9,0.38,3.07,0.01
2022-10-24T15:00,25.6,9,-9.1,21.5,0.0,0.0,0.0,6.1,16.6,208,350.0,100,1013.7,0.28,2.98,0.014
2022-10-24T16:00,25.4,9,-9.6,21.4,0.0,0.0,0.0,5.2,15.1,205,181.0,100,1013.4,0.15,2.94,0.013
2022-10-24T17:00,22.5,12,-8.7,18.5,0.0,0.0,0.0,5.5,10.8,148,33.0,100,1013.3,0.07,2.4,0.013
2022-10-24T18:00,21.2,13,-8.4,16.8,0.0,0.0,0.0,8.6,13.0,147,0.0,97,1013.6,0.1,2.19,0.013
2022-10-24T19:00,20.0,14,-8.1,15.7,0.0,0.0,0.0,8.1,15.1,167,0.0,81,1014.1,0.09,2.0,0.013
2022-10-24T20:00,19.2,14,-8.8,15.0,0.0,0.0,0.0,6.7,13.0,216,0.0,99,1014.7,0.07,1.9,0.013
2022-10-24T21:00,17.8,15,-9.6,13.3,0.0,0.0,0.0,8.7,13.7,240,0.0,97,1014.7,0.09,1.74,0.013
2022-10-24T22:00,17.4,17,-8.4,12.6,0.0,0.0,0.0,11.2,18.0,249,0.0,96,1015.0,0.11,1.66,0.013
2022-10-24T23:00,17.0,19,-7.0,12.4,0.0,0.0,0.0,11.3,18.4,243,0.0,100,1015.0,0.11,1.57,0.013
2022-10-25T00:00,16.0,21,-6.4,11.8,0.0,0.0,0.0,8.8,18.4,251,0.0,100,1014.9,0.08,1.44,0.013
2022-10-25T01:00,14.6,24,-6.0,10.7,0.0,0.0,0.0,6.6,14.0,283,0.0,100,1015.5,0.05,1.27,0.013
2022-10-25T02:00,12.9,28,-5.5,8.9,0.0,0.0,0.0,8.0,10.4,265,0.0,100,1015.6,0.06,1.08,0.013
2022-10-25T03:00,12.9,27,-5.5,9.2,0.0,0.0,0.0,5.5,10.1,259,0.0,100,1016.0,0.04,1.08,0.01
2022-10-25T04:00,12.8,28,-5.4,8.9,0.0,0.0,0.0,7.1,10.8,240,0.0,100,1016.2,0.05,1.07,0.01
2022-10-25T05:00,12.1,29,-5.6,8.1,0.0,0.0,0.0,8.2,12.6,229,0.0,100,1016.5,0.06,1.01,0.01
2022-10-25T06:00,11.8,29,-5.8,7.6,0.0,0.0,0.0,8.6,13.3,237,1.0,100,1017.2,0.07,0.98,0.01
2022-10-25T07:00,13.5,26,-5.9,9.2,0.0,0.0,0.0,10.0,15.5,232,74.0,100,1017.9,0.11,1.15,0.01
2022-10-25T08:00,16.9,20,-6.0,13.0,0.0,0.0,0.0,6.4,16.6,223,229.0,100,1018.1,0.17,1.53,0.01
2022-10-25T09:00,20.5,16,-6.1,16.7,0.0,0.0,0.0,5.9,15.8,223,430.0,100,1017.7,0.3,2.02,0.01
2022-10-25T10:00,23.8,13,-6.7,20.0,0.0,0.0,0.0,7.1,18.7,229,593.0,100,1016.2,0.43,2.57,0.01
2022-10-25T11:00,26.0,13,-4.5,21.9,0.0,0.0,0.0,14.0,28.8,258,671.0,99,1014.7,0.55,2.92,0.01
2022-10-25T12:00,26.9,12,-4.6,21.5,0.0,0.0,0.0,23.1,42.8,272,707.0,99,1013.6,0.63,3.1,0.01
2022-10-25T13:00,27.4,10,-6.9,21.8,0.0,0.0,0.0,19.8,46.1,268,617.0,100,1012.5,0.58,3.27,0.01
2022-10-25T14:00,27.4,10,-6.5,22.0,0.0,0.0,0.0,16.8,38.2,293,411.0,100,1011.9,0.45,3.26,0.01
2022-10-25T15:00,27.0,10,-7.7,22.1,0.0,0.0,0.0,12.4,33.1,300,266.0,100,1011.7,0.32,3.22,0.01
2022-10-25T16:00,26.5,9,-8.4,22.2,0.0,0.0,0.0,8.0,22.3,280,125.0,100,1011.9,0.18,3.14,0.01
2022-10-25T17:00,25.0,12,-6.9,20.8,0.0,0.0,0.0,7.9,15.1,273,24.0,100,1012.6,0.12,2.79,0.01
2022-10-25T18:00,23.2,14,-5.7,18.8,0.0,0.0,0.0,10.5,15.1,221,0.0,100,1014.2,0.12,2.44,0.01
2022-10-25T19:00,22.1,17,-4.1,17.7,0.0,0.0,0.0,11.4,22.0,294,0.0,100,1015.7,0.13,2.2,0.01
2022-10-25T20:00,19.7,20,-3.7,16.0,0.0,0.0,0.0,7.4,19.4,337,0.0,100,1016.5,0.07,1.83,0.01
2022-10-25T21:00,18.3,24,-2.5,14.9,0.0,0.0,0.0,5.8,11.9,300,0.0,100,1016.9,0.05,1.59,0.01
2022-10-25T22:00,16.4,27,-2.6,12.9,0.0,0.0,0.0,6.7,9.0,286,0.0,100,1017.3,0.05,1.36,0.01
2022-10-25T23:00,15.2,29,-2.7,11.6,0.0,0.0,0.0,7.4,9.4,317,0.0,100,1017.7,0.06,1.22,0.01
2022-10-26T00:00,14.0,33,-2.1,10.5,0.0,0.0,0.0,7.6,9.4,335,0.0,100,1018.2,0.05,1.07,0.01
2022-10-26T01:00,12.8,37,-1.7,9.2,0.0,0.0,0.0,8.7,10.4,308,0.0,83,1018.5,0.05,0.94,0.01
2022-10-26T02:00,12.5,36,-2.3,9.1,0.0,0.0,0.0,6.2,10.4,280,0.0,83,1018.9,0.04,0.93,0.01
2022-10-26T03:00,11.5,38,-2.5,7.9,0.0,0.0,0.0,7.6,9.4,275,0.0,34,1019.3,0.04,0.85,0.01
2022-10-26T04:00,10.4,41,-2.2,6.5,0.0,0.0,0.0,9.4,11.2,272,0.0,30,1019.8,0.05,0.74,0.01
2022-10-26T05:00,9.8,44,-1.8,6.2,0.0,0.0,0.0,8.1,11.2,257,0.0,42,1020.4,0.04,0.67,0.01
2022-10-26T06:00,9.9,46,-1.3,6.5,0.0,0.0,0.0,6.8,10.1,245,1.0,19,1021.2,0.04,0.66,0.01
2022-10-26T07:00,12.1,40,-1.0,8.3,0.0,0.0,0.0,10.2,15.5,238,88.0,0,1021.8,0.09,0.84,0.01
2022-10-26T08:00,16.1,32,-0.8,12.8,0.0,0.0,0.0,7.5,17.3,235,276.0,0,1022.4,0.18,1.25,0.01
2022-10-26T09:00,19.5,26,-0.5,16.5,0.0,0.0,0.0,5.4,16.2,250,463.0,0,1021.9,0.3,1.68,0.01
2022-10-26T10:00,22.3,22,-0.4,19.7,0.0,0.0,0.0,4.7,16.2,266,608.0,54,1020.6,0.4,2.09,0.01
2022-10-26T11:00,24.4,19,-0.6,22.5,0.0,0.0,0.0,4.2,16.6,290,694.0,84,1019.3,0.48,2.47,0.01
2022-10-26T12:00,25.7,17,-1.5,24.0,0.0,0.0,0.0,2.4,16.2,333,712.0,58,1018.2,0.48,2.75,0.01
2022-10-26T13:00,26.2,15,-2.1,24.0,0.0,0.0,0.0,3.8,15.8,41,664.0,79,1017.3,0.46,2.88,0.01
2022-10-26T14:00,26.3,15,-2.3,23.0,0.0,0.0,0.0,5.6,17.6,63,548.0,100,1017.0,0.4,2.91,0.01
2022-10-26T15:00,25.9,15,-2.7,22.4,0.0,0.0,0.0,6.7,18.0,74,386.0,1,1017.3,0.3,2.83,0.009
2022-10-26T16:00,25.2,16,-2.7,21.1,0.0,0.0,0.0,10.3,20.2,78,189.0,50,1017.4,0.21,2.7,0.009
2022-10-26T17:00,23.0,19,-2.2,18.9,0.0,0.0,0.0,11.2,20.9,86,30.0,23,1017.6,0.13,2.28,0.009
2022-10-26T18:00,21.5,20,-2.2,17.7,0.0,0.0,0.0,9.6,18.7,110,0.0,17,1018.0,0.1,2.04,0.009
2022-10-26T19:00,20.3,22,-2.4,16.8,0.0,0.0,0.0,6.8,16.2,122,0.0,4,1018.8,0.07,1.86,0.009
2022-10-26T20:00,20.4,21,-2.5,17.7,0.0,0.0,0.0,1.8,10.8,360,0.0,15,1019.9,0.01,1.89,0.009
2022-10-26T21:00,18.0,25,-2.4,14.5,0.0,0.0,0.0,6.9,9.4,81,0.0,32,1020.7,0.06,1.54,0.009
2022-10-26T22:00,17.6,27,-1.7,13.9,0.0,0.0,0.0,8.9,14.0,133,0.0,37,1020.6,0.07,1.47,0.009
2022-10-26T23:00,16.7,32,-0.1,13.2,0.0,0.0,0.0,9.2,16.2,132,0.0,50,1020.7,0.07,1.29,0.009
2022-10-27T00:00,15.0,38,0.6,11.7,0.0,0.0,0.0,8.2,14.8,105,0.0,25,1020.7,0.05,1.06,0.009
2022-10-27T01:00,13.3,43,1.0,10.1,0.0,0.0,0.0,8.4,11.2,50,0.0,0,1021.5,0.04,0.87,0.009
2022-10-27T02:00,14.1,41,0.9,11.6,0.0,0.0,0.0,3.5,10.1,24,0.0,11,1021.7,0.01,0.96,0.009
2022-10-27T03:00,11.4,48,0.9,8.7,0.0,0.0,0.0,4.3,6.1,5,0.0,15,1022.1,0.01,0.69,0.01
2022-10-27T04:00,11.9,47,0.8,9.4,0.0,0.0,0.0,2.9,5.8,330,0.0,8,1022.0,0.0,0.74,0.01
2022-10-27T05:00,10.6,50,0.7,8.0,0.0,0.0,0.0,3.8,4.7,311,0.0,15,1022.1,0.01,0.64,0.01
2022-10-27T06:00,9.6,54,0.6,6.9,0.0,0.0,0.0,4.3,5.4,294,1.0,56,1022.7,0.02,0.55,0.01
2022-10-27T07:00,11.5,47,0.5,8.9,0.0,0.0,0.0,3.3,5.4,264,85.0,27,1023.3,0.04,0.72,0.01
2022-10-27T08:00,15.0,37,0.5,12.5,0.0,0.0,0.0,2.6,9.7,254,272.0,17,1023.5,0.15,1.07,0.01
2022-10-27T09:00,18.0,31,0.4,15.6,0.0,0.0,0.0,1.9,11.2,248,457.0,4,1023.0,0.27,1.43,0.01
2022-10-27T10:00,20.4,25,-0.1,18.4,0.0,0.0,0.0,1.1,11.9,180,602.0,30,1021.8,0.37,1.78,0.01
2022-10-27T11:00,22.4,22,-0.6,20.9,0.0,0.0,0.0,1.5,13.3,135,690.0,98,1020.3,0.44,2.11,0.01
2022-10-27T12:00,23.9,19,-1.1,22.1,0.0,0.0,0.0,1.6,13.7,153,658.0,100,1018.7,0.44,2.4,0.01
2022-10-27T13:00,24.4,18,-1.8,21.6,0.0,0.0,0.0,2.7,13.7,157,479.0,100,1017.6,0.34,2.52,0.01
2022-10-27T14:00,25.1,16,-2.7,21.4,0.0,0.0,0.0,7.8,18.0,124,372.0,81,1017.0,0.32,2.67,0.01
2022-10-27T15:00,25.7,12,-5.6,22.1,0.0,0.0,0.0,5.2,27.7,258,303.0,58,1016.6,0.24,2.89,0.012
2022-10-27T16:00,25.7,11,-7.5,21.6,0.0,0.0,0.0,7.3,13.0,259,127.0,100,1016.0,0.17,2.95,0.012
2022-10-27T17:00,23.9,12,-6.9,19.2,0.0,0.0,0.0,11.6,21.6,254,16.0,100,1016.3,0.17,2.6,0.012
2022-10-27T18:00,23.1,14,-5.7,19.9,0.0,0.0,0.0,1.9,20.2,112,0.0,100,1016.7,0.01,2.42,0.012
2022-10-27T19:00,22.2,15,-5.6,18.2,0.0,0.0,0.0,7.6,11.9,172,0.0,92,1017.2,0.09,2.26,0.012
2022-10-27T20:00,21.5,17,-4.4,17.7,0.0,0.0,0.0,7.3,12.2,200,0.0,61,1017.4,0.08,2.12,0.012
2022-10-27T21:00,19.3,20,-4.4,15.5,0.0,0.0,0.0,6.9,11.5,231,0.0,89,1017.7,0.07,1.79,0.012
2022-10-27T22:00,17.9,21,-5.0,14.2,0.0,0.0,0.0,6.5,10.1,264,0.0,5,1017.5,0.06,1.63,0.012
2022-10-27T23:00,16.5,20,-6.3,12.5,0.0,0.0,0.0,6.9,10.1,276,0.0,0,1017.3,0.06,1.49,0.012
2022-10-28T00:00,15.6,20,-7.1,11.3,0.0,0.0,0.0,8.9,13.7,256,0.0,0,1017.2,0.08,1.41,0.012
2022-10-28T01:00,14.5,22,-7.1,10.4,0.0,0.0,0.0,7.9,14.8,254,0.0,0,1017.2,0.07,1.29,0.011
2022-10-28T02:00,13.7,24,-6.7,9.9,0.0,0.0,0.0,5.8,12.2,270,0.0,0,1018.0,0.04,1.19,0.011
2022-10-28T03:00,13.2,25,-6.5,9.7,0.0,0.0,0.0,3.4,8.3,302,0.0,0,1018.8,0.02,1.14,0.01
2022-10-28T04:00,11.6,27,-6.7,7.8,0.0,0.0,0.0,5.6,9.0,255,0.0,0,1019.2,0.04,0.99,0.01
2022-10-28T05:00,10.2,31,-6.3,6.3,0.0,0.0,0.0,6.6,9.0,257,0.0,0,1019.7,0.04,0.86,0.01
2022-10-28T06:00,9.7,33,-6.0,6.0,0.0,0.0,0.0,5.5,9.0,247,1.0,0,1020.2,0.03,0.81,0.01
2022-10-28T07:00,12.0,29,-5.7,7.9,0.0,0.0,0.0,8.3,13.0,236,84.0,1,1020.5,0.09,1.0,0.01
2022-10-28T08:00,16.1,22,-5.6,12.1,0.0,0.0,0.0,7.7,16.2,229,271.0,7,1020.7,0.19,1.43,0.01
2022-10-28T09:00,19.7,17,-5.8,15.9,0.0,0.0,0.0,6.4,17.6,227,455.0,8,1020.3,0.3,1.9,0.01
2022-10-28T10:00,22.5,14,-6.2,19.2,0.0,0.0,0.0,4.4,17.3,215,600.0,29,1018.8,0.4,2.33,0.01
2022-10-28T11:00,24.2,13,-6.2,21.5,0.0,0.0,0.0,4.1,15.5,225,677.0,68,1017.2,0.46,2.63,0.01
2022-10-28T12:00,24.9,12,-6.2,20.8,0.0,0.0,0.0,8.4,20.5,239,526.0,87,1016.1,0.42,2.76,0.01
2022-10-28T13:00,25.1,14,-4.5,21.0,0.0,0.0,0.0,9.0,23.0,241,535.0,36,1015.3,0.43,2.74,0.01
2022-10-28T14:00,25.1,14,-4.3,21.5,0.0,0.0,0.0,5.8,22.0,210,479.0,55,1014.6,0.36,2.74,0.01
2022-10-28T15:00,25.3,14,-4.0,21.4,0.0,0.0,0.0,8.1,16.6,328,340.0,89,1014.2,0.29,2.76,0.01
2022-10-28T16:00,24.8,15,-3.9,21.7,0.0,0.0,0.0,2.9,17.3,60,155.0,19,1013.7,0.11,2.66,0.01
2022-10-28T17:00,22.0,18,-3.6,18.1,0.0,0.0,0.0,8.6,13.7,105,27.0,0,1013.7,0.1,2.17,0.01
2022-10-28T18:00,20.3,20,-3.3,16.9,0.0,0.0,0.0,5.9,14.4,133,0.0,13,1014.9,0.06,1.9,0.01
2022-10-28T19:00,18.9,22,-3.5,15.4,0.0,0.0,0.0,5.6,9.7,230,0.0,0,1015.7,0.05,1.71,0.01
2022-10-28T20:00,18.2,22,-3.9,14.7,0.0,0.0,0.0,5.4,7.9,262,0.0,1,1015.7,0.05,1.63,0.01
2022-10-28T21:00,18.0,22,-4.1,14.1,0.0,0.0,0.0,8.4,12.6,245,0.0,45,1015.8,0.08,1.61,0.01
2022-10-28T22:00,17.2,23,-4.0,13.0,0.0,0.0,0.0,10.6,16.6,235,0.0,100,1016.1,0.09,1.51,0.01
2022-10-28T23:00,16.9,25,-3.2,12.5,0.0,0.0,0.0,12.3,22.0,230,0.0,87,1016.5,0.1,1.44,0.01
2022-10-29T00:00,16.2,29,-1.7,12.3,0.0,0.0,0.0,10.2,20.2,260,0.0,99,1016.0,0.08,1.3,0.01
2022-10-29T01:00,15.2,31,-1.9,11.7,0.0,0.0,0.0,7.8,16.6,257,0.0,98,1016.1,0.06,1.2,0.01
2022-10-29T02:00,13.7,34,-2.1,10.4,0.0,0.0,0.0,5.8,12.2,266,0.0,100,1016.4,0.04,1.04,0.01
2022-10-29T03:00,12.3,41,-0.6,8.8,0.0,0.0,0.0,8.6,10.8,248,0.0,80,1016.7,0.05,0.84,0.01
2022-10-29T04:00,12.1,44,0.3,8.7,0.0,0.0,0.0,8.9,14.8,243,0.0,60,1016.6,0.04,0.79,0.01
2022-10-29T05:00,11.3,50,1.3,8.2,0.0,0.0,0.0,8.0,14.4,243,0.0,97,1016.9,0.03,0.67,0.01
2022-10-29T06:00,10.2,56,1.9,7.6,0.0,0.0,0.0,5.6,13.0,243,1.0,61,1017.5,0.01,0.55,0.01
2022-10-29T07:00,12.2,50,2.2,9.3,0.0,0.0,0.0,7.9,12.6,223,76.0,90,1018.0,0.07,0.71,0.01
2022-10-29T08:00,16.0,38,1.9,13.6,0.0,0.0,0.0,3.8,13.7,229,257.0,79,1018.4,0.15,1.12,0.01
2022-10-29T09:00,19.2,31,1.6,17.1,0.0,0.0,0.0,1.5,11.2,256,428.0,9,1017.8,0.25,1.54,0.01
2022-10-29T10:00,21.8,25,1.1,19.8,0.0,0.0,0.0,2.2,13.0,171,594.0,14,1016.5,0.38,1.95,0.01
2022-10-29T11:00,24.1,21,0.3,21.7,0.0,0.0,0.0,7.0,18.7,215,678.0,99,1014.8,0.48,2.37,0.01
2022-10-29T12:00,25.3,17,-1.3,20.5,0.0,0.0,0.0,17.5,35.6,251,567.0,100,1013.5,0.5,2.67,0.01
2022-10-29T13:00,24.8,18,-0.9,19.0,0.0,0.0,0.0,23.7,43.9,250,347.0,100,1012.9,0.43,2.55,0.01
2022-10-29T14:00,23.8,19,-1.2,18.6,0.0,0.0,0.0,19.2,44.6,253,110.0,100,1013.2,0.29,2.38,0.01
2022-10-29T15:00,24.8,19,-0.7,19.8,0.0,0.0,0.0,19.2,43.2,264,126.0,100,1012.6,0.29,2.55,0.007
2022-10-29T16:00,23.6,21,-0.1,19.2,0.0,0.0,0.0,15.5,34.6,270,67.0,79,1013.1,0.22,2.3,0.007
2022-10-29T17:00,21.9,24,0.2,17.3,0.0,0.0,0.0,16.5,27.7,250,21.0,94,1014.0,0.17,2.0,0.007
2022-10-29T18:00,20.5,28,1.1,15.7,0.0,0.0,0.0,19.0,32.8,243,0.0,80,1015.1,0.16,1.74,0.007
2022-10-29T19:00,19.7,31,2.0,14.9,0.0,0.0,0.0,20.3,35.6,250,0.0,100,1016.1,0.16,1.58,0.007
2022-10-29T20:00,18.7,34,2.7,14.7,0.0,0.0,0.0,16.2,35.3,253,0.0,97,1016.8,0.12,1.41,0.007
2022-10-29T21:00,17.6,38,3.0,14.2,0.0,0.0,0.0,11.9,27.7,267,0.0,97,1017.0,0.08,1.26,0.007
2022-10-29T22:00,16.6,41,3.2,13.5,0.0,0.0,0.0,10.1,19.8,276,0.0,99,1017.1,0.06,1.12,0.007
2022-10-29T23:00,16.1,42,3.3,13.0,0.0,0.0,0.0,10.8,17.6,272,0.0,99,1017.3,0.06,1.06,0.007
2022-10-30T00:00,15.3,45,3.4,12.5,0.0,0.0,0.0,8.0,18.0,288,0.0,100,1017.4,0.04,0.95,0.007
2022-10-30T01:00,13.1,52,3.5,10.4,0.0,0.0,0.0,8.1,12.6,302,0.0,100,1017.8,0.03,0.72,0.007
2022-10-30T02:00,14.4,48,3.4,12.2,0.0,0.0,0.0,4.3,10.4,265,0.0,100,1018.1,0.01,0.86,0.007
2022-10-30T03:00,13.7,50,3.3,11.3,0.0,0.0,0.0,5.1,7.2,231,0.0,97,1018.6,0.02,0.79,0.006
2022-10-30T04:00,14.1,48,3.2,11.9,0.0,0.0,0.0,3.7,7.2,241,0.0,100,1018.7,0.01,0.84,0.006
2022-10-30T05:00,12.2,54,3.3,9.8,0.0,0.0,0.0,5.6,7.6,225,0.0,100,1019.2,0.02,0.65,0.006
2022-10-30T06:00,11.8,55,3.1,9.3,0.0,0.0,0.0,6.1,8.6,225,0.0,100,1019.6,0.04,0.62,0.006
2022-10-30T07:00,13.7,49,3.0,11.5,0.0,0.0,0.0,3.7,8.6,241,51.0,100,1020.1,0.05,0.8,0.006
2022-10-30T08:00,16.1,42,3.1,14.0,0.0,0.0,0.0,2.8,9.4,220,165.0,100,1020.9,0.11,1.06,0.006
2022-10-30T09:00,17.5,38,3.0,15.1,0.0,0.0,0.0,5.7,13.7,198,232.0,99,1020.6,0.18,1.24,0.006
2022-10-30T10:00,19.9,32,2.8,17.0,0.0,0.0,0.0,8.6,19.4,213,436.0,99,1019.7,0.32,1.58,0.006
2022-10-30T11:00,21.4,29,2.5,17.5,0.0,0.0,0.0,14.9,28.8,238,397.0,100,1018.5,0.35,1.81,0.006
2022-10-30T12:00,22.2,27,2.2,17.7,0.0,0.0,0.0,18.5,36.0,243,483.0,91,1017.4,0.42,1.96,0.006
2022-10-30T13:00,22.5,27,2.4,17.8,0.0,0.0,0.0,20.7,40.0,253,449.0,99,1016.4,0.41,2.0,0.006
2022-10-30T14:00,23.3,24,1.4,18.6,0.0,0.0,0.0,19.3,40.7,249,447.0,100,1015.7,0.41,2.18,0.006
2022-10-30T15:00,22.6,24,1.1,18.0,0.0,0.0,0.0,18.1,37.1,249,262.0,92,1016.0,0.3,2.07,0.006
2022-10-30T16:00,22.4,24,1.0,18.2,0.0,0.0,0.0,15.6,33.8,236,140.0,49,1015.9,0.22,2.05,0.006
2022-10-30T17:00,19.5,29,1.0,16.6,0.0,0.0,0.0,6.4,27.4,254,21.0,0,1016.0,0.07,1.61,0.006
2022-10-30T18:00,18.4,30,0.5,15.5,0.0,0.0,0.0,5.5,9.0,259,0.0,1,1016.9,0.04,1.48,0.006
2022-10-30T19:00,18.1,30,0.3,14.1,0.0,0.0,0.0,13.1,20.9,249,0.0,1,1017.5,0.1,1.45,0.006
2022-10-30T20:00,17.5,32,0.4,13.4,0.0,0.0,0.0,13.7,23.4,252,0.0,0,1017.7,0.1,1.37,0.006
2022-10-30T21:00,16.7,34,0.6,12.8,0.0,0.0,0.0,12.3,23.0,249,0.0,83,1017.6,0.09,1.26,0.006
2022-10-30T22:00,15.6,37,0.8,12.2,0.0,0.0,0.0,9.9,20.2,260,0.0,100,1017.7,0.07,1.13,0.006
2022-10-30T23:00,14.9,39,0.9,11.8,0.0,0.0,0.0,7.2,15.8,252,0.0,98,1017.5,0.04,1.04,0.006
2022-10-31T00:00,13.8,41,0.9,10.9,0.0,0.0,0.0,5.9,11.5,256,0.0,100,1017.7,0.03,0.93,0.006
2022-10-31T01:00,14.0,42,1.2,11.2,0.0,0.0,0.0,5.5,8.6,259,0.0,100,1018.7,0.03,0.93,0.006
2022-10-31T02:00,14.7,43,2.1,12.4,0.0,0.0,0.0,3.6,9.7,264,0.0,100,1018.6,0.01,0.96,0.006
2022-10-31T03:00,12.8,47,1.9,9.8,0.0,0.0,0.0,8.0,9.0,352,0.0,99,1019.2,0.04,0.78,0.007
2022-10-31T04:00,11.8,50,1.7,8.8,0.0,0.0,0.0,8.0,10.1,355,0.0,63,1019.6,0.03,0.69,0.007
2022-10-31T05:00,12.2,48,1.6,10.1,0.0,0.0,0.0,1.5,9.7,225,0.0,92,1020.0,0.0,0.74,0.007
2022-10-31T06:00,9.7,59,2.0,7.0,0.0,0.0,0.0,6.1,9.0,220,0.0,67,1020.6,0.04,0.5,0.007
2022-10-31T07:00,11.4,51,1.7,8.0,0.0,0.0,0.0,10.2,16.6,225,67.0,28,1020.8,0.07,0.66,0.007
2022-10-31T08:00,15.1,39,1.4,12.0,0.0,0.0,0.0,7.9,17.3,219,251.0,34,1020.8,0.16,1.04,0.007
2022-10-31T09:00,18.0,33,1.7,14.8,0.0,0.0,0.0,9.2,20.9,211,414.0,73,1020.3,0.28,1.38,0.007
2022-10-31T10:00,20.0,30,1.8,17.0,0.0,0.0,0.0,7.9,21.6,219,535.0,100,1019.1,0.36,1.64,0.007
2022-10-31T11:00,21.3,26,1.2,18.8,0.0,0.0,0.0,3.8,20.5,229,528.0,49,1017.6,0.36,1.86,0.007
2022-10-31T12:00,22.6,23,0.3,20.7,0.0,0.0,0.0,2.7,15.1,203,638.0,28,1015.9,0.42,2.12,0.007
2022-10-31T13:00,23.5,21,-0.4,21.3,0.0,0.0,0.0,3.9,15.8,158,639.0,27,1014.7,0.43,2.3,0.007
2022-10-31T14:00,24.4,18,-1.3,21.5,0.0,0.0,0.0,3.3,15.8,193,524.0,24,1013.4,0.35,2.49,0.007
2022-10-31T15:00,25.1,14,-3.9,22.4,0.0,0.0,0.0,0.5,13.7,45,353.0,16,1012.5,0.2,2.73,0.008
2022-10-31T16:00,25.1,12,-5.9,20.5,0.0,0.0,0.0,11.2,18.0,225,145.0,77,1011.8,0.21,2.78,0.008
2022-10-31T17:00,23.0,14,-6.3,18.4,0.0,0.0,0.0,11.2,22.7,230,22.0,51,1012.5,0.14,2.43,0.008
2022-10-31T18:00,21.5,15,-6.3,16.9,0.0,0.0,0.0,11.2,19.1,255,0.0,44,1013.8,0.13,2.18,0.008
2022-10-31T19:00,20.2,20,-3.6,15.3,0.0,0.0,0.0,16.0,26.3,256,0.0,45,1015.0,0.16,1.9,0.008
2022-10-31T20:00,19.3,27,-0.4,14.2,0.0,0.0,0.0,19.5,33.1,251,0.0,0,1015.1,0.16,1.64,0.008
2022-10-31T21:00,18.4,31,1.1,14.0,0.0,0.0,0.0,16.6,32.8,248,0.0,0,1015.3,0.13,1.45,0.008
2022-10-31T22:00,17.5,35,1.8,13.2,0.0,0.0,0.0,16.5,28.4,254,0.0,0,1015.5,0.12,1.3,0.008
2022-10-31T23:00,16.7,38,2.1,12.6,0.0,0.0,0.0,15.6,28.1,255,0.0,83,1015.3,0.1,1.18,0.008
2022-11-01T00:00,16.1,40,2.4,12.3,0.0,0.0,0.0,14.1,26.3,257,0.0,93,1015.0,0.09,1.11,0.008
2022-11-01T01:00,15.6,41,2.6,12.4,0.0,0.0,0.0,10.5,23.4,248,0.0,83,1015.0,0.06,1.04,0.008
2022-11-01T02:00,14.6,45,2.6,11.9,0.0,0.0,0.0,6.6,17.3,248,0.0,79,1015.1,0.03,0.92,0.008
2022-11-01T03:00,13.0,49,2.6,10.3,0.0,0.0,0.0,6.4,12.2,243,0.0,10,1015.3,0.03,0.76,0.004
2022-11-01T04:00,12.1,52,2.5,9.5,0.0,0.0,0.0,6.0,10.8,245,0.0,26,1015.6,0.02,0.68,0.004
2022-11-01T05:00,11.2,54,2.3,8.4,0.0,0.0,0.0,7.0,11.5,235,0.0,16,1016.0,0.02,0.6,0.004
2022-11-01T06:00,10.4,57,2.2,7.4,0.0,0.0,0.0,8.7,13.7,232,0.0,25,1016.5,0.05,0.55,0.004
2022-11-01T07:00,12.5,50,2.2,9.0,0.0,0.0,0.0,11.5,19.1,219,70.0,25,1016.7,0.08,0.73,0.004
2022-11-01T08:00,16.3,39,2.4,13.4,0.0,0.0,0.0,8.0,19.4,216,246.0,5,1017.1,0.17,1.13,0.004
2022-11-01T09:00,19.1,33,2.3,16.4,0.0,0.0,0.0,6.4,18.0,207,433.0,40,1016.4,0.28,1.48,0.004
2022-11-01T10:00,21.3,27,1.3,18.5,0.0,0.0,0.0,6.7,18.7,196,564.0,89,1015.1,0.38,1.86,0.004
2022-11-01T11:00,22.9,23,0.4,19.1,0.0,0.0,0.0,12.8,27.0,238,585.0,93,1013.5,0.45,2.16,0.004
2022-11-01T12:00,23.9,19,-0.9,19.1,0.0,0.0,0.0,18.1,36.0,249,579.0,74,1011.9,0.49,2.39,0.004
2022-11-01T13:00,24.7,18,-1.5,19.6,0.0,0.0,0.0,18.7,37.4,251,513.0,72,1011.0,0.47,2.55,0.004
2022-11-01T14:00,25.2,15,-3.4,19.0,0.0,0.0,0.0,24.1,44.3,256,466.0,18,1010.0,0.48,2.72,0.004
2022-11-01T15:00,23.0,19,-1.9,17.5,0.0,0.0,0.0,21.2,46.1,271,340.0,11,1012.0,0.36,2.28,0.008
2022-11-01T16:00,22.2,21,-0.9,16.8,0.0,0.0,0.0,21.2,39.6,269,142.0,33,1012.5,0.26,2.1,0.008
2022-11-01T17:00,20.7,25,-0.2,15.9,0.0,0.0,0.0,18.2,38.2,256,21.0,19,1013.4,0.17,1.83,0.008
2022-11-01T18:00,19.4,28,0.6,15.3,0.0,0.0,0.0,14.2,32.4,249,0.0,22,1014.5,0.12,1.62,0.008
2022-11-01T19:00,18.1,32,1.0,14.8,0.0,0.0,0.0,9.0,23.8,265,0.0,29,1014.8,0.07,1.41,0.008
2022-11-01T20:00,16.9,36,1.9,13.9,0.0,0.0,0.0,8.3,14.8,275,0.0,89,1014.9,0.06,1.22,0.008
2022-11-01T21:00,16.3,40,2.5,13.0,0.0,0.0,0.0,10.5,17.6,278,0.0,49,1015.3,0.07,1.12,0.008
2022-11-01T22:00,15.4,42,2.7,12.5,0.0,0.0,0.0,8.1,17.6,283,0.0,88,1015.4,0.05,1.01,0.008
2022-11-01T23:00,14.3,46,2.9,11.8,0.0,0.0,0.0,5.6,13.3,285,0.0,100,1015.5,0.02,0.87,0.008
2022-11-02T00:00,13.9,49,3.4,11.3,0.0,0.0,0.0,7.1,10.8,311,0.0,100,1015.7,0.03,0.8,0.008
2022-11-02T01:00,13.0,60,5.4,9.8,0.0,0.0,0.0,14.0,23.8,342,0.0,94,1017.2,0.05,0.6,0.008
2022-11-02T02:00,11.7,67,5.8,9.0,0.0,0.0,0.0,10.8,24.1,339,0.0,96,1017.1,0.02,0.45,0.008
2022-11-02T03:00,13.1,55,4.2,10.9,0.0,0.0,0.0,5.1,18.0,352,0.0,99,1015.7,0.01,0.68,0.008
2022-11-02T04:00,12.7,57,4.5,10.7,0.0,0.0,0.0,4.5,6.8,299,0.0,100,1016.0,0.01,0.62,0.008
2022-11-02T05:00,10.6,67,4.7,8.2,0.0,0.0,0.0,8.0,9.0,342,0.0,100,1017.0,0.01,0.42,0.008
2022-11-02T06:00,10.9,67,5.0,8.7,0.0,0.0,0.0,6.1,9.7,3,0.0,100,1017.7,0.03,0.43,0.008
2022-11-02T07:00,12.0,65,5.6,9.6,0.0,0.0,0.0,8.8,14.4,9,40.0,98,1018.5,0.05,0.49,0.008
2022-11-02T08:00,13.3,60,5.6,11.5,0.0,0.0,0.0,5.0,15.1,330,130.0,100,1019.3,0.09,0.62,0.008
2022-11-02T09:00,14.3,55,5.5,12.7,0.1,0.1,0.0,3.5,12.6,294,209.0,100,1019.5,0.14,0.73,0.009
2022-11-02T10:00,16.1,49,5.3,14.5,0.1,0.1,0.0,2.7,13.0,293,408.0,98,1018.8,0.25,0.94,0.01
2022-11-02T11:00,17.5,45,5.3,15.8,0.2,0.2,0.0,3.2,14.8,297,528.0,100,1017.6,0.33,1.1,0.012
2022-11-02T12:00,19.0,38,4.2,15.6,0.0,0.0,0.0,13.7,31.3,240,474.0,100,1016.0,0.35,1.37,0.012
2022-11-02T13:00,19.1,38,4.3,15.9,0.0,0.0,0.0,12.6,31.3,257,392.0,100,1014.8,0.3,1.38,0.012
2022-11-02T14:00,16.1,55,6.9,13.7,0.3,0.3,0.0,10.7,30.6,303,196.0,100,1016.1,0.16,0.83,0.016
2022-11-02T15:00,14.8,68,9.0,13.0,0.2,0.2,0.0,10.9,23.0,6,81.0,100,1016.5,0.09,0.54,0.023
2022-11-02T16:00,14.1,72,9.1,12.4,0.1,0.1,0.0,9.4,25.6,360,92.0,99,1016.8,0.07,0.45,0.024
2022-11-02T17:00,13.4,74,8.9,11.9,0.1,0.1,0.0,8.1,19.1,21,9.0,84,1016.4,0.03,0.4,0.025
2022-11-02T18:00,12.8,76,8.7,11.3,0.0,0.0,0.0,7.4,15.8,29,0.0,62,1016.5,0.0,0.35,0.025
2022-11-02T19:00,12.4,76,8.4,10.8,0.0,0.0,0.0,7.9,13.0,357,0.0,48,1016.4,0.01,0.34,0.025
2022-11-02T20:00,11.7,79,8.1,10.0,0.0,0.0,0.0,8.3,13.7,342,0.0,49,1016.2,0.0,0.29,0.025
2022-11-02T21:00,10.9,80,7.6,8.8,0.0,0.0,0.0,10.0,16.6,334,0.0,100,1016.5,0.01,0.26,0.025
2022-11-02T22:00,11.4,76,7.3,9.2,0.4,0.4,0.0,10.5,18.0,344,0.0,93,1016.3,0.01,0.33,0.029
2022-11-02T23:00,10.7,83,7.9,9.0,1.9,1.9,0.0,8.0,18.0,352,0.0,100,1016.2,0.0,0.22,0.053
2022-11-03T00:00,10.6,89,8.9,9.5,0.6,0.6,0.0,5.2,13.7,326,0.0,100,1016.3,0.0,0.14,0.061
2022-11-03T01:00,10.7,91,9.3,9.9,2.6,2.6,0.0,4.0,8.6,265,0.0,100,1016.3,0.0,0.11,0.097
2022-11-03T02:00,10.6,93,9.4,9.5,3.1,3.1,0.0,6.3,10.1,193,0.0,100,1016.1,0.0,0.09,0.141
2022-11-03T03:00,9.7,91,8.3,8.7,2.2,2.2,0.0,3.1,17.3,126,0.0,100,1016.5,0.0,0.11,0.129
2022-11-03T04:00,9.7,92,8.4,8.8,0.2,0.2,0.0,2.9,4.7,180,0.0,100,1017.5,0.0,0.1,0.131
2022-11-03T05:00,9.3,93,8.2,8.6,0.1,0.1,0.0,1.6,5.0,63,0.0,100,1017.1,0.0,0.08,0.132
2022-11-03T06:00,9.2,95,8.4,8.0,0.0,0.0,0.0,5.7,7.9,72,0.0,100,1016.8,0.01,0.06,0.133
2022-11-03T07:00,9.4,94,8.5,7.9,0.1,0.1,0.0,7.4,13.7,67,20.0,100,1016.7,0.02,0.07,0.133
2022-11-03T08:00,10.5,86,8.2,9.1,0.0,0.0,0.0,6.1,15.1,90,132.0,100,1017.2,0.07,0.18,0.133
2022-11-03T09:00,11.4,78,7.7,9.7,0.0,0.0,0.0,7.2,17.3,90,190.0,100,1016.8,0.11,0.29,0.134
2022-11-03T10:00,12.0,73,7.4,10.5,0.2,0.2,0.0,5.9,18.7,104,238.0,100,1016.5,0.14,0.38,0.136
2022-11-03T11:00,12.3,73,7.6,11.1,0.4,0.4,0.0,3.6,16.6,135,217.0,87,1015.4,0.14,0.39,0.141
2022-11-03T12:00,14.0,66,7.7,12.7,0.1,0.1,0.0,4.4,15.8,171,447.0,81,1013.9,0.26,0.54,0.14
2022-11-03T13:00,15.1,59,7.2,13.7,0.0,0.0,0.0,4.9,20.2,197,498.0,100,1012.2,0.29,0.7,0.139
2022-11-03T14:00,14.6,60,6.9,13.5,0.1,0.1,0.0,2.3,15.5,231,195.0,100,1011.9,0.13,0.67,0.14
2022-11-03T15:00,15.6,52,5.6,13.5,0.2,0.2,0.0,6.6,14.0,171,90.0,100,1012.1,0.1,0.86,0.137
2022-11-03T16:00,14.1,60,6.4,12.6,0.1,0.1,0.0,4.1,13.3,308,48.0,96,1012.7,0.06,0.65,0.138
2022-11-03T17:00,11.9,79,8.4,9.9,0.2,0.2,0.0,10.5,21.2,297,8.0,100,1013.9,0.03,0.29,0.14
2022-11-03T18:00,11.4,82,8.5,10.0,0.3,0.3,0.0,6.6,18.0,45,0.0,100,1014.2,0.0,0.24,0.143
2022-11-03T19:00,11.0,84,8.4,10.4,0.4,0.4,0.0,0.8,16.6,333,0.0,100,1015.2,0.0,0.21,0.147
2022-11-03T20:00,10.6,89,8.9,10.0,0.0,0.0,0.0,1.8,6.1,259,0.0,47,1015.5,0.0,0.14,0.147
2022-11-03T21:00,9.0,93,7.9,7.0,2.0,2.0,0.0,9.6,23.8,304,0.0,89,1017.0,0.0,0.08,0.173
2022-11-03T22:00,9.4,93,8.4,8.1,0.0,0.0,0.0,5.4,16.6,278,0.0,16,1016.5,0.0,0.08,0.173
2022-11-03T23:00,7.0,98,6.6,5.1,0.0,0.0,0.0,6.5,10.1,264,0.0,5,1016.9,0.0,0.02,0.173
2022-11-04T00:00,6.2,98,5.9,4.0,0.0,0.0,0.0,7.9,10.4,267,0.0,0,1016.8,0.0,0.02,0.173
2022-11-04T01:00,5.6,98,5.3,3.2,0.0,0.0,0.0,8.2,10.4,232,0.0,0,1017.1,0.0,0.02,0.173
2022-11-04T02:00,5.3,99,5.2,3.0,0.0,0.0,0.0,7.9,10.4,227,0.0,0,1017.4,0.0,0.01,0.173
2022-11-04T03:00,5.8,98,5.6,3.9,0.0,0.0,0.0,5.4,9.4,233,0.0,0,1017.7,0.0,0.02,0.154
2022-11-04T04:00,5.3,98,5.0,3.3,0.0,0.0,0.0,4.8,8.6,243,0.0,0,1017.9,0.0,0.02,0.154
2022-11-04T05:00,4.8,98,4.5,2.7,0.0,0.0,0.0,5.2,7.9,236,0.0,17,1018.5,0.0,0.02,0.154
2022-11-04T06:00,4.5,97,4.0,2.0,0.0,0.0,0.0,6.8,11.2,238,0.0,51,1019.3,0.01,0.03,0.154
2022-11-04T07:00,5.3,93,4.3,2.7,0.0,0.0,0.0,8.1,15.8,238,58.0,68,1020.2,0.02,0.06,0.154
2022-11-04T08:00,6.6,90,5.0,4.3,0.0,0.0,0.0,7.2,18.0,233,188.0,58,1021.4,0.07,0.1,0.154
2022-11-04T09:00,9.0,78,5.3,6.8,0.0,0.0,0.0,6.4,19.1,243,376.0,1,1020.9,0.17,0.26,0.154
2022-11-04T10:00,11.8,65,5.5,10.4,0.0,0.0,0.0,3.1,16.9,249,567.0,0,1019.6,0.29,0.48,0.153
2022-11-04T11:00,14.1,56,5.5,13.7,0.0,0.0,0.0,0.4,13.7,270,663.0,0,1018.1,0.38,0.7,0.151
2022-11-04T12:00,15.4,42,2.7,14.5,0.0,0.0,0.0,0.8,11.2,117,681.0,0,1016.7,0.39,1.01,0.149
2022-11-04T13:00,16.1,38,1.8,14.4,0.0,0.0,0.0,2.5,12.6,188,633.0,0,1015.6,0.37,1.13,0.147
2022-11-04T14:00,16.4,36,1.4,14.2,0.0,0.0,0.0,2.3,12.6,198,510.0,11,1015.0,0.29,1.19,0.145
2022-11-04T15:00,16.1,34,0.2,14.0,0.0,0.0,0.0,0.0,11.2,270,347.0,5,1015.3,0.18,1.2,0.144
2022-11-04T16:00,15.1,41,2.0,12.3,0.0,0.0,0.0,6.9,12.2,47,163.0,2,1015.2,0.11,1.01,0.143
2022-11-04T17:00,12.4,49,1.9,8.9,0.0,0.0,0.0,10.8,18.7,69,19.0,0,1015.6,0.06,0.74,0.143
2022-11-04T18:00,11.0,56,2.5,8.2,0.0,0.0,0.0,6.8,18.0,108,0.0,1,1016.2,0.02,0.58,0.142
2022-11-04T19:00,10.1,66,4.0,7.4,0.0,0.0,0.0,8.2,10.4,131,0.0,0,1016.4,0.02,0.42,0.142
2022-11-04T20:00,9.5,71,4.5,6.8,0.0,0.0,0.0,9.1,11.2,162,0.0,0,1016.8,0.01,0.34,0.142
2022-11-04T21:00,9.0,76,4.9,6.6,0.0,0.0,0.0,7.9,11.2,219,0.0,0,1017.2,0.0,0.28,0.142
2022-11-04T22:00,8.4,73,3.9,6.1,0.0,0.0,0.0,5.2,9.4,282,0.0,0,1017.3,0.0,0.29,0.142
2022-11-04T23:00,7.0,77,3.2,4.5,0.0,0.0,0.0,6.1,7.6,298,0.0,0,1017.3,0.0,0.23,0.142
2022-11-05T00:00,5.9,81,2.9,3.2,0.0,0.0,0.0,6.9,8.3,309,0.0,0,1017.5,0.0,0.18,0.142
2022-11-05T01:00,5.6,80,2.3,2.8,0.0,0.0,0.0,6.6,8.6,315,0.0,0,1018.0,0.0,0.19,0.142
2022-11-05T02:00,4.4,85,2.0,1.6,0.0,0.0,0.0,6.8,8.3,270,0.0,0,1018.4,0.0,0.13,0.142
2022-11-05T03:00,4.0,89,2.3,1.5,0.0,0.0,0.0,5.2,8.3,236,0.0,0,1018.6,0.0,0.09,0.142
2022-11-05T04:00,3.7,91,2.3,0.8,0.0,0.0,0.0,7.3,11.5,237,0.0,0,1019.1,0.0,0.07,0.142
2022-11-05T05:00,3.3,88,1.5,0.1,0.0,0.0,0.0,8.5,13.7,234,0.0,0,1019.4,0.0,0.09,0.142
2022-11-05T06:00,3.0,85,0.7,-0.1,0.0,0.0,0.0,7.7,13.7,233,0.0,0,1019.8,0.02,0.12,0.142
2022-11-05T07:00,4.8,74,0.6,1.4,0.0,0.0,0.0,9.2,15.5,225,67.0,0,1020.7,0.03,0.22,0.142
2022-11-05T08:00,8.1,62,1.1,5.1,0.0,0.0,0.0,6.7,15.8,234,248.0,0,1021.1,0.11,0.41,0.141
2022-11-05T09:00,11.4,51,1.6,8.8,0.0,0.0,0.0,4.9,15.1,253,433.0,0,1020.6,0.22,0.66,0.14
2022-11-05T10:00,13.8,45,1.9,11.5,0.0,0.0,0.0,4.2,14.8,290,579.0,0,1019.3,0.32,0.87,0.139
2022-11-05T11:00,15.2,39,1.2,13.4,0.0,0.0,0.0,3.8,15.1,319,665.0,0,1018.1,0.38,1.06,0.137
2022-11-05T12:00,16.0,34,0.3,14.4,0.0,0.0,0.0,2.4,14.8,297,685.0,0,1017.0,0.4,1.19,0.135
2022-11-05T13:00,16.5,31,-0.9,14.4,0.0,0.0,0.0,2.6,13.0,236,636.0,0,1015.8,0.37,1.31,0.133
2022-11-05T14:00,16.8,29,-1.6,13.9,0.0,0.0,0.0,3.7,13.0,209,523.0,0,1015.1,0.31,1.37,0.131
2022-11-05T15:00,16.8,26,-2.6,14.0,0.0,0.0,0.0,1.8,12.6,191,358.0,0,1015.5,0.19,1.41,0.129
2022-11-05T16:00,16.1,32,-0.7,13.5,0.0,0.0,0.0,2.9,6.8,90,164.0,0,1015.3,0.09,1.25,0.128
2022-11-05T17:00,12.9,45,1.1,9.8,0.0,0.0,0.0,7.9,11.2,66,18.0,0,1016.1,0.05,0.82,0.128
2022-11-05T18:00,10.3,65,4.0,7.9,0.0,0.0,0.0,6.4,14.8,63,0.0,0,1016.9,0.01,0.44,0.128
2022-11-05T19:00,10.6,57,2.4,8.7,0.0,0.0,0.0,0.8,9.4,243,0.0,0,1017.6,0.0,0.55,0.128
2022-11-05T20:00,9.4,62,2.4,7.3,0.0,0.0,0.0,2.7,4.3,247,0.0,0,1018.1,0.0,0.45,0.128
2022-11-05T21:00,9.3,59,1.7,7.3,0.0,0.0,0.0,1.3,3.2,326,0.0,0,1017.9,0.0,0.48,0.128
2022-11-05T22:00,7.2,73,2.7,5.0,0.0,0.0,0.0,3.6,4.3,276,0.0,0,1018.1,0.0,0.27,0.128
2022-11-05T23:00,6.3,76,2.4,3.8,0.0,0.0,0.0,5.0,6.5,270,0.0,0,1017.9,0.0,0.23,0.128
2022-11-06T00:00,5.8,76,1.9,3.0,0.0,0.0,0.0,6.3,7.2,283,0.0,0,1017.9,0.0,0.22,0.128
2022-11-06T01:00,5.0,77,1.3,2.0,0.0,0.0,0.0,6.8,8.6,245,0.0,0,1018.3,0.0,0.2,0.128
2022-11-06T02:00,5.9,68,0.5,3.6,0.0,0.0,0.0,1.4,7.9,90,0.0,0,1018.9,0.0,0.29,0.128
2022-11-06T03:00,3.7,78,0.3,1.1,0.0,0.0,0.0,3.6,3.6,233,0.0,0,1019.5,0.0,0.17,0.128
2022-11-06T04:00,2.8,83,0.2,0.1,0.0,0.0,0.0,3.9,6.5,236,0.0,0,1019.6,0.0,0.13,0.128
2022-11-06T05:00,2.2,85,-0.1,-1.0,0.0,0.0,0.0,7.1,11.2,240,0.0,0,1020.0,0.0,0.11,0.128
2022-11-06T06:00,1.7,83,-0.8,-1.8,0.0,0.0,0.0,8.8,14.0,235,0.0,0,1020.2,0.02,0.11,0.128
2022-11-06T07:00,3.2,74,-1.1,-0.9,0.0,0.0,0.0,11.8,19.4,232,66.0,0,1020.8,0.03,0.2,0.128
2022-11-06T08:00,7.1,59,-0.4,3.7,0.0,0.0,0.0,8.5,19.8,234,248.0,0,1021.1,0.11,0.42,0.128
2022-11-06T09:00,10.7,46,-0.5,7.7,0.0,0.0,0.0,5.6,17.3,243,434.0,0,1020.8,0.22,0.7,0.127
2022-11-06T10:00,13.2,39,-0.6,10.7,0.0,0.0,0.0,2.7,15.5,247,580.0,0,1019.4,0.31,0.93,0.126
2022-11-06T11:00,14.9,33,-1.2,13.0,0.0,0.0,0.0,2.1,12.6,239,668.0,0,1017.9,0.38,1.13,0.124
2022-11-06T12:00,16.0,28,-2.4,14.1,0.0,0.0,0.0,2.5,13.0,270,689.0,0,1016.5,0.4,1.31,0.122
2022-11-06T13:00,16.6,25,-3.5,14.1,0.0,0.0,0.0,2.9,13.3,300,640.0,0,1015.3,0.37,1.41,0.12
2022-11-06T14:00,16.8,24,-4.1,13.7,0.0,0.0,0.0,2.3,13.0,342,525.0,0,1014.9,0.3,1.46,0.119
2022-11-06T15:00,16.9,21,-5.9,13.5,0.0,0.0,0.0,3.5,11.2,66,358.0,0,1014.9,0.21,1.53,0.116
2022-11-06T16:00,15.2,29,-2.7,11.4,0.0,0.0,0.0,8.4,14.0,59,164.0,0,1014.9,0.13,1.22,0.115
2022-11-06T17:00,12.0,41,-0.8,8.2,0.0,0.0,0.0,10.6,19.4,62,18.0,0,1015.7,0.06,0.82,0.115
2022-11-06T18:00,9.9,63,3.2,7.0,0.0,0.0,0.0,8.9,17.6,104,0.0,0,1016.3,0.02,0.45,0.114
2022-11-06T19:00,11.5,39,-1.9,8.2,0.0,0.0,0.0,5.6,10.8,165,0.0,0,1017.1,0.03,0.82,0.114
2022-11-06T20:00,11.3,39,-2.1,8.5,0.0,0.0,0.0,2.3,6.8,288,0.0,0,1017.2,0.0,0.82,0.114
2022-11-06T21:00,10.9,40,-2.1,8.3,0.0,0.0,0.0,0.8,2.9,297,0.0,0,1017.5,0.0,0.78,0.114
2022-11-06T22:00,7.5,60,0.2,4.6,0.0,0.0,0.0,5.3,6.1,332,0.0,0,1017.8,0.01,0.41,0.114
2022-11-06T23:00,7.1,57,-0.8,4.0,0.0,0.0,0.0,5.6,7.2,310,0.0,0,1018.3,0.01,0.43,0.114
2022-11-07T00:00,7.3,54,-1.5,4.3,0.0,0.0,0.0,4.0,6.8,350,0.0,0,1018.5,0.01,0.47,0.114
2022-11-07T01:00,5.8,61,-1.2,2.9,0.0,0.0,0.0,3.9,5.0,236,0.0,0,1018.9,0.0,0.36,0.114
2022-11-07T02:00,3.4,75,-0.7,0.5,0.0,0.0,0.0,4.8,8.3,228,0.0,0,1018.9,0.0,0.2,0.114
2022-11-07T03:00,2.8,76,-1.1,-0.8,0.0,0.0,0.0,8.5,13.7,234,0.0,0,1019.0,0.0,0.18,0.112
2022-11-07T04:00,2.3,74,-1.9,-1.6,0.0,0.0,0.0,9.7,15.5,231,0.0,0,1019.3,0.01,0.19,0.112
2022-11-07T05:00,2.0,72,-2.7,-1.8,0.0,0.0,0.0,8.3,15.8,236,0.0,0,1019.8,0.01,0.2,0.112
2022-11-07T06:00,1.7,71,-3.1,-2.0,0.0,0.0,0.0,8.0,13.7,234,0.0,0,1020.2,0.03,0.2,0.112
2022-11-07T07:00,3.1,64,-3.1,-1.0,0.0,0.0,0.0,10.9,17.3,226,64.0,0,1020.7,0.04,0.28,0.111
2022-11-07T08:00,6.7,52,-2.4,3.0,0.0,0.0,0.0,7.9,18.7,231,246.0,0,1021.1,0.11,0.47,0.111
2022-11-07T09:00,10.4,41,-2.4,7.0,0.0,0.0,0.0,6.3,16.6,239,432.0,0,1020.7,0.22,0.75,0.11
2022-11-07T10:00,13.2,33,-2.6,10.4,0.0,0.0,0.0,3.2,15.8,270,578.0,0,1019.3,0.31,1.01,0.109
2022-11-07T11:00,14.8,30,-2.8,12.6,0.0,0.0,0.0,2.5,13.3,8,665.0,0,1017.8,0.37,1.18,0.108
2022-11-07T12:00,15.6,28,-3.1,13.4,0.0,0.0,0.0,3.6,14.8,45,685.0,0,1016.4,0.39,1.29,0.107
2022-11-07T13:00,16.1,26,-3.6,13.4,0.0,0.0,0.0,4.1,15.5,52,635.0,0,1015.3,0.37,1.36,0.105
2022-11-07T14:00,16.2,25,-3.9,12.7,0.0,0.0,0.0,5.5,16.2,58,521.0,0,1014.8,0.31,1.38,0.104
2022-11-07T15:00,16.0,22,-6.0,12.0,0.0,0.0,0.0,7.9,18.4,66,355.0,0,1014.4,0.23,1.43,0.099
2022-11-07T16:00,14.3,27,-4.7,9.8,0.0,0.0,0.0,11.5,21.2,58,162.0,0,1014.9,0.14,1.19,0.098
2022-11-07T17:00,11.7,33,-4.2,8.0,0.0,0.0,0.0,7.1,20.5,75,17.0,0,1015.1,0.05,0.93,0.098
2022-11-07T18:00,9.8,48,-0.7,6.4,0.0,0.0,0.0,7.6,11.9,90,0.0,0,1015.5,0.03,0.63,0.097
2022-11-07T19:00,10.8,30,-6.1,7.3,0.0,0.0,0.0,3.6,10.4,180,0.0,0,1016.4,0.02,0.9,0.097
2022-11-07T20:00,8.2,47,-2.4,5.1,0.0,0.0,0.0,4.2,6.5,329,0.0,0,1016.9,0.01,0.57,0.097
2022-11-07T21:00,7.2,53,-1.8,3.8,0.0,0.0,0.0,6.8,10.4,342,0.0,0,1017.6,0.02,0.48,0.097
2022-11-07T22:00,6.1,58,-1.5,2.6,0.0,0.0,0.0,8.3,13.0,355,0.0,0,1018.3,0.02,0.39,0.097
2022-11-07T23:00,5.4,67,-0.3,2.1,0.0,0.0,0.0,7.8,13.0,347,0.0,0,1018.6,0.01,0.3,0.097
2022-11-08T00:00,4.3,76,0.5,1.3,0.0,0.0,0.0,6.4,12.2,344,0.0,0,1018.9,0.0,0.2,0.097
2022-11-08T01:00,3.3,81,0.4,0.1,0.0,0.0,0.0,7.6,9.0,329,0.0,0,1019.0,0.0,0.15,0.097
2022-11-08T02:00,2.5,84,0.0,-1.0,0.0,0.0,0.0,9.2,10.8,321,0.0,0,1019.3,0.0,0.12,0.097
2022-11-08T03:00,2.1,83,-0.6,-1.5,0.0,0.0,0.0,9.4,11.2,328,0.0,0,1019.5,0.0,0.12,0.094
2022-11-08T04:00,1.9,83,-0.7,-1.8,0.0,0.0,0.0,10.0,11.9,322,0.0,0,1020.0,0.0,0.12,0.094
2022-11-08T05:00,1.6,83,-1.1,-1.9,0.0,0.0,0.0,8.5,11.5,298,0.0,0,1020.4,0.0,0.12,0.094
2022-11-08T06:00,0.7,86,-1.5,-2.6,0.0,0.0,0.0,6.9,9.7,261,0.0,0,1021.0,0.0,0.09,0.094
2022-11-08T07:00,2.9,76,-1.0,-0.2,0.0,0.0,0.0,5.0,8.3,240,61.0,0,1021.6,0.02,0.18,0.094
2022-11-08T08:00,6.9,60,-0.4,4.2,0.0,0.0,0.0,3.3,10.1,264,238.0,0,1022.1,0.1,0.4,0.093
2022-11-08T09:00,9.7,48,-0.9,7.1,0.0,0.0,0.0,2.1,10.8,211,420.0,0,1021.6,0.2,0.63,0.093
2022-11-08T10:00,11.5,41,-1.4,8.6,0.0,0.0,0.0,4.6,15.5,129,564.0,0,1020.6,0.29,0.8,0.092
2022-11-08T11:00,13.3,34,-2.4,10.0,0.0,0.0,0.0,9.3,22.7,106,650.0,0,1018.9,0.36,1.01,0.091
2022-11-08T12:00,14.2,31,-2.8,10.3,0.0,0.0,0.0,13.8,29.9,96,669.0,0,1017.6,0.38,1.12,0.09
2022-11-08T13:00,14.5,30,-2.7,10.3,0.0,0.0,0.0,14.0,30.6,90,621.0,0,1016.4,0.36,1.15,0.089
2022-11-08T14:00,14.6,30,-2.6,9.9,0.0,0.0,0.0,15.3,31.3,75,508.0,1,1015.8,0.32,1.16,0.089
2022-11-08T15:00,14.8,26,-4.7,9.8,0.0,0.0,0.0,15.4,31.3,79,343.0,1,1015.4,0.25,1.25,0.082
2022-11-08T16:00,13.9,29,-4.0,9.5,0.0,0.0,0.0,11.6,28.8,95,155.0,0,1015.4,0.14,1.13,0.081
2022-11-08T17:00,11.8,35,-3.1,7.6,0.0,0.0,0.0,11.2,20.2,96,16.0,0,1015.6,0.07,0.89,0.081
2022-11-08T18:00,10.6,37,-3.5,5.9,0.0,0.0,0.0,14.0,23.4,119,0.0,23,1016.5,0.08,0.8,0.081
2022-11-08T19:00,9.9,36,-4.5,5.3,0.0,0.0,0.0,12.7,25.6,135,0.0,100,1017.0,0.07,0.78,0.081
2022-11-08T20:00,9.0,40,-3.9,5.4,0.0,0.0,0.0,6.7,21.6,126,0.0,29,1017.4,0.03,0.69,0.08
2022-11-08T21:00,7.5,53,-1.4,3.9,0.0,0.0,0.0,8.6,11.5,112,0.0,100,1017.9,0.03,0.49,0.08
2022-11-08T22:00,8.5,39,-4.6,4.7,0.0,0.0,0.0,7.0,10.8,125,0.0,15,1017.8,0.03,0.67,0.08
2022-11-08T23:00,8.3,36,-5.8,4.7,0.0,0.0,0.0,4.3,8.6,95,0.0,0,1017.7,0.02,0.69,0.08
2022-11-09T00:00,4.9,59,-2.5,1.9,0.0,0.0,0.0,3.8,5.8,343,0.0,76,1018.3,0.0,0.36,0.08
2022-11-09T01:00,4.7,58,-3.0,1.2,0.0,0.0,0.0,6.1,9.7,357,0.0,37,1018.7,0.01,0.36,0.08
2022-11-09T02:00,2.9,74,-1.3,-0.4,0.0,0.0,0.0,6.3,10.4,336,0.0,72,1018.7,0.0,0.19,0.08
2022-11-09T03:00,5.6,54,-2.9,2.7,0.2,0.2,0.0,2.6,7.9,236,0.0,72,1019.7,0.0,0.42,0.072
2022-11-09T04:00,3.6,67,-1.9,0.4,0.0,0.0,0.0,5.5,6.8,259,0.0,100,1019.8,0.0,0.26,0.072
2022-11-09T05:00,3.0,71,-1.9,-0.0,0.0,0.0,0.0,4.1,6.8,308,0.0,97,1020.7,0.0,0.22,0.072
2022-11-09T06:00,2.4,76,-1.5,-0.7,0.0,0.0,0.0,5.0,6.1,270,0.0,100,1021.6,0.0,0.18,0.072
2022-11-09T07:00,4.6,62,-2.0,1.6,0.0,0.0,0.0,3.9,6.1,236,35.0,97,1022.1,0.03,0.32,0.072
2022-11-09T08:00,6.4,57,-1.6,3.8,0.0,0.0,0.0,1.8,7.2,169,113.0,76,1022.9,0.06,0.42,0.072
2022-11-09T09:00,8.6,49,-1.5,6.0,0.0,0.0,0.0,1.6,9.7,117,281.0,44,1022.2,0.14,0.56,0.072
2022-11-09T10:00,10.9,41,-1.8,7.6,0.0,0.0,0.0,6.1,17.6,90,503.0,3,1021.3,0.26,0.76,0.072
2022-11-09T11:00,12.7,34,-2.8,9.5,0.0,0.0,0.0,8.0,22.0,82,632.0,1,1020.0,0.34,0.97,0.071
2022-11-09T12:00,14.0,30,-3.3,10.5,0.0,0.0,0.0,10.1,24.8,73,653.0,0,1018.4,0.37,1.11,0.071
2022-11-09T13:00,14.5,30,-2.7,10.5,0.0,0.0,0.0,12.4,28.1,64,601.0,30,1017.3,0.35,1.15,0.071
2022-11-09T14:00,14.3,34,-1.3,10.0,0.0,0.0,0.0,13.5,29.2,61,445.0,22,1016.8,0.28,1.07,0.07
2022-11-09T15:00,14.5,34,-1.3,10.5,0.0,0.0,0.0,11.2,29.2,75,325.0,7,1016.8,0.21,1.09,0.066
2022-11-09T16:00,13.5,38,-0.7,9.6,0.0,0.0,0.0,11.7,23.8,72,147.0,37,1016.7,0.13,0.97,0.065
2022-11-09T17:00,11.8,43,-0.3,8.7,0.0,0.0,0.0,6.2,21.6,54,14.0,61,1017.2,0.04,0.78,0.065
2022-11-09T18:00,10.5,56,2.1,8.0,0.0,0.0,0.0,4.5,10.4,29,0.0,31,1017.8,0.01,0.56,0.065
2022-11-09T19:00,9.6,57,1.6,6.9,0.0,0.0,0.0,5.4,6.1,53,0.0,55,1018.6,0.01,0.51,0.065
2022-11-09T20:00,8.2,63,1.6,5.4,0.0,0.0,0.0,6.5,7.6,56,0.0,43,1019.0,0.01,0.4,0.065
2022-11-09T21:00,7.4,64,1.0,4.4,0.0,0.0,0.0,7.0,8.3,55,0.0,99,1019.1,0.01,0.37,0.065
2022-11-09T22:00,8.0,56,-0.2,4.9,0.0,0.0,0.0,5.9,9.0,52,0.0,100,1019.6,0.01,0.47,0.065
2022-11-09T23:00,9.1,47,-1.7,6.1,0.0,0.0,0.0,4.3,7.2,85,0.0,65,1019.6,0.01,0.61,0.065
2022-11-10T00:00,9.1,46,-2.0,6.3,0.0,0.0,0.0,2.5,5.8,8,0.0,80,1019.7,0.0,0.62,0.065
2022-11-10T01:00,7.2,54,-1.7,4.3,0.0,0.0,0.0,3.2,4.0,27,0.0,87,1020.0,0.0,0.47,0.065
2022-11-10T02:00,5.4,58,-2.3,2.2,0.0,0.0,0.0,4.9,6.1,17,0.0,74,1020.1,0.01,0.38,0.065
2022-11-10T03:00,7.3,50,-2.6,4.6,0.0,0.0,0.0,1.0,6.1,315,0.0,73,1020.6,0.0,0.51,0.062
2022-11-10T04:00,6.7,52,-2.5,4.1,0.0,0.0,0.0,0.5,1.4,315,0.0,88,1020.8,0.0,0.47,0.062
2022-11-10T05:00,4.5,64,-1.9,1.7,0.0,0.0,0.0,2.6,3.6,304,0.0,39,1021.1,0.0,0.31,0.062
2022-11-10T06:00,3.5,68,-2.0,0.6,0.0,0.0,0.0,3.3,4.0,311,0.0,12,1021.7,0.0,0.26,0.062
2022-11-10T07:00,4.8,61,-2.2,2.1,0.0,0.0,0.0,2.0,5.0,315,55.0,18,1022.5,0.02,0.34,0.062
2022-11-10T08:00,8.2,46,-2.9,5.4,0.0,0.0,0.0,1.8,8.3,323,226.0,7,1023.2,0.1,0.59,0.062
2022-11-10T09:00,11.1,35,-3.9,8.1,0.0,0.0,0.0,2.2,11.2,99,404.0,3,1023.0,0.2,0.86,0.062
2022-11-10T10:00,13.5,30,-4.0,10.2,0.0,0.0,0.0,4.7,16.2,90,547.0,1,1022.0,0.3,1.09,0.062
2022-11-10T11:00,15.5,28,-3.1,12.8,0.0,0.0,0.0,4.7,17.3,86,636.0,0,1020.7,0.37,1.27,0.062
2022-11-10T12:00,16.9,28,-1.8,14.7,0.0,0.0,0.0,3.7,17.3,101,658.0,3,1019.3,0.39,1.39,0.062
2022-11-10T13:00,17.8,30,-0.3,15.1,0.0,0.0,0.0,5.7,17.6,125,600.0,1,1018.1,0.37,1.43,0.062
2022-11-10T14:00,18.8,28,0.1,15.9,0.0,0.0,0.0,5.2,18.7,164,490.0,5,1017.5,0.31,1.55,0.062
2022-11-10T15:00,19.2,26,-0.8,16.3,0.0,0.0,0.0,4.6,15.8,108,329.0,11,1017.6,0.21,1.65,0.05
2022-11-10T16:00,18.3,28,-0.4,15.0,0.0,0.0,0.0,7.6,13.0,71,146.0,38,1018.1,0.13,1.5,0.05
2022-11-10T17:00,15.4,36,0.3,11.8,0.0,0.0,0.0,10.5,19.1,49,13.0,96,1018.9,0.08,1.13,0.05
2022-11-10T18:00,14.0,42,1.3,11.1,0.0,0.0,0.0,6.4,17.3,52,0.0,100,1019.9,0.03,0.92,0.05
2022-11-10T19:00,14.6,40,1.2,12.2,0.0,0.0,0.0,2.6,7.2,286,0.0,100,1020.3,0.01,0.99,0.05
2022-11-10T20:00,12.9,44,1.0,10.0,0.0,0.0,0.0,6.1,9.7,270,0.0,100,1020.6,0.03,0.83,0.05
2022-11-10T21:00,12.6,44,0.6,9.1,0.0,0.0,0.0,9.5,14.8,241,0.0,100,1021.0,0.05,0.82,0.05
2022-11-10T22:00,11.7,51,1.8,8.3,0.0,0.0,0.0,10.2,16.2,228,0.0,80,1021.2,0.04,0.68,0.05
2022-11-10T23:00,10.7,58,2.7,7.7,0.0,0.0,0.0,9.0,16.2,241,0.0,95,1021.3,0.03,0.54,0.05
2022-11-11T00:00,9.7,61,2.6,7.1,0.0,0.0,0.0,5.8,14.4,270,0.0,100,1021.9,0.01,0.46,0.05
2022-11-11T01:00,8.2,66,2.3,5.6,0.0,0.0,0.0,6.0,9.0,295,0.0,100,1022.5,0.01,0.37,0.05
2022-11-11T02:00,7.5,69,2.1,4.9,0.0,0.0,0.0,5.5,7.6,281,0.0,99,1022.7,0.0,0.33,0.05
2022-11-11T03:00,7.6,69,2.2,5.0,0.0,0.0,0.0,5.5,8.6,293,0.0,98,1023.3,0.0,0.32,0.039
2022-11-11T04:00,8.0,68,2.3,5.6,0.0,0.0,0.0,4.3,6.8,275,0.0,100,1023.5,0.0,0.35,0.039
2022-11-11T05:00,6.6,75,2.5,3.9,0.0,0.0,0.0,6.5,7.9,276,0.0,100,1023.7,0.0,0.24,0.039
2022-11-11T06:00,6.1,79,2.8,3.4,0.0,0.0,0.0,6.5,7.9,273,0.0,100,1024.1,0.0,0.19,0.039
2022-11-11T07:00,7.8,70,2.8,5.7,0.0,0.0,0.0,2.7,7.9,293,30.0,100,1024.7,0.02,0.31,0.039
2022-11-11T08:00,10.3,59,2.7,8.1,0.0,0.0,0.0,3.3,9.0,264,158.0,100,1025.0,0.08,0.51,0.039
2022-11-11T09:00,12.2,54,3.1,10.2,0.0,0.0,0.0,2.5,10.1,315,238.0,100,1025.3,0.14,0.65,0.039
2022-11-11T10:00,13.7,50,3.5,11.8,0.0,0.0,0.0,2.2,11.2,360,306.0,100,1024.4,0.18,0.78,0.039
2022-11-11T11:00,15.5,45,3.6,13.7,0.0,0.0,0.0,1.8,11.5,79,417.0,100,1022.9,0.25,0.97,0.039
2022-11-11T12:00,17.2,41,3.7,15.4,0.0,0.0,0.0,1.8,12.6,180,507.0,100,1021.5,0.31,1.16,0.039
2022-11-11T13:00,18.5,38,4.0,16.2,0.0,0.0,0.0,5.4,16.2,200,528.0,100,1019.9,0.34,1.31,0.039
2022-11-11T14:00,19.5,36,4.2,16.9,0.0,0.0,0.0,8.2,20.9,203,383.0,100,1019.3,0.27,1.44,0.039
2022-11-11T15:00,18.2,39,4.2,16.1,0.0,0.0,0.0,5.0,23.8,201,219.0,100,1020.8,0.16,1.27,0.045
2022-11-11T16:00,17.3,42,4.2,14.7,0.0,0.0,0.0,7.9,15.5,196,74.0,100,1021.2,0.1,1.14,0.045
2022-11-11T17:00,15.8,49,5.2,14.1,0.1,0.1,0.0,3.5,14.4,114,7.0,100,1021.8,0.03,0.9,0.047
2022-11-11T18:00,14.5,57,6.0,13.0,0.0,0.0,0.0,3.3,7.6,103,0.0,100,1022.4,0.0,0.72,0.047
2022-11-11T19:00,13.9,61,6.6,12.3,0.0,0.0,0.0,4.8,7.6,138,0.0,100,1022.7,0.01,0.61,0.047
2022-11-11T20:00,13.3,63,6.4,11.6,0.0,0.0,0.0,5.2,8.3,168,0.0,100,1023.1,0.01,0.56,0.047
2022-11-11T21:00,12.8,64,6.2,11.0,0.0,0.0,0.0,5.6,9.7,165,0.0,100,1023.2,0.01,0.53,0.047
2022-11-11T22:00,11.8,69,6.3,10.2,0.0,0.0,0.0,4.0,8.6,180,0.0,100,1022.8,0.0,0.42,0.047
2022-11-11T23:00,11.7,70,6.4,9.9,0.0,0.0,0.0,5.9,8.6,223,0.0,100,1022.5,0.0,0.41,0.047
2022-11-12T00:00,11.4,71,6.2,9.2,0.0,0.0,0.0,8.4,13.7,239,0.0,100,1022.7,0.01,0.4,0.047
2022-11-12T01:00,11.1,73,6.5,9.2,0.1,0.1,0.0,6.8,14.0,245,0.0,100,1022.8,0.0,0.36,0.047
2022-11-12T02:00,10.1,79,6.7,8.7,0.0,0.0,0.0,4.1,10.8,225,0.0,100,1022.9,0.0,0.26,0.048
2022-11-12T03:00,8.7,86,6.5,7.3,0.0,0.0,0.0,3.4,6.5,288,0.0,100,1023.2,0.0,0.15,0.044
2022-11-12T04:00,8.8,86,6.7,7.5,0.0,0.0,0.0,3.0,4.7,284,0.0,100,1023.4,0.0,0.15,0.045
2022-11-12T05:00,8.8,87,6.8,7.5,0.3,0.3,0.0,3.3,4.7,311,0.0,100,1023.3,0.0,0.14,0.048
2022-11-12T06:00,8.5,91,7.1,7.0,0.8,0.8,0.0,5.2,6.8,286,0.0,100,1024.2,0.0,0.1,0.057
2022-11-12T07:00,9.1,92,7.8,8.0,1.4,1.4,0.0,3.7,7.2,259,6.0,100,1024.8,0.02,0.1,0.077
2022-11-12T08:00,9.6,91,8.3,8.7,1.1,1.1,0.0,2.9,6.8,270,42.0,100,1024.9,0.03,0.1,0.092
2022-11-12T09:00,10.3,89,8.6,9.6,0.7,0.7,0.0,1.5,5.8,315,95.0,100,1025.0,0.06,0.14,0.102
2022-11-12T10:00,10.6,90,9.0,9.7,0.7,0.7,0.0,4.1,9.4,255,94.0,100,1025.1,0.06,0.13,0.111
2022-11-12T11:00,11.3,85,8.8,10.3,0.6,0.6,0.0,4.0,9.4,280,123.0,100,1024.1,0.08,0.21,0.119
2022-11-12T12:00,12.4,75,8.0,11.1,0.0,0.0,0.0,5.4,15.5,266,258.0,100,1023.3,0.15,0.37,0.119
2022-11-12T13:00,13.1,68,7.3,11.4,0.0,0.0,0.0,6.5,16.2,304,261.0,100,1022.5,0.16,0.48,0.119
2022-11-12T14:00,13.1,68,7.4,11.3,0.0,0.0,0.0,7.9,17.6,344,198.0,100,1022.1,0.13,0.48,0.118
2022-11-12T15:00,13.7,58,5.6,11.8,0.0,0.0,0.0,5.4,19.1,4,194.0,100,1022.4,0.12,0.66,0.081
2022-11-12T16:00,12.8,69,7.4,11.4,1.9,1.9,0.0,4.7,11.9,58,65.0,100,1022.6,0.05,0.45,0.105
2022-11-12T17:00,12.1,72,7.1,10.8,0.0,0.0,0.0,3.3,9.7,131,9.0,100,1022.9,0.01,0.4,0.105
2022-11-12T18:00,10.5,84,7.9,9.3,0.0,0.0,0.0,4.1,6.5,218,0.0,100,1023.6,0.0,0.2,0.105
2022-11-12T19:00,9.9,88,8.1,8.9,0.0,0.0,0.0,3.3,6.5,276,0.0,100,1023.8,0.0,0.14,0.105
2022-11-12T20:00,9.4,90,7.9,8.4,0.1,0.1,0.0,3.0,5.8,284,0.0,100,1024.0,0.0,0.11,0.105
2022-11-12T21:00,8.9,93,7.8,7.8,0.0,0.0,0.0,3.6,6.5,276,0.0,100,1024.0,0.0,0.08,0.106
2022-11-12T22:00,8.2,94,7.2,6.6,0.0,0.0,0.0,5.9,7.6,284,0.0,95,1023.8,0.0,0.07,0.106
2022-11-12T23:00,8.9,88,7.1,7.6,0.0,0.0,0.0,3.3,7.2,276,0.0,28,1023.4,0.0,0.13,0.106
2022-11-13T00:00,8.4,90,6.8,6.9,0.0,0.0,0.0,4.6,5.4,315,0.0,22,1023.3,0.0,0.11,0.106
2022-11-13T01:00,6.6,94,5.7,4.6,0.0,0.0,0.0,6.0,7.2,303,0.0,7,1023.3,0.0,0.06,0.106
2022-11-13T02:00,5.4,95,4.6,2.7,0.0,0.0,0.0,8.9,10.8,310,0.0,19,1023.2,0.0,0.05,0.106
2022-11-13T03:00,5.6,93,4.6,3.1,0.0,0.0,0.0,7.9,10.8,286,0.0,25,1023.5,0.0,0.06,0.091
2022-11-13T04:00,5.2,94,4.4,2.9,0.1,0.1,0.0,6.5,10.1,273,0.0,27,1023.6,0.0,0.05,0.092
2022-11-13T05:00,4.7,95,3.9,2.1,0.0,0.0,0.0,7.2,9.0,273,0.0,66,1023.9,0.0,0.05,0.092
2022-11-13T06:00,4.0,96,3.4,1.3,0.0,0.0,0.0,7.6,9.4,267,0.0,9,1024.3,0.0,0.04,0.092
2022-11-13T07:00,5.8,89,4.0,3.4,0.0,0.0,0.0,6.4,9.4,254,45.0,35,1025.1,0.01,0.11,0.092
2022-11-13T08:00,8.1,78,4.4,5.8,0.0,0.0,0.0,6.1,14.0,242,185.0,47,1025.3,0.08,0.24,0.092
2022-11-13T09:00,10.5,67,4.6,8.4,0.0,0.0,0.0,5.2,14.8,258,340.0,8,1025.1,0.17,0.42,0.092
2022-11-13T10:00,12.6,57,4.3,10.5,0.0,0.0,0.0,4.6,15.5,288,518.0,2,1024.0,0.27,0.62,0.091
2022-11-13T11:00,14.0,49,3.5,11.7,0.0,0.0,0.0,6.3,18.0,301,576.0,28,1022.8,0.32,0.81,0.091
2022-11-13T12:00,14.6,45,2.8,12.0,0.2,0.2,0.0,6.4,18.4,297,539.0,45,1021.4,0.31,0.92,0.093
2022-11-13T13:00,14.8,43,2.5,12.3,0.1,0.1,0.0,5.3,18.4,298,480.0,37,1020.4,0.28,0.95,0.094
2022-11-13T14:00,15.2,42,2.2,12.6,0.0,0.0,0.0,5.6,15.8,297,397.0,59,1019.9,0.24,1.01,0.093
2022-11-13T15:00,15.4,38,1.3,12.6,0.0,0.0,0.0,5.8,15.8,292,271.0,29,1019.4,0.17,1.08,0.092
2022-11-13T16:00,14.6,43,2.2,12.2,0.0,0.0,0.0,4.2,12.2,31,125.0,6,1019.3,0.08,0.94,0.091
2022-11-13T17:00,12.2,53,3.0,9.4,0.0,0.0,0.0,7.9,13.0,60,12.0,0,1019.6,0.04,0.67,0.091
2022-11-13T18:00,10.5,68,4.7,8.2,0.0,0.0,0.0,6.8,12.6,108,0.0,0,1019.9,0.01,0.41,0.091
2022-11-13T19:00,10.4,62,3.5,8.1,0.0,0.0,0.0,5.4,9.7,184,0.0,0,1020.5,0.01,0.48,0.091
2022-11-13T20:00,8.4,75,4.2,6.5,0.0,0.0,0.0,3.8,6.1,287,0.0,0,1020.9,0.0,0.28,0.091
2022-11-13T21:00,7.5,78,3.9,5.2,0.0,0.0,0.0,5.3,6.5,332,0.0,0,1020.8,0.0,0.23,0.091
2022-11-13T22:00,7.1,77,3.3,4.7,0.0,0.0,0.0,5.9,9.0,52,0.0,0,1021.2,0.0,0.23,0.091
2022-11-13T23:00,5.5,87,3.6,2.9,0.0,0.0,0.0,7.8,10.1,56,0.0,0,1021.4,0.0,0.12,0.091
2022-11-14T00:00,4.9,90,3.4,2.6,0.0,0.0,0.0,5.1,9.4,4,0.0,0,1021.2,0.0,0.09,0.091
2022-11-14T01:00,4.3,93,3.3,2.0,0.0,0.0,0.0,5.0,7.2,360,0.0,0,1021.5,0.0,0.06,0.091
2022-11-14T02:00,3.8,94,2.9,1.4,0.0,0.0,0.0,5.1,7.6,352,0.0,0,1021.8,0.0,0.05,0.091
2022-11-14T03:00,2.7,94,1.9,-0.1,0.0,0.0,0.0,6.8,7.6,342,0.0,3,1021.9,0.0,0.04,0.09
2022-11-14T04:00,2.6,91,1.3,0.0,0.0,0.0,0.0,4.4,8.3,279,0.0,0,1021.8,0.0,0.07,0.09
2022-11-14T05:00,2.2,91,1.0,-0.5,0.0,0.0,0.0,5.2,6.8,254,0.0,0,1021.9,0.0,0.06,0.09
2022-11-14T06:00,2.5,90,1.1,-0.3,0.0,0.0,0.0,6.0,9.4,245,0.0,0,1022.2,0.0,0.07,0.09
2022-11-14T07:00,3.7,87,1.7,0.8,0.0,0.0,0.0,6.9,10.1,242,48.0,0,1022.2,0.01,0.11,0.09
2022-11-14T08:00,7.4,71,2.6,5.1,0.0,0.0,0.0,4.4,12.2,235,215.0,0,1022.3,0.09,0.3,0.089
2022-11-14T09:00,10.0,62,3.2,8.1,0.0,0.0,0.0,2.3,11.5,231,394.0,0,1021.9,0.19,0.46,0.089
2022-11-14T10:00,11.7,59,4.0,10.0,0.0,0.0,0.0,1.9,12.2,158,537.0,0,1020.7,0.28,0.56,0.089
2022-11-14T11:00,13.3,54,4.3,12.0,0.0,0.0,0.0,2.6,14.0,124,624.0,0,1019.1,0.34,0.69,0.088
2022-11-14T12:00,14.4,49,3.7,13.0,0.0,0.0,0.0,3.5,15.5,114,646.0,6,1017.5,0.36,0.84,0.087
2022-11-14T13:00,15.2,44,2.9,13.3,0.0,0.0,0.0,3.9,15.8,124,599.0,29,1016.2,0.34,0.98,0.086
2022-11-14T14:00,15.9,39,1.9,13.6,0.0,0.0,0.0,3.3,15.5,131,478.0,32,1015.3,0.27,1.1,0.085
2022-11-14T15:00,15.4,34,-0.2,13.2,0.0,0.0,0.0,0.5,13.0,135,318.0,53,1015.2,0.16,1.15,0.083
2022-11-14T16:00,15.0,38,0.9,12.3,0.0,0.0,0.0,4.4,7.6,99,88.0,100,1015.0,0.08,1.05,0.083
2022-11-14T17:00,12.9,49,2.5,9.9,0.0,0.0,0.0,8.6,13.7,112,9.0,2,1015.7,0.05,0.75,0.083
2022-11-14T18:00,10.5,69,5.0,8.2,0.0,0.0,0.0,7.6,14.0,109,0.0,0,1016.7,0.01,0.4,0.083
2022-11-14T19:00,10.1,65,3.7,7.5,0.0,0.0,0.0,7.3,10.4,169,0.0,0,1016.9,0.01,0.44,0.083
2022-11-14T20:00,9.5,62,2.6,6.8,0.0,0.0,0.0,6.6,10.8,202,0.0,0,1017.0,0.01,0.45,0.083
2022-11-14T21:00,8.4,64,2.1,5.4,0.0,0.0,0.0,8.2,13.0,255,0.0,0,1017.5,0.02,0.39,0.083
2022-11-14T22:00,7.6,55,-0.8,3.9,0.0,0.0,0.0,9.7,15.8,270,0.0,0,1018.0,0.03,0.47,0.082
2022-11-14T23:00,6.3,60,-0.9,3.1,0.0,0.0,0.0,6.6,15.5,283,0.0,0,1018.1,0.01,0.38,0.082
2022-11-15T00:00,5.0,67,-0.6,1.6,0.0,0.0,0.0,8.0,10.4,280,0.0,0,1018.1,0.01,0.29,0.082
2022-11-15T01:00,4.1,73,-0.4,0.5,0.0,0.0,0.0,9.2,11.9,301,0.0,0,1018.3,0.01,0.22,0.082
2022-11-15T02:00,4.6,67,-1.1,1.5,0.0,0.0,0.0,5.4,11.2,266,0.0,0,1018.9,0.0,0.28,0.082
2022-11-15T03:00,2.8,71,-2.0,-0.3,0.0,0.0,0.0,5.0,7.9,240,0.0,0,1019.7,0.0,0.22,0.08
2022-11-15T04:00,1.7,77,-1.9,-1.5,0.0,0.0,0.0,5.7,8.3,235,0.0,0,1019.8,0.0,0.16,0.08
2022-11-15T05:00,1.2,80,-2.0,-2.3,0.0,0.0,0.0,6.9,10.8,231,0.0,2,1020.1,0.0,0.13,0.08
2022-11-15T06:00,0.4,84,-2.0,-3.3,0.0,0.0,0.0,8.8,14.0,235,0.0,17,1020.5,0.0,0.1,0.08
2022-11-15T07:00,1.5,79,-1.9,-2.5,0.0,0.0,0.0,10.7,16.9,237,47.0,15,1021.0,0.02,0.15,0.08
2022-11-15T08:00,5.4,62,-1.5,1.8,0.0,0.0,0.0,8.1,18.0,238,216.0,100,1021.3,0.09,0.34,0.08
2022-11-15T09:00,9.2,46,-1.8,5.7,0.0,0.0,0.0,7.0,17.3,235,381.0,97,1021.6,0.19,0.62,0.08
2022-11-15T10:00,11.7,37,-2.6,8.4,0.0,0.0,0.0,5.6,17.6,225,477.0,47,1020.4,0.26,0.87,0.079
2022-11-15T11:00,13.6,32,-2.6,10.7,0.0,0.0,0.0,4.6,16.6,219,589.0,32,1018.9,0.33,1.05,0.079
2022-11-15T12:00,15.1,30,-2.5,12.6,0.0,0.0,0.0,3.8,15.8,229,648.0,8,1017.5,0.37,1.2,0.078
2022-11-15T13:00,16.1,28,-2.7,13.6,0.0,0.0,0.0,2.3,15.1,252,600.0,0,1016.2,0.34,1.32,0.077
2022-11-15T14:00,16.7,26,-2.8,14.1,0.0,0.0,0.0,0.4,12.6,90,488.0,0,1015.6,0.27,1.4,0.077
2022-11-15T15:00,16.5,26,-3.0,12.9,0.0,0.0,0.0,6.8,12.2,87,325.0,0,1015.8,0.21,1.38,0.074
2022-11-15T16:00,14.7,30,-2.9,10.1,0.0,0.0,0.0,14.3,24.8,65,139.0,0,1016.0,0.15,1.18,0.074
2022-11-15T17:00,11.9,38,-2.2,8.2,0.0,0.0,0.0,8.4,25.6,70,11.0,0,1017.3,0.05,0.87,0.073
2022-11-15T18:00,10.9,41,-1.8,7.1,0.0,0.0,0.0,9.4,14.8,122,0.0,0,1017.7,0.05,0.76,0.073
2022-11-15T19:00,9.9,50,0.1,6.9,0.0,0.0,0.0,6.1,15.1,130,0.0,0,1018.2,0.02,0.61,0.073
2022-11-15T20:00,10.4,50,0.4,7.2,0.0,0.0,0.0,7.2,11.2,177,0.0,0,1018.7,0.03,0.63,0.073
2022-11-15T21:00,8.1,61,1.1,5.3,0.0,0.0,0.0,5.6,9.7,230,0.0,0,1018.7,0.01,0.42,0.073
2022-11-15T22:00,6.7,67,1.1,3.8,0.0,0.0,0.0,6.8,9.0,245,0.0,0,1018.9,0.01,0.32,0.073
2022-11-15T23:00,5.7,67,0.1,2.6,0.0,0.0,0.0,6.3,10.1,294,0.0,0,1019.8,0.01,0.3,0.073
2022-11-16T00:00,4.4,72,-0.2,1.0,0.0,0.0,0.0,8.4,9.7,290,0.0,0,1020.1,0.01,0.23,0.073
2022-11-16T01:00,4.4,69,-0.9,1.1,0.0,0.0,0.0,6.9,10.4,276,0.0,0,1020.6,0.01,0.26,0.073
2022-11-16T02:00,3.1,74,-1.1,-0.1,0.0,0.0,0.0,6.2,8.6,249,0.0,0,1020.6,0.0,0.2,0.073
2022-11-16T03:00,2.2,77,-1.4,-1.1,0.0,0.0,0.0,6.5,8.3,236,0.0,0,1021.1,0.0,0.16,0.065
2022-11-16T04:00,1.9,80,-1.3,-1.4,0.0,0.0,0.0,6.9,11.5,242,0.0,0,1021.3,0.0,0.14,0.065
2022-11-16T05:00,0.9,84,-1.5,-2.3,0.0,0.0,0.0,5.7,11.5,252,0.0,0,1021.8,0.0,0.1,0.065
2022-11-16T06:00,0.5,85,-1.7,-2.7,0.0,0.0,0.0,5.8,9.0,240,0.0,0,1022.6,0.0,0.09,0.065
2022-11-16T07:00,2.0,78,-1.6,-1.6,0.0,0.0,0.0,8.5,12.6,242,45.0,1,1023.3,0.02,0.16,0.065
2022-11-16T08:00,5.7,60,-1.4,2.3,0.0,0.0,0.0,7.2,15.1,252,212.0,3,1023.6,0.09,0.36,0.065
2022-11-16T09:00,9.6,44,-2.0,6.4,0.0,0.0,0.0,5.2,15.5,254,391.0,32,1023.4,0.19,0.67,0.065
2022-11-16T10:00,12.4,36,-2.4,9.8,0.0,0.0,0.0,0.8,14.8,207,528.0,5,1021.8,0.27,0.92,0.065
2022-11-16T11:00,14.2,32,-2.4,11.9,0.0,0.0,0.0,1.8,13.0,101,617.0,53,1020.3,0.34,1.11,0.065
2022-11-16T12:00,15.6,29,-2.5,12.9,0.0,0.0,0.0,4.7,16.9,90,618.0,100,1018.8,0.36,1.26,0.065
2022-11-16T13:00,16.0,28,-2.6,13.2,0.0,0.0,0.0,2.2,16.9,90,469.0,100,1018.0,0.28,1.31,0.064
2022-11-16T14:00,14.5,35,-0.8,11.4,0.6,0.6,0.0,5.9,13.0,349,133.0,100,1018.6,0.13,1.07,0.071
2022-11-16T15:00,14.5,32,-1.9,10.9,0.1,0.1,0.0,8.1,22.3,32,93.0,99,1017.8,0.12,1.12,0.08
2022-11-16T16:00,14.2,33,-1.9,11.0,0.0,0.0,0.0,4.8,17.3,48,125.0,32,1017.6,0.08,1.08,0.08
2022-11-16T17:00,11.5,56,2.9,9.1,0.0,0.0,0.0,5.4,9.0,8,9.0,18,1017.6,0.02,0.6,0.08
2022-11-16T18:00,13.1,34,-2.4,9.9,0.0,0.0,0.0,4.3,6.1,66,0.0,41,1018.0,0.02,0.99,0.08
2022-11-16T19:00,11.4,47,0.3,8.2,0.0,0.0,0.0,7.5,9.7,163,0.0,44,1017.9,0.03,0.72,0.08
2022-11-16T20:00,10.1,55,1.4,7.2,0.0,0.0,0.0,6.1,9.0,220,0.0,26,1017.9,0.02,0.56,0.08
2022-11-16T21:00,9.1,59,1.6,6.5,0.0,0.0,0.0,4.8,7.9,257,0.0,32,1017.5,0.01,0.47,0.08
2022-11-16T22:00,8.0,60,0.6,5.2,0.0,0.0,0.0,4.7,6.5,337,0.0,40,1017.4,0.01,0.43,0.08
2022-11-16T23:00,7.2,59,-0.3,4.2,0.0,0.0,0.0,5.5,8.6,337,0.0,62,1017.8,0.01,0.41,0.08
2022-11-17T00:00,6.6,65,0.5,3.7,0.0,0.0,0.0,5.6,9.4,310,0.0,86,1017.3,0.01,0.34,0.08
2022-11-17T01:00,6.3,66,0.5,3.3,0.0,0.0,0.0,5.9,7.6,308,0.0,73,1017.2,0.01,0.32,0.08
2022-11-17T02:00,5.7,69,0.5,2.7,0.0,0.0,0.0,5.9,7.6,284,0.0,100,1017.3,0.0,0.28,0.08
2022-11-17T03:00,4.6,73,0.1,1.3,0.0,0.0,0.0,7.6,9.4,275,0.0,100,1018.2,0.01,0.23,0.078
2022-11-17T04:00,5.0,69,-0.3,2.0,0.0,0.0,0.0,5.1,9.4,278,0.0,100,1018.6,0.0,0.27,0.078
2022-11-17T05:00,4.8,72,0.2,2.0,0.0,0.0,0.0,4.7,8.3,247,0.0,100,1019.0,0.0,0.24,0.078
2022-11-17T06:00,4.8,75,0.7,2.1,0.1,0.1,0.0,4.2,7.6,250,0.0,99,1019.2,0.0,0.21,0.079
2022-11-17T07:00,5.2,75,1.2,2.5,0.1,0.1,0.0,5.0,7.2,249,31.0,100,1019.5,0.02,0.22,0.079
2022-11-17T08:00,8.3,64,2.0,5.8,0.0,0.0,0.0,5.1,12.6,225,157.0,100,1020.0,0.08,0.39,0.079
2022-11-17T09:00,10.0,57,2.0,7.5,0.1,0.1,0.0,4.9,13.3,197,232.0,100,1019.7,0.13,0.52,0.08
2022-11-17T10:00,11.0,58,3.1,9.1,0.3,0.3,0.0,1.6,13.7,297,306.0,100,1018.8,0.17,0.55,0.082
2022-11-17T11:00,12.0,58,4.1,9.9,0.7,0.7,0.0,4.7,14.4,23,332.0,100,1017.7,0.19,0.59,0.09
2022-11-17T12:00,12.4,61,5.1,10.4,0.1,0.1,0.0,5.4,16.6,53,347.0,100,1016.7,0.2,0.56,0.091
2022-11-17T13:00,13.1,59,5.4,10.8,0.1,0.1,0.0,7.6,18.7,45,415.0,100,1015.8,0.23,0.61,0.092
2022-11-17T14:00,12.6,64,6.0,10.7,0.5,0.5,0.0,6.0,20.5,57,244.0,100,1015.8,0.15,0.52,0.098
2022-11-17T15:00,15.0,55,6.0,12.2,0.2,0.2,0.0,12.4,15.5,280,208.0,100,1015.3,0.15,0.77,0.089
2022-11-17T16:00,13.4,66,7.3,11.9,0.3,0.3,0.0,5.8,24.8,266,40.0,100,1016.2,0.05,0.52,0.092
2022-11-17T17:00,12.2,76,8.2,10.5,0.6,0.6,0.0,8.0,19.4,190,4.0,100,1016.9,0.03,0.34,0.098
2022-11-17T18:00,12.0,81,8.9,10.3,0.2,0.2,0.0,9.9,16.2,213,0.0,100,1016.9,0.0,0.27,0.1
2022-11-17T19:00,11.5,86,9.2,10.3,0.0,0.0,0.0,6.1,17.6,208,0.0,100,1017.3,0.0,0.19,0.1
2022-11-17T20:00,10.5,90,8.9,9.3,0.0,0.0,0.0,6.0,10.8,205,0.0,100,1017.1,0.0,0.13,0.101
2022-11-17T21:00,10.5,83,7.8,9.1,0.0,0.0,0.0,5.3,9.0,208,0.0,100,1016.9,0.0,0.22,0.101
2022-11-17T22:00,10.3,79,6.9,8.5,0.0,0.0,0.0,6.9,11.5,231,0.0,100,1016.8,0.0,0.26,0.101
2022-11-17T23:00,9.6,82,6.8,8.0,0.2,0.2,0.0,5.1,11.5,231,0.0,100,1017.0,0.0,0.21,0.103
2022-11-18T00:00,8.9,87,6.9,7.4,0.4,0.4,0.0,5.1,8.6,225,0.0,100,1016.9,0.0,0.15,0.107
2022-11-18T01:00,9.0,90,7.5,7.9,1.3,1.3,0.0,3.3,7.6,186,0.0,100,1017.2,0.0,0.11,0.125
2022-11-18T02:00,8.6,91,7.2,6.9,0.3,0.3,0.0,6.5,11.2,161,0.0,100,1017.0,0.0,0.1,0.128
2022-11-18T03:00,7.7,97,7.2,6.2,0.0,0.0,0.0,4.8,11.2,193,0.0,100,1017.9,0.0,0.04,0.123
2022-11-18T04:00,7.0,98,6.6,5.4,0.0,0.0,0.0,4.9,7.9,197,0.0,100,1017.6,0.0,0.02,0.123
2022-11-18T05:00,6.5,98,6.2,4.7,0.0,0.0,0.0,5.7,7.6,252,0.0,100,1017.8,0.0,0.02,0.123
2022-11-18T06:00,5.9,98,5.7,4.0,0.0,0.0,0.0,5.4,7.2,307,0.0,100,1018.5,0.0,0.02,0.123
2022-11-18T07:00,6.5,98,6.2,5.3,0.0,0.0,0.0,1.5,6.8,284,26.0,22,1019.2,0.01,0.02,0.123
2022-11-18T08:00,8.8,90,7.3,7.8,0.0,0.0,0.0,1.5,9.0,284,197.0,0,1019.7,0.08,0.11,0.123
2022-11-18T09:00,11.0,78,7.2,10.0,0.0,0.0,0.0,1.4,11.9,270,379.0,0,1019.6,0.19,0.29,0.123
2022-11-18T10:00,13.0,63,6.2,11.6,0.0,0.0,0.0,3.1,14.0,234,519.0,1,1018.2,0.27,0.55,0.122
2022-11-18T11:00,15.0,51,5.0,12.4,0.1,0.1,0.0,11.5,29.9,256,596.0,29,1016.7,0.33,0.84,0.123
2022-11-18T12:00,16.3,42,3.5,12.9,0.2,0.2,0.0,13.0,30.2,256,527.0,6,1015.4,0.33,1.07,0.124
2022-11-18T13:00,17.8,31,0.6,13.5,0.2,0.2,0.0,16.0,31.3,261,565.0,12,1014.1,0.38,1.4,0.124
2022-11-18T14:00,17.8,29,-0.6,12.9,0.0,0.0,0.0,18.0,34.2,269,440.0,0,1013.8,0.33,1.45,0.123
2022-11-18T15:00,17.5,30,-0.4,12.6,0.0,0.0,0.0,18.4,33.8,264,315.0,0,1014.0,0.26,1.4,0.117
2022-11-18T16:00,15.7,36,0.6,11.9,0.0,0.0,0.0,11.9,32.8,272,133.0,0,1015.0,0.13,1.14,0.116
2022-11-18T17:00,12.3,52,2.8,9.6,0.0,0.0,0.0,6.8,20.5,273,10.0,0,1015.9,0.03,0.68,0.116
2022-11-18T18:00,11.9,47,0.9,8.5,0.0,0.0,0.0,9.2,13.7,259,0.0,0,1017.2,0.04,0.74,0.116
2022-11-18T19:00,11.4,48,0.6,7.5,0.0,0.0,0.0,12.6,21.6,265,0.0,0,1018.0,0.06,0.71,0.116
2022-11-18T20:00,9.8,56,1.6,6.4,0.0,0.0,0.0,10.7,20.9,256,0.0,0,1018.9,0.03,0.53,0.115
2022-11-18T21:00,8.7,62,1.8,5.5,0.0,0.0,0.0,9.3,17.6,257,0.0,0,1019.1,0.02,0.43,0.115
2022-11-18T22:00,7.2,70,2.0,4.4,0.0,0.0,0.0,6.2,14.8,260,0.0,0,1019.7,0.0,0.31,0.115
2022-11-18T23:00,5.7,77,1.9,2.9,0.0,0.0,0.0,6.2,9.4,260,0.0,48,1020.1,0.0,0.21,0.115
2022-11-19T00:00,4.4,82,1.5,1.3,0.0,0.0,0.0,7.9,10.1,273,0.0,28,1020.4,0.0,0.15,0.115
2022-11-19T01:00,3.4,85,1.1,0.4,0.0,0.0,0.0,7.4,9.7,241,0.0,94,1021.2,0.0,0.12,0.115
2022-11-19T02:00,3.4,83,0.8,0.6,0.0,0.0,0.0,5.1,9.0,231,0.0,92,1021.7,0.0,0.13,0.115
2022-11-19T03:00,3.9,80,0.9,0.7,0.0,0.0,0.0,8.4,13.0,227,0.0,87,1022.2,0.0,0.16,0.112
2022-11-19T04:00,3.2,82,0.3,-0.5,0.0,0.0,0.0,10.7,17.3,225,0.0,92,1022.1,0.0,0.14,0.112
2022-11-19T05:00,2.4,83,-0.3,-1.3,0.0,0.0,0.0,10.7,17.6,230,0.0,98,1022.4,0.0,0.13,0.112
2022-11-19T06:00,2.2,83,-0.5,-1.5,0.0,0.0,0.0,10.5,17.6,232,0.0,96,1023.0,0.0,0.12,0.112
2022-11-19T07:00,3.1,78,-0.5,-0.8,0.0,0.0,0.0,11.3,18.7,239,30.0,98,1023.8,0.02,0.17,0.112
2022-11-19T08:00,5.9,66,0.0,2.4,0.0,0.0,0.0,9.3,19.4,242,164.0,99,1024.3,0.08,0.32,0.112
2022-11-19T09:00,9.0,53,0.1,6.1,0.0,0.0,0.0,5.2,17.6,245,305.0,65,1024.6,0.15,0.54,0.111
2022-11-19T10:00,12.1,41,-0.9,9.4,0.0,0.0,0.0,2.7,14.0,247,505.0,0,1023.2,0.26,0.84,0.11
2022-11-19T11:00,14.0,35,-1.1,12.0,0.0,0.0,0.0,0.5,12.2,315,609.0,42,1021.6,0.33,1.04,0.109
2022-11-19T12:00,15.1,34,-0.6,13.1,0.0,0.0,0.0,2.1,12.6,59,628.0,79,1020.3,0.35,1.12,0.108
2022-11-19T13:00,15.7,33,-0.4,13.1,0.0,0.0,0.0,3.5,13.7,66,573.0,100,1019.4,0.33,1.18,0.106
2022-11-19T14:00,15.8,34,-0.3,12.8,0.0,0.0,0.0,5.6,15.5,63,462.0,100,1018.9,0.27,1.19,0.105
2022-11-19T15:00,15.3,34,-0.7,12.2,0.0,0.0,0.0,5.6,15.8,75,290.0,100,1019.7,0.18,1.15,0.104
2022-11-19T16:00,13.8,43,1.4,11.1,0.0,0.0,0.0,5.2,13.3,78,125.0,35,1020.1,0.08,0.9,0.103
2022-11-19T17:00,11.5,51,1.7,8.7,0.0,0.0,0.0,6.6,10.4,81,9.0,97,1020.8,0.03,0.67,0.103
2022-11-19T18:00,9.9,64,3.3,7.1,0.0,0.0,0.0,8.4,10.4,83,0.0,97,1021.0,0.02,0.44,0.103
2022-11-19T19:00,11.2,45,-0.2,8.4,0.0,0.0,0.0,4.3,9.7,175,0.0,98,1021.4,0.01,0.72,0.103
2022-11-19T20:00,9.2,59,1.6,7.0,0.0,0.0,0.0,2.3,5.0,288,0.0,97,1021.8,0.0,0.47,0.103
2022-11-19T21:00,7.7,65,1.6,5.1,0.0,0.0,0.0,4.8,6.8,312,0.0,0,1022.2,0.0,0.36,0.103
2022-11-19T22:00,6.3,72,1.6,3.5,0.0,0.0,0.0,6.4,9.4,308,0.0,0,1022.1,0.0,0.27,0.103
2022-11-19T23:00,5.4,75,1.4,2.6,0.0,0.0,0.0,5.9,7.6,284,0.0,0,1022.0,0.0,0.22,0.103
2022-11-20T00:00,4.8,77,1.1,1.8,0.0,0.0,0.0,7.0,8.3,282,0.0,0,1022.1,0.0,0.2,0.103
2022-11-20T01:00,4.1,79,0.8,1.2,0.0,0.0,0.0,6.5,8.3,264,0.0,0,1022.4,0.0,0.17,0.103
2022-11-20T02:00,3.5,81,0.5,0.6,0.0,0.0,0.0,5.7,7.9,252,0.0,0,1023.0,0.0,0.15,0.103
2022-11-20T03:00,1.7,88,-0.1,-1.6,0.0,0.0,0.0,7.9,8.6,246,0.0,0,1023.7,0.0,0.08,0.103
2022-11-20T04:00,1.5,90,0.0,-1.6,0.0,0.0,0.0,6.6,9.4,261,0.0,0,1023.9,0.0,0.07,0.103
2022-11-20T05:00,0.9,91,-0.5,-2.4,0.0,0.0,0.0,7.4,9.4,256,0.0,0,1024.3,0.0,0.06,0.103
2022-11-20T06:00,0.9,89,-0.7,-2.2,0.0,0.0,0.0,5.7,9.4,235,0.0,0,1025.0,0.0,0.07,0.103
2022-11-20T07:00,1.8,83,-0.7,-1.7,0.0,0.0,0.0,8.7,13.3,232,38.0,0,1025.3,0.01,0.12,0.103
2022-11-20T08:00,5.5,65,-0.6,2.1,0.0,0.0,0.0,7.6,16.6,239,200.0,0,1025.6,0.08,0.31,0.103
2022-11-20T09:00,9.4,51,-0.2,6.4,0.0,0.0,0.0,5.3,15.1,242,379.0,0,1025.6,0.18,0.57,0.103
2022-11-20T10:00,12.0,43,-0.2,9.3,0.0,0.0,0.0,4.0,14.4,275,522.0,0,1024.4,0.27,0.8,0.102
2022-11-20T11:00,13.6,37,-0.8,11.6,0.0,0.0,0.0,1.3,13.7,326,608.0,0,1023.1,0.33,0.98,0.101
2022-11-20T12:00,14.8,31,-2.1,12.5,0.0,0.0,0.0,2.5,13.0,98,630.0,0,1022.0,0.35,1.15,0.1
2022-11-20T13:00,15.4,27,-3.7,12.4,0.0,0.0,0.0,4.3,15.1,85,584.0,0,1020.9,0.33,1.28,0.099
2022-11-20T14:00,15.6,24,-4.7,12.0,0.0,0.0,0.0,5.4,15.8,70,475.0,0,1020.7,0.28,1.34,0.098
2022-11-20T15:00,15.1,24,-5.4,11.5,0.0,0.0,0.0,5.6,15.5,75,316.0,0,1021.3,0.19,1.31,0.096
2022-11-20T16:00,13.3,51,3.4,11.0,0.0,0.0,0.0,4.7,12.6,67,132.0,0,1021.5,0.07,0.74,0.095
2022-11-20T17:00,10.8,56,2.3,8.0,0.0,0.0,0.0,6.9,7.9,9,9.0,0,1022.0,0.03,0.57,0.095
2022-11-20T18:00,9.9,52,0.4,6.6,0.0,0.0,0.0,8.0,11.9,355,0.0,0,1023.0,0.03,0.59,0.095
2022-11-20T19:00,8.8,57,0.7,5.4,0.0,0.0,0.0,8.8,15.5,12,0.0,0,1024.2,0.03,0.49,0.095
2022-11-20T20:00,7.8,61,0.7,4.8,0.0,0.0,0.0,6.9,14.4,6,0.0,0,1024.9,0.01,0.42,0.095
2022-11-20T21:00,6.9,64,0.7,4.0,0.0,0.0,0.0,5.7,10.8,342,0.0,0,1025.0,0.01,0.35,0.095
2022-11-20T22:00,6.0,68,0.5,3.2,0.0,0.0,0.0,5.5,8.6,328,0.0,0,1025.2,0.0,0.3,0.095
2022-11-20T23:00,4.5,75,0.5,1.0,0.0,0.0,0.0,10.0,11.5,330,0.0,0,1025.4,0.01,0.21,0.095
2022-11-21T00:00,4.1,74,-0.2,0.4,0.0,0.0,0.0,10.0,12.6,308,0.0,0,1025.4,0.01,0.21,0.095
2022-11-21T01:00,3.3,76,-0.6,-0.1,0.0,0.0,0.0,7.9,11.5,273,0.0,0,1025.8,0.0,0.19,0.095
2022-11-21T02:00,2.1,81,-0.9,-1.5,0.0,0.0,0.0,8.9,10.8,291,0.0,0,1026.3,0.0,0.14,0.095
2022-11-21T03:00,1.2,83,-1.4,-2.6,0.0,0.0,0.0,9.7,11.5,297,0.0,0,1027.3,0.0,0.11,0.094
2022-11-21T04:00,0.9,84,-1.6,-2.8,0.0,0.0,0.0,9.0,11.5,286,0.0,0,1027.1,0.0,0.1,0.094
2022-11-21T05:00,0.3,85,-2.0,-3.4,0.0,0.0,0.0,8.4,10.8,277,0.0,0,1027.7,0.0,0.09,0.094
2022-11-21T06:00,-0.4,86,-2.4,-3.9,0.0,0.0,0.0,7.7,10.1,259,0.0,0,1028.6,0.0,0.08,0.094
2022-11-21T07:00,1.3,80,-1.9,-2.0,0.0,0.0,0.0,5.5,9.4,247,36.0,0,1029.2,0.01,0.14,0.094
2022-11-21T08:00,5.0,64,-1.2,2.0,0.0,0.0,0.0,5.0,12.2,240,198.0,0,1029.8,0.08,0.31,0.094
2022-11-21T09:00,8.4,52,-1.0,5.7,0.0,0.0,0.0,3.2,12.2,243,378.0,0,1029.5,0.17,0.53,0.093
2022-11-21T10:00,10.6,44,-1.2,8.0,0.0,0.0,0.0,1.8,11.9,307,522.0,0,1028.5,0.26,0.71,0.093
2022-11-21T11:00,12.3,39,-1.3,10.1,0.0,0.0,0.0,1.6,12.2,333,610.0,0,1027.2,0.32,0.87,0.092
2022-11-21T12:00,13.4,35,-2.0,11.2,0.0,0.0,0.0,1.8,12.6,11,632.0,0,1025.9,0.34,1.0,0.091
2022-11-21T13:00,14.0,31,-3.0,11.2,0.0,0.0,0.0,3.1,13.7,45,586.0,0,1024.8,0.32,1.11,0.09
2022-11-21T14:00,14.3,28,-3.8,10.8,0.0,0.0,0.0,5.2,15.1,56,478.0,0,1024.4,0.27,1.16,0.089
2022-11-21T15:00,14.0,26,-5.4,10.3,0.0,0.0,0.0,6.0,15.5,57,318.0,0,1024.4,0.18,1.19,0.086
2022-11-21T16:00,12.5,35,-2.8,9.3,0.0,0.0,0.0,4.4,14.0,55,133.0,0,1024.3,0.07,0.95,0.085
2022-11-21T17:00,9.9,49,-0.5,6.6,0.0,0.0,0.0,7.9,10.1,51,9.0,0,1024.5,0.03,0.63,0.085
2022-11-21T18:00,10.2,37,-4.0,6.8,0.0,0.0,0.0,5.4,9.4,20,0.0,0,1025.1,0.03,0.79,0.085
2022-11-21T19:00,8.9,42,-3.4,5.6,0.0,0.0,0.0,4.8,6.5,347,0.0,0,1025.7,0.02,0.66,0.085
2022-11-21T20:00,9.4,35,-5.4,6.3,0.0,0.0,0.0,1.9,6.1,292,0.0,0,1025.9,0.0,0.77,0.085
2022-11-21T21:00,6.8,47,-3.6,3.8,0.0,0.0,0.0,2.9,3.6,263,0.0,0,1026.3,0.0,0.52,0.085
2022-11-21T22:00,4.6,59,-2.8,1.4,0.0,0.0,0.0,4.7,5.8,270,0.0,0,1026.5,0.01,0.35,0.085
2022-11-21T23:00,3.1,66,-2.7,-0.2,0.0,0.0,0.0,5.8,7.2,266,0.0,0,1026.6,0.0,0.26,0.085
2022-11-22T00:00,1.9,71,-2.9,-1.6,0.0,0.0,0.0,6.5,7.9,251,0.0,0,1026.6,0.0,0.21,0.085
2022-11-22T01:00,1.4,74,-2.8,-1.8,0.0,0.0,0.0,4.4,7.9,235,0.0,0,1026.8,0.0,0.18,0.085
2022-11-22T02:00,0.5,81,-2.4,-2.9,0.0,0.0,0.0,6.3,10.1,239,0.0,0,1026.9,0.0,0.12,0.085
2022-11-22T03:00,-0.2,86,-2.3,-3.6,0.0,0.0,0.0,6.8,11.9,238,0.0,0,1027.4,0.0,0.09,0.085
2022-11-22T04:00,-0.4,85,-2.6,-4.0,0.0,0.0,0.0,7.9,13.0,240,0.0,0,1027.8,0.0,0.09,0.085
2022-11-22T05:00,-1.0,86,-3.1,-4.6,0.0,0.0,0.0,7.4,13.0,241,0.0,0,1028.3,0.0,0.08,0.085
2022-11-22T06:00,-1.5,86,-3.5,-5.2,0.0,0.0,0.0,7.8,12.2,236,0.0,0,1029.1,0.0,0.08,0.085
2022-11-22T07:00,-0.8,82,-3.5,-5.0,0.0,0.0,0.0,11.1,16.9,234,36.0,0,1029.6,0.01,0.11,0.085
2022-11-22T08:00,3.3,62,-3.3,-0.7,0.0,0.0,0.0,9.3,18.4,234,199.0,2,1029.8,0.08,0.29,0.085
2022-11-22T09:00,6.7,48,-3.5,3.1,0.0,0.0,0.0,6.8,17.6,245,381.0,4,1029.8,0.17,0.51,0.085
2022-11-22T10:00,9.9,37,-4.2,6.5,0.0,0.0,0.0,4.7,17.3,266,525.0,1,1027.9,0.26,0.77,0.085
2022-11-22T11:00,11.9,32,-4.4,9.1,0.0,0.0,0.0,3.2,15.5,297,613.0,0,1026.0,0.32,0.95,0.084
2022-11-22T12:00,13.1,29,-4.5,10.8,0.0,0.0,0.0,1.1,13.7,360,636.0,0,1024.5,0.34,1.07,0.083
2022-11-22T13:00,13.8,28,-4.6,10.8,0.0,0.0,0.0,3.4,13.7,58,591.0,0,1023.2,0.32,1.14,0.082
2022-11-22T14:00,14.1,27,-4.5,10.5,0.0,0.0,0.0,5.6,16.2,63,481.0,0,1022.4,0.27,1.16,0.082
2022-11-22T15:00,13.4,29,-4.5,9.7,0.0,0.0,0.0,6.4,16.6,63,319.0,0,1022.7,0.18,1.09,0.081
2022-11-22T16:00,11.7,35,-3.3,8.1,0.0,0.0,0.0,6.6,15.1,61,133.0,0,1022.9,0.09,0.89,0.08
2022-11-22T17:00,8.6,55,0.1,5.2,0.0,0.0,0.0,8.2,11.2,75,9.0,0,1023.4,0.03,0.5,0.08
2022-11-22T18:00,9.7,38,-3.9,6.2,0.0,0.0,0.0,5.8,10.4,97,0.0,0,1023.7,0.03,0.74,0.08
2022-11-22T19:00,9.3,38,-4.2,6.2,0.0,0.0,0.0,2.9,7.2,210,0.0,0,1023.9,0.01,0.72,0.08
2022-11-22T20:00,8.5,41,-4.1,5.7,0.0,0.0,0.0,0.7,3.6,270,0.0,0,1024.2,0.0,0.66,0.08
2022-11-22T21:00,5.0,61,-1.9,2.0,0.0,0.0,0.0,3.9,4.7,304,0.0,0,1024.3,0.0,0.34,0.08
2022-11-22T22:00,3.8,68,-1.6,0.6,0.0,0.0,0.0,5.4,6.8,312,0.0,0,1024.5,0.0,0.26,0.08
2022-11-22T23:00,3.3,69,-1.9,0.1,0.0,0.0,0.0,5.3,6.8,298,0.0,0,1024.6,0.0,0.24,0.08
2022-11-23T00:00,2.9,69,-2.3,-0.4,0.0,0.0,0.0,5.6,6.8,285,0.0,0,1024.5,0.0,0.23,0.08
2022-11-23T01:00,2.1,71,-2.6,-1.2,0.0,0.0,0.0,5.4,6.8,262,0.0,0,1024.3,0.0,0.2,0.08
2022-11-23T02:00,0.4,77,-3.2,-3.3,0.0,0.0,0.0,7.5,9.0,253,0.0,0,1024.2,0.0,0.14,0.08
2022-11-23T03:00,-0.4,77,-3.9,-4.0,0.0,0.0,0.0,6.8,9.4,252,0.0,0,1025.2,0.0,0.14,0.08
2022-11-23T04:00,-0.6,77,-4.1,-4.2,0.0,0.0,0.0,6.6,10.4,248,0.0,7,1025.5,0.0,0.13,0.08
2022-11-23T05:00,-1.2,80,-4.1,-4.8,0.0,0.0,0.0,6.8,10.8,238,0.0,0,1025.7,0.0,0.11,0.08
2022-11-23T06:00,-1.5,83,-4.0,-5.4,0.0,0.0,0.0,8.6,13.7,237,0.0,0,1026.3,0.0,0.09,0.08
2022-11-23T07:00,-0.7,80,-3.7,-4.9,0.0,0.0,0.0,11.0,16.9,238,34.0,0,1026.9,0.01,0.12,0.08
2022-11-23T08:00,2.9,63,-3.4,-0.9,0.0,0.0,0.0,8.4,18.4,239,194.0,0,1027.1,0.07,0.28,0.08
2022-11-23T09:00,6.7,47,-3.9,3.3,0.0,0.0,0.0,5.3,16.2,242,373.0,0,1027.1,0.16,0.52,0.08
2022-11-23T10:00,9.7,35,-5.0,6.5,0.0,0.0,0.0,2.3,14.4,252,517.0,6,1025.4,0.25,0.78,0.08
2022-11-23T11:00,11.8,30,-5.2,9.2,0.0,0.0,0.0,0.8,12.2,297,605.0,35,1023.5,0.31,0.96,0.079
2022-11-23T12:00,13.2,28,-5.0,10.7,0.0,0.0,0.0,1.3,11.5,34,624.0,83,1021.6,0.33,1.09,0.078
2022-11-23T13:00,14.2,27,-4.8,11.1,0.0,0.0,0.0,2.8,13.3,40,562.0,100,1020.2,0.31,1.18,0.078
2022-11-23T14:00,14.5,27,-4.5,11.1,0.0,0.0,0.0,4.5,14.0,61,439.0,100,1019.7,0.25,1.21,0.077
2022-11-23T15:00,14.0,30,-3.5,10.4,0.0,0.0,0.0,6.4,14.8,63,258.0,100,1019.7,0.17,1.12,0.079
2022-11-23T16:00,12.6,38,-1.5,9.5,0.0,0.0,0.0,5.1,14.0,45,97.0,100,1020.0,0.07,0.91,0.078
2022-11-23T17:00,10.2,52,0.9,7.3,0.0,0.0,0.0,5.7,8.6,35,6.0,100,1020.6,0.03,0.59,0.078
2022-11-23T18:00,8.7,64,2.4,6.0,0.0,0.0,0.0,6.5,7.9,360,0.0,100,1021.0,0.01,0.4,0.078
2022-11-23T19:00,8.2,61,1.2,5.6,0.0,0.0,0.0,4.1,7.6,315,0.0,100,1021.3,0.0,0.42,0.078
2022-11-23T20:00,6.8,69,1.6,4.2,0.0,0.0,0.0,5.0,6.5,291,0.0,86,1021.7,0.0,0.3,0.078
2022-11-23T21:00,5.9,70,0.9,3.1,0.0,0.0,0.0,5.5,7.2,281,0.0,57,1021.7,0.0,0.28,0.078
2022-11-23T22:00,4.9,75,0.9,2.0,0.0,0.0,0.0,6.1,7.9,270,0.0,85,1021.7,0.0,0.22,0.078
2022-11-23T23:00,4.3,77,0.7,1.2,0.0,0.0,0.0,7.3,9.0,279,0.0,100,1021.6,0.0,0.19,0.078
2022-11-24T00:00,4.5,76,0.7,1.5,0.0,0.0,0.0,7.0,9.0,282,0.0,100,1021.3,0.0,0.2,0.078
2022-11-24T01:00,4.3,75,0.4,1.4,0.0,0.0,0.0,5.4,8.6,250,0.0,100,1021.4,0.0,0.2,0.078
2022-11-24T02:00,3.2,80,0.1,0.0,0.0,0.0,0.0,7.2,9.0,267,0.0,100,1021.6,0.0,0.16,0.078
2022-11-24T03:00,2.0,84,-0.5,-1.2,0.0,0.0,0.0,6.7,9.4,254,0.0,100,1022.3,0.0,0.12,0.077
2022-11-24T04:00,2.1,83,-0.5,-0.9,0.0,0.0,0.0,5.4,9.0,250,0.0,100,1022.1,0.0,0.12,0.077
2022-11-24T05:00,1.8,84,-0.7,-1.2,0.0,0.0,0.0,5.2,8.3,245,0.0,47,1022.2,0.0,0.11,0.077
2022-11-24T06:00,1.2,85,-1.1,-2.0,0.0,0.0,0.0,6.5,10.4,236,0.0,42,1022.7,0.0,0.1,0.077
2022-11-24T07:00,1.9,83,-0.8,-1.7,0.0,0.0,0.0,9.0,14.0,233,30.0,38,1023.1,0.01,0.12,0.077
2022-11-24T08:00,5.3,66,-0.6,1.9,0.0,0.0,0.0,7.9,16.9,231,178.0,7,1023.5,0.07,0.3,0.077
2022-11-24T09:00,8.8,49,-1.3,5.6,0.0,0.0,0.0,5.5,15.5,238,362.0,0,1023.6,0.17,0.57,0.077
2022-11-24T10:00,11.5,40,-1.8,8.6,0.0,0.0,0.0,3.2,15.1,243,501.0,1,1022.1,0.26,0.82,0.076
2022-11-24T11:00,13.5,35,-1.9,11.2,0.0,0.0,0.0,0.5,13.3,315,588.0,0,1020.4,0.32,1.01,0.076
2022-11-24T12:00,14.7,32,-1.8,12.4,0.0,0.0,0.0,2.3,13.0,39,610.0,0,1018.7,0.34,1.14,0.075
2022-11-24T13:00,15.4,31,-1.9,12.8,0.0,0.0,0.0,2.3,13.7,51,566.0,0,1017.7,0.32,1.22,0.075
2022-11-24T14:00,15.7,29,-2.2,12.8,0.0,0.0,0.0,2.5,12.6,90,462.0,1,1017.2,0.26,1.26,0.074
2022-11-24T15:00,15.3,30,-2.3,12.4,0.0,0.0,0.0,3.1,12.2,69,307.0,4,1017.1,0.17,1.22,0.07
2022-11-24T16:00,14.2,33,-1.7,10.8,0.0,0.0,0.0,6.4,11.2,47,126.0,2,1017.0,0.09,1.07,0.07
2022-11-24T17:00,11.8,41,-1.1,8.3,0.0,0.0,0.0,8.2,14.0,61,8.0,0,1017.1,0.05,0.82,0.07
2022-11-24T18:00,9.9,54,1.1,6.7,0.0,0.0,0.0,8.3,13.3,95,0.0,1,1017.6,0.03,0.55,0.07
2022-11-24T19:00,9.4,55,0.7,6.1,0.0,0.0,0.0,8.6,10.8,147,0.0,97,1018.0,0.03,0.53,0.07
2022-11-24T20:00,11.1,41,-1.6,8.0,0.0,0.0,0.0,4.6,10.1,162,0.0,100,1018.3,0.02,0.77,0.07
2022-11-24T21:00,8.7,56,0.3,5.9,0.0,0.0,0.0,4.7,5.4,274,0.0,99,1018.7,0.01,0.5,0.07
2022-11-24T22:00,8.4,53,-0.8,5.3,0.0,0.0,0.0,5.4,7.9,266,0.0,100,1018.5,0.01,0.52,0.07
2022-11-24T23:00,7.5,57,-0.5,4.5,0.0,0.0,0.0,5.1,9.0,274,0.0,68,1018.2,0.01,0.44,0.07
2022-11-25T00:00,5.0,72,0.3,1.6,0.0,0.0,0.0,8.4,9.7,320,0.0,100,1018.4,0.01,0.25,0.07
2022-11-25T01:00,5.8,65,-0.2,2.7,0.0,0.0,0.0,6.3,10.1,329,0.0,92,1018.5,0.01,0.32,0.07
2022-11-25T02:00,5.2,69,0.0,2.3,0.0,0.0,0.0,5.1,7.2,274,0.0,6,1018.9,0.0,0.27,0.07
2022-11-25T03:00,2.9,78,-0.5,-0.3,0.0,0.0,0.0,6.7,8.3,254,0.0,13,1019.3,0.0,0.16,0.063
2022-11-25T04:00,3.2,75,-0.8,0.1,0.0,0.0,0.0,6.0,9.0,245,0.0,84,1019.6,0.0,0.19,0.063
2022-11-25T05:00,2.7,79,-0.7,-0.6,0.0,0.0,0.0,7.2,11.2,243,0.0,30,1019.7,0.0,0.16,0.063
2022-11-25T06:00,1.8,84,-0.7,-1.7,0.0,0.0,0.0,8.2,12.6,241,0.0,26,1020.2,0.0,0.11,0.063
2022-11-25T07:00,2.5,79,-0.9,-1.3,0.0,0.0,0.0,10.0,15.8,240,28.0,39,1020.8,0.02,0.15,0.063
2022-11-25T08:00,6.0,61,-1.1,2.6,0.0,0.0,0.0,7.5,16.9,235,176.0,0,1021.1,0.08,0.37,0.063
2022-11-25T09:00,9.6,46,-1.6,6.5,0.0,0.0,0.0,5.0,14.8,240,353.0,0,1021.3,0.17,0.65,0.063
2022-11-25T10:00,12.6,36,-2.0,9.6,0.0,0.0,0.0,3.4,14.4,252,493.0,2,1020.1,0.26,0.93,0.063
2022-11-25T11:00,14.4,32,-1.9,12.1,0.0,0.0,0.0,0.4,13.3,270,579.0,6,1018.9,0.32,1.11,0.063
2022-11-25T12:00,15.8,30,-2.0,13.1,0.0,0.0,0.0,4.0,15.5,95,601.0,2,1017.3,0.35,1.26,0.062
2022-11-25T13:00,16.9,28,-2.0,13.8,0.0,0.0,0.0,5.4,17.3,110,558.0,0,1016.1,0.34,1.4,0.062
2022-11-25T14:00,17.7,27,-1.5,14.9,0.0,0.0,0.0,3.0,16.9,194,448.0,58,1015.6,0.26,1.48,0.062
2022-11-25T15:00,18.5,26,-1.6,15.0,0.0,0.0,0.0,7.2,13.0,217,227.0,100,1014.8,0.18,1.58,0.052
2022-11-25T16:00,16.8,32,0.2,14.3,0.0,0.0,0.0,2.9,15.5,270,107.0,65,1015.4,0.07,1.3,0.052
2022-11-25T17:00,14.5,37,0.1,11.8,0.0,0.0,0.0,4.0,5.0,333,7.0,27,1016.5,0.02,1.03,0.052
2022-11-25T18:00,12.8,43,0.6,9.9,0.0,0.0,0.0,6.3,7.9,301,0.0,11,1017.7,0.03,0.84,0.052
2022-11-25T19:00,12.9,46,1.4,10.1,0.0,0.0,0.0,6.5,8.3,267,0.0,7,1018.0,0.03,0.81,0.052
2022-11-25T20:00,10.3,58,2.5,7.3,0.0,0.0,0.0,8.7,10.8,277,0.0,1,1018.6,0.03,0.52,0.052
2022-11-25T21:00,9.5,63,2.8,6.7,0.0,0.0,0.0,7.3,10.8,261,0.0,21,1019.0,0.01,0.44,0.052
2022-11-25T22:00,8.1,69,2.8,5.4,0.0,0.0,0.0,7.3,9.7,261,0.0,0,1019.2,0.01,0.33,0.052
2022-11-25T23:00,7.9,70,2.8,5.4,0.0,0.0,0.0,5.8,9.0,263,0.0,8,1019.2,0.0,0.32,0.052
2022-11-26T00:00,6.7,76,2.8,4.2,0.0,0.0,0.0,5.8,10.1,270,0.0,5,1019.1,0.0,0.24,0.052
2022-11-26T01:00,5.5,82,2.7,3.0,0.0,0.0,0.0,5.4,9.0,262,0.0,5,1019.3,0.0,0.16,0.052
2022-11-26T02:00,4.6,87,2.5,2.1,0.0,0.0,0.0,5.4,7.9,270,0.0,2,1019.5,0.0,0.11,0.052
2022-11-26T03:00,4.2,86,2.0,1.3,0.0,0.0,0.0,7.3,7.6,250,0.0,32,1019.5,0.0,0.12,0.044
2022-11-26T04:00,4.2,84,1.8,1.1,0.0,0.0,0.0,8.6,10.8,248,0.0,88,1019.5,0.0,0.13,0.044
2022-11-26T05:00,4.6,80,1.4,1.5,0.0,0.0,0.0,8.1,11.5,257,0.0,17,1019.9,0.0,0.17,0.044
2022-11-26T06:00,6.4,70,1.4,3.9,0.0,0.0,0.0,3.7,10.4,281,0.0,1,1021.0,0.0,0.28,0.044
2022-11-26T07:00,5.4,76,1.4,2.6,0.0,0.0,0.0,6.1,6.8,87,27.0,61,1021.5,0.01,0.22,0.044
2022-11-26T08:00,7.7,64,1.3,5.3,0.0,0.0,0.0,3.2,9.4,63,171.0,97,1022.2,0.07,0.38,0.044
2022-11-26T09:00,10.4,51,0.7,7.8,0.0,0.0,0.0,3.8,12.6,49,314.0,86,1022.1,0.16,0.61,0.044
2022-11-26T10:00,13.7,40,0.4,10.8,0.0,0.0,0.0,5.2,16.2,65,487.0,16,1020.9,0.27,0.94,0.044
2022-11-26T11:00,16.6,33,0.5,14.0,0.0,0.0,0.0,4.8,16.6,103,571.0,1,1018.8,0.34,1.26,0.044
2022-11-26T12:00,19.1,30,0.9,14.8,0.0,0.0,0.0,16.1,31.7,246,573.0,69,1017.2,0.4,1.55,0.044
2022-11-26T13:00,19.4,29,0.9,14.6,0.0,0.0,0.0,18.9,37.8,252,460.0,14,1016.2,0.36,1.59,0.044
2022-11-26T14:00,19.7,26,-0.4,15.1,0.0,0.0,0.0,16.6,36.7,257,426.0,78,1016.1,0.34,1.7,0.044
2022-11-26T15:00,18.9,29,0.5,14.4,0.0,0.0,0.0,16.9,32.0,241,220.0,94,1016.7,0.24,1.55,0.037
2022-11-26T16:00,18.0,30,0.3,14.7,0.0,0.0,0.0,8.1,30.2,238,97.0,41,1016.7,0.11,1.44,0.037
2022-11-26T17:00,16.0,36,0.7,12.4,0.0,0.0,0.0,10.2,15.1,228,7.0,25,1017.0,0.07,1.17,0.037
2022-11-26T18:00,14.7,43,2.3,11.1,0.0,0.0,0.0,12.6,21.6,239,0.0,3,1018.0,0.07,0.95,0.037
2022-11-26T19:00,13.6,49,3.2,10.0,0.0,0.0,0.0,13.7,22.3,243,0.0,27,1018.1,0.06,0.79,0.037
2022-11-26T20:00,12.6,54,3.6,9.4,0.0,0.0,0.0,11.6,22.7,244,0.0,0,1018.5,0.04,0.66,0.037
2022-11-26T21:00,11.4,60,3.9,8.6,0.0,0.0,0.0,9.3,18.7,234,0.0,0,1018.5,0.03,0.54,0.037
2022-11-26T22:00,10.4,64,4.0,7.7,0.0,0.0,0.0,9.0,15.1,233,0.0,0,1018.8,0.02,0.45,0.037
2022-11-26T23:00,9.6,69,4.2,6.8,0.0,0.0,0.0,9.3,15.1,242,0.0,0,1018.9,0.02,0.37,0.037
2022-11-27T00:00,8.9,73,4.3,6.0,0.0,0.0,0.0,10.7,16.9,256,0.0,0,1018.8,0.01,0.31,0.037
2022-11-27T01:00,8.4,76,4.4,5.5,0.0,0.0,0.0,10.6,17.6,252,0.0,1,1018.7,0.01,0.27,0.037
2022-11-27T02:00,7.5,80,4.3,5.1,0.0,0.0,0.0,6.7,17.3,254,0.0,0,1018.6,0.0,0.2,0.037
2022-11-27T03:00,6.8,81,3.9,3.7,0.0,0.0,0.0,11.2,12.6,272,0.0,0,1019.0,0.0,0.18,0.027
2022-11-27T04:00,8.8,71,3.9,6.4,0.0,0.0,0.0,6.9,14.0,276,0.0,0,1019.0,0.01,0.33,0.027
2022-11-27T05:00,8.3,73,3.8,6.1,0.0,0.0,0.0,4.9,9.4,287,0.0,0,1019.5,0.0,0.29,0.027
2022-11-27T06:00,7.6,76,3.6,5.4,0.0,0.0,0.0,4.7,6.8,293,0.0,0,1020.3,0.0,0.26,0.027
2022-11-27T07:00,7.1,77,3.4,5.0,0.0,0.0,0.0,3.3,6.8,264,27.0,1,1020.8,0.0,0.23,0.027
2022-11-27T08:00,8.9,68,3.3,6.8,0.0,0.0,0.0,3.2,7.6,180,177.0,0,1021.0,0.07,0.36,0.027
2022-11-27T09:00,11.6,57,3.2,9.6,0.0,0.0,0.0,2.4,10.8,153,352.0,0,1020.7,0.17,0.59,0.027
2022-11-27T10:00,14.0,48,3.2,12.3,0.0,0.0,0.0,1.0,10.8,45,493.0,49,1019.5,0.27,0.83,0.027
2022-11-27T11:00,16.5,40,2.9,14.6,0.0,0.0,0.0,2.6,13.0,304,579.0,78,1017.6,0.34,1.12,0.027
2022-11-27T12:00,18.7,30,0.8,15.8,0.0,0.0,0.0,8.0,19.8,262,605.0,80,1015.7,0.38,1.5,0.027
2022-11-27T13:00,19.4,28,0.3,15.5,0.0,0.0,0.0,12.7,27.4,255,553.0,93,1014.5,0.38,1.63,0.027
2022-11-27T14:00,19.4,27,0.1,15.3,0.0,0.0,0.0,13.8,28.4,250,446.0,81,1014.1,0.33,1.64,0.027
2022-11-27T15:00,19.0,27,-0.3,15.0,0.0,0.0,0.0,12.9,28.1,252,294.0,73,1014.2,0.24,1.6,0.015
2022-11-27T16:00,17.9,29,-0.4,14.3,0.0,0.0,0.0,9.5,24.1,259,120.0,22,1014.2,0.13,1.46,0.015
2022-11-27T17:00,15.6,34,-0.4,12.5,0.0,0.0,0.0,6.2,15.8,263,7.0,0,1014.4,0.04,1.18,0.015
2022-11-27T18:00,13.4,39,-0.2,10.0,0.0,0.0,0.0,8.9,10.8,243,0.0,11,1014.8,0.05,0.94,0.015
2022-11-27T19:00,11.9,43,-0.3,8.4,0.0,0.0,0.0,9.2,11.2,249,0.0,0,1015.3,0.05,0.8,0.015
2022-11-27T20:00,12.0,43,-0.2,8.7,0.0,0.0,0.0,7.7,11.5,259,0.0,0,1015.9,0.04,0.8,0.015
2022-11-27T21:00,11.2,47,0.4,7.8,0.0,0.0,0.0,9.0,14.4,254,0.0,0,1016.2,0.04,0.7,0.015
2022-11-27T22:00,9.5,55,0.8,6.4,0.0,0.0,0.0,7.1,14.0,255,0.0,0,1016.4,0.02,0.54,0.015
2022-11-27T23:00,8.0,61,1.0,4.9,0.0,0.0,0.0,7.6,10.8,251,0.0,0,1017.0,0.02,0.41,0.015
2022-11-28T00:00,6.4,68,1.0,3.2,0.0,0.0,0.0,8.4,10.1,263,0.0,0,1017.6,0.01,0.31,0.015
2022-11-28T01:00,5.9,71,1.0,2.8,0.0,0.0,0.0,7.6,10.4,245,0.0,0,1017.7,0.01,0.27,0.015
2022-11-28T02:00,4.4,79,1.1,1.0,0.0,0.0,0.0,9.8,11.9,253,0.0,0,1018.1,0.0,0.17,0.015
2022-11-28T03:00,4.2,80,1.0,1.2,0.0,0.0,0.0,6.9,11.5,264,0.0,0,1018.9,0.0,0.17,0.005
2022-11-28T04:00,3.5,83,0.9,0.6,0.0,0.0,0.0,6.2,11.2,260,0.0,0,1019.6,0.0,0.13,0.005
2022-11-28T05:00,2.3,88,0.4,-0.7,0.0,0.0,0.0,6.4,9.4,254,0.0,0,1020.5,0.0,0.09,0.005
2022-11-28T06:00,1.9,88,0.1,-1.1,0.0,0.0,0.0,6.4,9.7,232,0.0,0,1021.2,0.0,0.09,0.005
2022-11-28T07:00,2.2,85,-0.1,-1.3,0.0,0.0,0.0,9.3,14.4,234,26.0,0,1022.2,0.01,0.11,0.005
2022-11-28T08:00,5.4,66,-0.6,1.9,0.0,0.0,0.0,8.2,16.6,232,177.0,8,1022.6,0.07,0.31,0.005
2022-11-28T09:00,8.9,49,-1.4,5.9,0.0,0.0,0.0,4.2,16.6,239,353.0,5,1022.8,0.16,0.59,0.005
2022-11-28T10:00,11.4,41,-1.6,8.9,0.0,0.0,0.0,1.3,13.3,146,495.0,44,1022.1,0.25,0.8,0.005
2022-11-28T11:00,13.5,35,-1.6,11.0,0.0,0.0,0.0,1.9,12.6,158,582.0,97,1020.7,0.31,1.0,0.005
2022-11-28T12:00,15.1,33,-1.0,12.7,0.0,0.0,0.0,3.1,14.8,144,601.0,91,1019.1,0.34,1.14,0.005
2022-11-28T13:00,16.0,32,-0.9,13.2,0.0,0.0,0.0,4.0,15.5,117,559.0,100,1017.9,0.32,1.24,0.005
2022-11-28T14:00,16.4,31,-0.9,13.4,0.0,0.0,0.0,4.8,15.5,77,454.0,100,1017.6,0.27,1.29,0.005
2022-11-28T15:00,16.2,30,-1.5,12.7,0.0,0.0,0.0,7.5,18.0,73,286.0,99,1017.5,0.19,1.29,0.001
2022-11-28T16:00,14.7,33,-1.4,10.8,0.0,0.0,0.0,10.2,18.4,67,123.0,24,1018.0,0.11,1.12,0.001
2022-11-28T17:00,12.3,38,-1.6,8.6,0.0,0.0,0.0,9.6,18.4,70,7.0,75,1018.7,0.06,0.89,0.001
2022-11-28T18:00,12.1,38,-1.8,8.8,0.0,0.0,0.0,5.9,15.5,104,0.0,94,1019.0,0.03,0.87,0.001
2022-11-28T19:00,12.1,38,-1.9,9.4,0.0,0.0,0.0,2.3,7.2,321,0.0,60,1019.7,0.0,0.88,0.001
2022-11-28T20:00,11.4,40,-1.8,8.6,0.0,0.0,0.0,2.5,3.6,315,0.0,78,1020.4,0.0,0.81,0.001
2022-11-28T21:00,10.6,43,-1.6,7.7,0.0,0.0,0.0,3.5,4.3,336,0.0,100,1020.9,0.01,0.73,0.001
2022-11-28T22:00,8.8,49,-1.4,5.9,0.0,0.0,0.0,3.8,5.0,343,0.0,98,1020.9,0.01,0.58,0.001
2022-11-28T23:00,10.1,44,-1.6,7.2,0.0,0.0,0.0,3.3,4.7,354,0.0,100,1021.0,0.01,0.69,0.001
2022-11-29T00:00,9.4,46,-1.8,6.7,0.0,0.0,0.0,1.9,4.3,338,0.0,100,1021.3,0.0,0.64,0.001
2022-11-29T01:00,5.6,59,-1.8,2.5,0.0,0.0,0.0,4.7,5.4,337,0.0,100,1021.6,0.01,0.37,0.001
2022-11-29T02:00,4.7,62,-2.0,1.4,0.0,0.0,0.0,6.0,8.3,335,0.0,100,1022.0,0.01,0.32,0.001
2022-11-29T03:00,3.5,65,-2.5,-0.1,0.0,0.0,0.0,7.4,10.4,313,0.0,61,1022.7,0.01,0.27,0.007
2022-11-29T04:00,3.0,67,-2.5,-0.3,0.0,0.0,0.0,5.8,8.6,277,0.0,9,1023.1,0.0,0.25,0.007
2022-11-29T05:00,2.1,72,-2.5,-1.2,0.0,0.0,0.0,5.5,7.2,247,0.0,9,1023.5,0.0,0.2,0.007
2022-11-29T06:00,1.0,78,-2.4,-2.4,0.0,0.0,0.0,5.8,8.3,240,0.0,9,1024.1,0.0,0.14,0.007
2022-11-29T07:00,1.7,74,-2.4,-1.6,0.0,0.0,0.0,5.6,9.0,243,24.0,53,1024.3,0.01,0.18,0.007
2022-11-29T08:00,5.4,57,-2.4,1.9,0.0,0.0,0.0,6.8,13.3,238,170.0,58,1024.7,0.07,0.38,0.007
2022-11-29T09:00,9.5,43,-2.5,6.5,0.0,0.0,0.0,3.5,13.3,246,345.0,47,1025.2,0.16,0.67,0.007
2022-11-29T10:00,12.1,36,-2.7,9.4,0.0,0.0,0.0,1.1,11.9,288,482.0,17,1024.1,0.25,0.91,0.007
2022-11-29T11:00,13.8,32,-2.9,11.1,0.0,0.0,0.0,1.6,11.9,63,571.0,72,1022.5,0.31,1.08,0.007
2022-11-29T12:00,15.1,28,-3.1,12.2,0.0,0.0,0.0,4.0,15.5,63,594.0,43,1021.1,0.34,1.22,0.007
2022-11-29T13:00,15.9,26,-3.4,12.3,0.0,0.0,0.0,6.8,19.1,65,552.0,100,1020.2,0.33,1.33,0.007
2022-11-29T14:00,16.1,25,-3.8,12.2,0.0,0.0,0.0,8.6,20.9,68,425.0,98,1019.9,0.27,1.36,0.007
2022-11-29T15:00,15.1,26,-4.3,11.1,0.0,0.0,0.0,9.1,21.2,72,266.0,97,1019.9,0.19,1.27,0.004
2022-11-29T16:00,13.9,28,-4.6,10.1,0.0,0.0,0.0,7.4,19.1,67,117.0,100,1020.2,0.1,1.15,0.004
2022-11-29T17:00,11.4,34,-4.1,7.5,0.0,0.0,0.0,7.7,11.9,53,7.0,100,1020.5,0.05,0.89,0.004
2022-11-29T18:00,12.7,30,-4.6,9.2,0.0,0.0,0.0,4.6,9.4,45,0.0,100,1020.6,0.03,1.03,0.004
2022-11-29T19:00,12.6,30,-4.6,9.1,0.0,0.0,0.0,5.0,5.8,60,0.0,100,1021.0,0.03,1.02,0.004
2022-11-29T20:00,10.7,34,-4.5,7.0,0.0,0.0,0.0,7.0,8.3,69,0.0,100,1021.6,0.04,0.85,0.004
2022-11-29T21:00,9.1,39,-4.3,5.2,0.0,0.0,0.0,8.3,10.1,95,0.0,100,1021.8,0.04,0.71,0.004
2022-11-29T22:00,10.3,36,-4.3,6.8,0.0,0.0,0.0,5.8,10.4,112,0.0,100,1021.5,0.03,0.81,0.004
2022-11-29T23:00,10.0,37,-4.2,7.0,0.0,0.0,0.0,1.5,7.2,284,0.0,100,1021.6,0.0,0.78,0.004
2022-11-30T00:00,9.3,38,-4.2,6.4,0.0,0.0,0.0,1.6,2.5,333,0.0,100,1021.6,0.0,0.72,0.004
2022-11-30T01:00,8.5,42,-3.9,5.6,0.0,0.0,0.0,1.9,3.2,338,0.0,100,1021.7,0.0,0.65,0.004
2022-11-30T02:00,6.2,49,-3.7,2.9,0.0,0.0,0.0,4.3,4.7,294,0.0,100,1022.2,0.01,0.48,0.004
2022-11-30T03:00,5.1,53,-3.8,1.8,0.0,0.0,0.0,4.2,6.5,290,0.0,100,1022.8,0.01,0.42,0.011
2022-11-30T04:00,4.3,55,-3.9,1.0,0.0,0.0,0.0,4.0,6.5,275,0.0,100,1022.7,0.0,0.37,0.011
2022-11-30T05:00,3.6,58,-4.0,0.3,0.0,0.0,0.0,4.3,6.5,265,0.0,100,1022.7,0.0,0.33,0.011
2022-11-30T06:00,3.0,60,-4.0,-0.4,0.0,0.0,0.0,5.1,6.8,266,0.0,95,1023.2,0.01,0.3,0.011
2022-11-30T07:00,4.2,56,-3.9,0.9,0.0,0.0,0.0,4.3,6.8,265,20.0,100,1023.8,0.02,0.37,0.011
2022-11-30T08:00,7.2,46,-3.7,3.7,0.0,0.0,0.0,5.9,11.2,259,133.0,98,1024.3,0.07,0.55,0.011
2022-11-30T09:00,10.1,39,-3.3,7.0,0.0,0.0,0.0,3.3,11.2,276,275.0,100,1024.2,0.14,0.76,0.011
2022-11-30T10:00,12.0,35,-3.1,9.2,0.0,0.0,0.0,1.8,10.8,307,364.0,100,1023.3,0.2,0.92,0.011
2022-11-30T11:00,13.7,31,-3.3,10.8,0.0,0.0,0.0,2.0,12.2,45,489.0,100,1022.0,0.27,1.09,0.011
2022-11-30T12:00,15.0,28,-3.4,11.7,0.0,0.0,0.0,4.7,16.2,58,536.0,100,1020.6,0.31,1.23,0.011
2022-11-30T13:00,15.7,27,-3.4,12.0,0.0,0.0,0.0,7.6,19.8,65,491.0,100,1019.5,0.3,1.31,0.011
2022-11-30T14:00,15.8,27,-3.5,11.7,0.0,0.0,0.0,10.2,23.0,72,401.0,100,1019.1,0.27,1.32,0.011
2022-11-30T15:00,15.0,28,-3.2,10.9,0.0,0.0,0.0,10.8,23.0,69,270.0,100,1019.5,0.2,1.22,0.008
2022-11-30T16:00,13.7,31,-3.2,9.7,0.0,0.0,0.0,9.7,22.0,68,106.0,84,1019.8,0.11,1.08,0.008
2022-11-30T17:00,11.8,35,-3.1,8.4,0.0,0.0,0.0,5.8,16.6,86,7.0,83,1020.1,0.03,0.89,0.008
2022-11-30T18:00,10.6,39,-3.0,6.9,0.0,0.0,0.0,7.6,9.0,109,0.0,100,1020.2,0.04,0.78,0.008
2022-11-30T19:00,11.5,36,-3.1,7.9,0.0,0.0,0.0,6.8,10.8,115,0.0,87,1020.8,0.04,0.87,0.008
2022-11-30T20:00,10.6,38,-3.1,7.5,0.0,0.0,0.0,3.4,8.3,18,0.0,6,1021.2,0.01,0.79,0.008
2022-11-30T21:00,8.4,45,-3.0,4.8,0.0,0.0,0.0,7.4,8.6,47,0.0,1,1021.3,0.03,0.61,0.008
2022-11-30T22:00,9.6,41,-3.1,6.3,0.0,0.0,0.0,4.8,9.0,103,0.0,0,1021.3,0.02,0.71,0.008
2022-11-30T23:00,9.2,42,-3.0,6.0,0.0,0.0,0.0,4.1,5.8,195,0.0,0,1021.1,0.01,0.67,0.008
2022-12-01T00:00,6.4,51,-3.0,3.3,0.0,0.0,0.0,3.6,5.0,315,0.0,0,1021.5,0.0,0.47,0.008
2022-12-01T01:00,4.4,60,-2.8,1.0,0.0,0.0,0.0,5.7,7.2,342,0.0,40,1021.9,0.01,0.34,0.008
2022-12-01T02:00,3.4,65,-2.6,-0.1,0.0,0.0,0.0,6.8,8.3,335,0.0,34,1022.4,0.01,0.28,0.008
2022-12-01T03:00,2.6,69,-2.6,-1.0,0.0,0.0,0.0,7.9,9.7,330,0.0,3,1022.7,0.01,0.23,0.007
2022-12-01T04:00,2.9,67,-2.7,-0.5,0.0,0.0,0.0,5.9,10.1,284,0.0,53,1022.8,0.0,0.25,0.007
2022-12-01T05:00,2.0,70,-2.9,-1.5,0.0,0.0,0.0,6.3,7.9,239,0.0,100,1022.7,0.0,0.21,0.007
2022-12-01T06:00,3.0,65,-3.0,-0.4,0.0,0.0,0.0,5.2,8.3,236,0.0,98,1023.1,0.0,0.27,0.007
2022-12-01T07:00,3.9,62,-2.7,0.5,0.2,0.2,0.0,6.3,9.4,239,15.0,45,1023.6,0.02,0.31,0.01
2022-12-01T08:00,6.1,59,-1.5,2.8,0.4,0.4,0.0,6.4,13.7,227,152.0,28,1023.7,0.07,0.39,0.014
2022-12-01T09:00,9.7,47,-1.1,6.8,0.0,0.0,0.0,4.2,13.0,239,327.0,100,1023.7,0.16,0.64,0.014
2022-12-01T10:00,11.7,39,-1.9,8.9,0.0,0.0,0.0,3.1,13.0,234,392.0,28,1022.7,0.21,0.84,0.014
2022-12-01T11:00,13.6,33,-2.3,10.7,0.0,0.0,0.0,2.8,13.3,220,520.0,3,1021.1,0.29,1.03,0.014
2022-12-01T12:00,15.1,31,-2.1,12.6,0.0,0.0,0.0,2.2,13.3,171,587.0,8,1019.2,0.33,1.19,0.014
2022-12-01T13:00,16.1,30,-1.7,13.2,0.0,0.0,0.0,3.6,14.8,180,546.0,3,1018.0,0.32,1.29,0.014
2022-12-01T14:00,16.5,29,-1.7,13.5,0.0,0.0,0.0,4.0,14.4,153,424.0,15,1017.3,0.25,1.34,0.014
2022-12-01T15:00,15.7,31,-1.3,11.8,0.0,0.0,0.0,10.8,16.9,90,241.0,36,1017.9,0.19,1.22,0.001
2022-12-01T16:00,14.3,35,-1.2,10.0,0.0,0.0,0.0,13.1,25.2,82,102.0,44,1018.0,0.13,1.07,0.001
2022-12-01T17:00,12.8,38,-1.3,9.5,0.0,0.0,0.0,6.3,22.7,66,6.0,15,1018.2,0.04,0.92,0.001
2022-12-01T18:00,11.9,41,-1.2,8.7,0.0,0.0,0.0,5.9,10.4,128,0.0,55,1018.8,0.03,0.83,0.001
2022-12-01T19:00,12.1,40,-1.2,9.1,0.0,0.0,0.0,4.6,10.8,162,0.0,28,1019.2,0.02,0.85,0.001
2022-12-01T20:00,10.1,45,-1.3,6.5,0.0,0.0,0.0,8.6,12.6,345,0.0,18,1020.4,0.04,0.67,0.001
2022-12-01T21:00,8.5,46,-2.4,4.6,0.0,0.0,0.0,10.0,17.3,345,0.0,10,1020.7,0.04,0.6,0.001
2022-12-01T22:00,7.6,48,-2.7,4.2,0.0,0.0,0.0,6.1,16.6,357,0.0,22,1021.0,0.02,0.54,0.001
2022-12-01T23:00,6.4,53,-2.6,3.3,0.0,0.0,0.0,4.3,9.7,336,0.0,5,1021.0,0.01,0.46,0.001
2022-12-02T00:00,5.9,55,-2.5,2.8,0.0,0.0,0.0,4.3,6.5,336,0.0,5,1021.3,0.01,0.42,0.001
2022-12-02T01:00,5.1,59,-2.2,2.0,0.0,0.0,0.0,4.6,7.9,342,0.0,1,1021.7,0.0,0.36,0.001
2022-12-02T02:00,3.8,66,-2.1,0.7,0.0,0.0,0.0,4.2,7.6,329,0.0,0,1021.8,0.0,0.27,0.001
2022-12-02T03:00,3.6,67,-2.0,0.4,0.0,0.0,0.0,5.2,7.2,335,0.0,0,1021.8,0.0,0.26,-0.002
2022-12-02T04:00,3.6,68,-1.9,0.4,0.0,0.0,0.0,5.3,8.6,332,0.0,9,1022.0,0.0,0.26,0.0
2022-12-02T05:00,2.1,76,-1.7,-1.0,0.0,0.0,0.0,5.1,9.0,309,0.0,8,1022.6,0.0,0.17,0.0
2022-12-02T06:00,0.9,84,-1.5,-2.5,0.0,0.0,0.0,6.6,7.9,283,0.0,0,1023.3,0.0,0.1,0.0
2022-12-02T07:00,1.7,80,-1.4,-1.5,0.0,0.0,0.0,5.4,8.6,274,21.0,0,1024.2,0.0,0.13,0.0
2022-12-02T08:00,5.6,61,-1.3,2.8,0.0,0.0,0.0,3.3,9.0,276,162.0,0,1024.8,0.06,0.35,0.0
2022-12-02T09:00,8.7,49,-1.5,6.2,0.0,0.0,0.0,1.1,9.4,342,336.0,0,1024.5,0.15,0.58,0.0
2022-12-02T10:00,10.7,40,-2.5,7.8,0.0,0.0,0.0,2.8,12.6,130,478.0,0,1023.4,0.24,0.77,0.0
2022-12-02T11:00,12.2,35,-3.0,9.0,0.0,0.0,0.0,4.9,16.9,107,566.0,0,1021.8,0.3,0.93,0.0
2022-12-02T12:00,13.4,31,-3.3,10.0,0.0,0.0,0.0,7.6,20.9,98,592.0,0,1020.1,0.33,1.06,0.0
2022-12-02T13:00,14.1,30,-3.2,10.2,0.0,0.0,0.0,9.1,22.7,97,552.0,0,1019.0,0.32,1.12,0.0
2022-12-02T14:00,14.2,30,-3.0,10.1,0.0,0.0,0.0,10.4,24.1,92,450.0,0,1018.5,0.27,1.12,0.0
2022-12-02T15:00,13.7,32,-3.0,9.5,0.0,0.0,0.0,10.9,24.1,84,297.0,0,1018.6,0.19,1.07,-0.004
2022-12-02T16:00,12.4,35,-2.8,8.3,0.0,0.0,0.0,10.8,22.3,75,121.0,0,1018.8,0.11,0.94,0.0
2022-12-02T17:00,10.6,40,-2.6,6.9,0.0,0.0,0.0,8.1,18.7,69,7.0,0,1019.1,0.04,0.77,0.0
2022-12-02T18:00,9.7,42,-2.6,6.4,0.0,0.0,0.0,5.5,13.0,101,0.0,0,1019.1,0.02,0.69,0.0
2022-12-02T19:00,9.0,44,-2.6,5.5,0.0,0.0,0.0,6.8,9.7,115,0.0,0,1019.2,0.03,0.64,0.0
2022-12-02T20:00,8.6,46,-2.5,4.6,0.0,0.0,0.0,10.1,16.2,117,0.0,0,1019.9,0.04,0.61,0.0
2022-12-02T21:00,7.4,51,-2.1,3.8,0.0,0.0,0.0,7.7,16.6,118,0.0,0,1019.8,0.03,0.51,0.0
2022-12-02T22:00,6.0,57,-2.0,2.3,0.0,0.0,0.0,8.3,12.6,124,0.0,0,1019.8,0.02,0.4,0.0
2022-12-02T23:00,6.3,56,-1.9,2.7,0.0,0.0,0.0,8.2,12.6,139,0.0,0,1019.6,0.02,0.42,0.0
2022-12-03T00:00,6.7,54,-1.9,3.6,0.0,0.0,0.0,4.7,10.1,122,0.0,0,1019.3,0.01,0.45,0.0
2022-12-03T01:00,6.0,57,-1.9,3.2,0.0,0.0,0.0,2.6,6.1,34,0.0,0,1019.2,0.0,0.4,0.0
2022-12-03T02:00,5.0,61,-1.9,2.5,0.0,0.0,0.0,0.5,3.6,315,0.0,0,1019.3,0.0,0.34,0.0
2022-12-03T03:00,2.2,76,-1.7,-0.8,0.0,0.0,0.0,3.9,4.0,338,0.0,0,1019.6,0.0,0.17,0.0
2022-12-03T04:00,0.6,83,-2.0,-2.5,0.0,0.0,0.0,4.7,6.1,328,0.0,0,1019.6,0.0,0.11,0.0
2022-12-03T05:00,-0.5,86,-2.5,-3.6,0.0,0.0,0.0,4.9,6.5,306,0.0,0,1019.8,0.0,0.08,0.0
2022-12-03T06:00,-0.9,87,-2.8,-4.1,0.0,0.0,0.0,5.1,6.8,274,0.0,0,1020.7,0.0,0.08,0.0
2022-12-03T07:00,0.3,82,-2.4,-2.8,0.0,0.0,0.0,4.5,7.6,256,20.0,0,1021.6,0.0,0.11,0.0
2022-12-03T08:00,3.7,65,-2.3,0.4,0.0,0.0,0.0,5.6,11.9,243,163.0,0,1022.0,0.06,0.28,0.0
2022-12-03T09:00,7.0,53,-2.0,4.1,0.0,0.0,0.0,3.2,11.5,243,337.0,3,1021.7,0.15,0.47,0.0
2022-12-03T10:00,9.5,46,-1.7,6.9,0.0,0.0,0.0,1.3,11.5,236,480.0,43,1019.9,0.23,0.65,0.0
2022-12-03T11:00,11.2,41,-1.8,8.7,0.0,0.0,0.0,1.1,11.5,72,567.0,91,1018.2,0.29,0.79,0.0
2022-12-03T12:00,12.6,37,-1.8,10.0,0.0,0.0,0.0,2.4,13.7,63,582.0,100,1016.4,0.31,0.92,0.0
2022-12-03T13:00,13.4,35,-2.0,10.4,0.0,0.0,0.0,3.5,14.8,66,531.0,57,1015.2,0.29,1.0,0.0
2022-12-03T14:00,13.8,33,-2.2,10.5,0.0,0.0,0.0,5.5,16.6,67,443.0,76,1014.7,0.25,1.05,0.0
2022-12-03T15:00,14.1,31,-2.8,10.4,0.0,0.0,0.0,7.5,20.2,73,296.0,91,1014.6,0.18,1.11,-0.004
2022-12-03T16:00,12.9,34,-2.8,9.1,0.0,0.0,0.0,9.0,18.4,74,119.0,95,1014.8,0.1,0.99,0.0
2022-12-03T17:00,11.0,38,-2.9,7.1,0.0,0.0,0.0,9.4,16.9,88,7.0,35,1015.3,0.05,0.82,0.0
2022-12-03T18:00,10.0,41,-2.7,6.6,0.0,0.0,0.0,6.2,15.5,126,0.0,34,1015.4,0.03,0.73,0.0
2022-12-03T19:00,9.1,45,-2.3,5.4,0.0,0.0,0.0,8.2,10.8,165,0.0,20,1015.9,0.04,0.64,0.0
2022-12-03T20:00,8.3,47,-2.3,4.9,0.0,0.0,0.0,6.4,9.7,232,0.0,60,1016.1,0.02,0.58,0.0
2022-12-03T21:00,7.5,49,-2.5,4.3,0.0,0.0,0.0,4.7,8.6,261,0.0,92,1016.3,0.01,0.53,0.0
2022-12-03T22:00,6.8,51,-2.6,3.4,0.0,0.0,0.0,6.2,10.4,277,0.0,100,1016.4,0.02,0.48,0.0
2022-12-03T23:00,7.3,50,-2.6,4.0,0.0,0.0,0.0,5.4,10.4,318,0.0,89,1016.9,0.02,0.51,0.0
2022-12-04T00:00,6.8,52,-2.5,4.2,0.0,0.0,0.0,0.5,6.5,135,0.0,0,1017.4,0.0,0.48,0.0
2022-12-04T01:00,4.2,63,-2.3,1.0,0.0,0.0,0.0,5.2,6.1,214,0.0,0,1017.8,0.0,0.31,0.0
2022-12-04T02:00,2.5,74,-1.6,-1.1,0.0,0.0,0.0,8.2,10.1,247,0.0,0,1018.1,0.0,0.19,0.0
2022-12-04T03:00,1.4,81,-1.6,-2.3,0.0,0.0,0.0,8.8,11.9,251,0.0,20,1018.8,0.0,0.13,-0.007
2022-12-04T04:00,0.9,84,-1.6,-2.5,0.0,0.0,0.0,6.8,11.2,252,0.0,28,1019.2,0.0,0.1,0.0
2022-12-04T05:00,-0.3,87,-2.2,-3.8,0.0,0.0,0.0,8.0,10.1,252,0.0,8,1020.4,0.0,0.08,0.0
2022-12-04T06:00,-1.0,89,-2.6,-4.6,0.0,0.0,0.0,7.9,10.1,240,0.0,16,1021.7,0.0,0.07,0.0
2022-12-04T07:00,0.1,85,-2.2,-3.1,0.0,0.0,0.0,5.5,10.1,238,19.0,0,1022.6,0.0,0.1,0.0
2022-12-04T08:00,3.3,67,-2.3,-0.1,0.0,0.0,0.0,6.7,13.3,234,160.0,2,1023.4,0.06,0.26,0.0
2022-12-04T09:00,6.4,52,-2.7,3.3,0.0,0.0,0.0,4.2,13.3,239,335.0,0,1023.2,0.14,0.46,0.0
2022-12-04T10:00,8.8,44,-2.9,5.9,0.0,0.0,0.0,2.8,13.3,220,476.0,0,1021.5,0.22,0.64,0.0
2022-12-04T11:00,10.7,38,-3.1,7.8,0.0,0.0,0.0,2.8,13.3,220,565.0,11,1020.0,0.29,0.8,0.0
2022-12-04T12:00,12.0,36,-2.6,9.4,0.0,0.0,0.0,2.4,13.7,207,590.0,12,1018.6,0.31,0.89,0.0
2022-12-04T13:00,12.7,35,-2.3,10.0,0.0,0.0,0.0,1.5,13.7,194,550.0,6,1017.5,0.29,0.95,0.0
2022-12-04T14:00,13.0,35,-2.3,10.2,0.0,0.0,0.0,2.5,12.2,135,444.0,22,1016.9,0.23,0.98,0.0
2022-12-04T15:00,12.6,31,-4.2,8.9,0.0,0.0,0.0,6.4,12.2,27,286.0,36,1017.4,0.16,1.01,0.0
2022-12-04T16:00,11.8,32,-4.6,7.6,0.0,0.0,0.0,10.1,16.9,27,116.0,5,1017.5,0.1,0.95,0.0
2022-12-04T17:00,9.0,47,-1.8,3.8,0.0,0.0,0.0,18.9,32.8,39,7.0,16,1018.9,0.08,0.61,0.0
2022-12-04T18:00,7.2,57,-0.9,2.6,0.0,0.0,0.0,15.8,33.5,43,0.0,57,1020.0,0.05,0.44,0.0
2022-12-04T19:00,6.5,59,-1.0,2.9,0.0,0.0,0.0,8.9,26.6,32,0.0,53,1021.0,0.02,0.4,0.0
2022-12-04T20:00,5.9,62,-0.9,2.9,0.0,0.0,0.0,5.1,14.8,8,0.0,59,1021.9,0.01,0.35,0.0
2022-12-04T21:00,5.3,65,-0.7,2.2,0.0,0.0,0.0,5.8,9.7,4,0.0,56,1022.5,0.01,0.31,0.0
2022-12-04T22:00,4.5,70,-0.5,1.5,0.0,0.0,0.0,5.4,10.1,352,0.0,85,1022.6,0.0,0.25,0.0
2022-12-04T23:00,3.8,75,-0.2,1.1,0.0,0.0,0.0,3.1,9.7,339,0.0,89,1022.9,0.0,0.2,0.0
2022-12-05T00:00,3.8,76,-0.1,1.2,0.0,0.0,0.0,2.5,6.1,315,0.0,89,1023.1,0.0,0.19,0.0
2022-12-05T01:00,3.1,81,0.1,0.4,0.0,0.0,0.0,3.6,6.5,323,0.0,94,1023.7,0.0,0.15,0.0
2022-12-05T02:00,2.5,84,0.1,0.0,0.0,0.0,0.0,2.6,6.5,326,0.0,97,1023.7,0.0,0.12,0.0
2022-12-05T03:00,3.6,78,0.1,1.2,0.0,0.0,0.0,2.2,4.0,360,0.0,100,1023.8,0.0,0.18,-0.003
2022-12-05T04:00,3.3,79,0.0,0.9,0.0,0.0,0.0,1.9,2.9,292,0.0,93,1024.2,0.0,0.16,0.0
2022-12-05T05:00,1.9,87,-0.1,-1.1,0.0,0.0,0.0,5.3,5.8,242,0.0,90,1025.0,0.0,0.09,0.0
2022-12-05T06:00,1.0,91,-0.4,-2.1,0.0,0.0,0.0,6.1,7.9,242,0.0,94,1025.5,0.0,0.06,0.0
2022-12-05T07:00,1.6,87,-0.4,-1.6,0.0,0.0,0.0,7.0,9.7,249,14.0,98,1026.2,0.01,0.09,0.0
2022-12-05T08:00,3.3,73,-1.0,-0.0,0.0,0.0,0.0,7.1,15.1,240,115.0,83,1027.0,0.05,0.21,0.0
2022-12-05T09:00,4.6,66,-1.4,1.5,0.0,0.0,0.0,4.7,15.1,238,268.0,45,1026.5,0.11,0.29,0.0
2022-12-05T10:00,6.1,59,-1.4,3.4,0.0,0.0,0.0,2.6,14.4,254,407.0,49,1025.5,0.18,0.39,0.0
2022-12-05T11:00,8.0,52,-1.3,5.2,0.0,0.0,0.0,3.3,14.8,103,496.0,95,1023.5,0.24,0.52,0.0
2022-12-05T12:00,9.3,47,-1.4,6.6,0.0,0.0,0.0,2.7,15.5,67,486.0,100,1021.6,0.24,0.62,0.0
2022-12-05T13:00,9.8,45,-1.6,7.1,0.0,0.0,0.0,2.2,14.4,9,428.0,85,1020.5,0.22,0.66,0.0
2022-12-05T14:00,10.0,44,-1.9,6.9,0.0,0.0,0.0,4.6,15.1,342,333.0,68,1020.0,0.18,0.69,0.0
2022-12-05T15:00,9.7,45,-1.8,6.7,0.0,0.0,0.0,3.9,16.6,34,238.0,3,1020.2,0.12,0.66,-0.001
2022-12-05T16:00,9.1,47,-1.7,5.6,0.0,0.0,0.0,7.7,14.8,79,106.0,5,1020.2,0.07,0.62,0.0
2022-12-05T17:00,7.4,54,-1.4,4.1,0.0,0.0,0.0,6.5,14.8,93,6.0,2,1020.8,0.02,0.47,0.0
2022-12-05T18:00,5.9,61,-1.2,2.9,0.0,0.0,0.0,4.2,10.4,110,0.0,3,1021.3,0.0,0.36,0.0
2022-12-05T19:00,5.2,60,-2.0,1.6,0.0,0.0,0.0,7.5,11.9,107,0.0,8,1022.8,0.02,0.35,0.0
2022-12-05T20:00,4.4,55,-4.0,0.6,0.0,0.0,0.0,7.8,12.6,112,0.0,18,1023.3,0.02,0.38,0.0
2022-12-05T21:00,3.6,56,-4.3,-0.0,0.0,0.0,0.0,6.4,12.6,133,0.0,59,1023.7,0.01,0.34,0.0
2022-12-05T22:00,2.1,64,-4.1,-1.9,0.0,0.0,0.0,9.0,10.8,143,0.0,46,1024.2,0.01,0.26,0.0
2022-12-05T23:00,3.1,59,-4.2,-0.1,0.0,0.0,0.0,3.8,11.2,73,0.0,47,1024.7,0.0,0.31,0.0
2022-12-06T00:00,1.0,68,-4.2,-2.2,0.0,0.0,0.0,3.4,6.1,18,0.0,98,1025.0,0.0,0.21,0.0
2022-12-06T01:00,0.0,74,-4.2,-3.5,0.0,0.0,0.0,5.2,6.5,16,0.0,92,1024.9,0.0,0.16,0.0
2022-12-06T02:00,-0.5,76,-4.2,-3.7,0.0,0.0,0.0,4.0,6.8,350,0.0,31,1024.8,0.0,0.14,0.0
2022-12-06T03:00,-0.6,77,-4.2,-3.7,0.0,0.0,0.0,2.5,6.1,315,0.0,1,1025.0,0.0,0.14,0.0
2022-12-06T04:00,-1.9,85,-4.0,-5.2,0.0,0.0,0.0,4.6,5.8,315,0.0,10,1024.8,0.0,0.08,0.0
2022-12-06T05:00,-2.4,89,-4.0,-5.7,0.0,0.0,0.0,4.5,6.1,284,0.0,91,1025.4,0.0,0.06,0.0
2022-12-06T06:00,-2.6,91,-3.8,-5.9,0.0,0.0,0.0,5.0,6.1,291,0.0,91,1026.2,0.0,0.05,0.0
2022-12-06T07:00,-1.5,88,-3.3,-4.4,0.0,0.0,0.0,2.3,6.1,252,16.0,90,1026.9,0.0,0.07,0.0
2022-12-06T08:00,1.0,73,-3.3,-1.9,0.0,0.0,0.0,1.8,7.9,281,138.0,81,1027.2,0.04,0.18,0.0
2022-12-06T09:00,3.3,61,-3.5,0.4,0.0,0.0,0.0,1.9,10.1,338,304.0,85,1026.9,0.12,0.3,0.0
2022-12-06T10:00,5.1,54,-3.5,2.1,0.0,0.0,0.0,2.5,12.6,8,436.0,86,1025.1,0.19,0.4,0.0
2022-12-06T11:00,6.4,50,-3.3,3.3,0.0,0.0,0.0,3.5,14.4,24,467.0,98,1023.4,0.21,0.48,0.0
2022-12-06T12:00,7.7,47,-3.0,4.4,0.0,0.0,0.0,5.1,16.9,39,523.0,36,1021.3,0.25,0.56,0.0
2022-12-06T13:00,8.7,45,-2.6,5.0,0.0,0.0,0.0,7.9,20.9,51,486.0,9,1019.5,0.24,0.62,0.0
2022-12-06T14:00,9.0,45,-2.5,5.2,0.0,0.0,0.0,9.0,21.6,67,438.0,20,1018.8,0.21,0.64,0.0
2022-12-06T15:00,7.7,50,-2.2,4.0,0.0,0.0,0.0,8.5,22.0,78,279.0,16,1020.0,0.13,0.53,0.002
2022-12-06T16:00,7.0,53,-2.1,3.4,0.0,0.0,0.0,8.0,19.1,72,111.0,21,1020.3,0.06,0.47,0.002
2022-12-06T17:00,5.6,59,-1.9,2.4,0.1,0.1,0.0,5.2,15.1,65,6.0,45,1020.8,0.02,0.38,0.002
2022-12-06T18:00,5.0,63,-1.5,2.0,0.3,0.3,0.0,4.0,8.3,63,0.0,54,1021.1,0.0,0.32,0.006
2022-12-06T19:00,4.5,67,-1.1,1.6,0.0,0.0,0.0,4.4,6.8,81,0.0,27,1021.8,0.0,0.28,0.006
2022-12-06T20:00,3.8,73,-0.7,0.8,0.0,0.0,0.0,4.8,7.6,77,0.0,21,1022.0,0.0,0.22,0.006
2022-12-06T21:00,2.8,79,-0.5,-0.5,0.0,0.0,0.0,7.2,9.0,90,0.0,10,1022.4,0.0,0.15,0.006
2022-12-06T22:00,3.2,76,-0.6,0.0,0.0,0.0,0.0,6.1,8.6,93,0.0,19,1022.5,0.0,0.18,0.006
2022-12-06T23:00,3.4,74,-0.8,0.6,0.0,0.0,0.0,4.0,7.2,153,0.0,17,1022.4,0.0,0.2,0.006
2022-12-07T00:00,2.8,77,-0.9,0.3,0.0,0.0,0.0,1.6,5.0,297,0.0,0,1022.5,0.0,0.17,0.006
2022-12-07T01:00,2.0,81,-1.0,-0.6,0.0,0.0,0.0,1.8,2.5,307,0.0,9,1022.7,0.0,0.14,0.006
2022-12-07T02:00,-0.2,88,-2.0,-3.1,0.0,0.0,0.0,3.6,4.3,323,0.0,10,1023.1,0.0,0.07,0.006
2022-12-07T03:00,-1.7,92,-2.9,-4.9,0.0,0.0,0.0,5.2,6.1,286,0.0,20,1024.1,0.0,0.05,0.009
2022-12-07T04:00,-1.9,93,-2.8,-5.1,0.0,0.0,0.0,4.7,7.2,266,0.0,0,1024.2,0.0,0.04,0.009
2022-12-07T05:00,-2.2,93,-3.1,-5.4,0.0,0.0,0.0,4.7,6.8,247,0.0,10,1024.9,0.0,0.04,0.009
2022-12-07T06:00,-2.3,93,-3.4,-5.6,0.0,0.0,0.0,5.0,7.2,249,0.0,19,1025.6,0.0,0.04,0.009
2022-12-07T07:00,-1.4,90,-2.9,-4.8,0.0,0.0,0.0,5.6,7.9,243,15.0,24,1026.3,0.0,0.06,0.009
2022-12-07T08:00,0.6,82,-2.1,-2.8,0.0,0.0,0.0,6.6,14.0,229,130.0,35,1026.9,0.04,0.11,0.009
2022-12-07T09:00,2.7,74,-1.4,-0.4,0.0,0.0,0.0,5.4,14.8,228,278.0,31,1026.8,0.1,0.19,0.009
2022-12-07T10:00,4.9,65,-1.3,2.0,0.0,0.0,0.0,3.4,14.8,238,421.0,28,1025.0,0.18,0.31,0.009
2022-12-07T11:00,6.8,57,-1.3,4.2,0.0,0.0,0.0,1.6,13.3,243,526.0,26,1023.1,0.24,0.43,0.009
2022-12-07T12:00,8.3,51,-1.3,5.9,0.0,0.0,0.0,0.7,11.9,270,553.0,13,1020.6,0.27,0.54,0.009
2022-12-07T13:00,9.5,48,-1.2,7.0,0.0,0.0,0.0,1.3,11.5,56,536.0,16,1019.1,0.26,0.62,0.009
2022-12-07T14:00,10.2,46,-1.1,7.3,0.0,0.0,0.0,4.1,14.0,45,429.0,20,1018.3,0.21,0.68,0.009
2022-12-07T15:00,9.8,49,-0.4,6.3,0.0,0.0,0.0,8.9,18.0,63,279.0,6,1018.4,0.15,0.62,0.001
2022-12-07T16:00,8.6,55,-0.1,5.0,0.0,0.0,0.0,9.9,20.9,80,118.0,9,1018.6,0.07,0.51,0.001
2022-12-07T17:00,6.8,62,0.0,3.7,0.0,0.0,0.0,6.8,18.4,93,7.0,24,1018.8,0.02,0.38,0.001
2022-12-07T18:00,6.0,66,0.1,3.2,0.0,0.0,0.0,4.5,10.8,76,0.0,39,1018.9,0.0,0.32,0.001
2022-12-07T19:00,6.6,63,0.0,4.4,0.0,0.0,0.0,0.5,5.4,315,0.0,49,1019.5,0.0,0.36,0.001
2022-12-07T20:00,5.2,69,0.1,2.7,0.0,0.0,0.0,2.5,4.0,315,0.0,42,1020.0,0.0,0.27,0.001
2022-12-07T21:00,5.6,67,0.0,3.1,0.0,0.0,0.0,2.6,3.2,16,0.0,19,1020.1,0.0,0.3,0.001
2022-12-07T22:00,3.6,77,0.0,0.8,0.0,0.0,0.0,4.7,5.4,4,0.0,0,1020.5,0.0,0.18,0.001
2022-12-07T23:00,2.8,81,-0.2,-0.1,0.0,0.0,0.0,4.7,6.5,356,0.0,0,1020.5,0.0,0.14,0.001
2022-12-08T00:00,2.3,82,-0.5,-0.4,0.0,0.0,0.0,3.6,5.8,323,0.0,0,1020.8,0.0,0.13,0.001
2022-12-08T01:00,0.5,88,-1.3,-2.6,0.0,0.0,0.0,5.6,6.8,310,0.0,0,1021.7,0.0,0.08,0.001
2022-12-08T02:00,-0.5,90,-2.0,-3.9,0.0,0.0,0.0,6.6,7.9,292,0.0,0,1022.5,0.0,0.06,0.001
2022-12-08T03:00,-0.9,90,-2.4,-4.4,0.0,0.0,0.0,7.3,9.7,281,0.0,0,1023.3,0.0,0.06,0.0
2022-12-08T04:00,-1.2,91,-2.5,-4.7,0.0,0.0,0.0,7.1,9.4,255,0.0,0,1023.7,0.0,0.05,0.0
2022-12-08T05:00,-1.4,91,-2.7,-4.7,0.0,0.0,0.0,5.6,8.6,243,0.0,2,1024.2,0.0,0.05,0.0
2022-12-08T06:00,-1.6,90,-3.1,-4.9,0.0,0.0,0.0,5.8,8.6,240,0.0,71,1024.8,0.0,0.06,0.0
2022-12-08T07:00,-1.1,87,-3.1,-4.8,0.0,0.0,0.0,7.7,11.5,229,15.0,67,1026.0,0.0,0.08,0.0
2022-12-08T08:00,1.5,72,-3.0,-2.4,0.0,0.0,0.0,8.9,16.6,227,142.0,100,1026.8,0.05,0.19,0.0
2022-12-08T09:00,4.1,61,-2.8,0.6,0.0,0.0,0.0,7.0,16.6,235,289.0,100,1027.4,0.12,0.32,0.0
2022-12-08T10:00,6.8,54,-2.0,3.6,0.0,0.0,0.0,5.1,16.6,231,434.0,30,1025.5,0.19,0.46,0.0
2022-12-08T11:00,8.7,49,-1.5,6.0,0.0,0.0,0.0,2.0,15.1,225,551.0,45,1023.3,0.26,0.57,0.0
2022-12-08T12:00,10.0,45,-1.4,7.6,0.0,0.0,0.0,1.1,12.6,108,573.0,92,1021.7,0.29,0.67,0.0
2022-12-08T13:00,10.7,43,-1.5,7.9,0.0,0.0,0.0,2.9,13.7,90,520.0,100,1020.7,0.26,0.74,0.0
2022-12-08T14:00,11.0,41,-2.0,7.9,0.0,0.0,0.0,4.7,15.1,81,403.0,100,1020.0,0.21,0.78,0.0
2022-12-08T15:00,10.7,38,-3.0,7.3,0.0,0.0,0.0,5.9,15.8,76,247.0,100,1020.6,0.14,0.8,0.0
2022-12-08T16:00,9.9,40,-3.0,6.3,0.0,0.0,0.0,7.0,14.0,69,88.0,100,1020.7,0.07,0.73,0.0
2022-12-08T17:00,9.0,43,-3.0,5.5,0.0,0.0,0.0,6.2,12.2,97,5.0,100,1020.5,0.04,0.65,0.0
2022-12-08T18:00,8.3,44,-3.4,4.9,0.0,0.0,0.0,4.8,10.1,132,0.0,100,1020.7,0.02,0.62,0.0
2022-12-08T19:00,7.5,44,-4.0,4.2,0.0,0.0,0.0,4.6,7.9,108,0.0,100,1021.2,0.01,0.58,0.0
2022-12-08T20:00,6.4,46,-4.3,3.0,0.0,0.0,0.0,5.0,7.2,120,0.0,100,1021.6,0.02,0.52,0.0
2022-12-08T21:00,5.5,49,-4.6,1.6,0.0,0.0,0.0,7.5,9.0,125,0.0,70,1021.8,0.02,0.46,0.0
2022-12-08T22:00,4.4,57,-3.3,0.4,0.0,0.0,0.0,9.4,11.9,137,0.0,10,1022.5,0.02,0.36,0.0
2022-12-08T23:00,4.3,65,-1.8,0.6,0.0,0.0,0.0,9.0,13.0,143,0.0,42,1022.8,0.01,0.29,0.0
2022-12-09T00:00,5.1,63,-1.5,1.8,0.0,0.0,0.0,6.3,11.2,149,0.0,39,1023.0,0.01,0.33,0.0
2022-12-09T01:00,4.4,66,-1.5,1.9,0.0,0.0,0.0,1.1,7.9,360,0.0,43,1023.3,0.0,0.29,0.0
2022-12-09T02:00,3.5,70,-1.6,0.8,0.0,0.0,0.0,2.5,3.6,352,0.0,59,1023.6,0.0,0.24,0.0
2022-12-09T03:00,3.2,69,-1.9,0.5,0.0,0.0,0.0,1.6,3.2,243,0.0,94,1024.0,0.0,0.23,0.001
2022-12-09T04:00,1.2,77,-2.4,-1.9,0.0,0.0,0.0,3.9,5.4,248,0.0,65,1024.0,0.0,0.15,0.001
2022-12-09T05:00,0.3,79,-3.0,-2.8,0.0,0.0,0.0,3.7,6.1,259,0.0,80,1024.5,0.0,0.13,0.001
2022-12-09T06:00,-0.4,81,-3.3,-3.7,0.0,0.0,0.0,4.7,6.8,261,0.0,53,1025.0,0.0,0.11,0.001
2022-12-09T07:00,0.2,78,-3.3,-3.3,0.0,0.0,0.0,5.9,8.6,256,13.0,36,1025.4,0.01,0.14,0.001
2022-12-09T08:00,3.3,64,-2.9,-0.2,0.0,0.0,0.0,6.3,12.2,239,125.0,6,1026.0,0.05,0.28,0.001
2022-12-09T09:00,5.9,57,-1.9,2.6,0.0,0.0,0.0,5.9,14.8,218,287.0,33,1025.8,0.12,0.4,0.001
2022-12-09T10:00,7.3,51,-2.1,4.2,0.0,0.0,0.0,4.3,16.2,185,436.0,55,1024.7,0.2,0.5,0.001
2022-12-09T11:00,8.5,47,-2.2,5.5,0.0,0.0,0.0,3.5,15.1,114,524.0,7,1023.1,0.25,0.59,0.001
2022-12-09T12:00,9.8,42,-2.6,6.4,0.0,0.0,0.0,5.8,18.7,97,551.0,46,1021.5,0.27,0.7,0.001
2022-12-09T13:00,10.2,39,-3.0,6.7,0.0,0.0,0.0,6.5,19.1,96,471.0,51,1020.3,0.24,0.75,0.001
2022-12-09T14:00,10.2,38,-3.4,6.7,0.0,0.0,0.0,6.5,18.7,90,337.0,56,1019.8,0.19,0.77,0.001
2022-12-09T15:00,9.7,39,-3.7,6.2,0.0,0.0,0.0,6.3,17.6,103,216.0,100,1020.1,0.13,0.74,0.001
2022-12-09T16:00,9.3,39,-3.8,5.6,0.0,0.0,0.0,7.1,15.5,105,69.0,97,1020.0,0.07,0.71,0.001
2022-12-09T17:00,8.8,42,-3.6,4.9,0.0,0.0,0.0,8.7,15.1,83,4.0,87,1020.1,0.05,0.66,0.001
2022-12-09T18:00,7.3,47,-3.2,3.4,0.0,0.0,0.0,9.1,16.2,81,0.0,23,1020.7,0.03,0.54,0.001
2022-12-09T19:00,6.1,52,-3.1,2.6,0.0,0.0,0.0,6.2,15.1,126,0.0,9,1020.7,0.02,0.45,0.001
2022-12-09T20:00,5.3,55,-3.1,1.2,0.0,0.0,0.0,10.2,17.3,122,0.0,23,1022.3,0.03,0.4,0.001
2022-12-09T21:00,4.3,60,-2.9,0.6,0.0,0.0,0.0,8.0,16.9,126,0.0,87,1022.8,0.02,0.34,0.001
2022-12-09T22:00,3.4,64,-2.8,-0.2,0.0,0.0,0.0,6.9,13.3,141,0.0,100,1023.2,0.01,0.28,0.001
2022-12-09T23:00,1.9,72,-2.8,-1.9,0.0,0.0,0.0,8.7,11.2,163,0.0,99,1023.5,0.01,0.2,0.001
2022-12-10T00:00,3.1,65,-2.8,-0.2,0.0,0.0,0.0,4.8,10.8,222,0.0,100,1023.7,0.0,0.26,0.001
2022-12-10T01:00,2.5,68,-2.9,-0.2,0.0,0.0,0.0,1.5,6.1,315,0.0,98,1023.9,0.0,0.24,0.001
2022-12-10T02:00,1.3,73,-3.0,-1.5,0.0,0.0,0.0,1.8,2.9,349,0.0,73,1023.8,0.0,0.18,0.001
2022-12-10T03:00,-0.9,82,-3.6,-4.3,0.0,0.0,0.0,5.4,3.2,37,0.0,59,1023.9,0.0,0.1,0.0
2022-12-10T04:00,-0.7,82,-3.4,-4.0,0.0,0.0,0.0,5.1,7.2,45,0.0,35,1024.0,0.0,0.11,0.0
2022-12-10T05:00,0.1,78,-3.3,-3.0,0.0,0.0,0.0,3.1,6.5,21,0.0,100,1024.3,0.0,0.13,0.0
2022-12-10T06:00,-1.3,85,-3.5,-4.1,0.0,0.0,0.0,1.6,4.0,297,0.0,98,1024.7,0.0,0.08,0.0
2022-12-10T07:00,-0.5,81,-3.3,-3.7,0.0,0.0,0.0,4.0,6.5,260,8.0,100,1025.0,0.01,0.11,0.0
2022-12-10T08:00,1.1,73,-3.2,-2.1,0.0,0.0,0.0,4.2,9.7,239,64.0,100,1025.8,0.03,0.18,0.0
2022-12-10T09:00,2.3,67,-3.2,-0.8,0.0,0.0,0.0,3.9,9.7,248,110.0,99,1026.2,0.06,0.24,0.0
2022-12-10T10:00,3.6,60,-3.4,0.7,0.0,0.0,0.0,2.2,10.4,261,190.0,99,1025.3,0.09,0.31,0.0
2022-12-10T11:00,5.0,55,-3.4,2.0,0.2,0.1,0.07,2.5,11.5,82,327.0,84,1023.5,0.15,0.39,0.0
2022-12-10T12:00,6.2,51,-3.3,2.6,0.0,0.0,0.0,6.8,19.4,87,487.0,72,1022.1,0.22,0.47,0.0
2022-12-10T13:00,6.5,50,-3.1,2.9,0.2,0.1,0.07,7.2,20.2,84,436.0,52,1021.0,0.2,0.48,0.001
2022-12-10T14:00,6.4,52,-2.7,2.7,0.2,0.1,0.07,8.3,20.5,90,400.0,44,1020.5,0.18,0.46,0.002
2022-12-10T15:00,5.1,57,-2.7,1.7,0.2,0.1,0.07,5.5,20.5,79,261.0,32,1021.6,0.11,0.37,0.002
2022-12-10T16:00,4.5,59,-2.8,1.4,0.0,0.0,0.0,4.1,14.0,105,92.0,13,1021.6,0.04,0.34,0.002
2022-12-10T17:00,3.9,62,-2.8,1.0,0.0,0.0,0.0,2.4,9.7,243,5.0,100,1021.8,0.01,0.31,0.002
2022-12-10T18:00,4.2,61,-2.7,1.4,0.0,0.0,0.0,1.4,6.1,270,0.0,100,1021.9,0.0,0.32,0.002
2022-12-10T19:00,4.4,60,-2.7,1.5,0.0,0.0,0.0,2.6,4.7,326,0.0,100,1022.1,0.0,0.33,0.002
2022-12-10T20:00,4.5,60,-2.6,1.4,0.0,0.0,0.0,4.0,7.6,350,0.0,100,1022.4,0.0,0.33,0.002
2022-12-10T21:00,4.7,60,-2.5,1.8,0.0,0.0,0.0,2.9,7.6,360,0.0,100,1022.5,0.0,0.34,0.002
2022-12-10T22:00,4.8,60,-2.4,2.2,0.0,0.0,0.0,0.8,5.0,333,0.0,100,1022.7,0.0,0.34,0.002
2022-12-10T23:00,4.3,60,-2.9,1.4,0.0,0.0,0.0,2.9,4.7,180,0.0,100,1022.8,0.0,0.34,0.002
2022-12-11T00:00,4.0,57,-3.8,0.9,0.0,0.0,0.0,2.9,4.7,173,0.0,73,1022.9,0.0,0.35,0.002
2022-12-11T01:00,3.2,60,-3.9,-0.0,0.0,0.0,0.0,4.1,5.8,195,0.0,100,1023.1,0.0,0.31,0.002
2022-12-11T02:00,2.6,64,-3.7,-0.8,0.0,0.0,0.0,4.9,5.8,216,0.0,96,1023.4,0.0,0.27,0.002
2022-12-11T03:00,2.3,68,-3.0,-0.6,0.0,0.0,0.0,2.6,6.1,214,0.0,100,1024.3,0.0,0.23,0.003
2022-12-11T04:00,2.0,71,-2.8,-1.0,0.0,0.0,0.0,3.1,4.3,225,0.0,97,1024.3,0.0,0.21,0.003
2022-12-11T05:00,1.0,75,-2.9,-2.3,0.0,0.0,0.0,4.7,6.5,238,0.0,94,1024.6,0.0,0.16,0.003
2022-12-11T06:00,0.7,76,-3.1,-2.5,0.0,0.0,0.0,4.3,6.1,270,0.0,100,1025.2,0.0,0.16,0.003
2022-12-11T07:00,1.2,72,-3.3,-2.3,0.0,0.0,0.0,6.5,9.7,267,10.0,95,1025.9,0.01,0.19,0.003
2022-12-11T08:00,2.7,56,-5.2,-1.0,0.0,0.0,0.0,6.3,13.0,239,124.0,75,1026.6,0.05,0.33,0.003
2022-12-11T09:00,4.3,47,-6.1,0.6,0.0,0.0,0.0,5.4,15.1,217,308.0,35,1026.2,0.13,0.44,0.003
2022-12-11T10:00,5.6,44,-5.8,2.3,0.0,0.0,0.0,3.1,15.1,201,453.0,1,1025.2,0.19,0.51,0.003
2022-12-11T11:00,6.7,41,-5.6,3.6,0.0,0.0,0.0,2.1,14.0,149,552.0,0,1023.7,0.25,0.58,0.003
2022-12-11T12:00,7.8,37,-6.1,4.7,0.0,0.0,0.0,2.3,14.4,129,574.0,27,1022.1,0.27,0.67,0.004
2022-12-11T13:00,8.7,34,-6.5,5.3,0.0,0.0,0.0,2.9,14.4,150,519.0,61,1020.6,0.25,0.75,0.004
2022-12-11T14:00,9.0,32,-6.9,5.6,0.0,0.0,0.0,3.2,14.4,153,396.0,39,1019.8,0.19,0.78,0.004
2022-12-11T15:00,9.0,30,-7.9,5.1,0.0,0.0,0.0,5.4,13.7,127,262.0,50,1019.8,0.14,0.81,0.01
2022-12-11T16:00,8.3,31,-7.9,4.4,0.0,0.0,0.0,5.5,14.4,101,123.0,2,1019.8,0.07,0.76,0.01
2022-12-11T17:00,6.3,38,-6.9,2.0,0.0,0.0,0.0,9.4,15.1,88,7.0,0,1020.5,0.04,0.59,0.01
2022-12-11T18:00,4.8,45,-6.1,0.3,0.0,0.0,0.0,10.5,17.6,112,0.0,0,1021.7,0.04,0.47,0.01
2022-12-11T19:00,4.0,49,-5.7,-0.5,0.0,0.0,0.0,11.2,18.7,135,0.0,0,1021.9,0.04,0.41,0.01
2022-12-11T20:00,3.4,52,-5.7,-0.5,0.0,0.0,0.0,6.6,18.4,151,0.0,0,1022.0,0.02,0.38,0.01
2022-12-11T21:00,2.2,55,-5.8,-1.9,0.0,0.0,0.0,8.4,11.2,187,0.0,0,1022.3,0.02,0.32,0.01
2022-12-11T22:00,3.6,50,-6.0,-0.0,0.0,0.0,0.0,4.7,10.1,247,0.0,0,1022.8,0.01,0.4,0.01
2022-12-11T23:00,0.8,60,-6.0,-2.7,0.0,0.0,0.0,4.4,5.4,325,0.0,0,1022.9,0.0,0.26,0.01
2022-12-12T00:00,-0.9,69,-5.8,-4.6,0.0,0.0,0.0,6.2,7.6,10,0.0,0,1023.5,0.0,0.18,0.01
2022-12-12T01:00,-1.9,76,-5.6,-5.7,0.0,0.0,0.0,6.9,8.6,28,0.0,0,1023.7,0.0,0.13,0.01
2022-12-12T02:00,-2.1,78,-5.5,-5.6,0.0,0.0,0.0,4.3,8.3,360,0.0,0,1024.0,0.0,0.12,0.01
2022-12-12T03:00,-3.1,84,-5.3,-6.6,0.0,0.0,0.0,5.2,6.1,335,0.0,0,1025.1,0.0,0.08,0.015
2022-12-12T04:00,-3.1,85,-5.3,-6.5,0.0,0.0,0.0,4.3,6.5,312,0.0,0,1025.4,0.0,0.07,0.015
2022-12-12T05:00,-3.3,85,-5.5,-6.7,0.0,0.0,0.0,4.2,5.4,290,0.0,0,1025.8,0.0,0.07,0.015
2022-12-12T06:00,-3.7,86,-5.6,-7.1,0.0,0.0,0.0,4.4,5.4,279,0.0,0,1026.3,0.0,0.06,0.015
2022-12-12T07:00,-2.8,81,-5.6,-5.9,0.0,0.0,0.0,2.3,5.4,252,13.0,0,1026.7,0.0,0.1,0.015
2022-12-12T08:00,0.1,66,-5.5,-3.3,0.0,0.0,0.0,4.0,10.1,243,143.0,0,1027.3,0.04,0.21,0.015
2022-12-12T09:00,2.5,57,-5.3,-0.6,0.0,0.0,0.0,1.5,10.1,284,318.0,0,1026.9,0.12,0.32,0.015
2022-12-12T10:00,4.3,50,-5.4,1.1,0.0,0.0,0.0,2.6,11.9,34,462.0,0,1025.2,0.19,0.42,0.015
2022-12-12T11:00,5.8,44,-5.5,2.4,0.0,0.0,0.0,4.0,14.8,63,555.0,0,1023.2,0.24,0.52,0.015
2022-12-12T12:00,7.0,40,-5.8,3.7,0.0,0.0,0.0,4.4,15.8,81,584.0,0,1021.3,0.26,0.6,0.015
2022-12-12T13:00,7.8,37,-6.0,4.1,0.0,0.0,0.0,5.1,16.6,94,547.0,0,1019.5,0.25,0.66,0.016
2022-12-12T14:00,8.2,36,-6.2,4.4,0.0,0.0,0.0,5.7,16.6,108,449.0,76,1018.6,0.21,0.7,0.016
2022-12-12T15:00,7.9,37,-6.1,4.0,0.0,0.0,0.0,6.3,16.2,103,299.0,100,1018.6,0.14,0.67,0.029
2022-12-12T16:00,7.0,39,-6.1,3.1,0.0,0.0,0.0,6.8,15.5,93,121.0,100,1018.6,0.07,0.61,0.029
2022-12-12T17:00,5.3,44,-6.1,1.5,0.0,0.0,0.0,5.8,11.9,86,7.0,100,1018.9,0.02,0.5,0.029
2022-12-12T18:00,4.3,47,-6.1,0.6,0.0,0.0,0.0,5.4,9.4,86,0.0,100,1018.9,0.02,0.44,0.029
2022-12-12T19:00,3.2,52,-5.8,-0.9,0.0,0.0,0.0,8.0,9.4,108,0.0,100,1019.1,0.02,0.37,0.029
2022-12-12T20:00,4.3,48,-5.8,0.6,0.0,0.0,0.0,5.8,10.1,120,0.0,100,1019.1,0.02,0.43,0.029
2022-12-12T21:00,4.0,49,-5.8,1.1,0.0,0.0,0.0,0.4,6.8,270,0.0,100,1019.3,0.0,0.42,0.029
2022-12-12T22:00,1.5,58,-5.9,-2.2,0.0,0.0,0.0,5.4,6.5,318,0.0,100,1019.7,0.01,0.28,0.029
2022-12-12T23:00,0.9,61,-5.9,-3.2,0.0,0.0,0.0,7.9,9.7,313,0.0,100,1020.1,0.01,0.26,0.029
2022-12-13T00:00,1.6,58,-5.9,-2.1,0.0,0.0,0.0,5.5,9.4,281,0.0,100,1020.2,0.01,0.29,0.029
2022-12-13T01:00,1.0,60,-5.9,-2.5,0.0,0.0,0.0,3.6,6.8,233,0.0,96,1020.3,0.0,0.26,0.029
2022-12-13T02:00,0.7,62,-5.9,-2.7,0.0,0.0,0.0,3.6,5.4,225,0.0,100,1020.5,0.0,0.25,0.029
2022-12-13T03:00,0.1,65,-5.7,-3.2,0.0,0.0,0.0,3.3,6.5,229,0.0,100,1021.0,0.0,0.22,0.026
2022-12-13T04:00,0.1,65,-5.7,-3.4,0.0,0.0,0.0,4.5,7.6,241,0.0,100,1021.0,0.0,0.22,0.026
2022-12-13T05:00,-0.1,66,-5.7,-3.5,0.0,0.0,0.0,4.2,7.9,250,0.0,99,1021.5,0.0,0.21,0.026
2022-12-13T06:00,-1.1,72,-5.5,-4.8,0.0,0.0,0.0,5.9,7.9,256,0.0,46,1022.0,0.0,0.16,0.026
2022-12-13T07:00,-0.8,71,-5.4,-4.3,0.0,0.0,0.0,4.7,8.6,247,12.0,2,1022.5,0.0,0.17,0.026
2022-12-13T08:00,2.2,57,-5.4,-1.1,0.0,0.0,0.0,3.6,8.3,233,133.0,0,1022.8,0.05,0.31,0.026
2022-12-13T09:00,5.2,46,-5.6,2.1,0.0,0.0,0.0,1.3,9.4,236,312.0,0,1023.4,0.12,0.48,0.026
2022-12-13T10:00,7.1,40,-5.7,4.1,0.0,0.0,0.0,1.1,10.4,360,456.0,0,1021.9,0.2,0.61,0.026
2022-12-13T11:00,9.0,34,-6.0,5.9,0.0,0.0,0.0,1.6,12.2,63,549.0,0,1020.0,0.26,0.76,0.026
2022-12-13T12:00,10.5,29,-6.7,7.4,0.0,0.0,0.0,2.5,14.0,98,579.0,0,1018.3,0.29,0.9,0.026
2022-12-13T13:00,11.5,26,-7.3,8.0,0.0,0.0,0.0,3.2,14.4,117,544.0,0,1016.9,0.28,1.0,0.026
2022-12-13T14:00,12.0,25,-7.4,8.3,0.0,0.0,0.0,4.2,14.8,121,446.0,3,1016.5,0.23,1.05,0.026
2022-12-13T15:00,11.0,28,-6.8,7.1,0.0,0.0,0.0,6.6,15.8,112,297.0,0,1017.4,0.16,0.95,0.02
2022-12-13T16:00,10.2,30,-6.5,6.1,0.0,0.0,0.0,7.7,15.8,118,124.0,0,1017.6,0.09,0.86,0.02
2022-12-13T17:00,8.5,34,-6.4,4.5,0.0,0.0,0.0,7.1,13.0,120,7.0,8,1017.7,0.04,0.73,0.02
2022-12-13T18:00,7.1,39,-6.2,3.0,0.0,0.0,0.0,7.8,11.2,112,0.0,0,1018.5,0.04,0.62,0.02
2022-12-13T19:00,7.8,36,-6.5,4.6,0.0,0.0,0.0,1.8,9.0,11,0.0,31,1019.3,0.0,0.68,0.02
2022-12-13T20:00,7.5,36,-6.6,4.0,0.0,0.0,0.0,3.3,4.0,139,0.0,28,1019.5,0.01,0.66,0.02
2022-12-13T21:00,6.5,39,-6.6,2.9,0.0,0.0,0.0,4.1,5.4,225,0.0,15,1019.6,0.01,0.59,0.02
2022-12-13T22:00,4.8,44,-6.5,1.4,0.0,0.0,0.0,3.2,5.4,297,0.0,15,1020.0,0.01,0.48,0.02
2022-12-13T23:00,3.4,49,-6.5,-0.4,0.0,0.0,0.0,5.8,6.8,330,0.0,18,1020.4,0.02,0.4,0.02
2022-12-14T00:00,2.2,53,-6.4,-1.6,0.0,0.0,0.0,5.6,6.8,297,0.0,43,1020.9,0.01,0.33,0.02
2022-12-14T01:00,1.1,58,-6.4,-2.6,0.0,0.0,0.0,4.7,6.8,266,0.0,68,1021.1,0.01,0.28,0.02
2022-12-14T02:00,0.5,60,-6.4,-3.0,0.0,0.0,0.0,4.2,6.8,250,0.0,75,1021.3,0.0,0.25,0.02
2022-12-14T03:00,-0.4,66,-5.9,-4.0,0.0,0.0,0.0,5.5,7.2,259,0.0,98,1021.4,0.0,0.2,0.02
2022-12-14T04:00,0.0,64,-5.9,-3.4,0.0,0.0,0.0,3.9,7.6,248,0.0,95,1021.6,0.0,0.22,0.02
2022-12-14T05:00,-0.2,66,-5.9,-3.8,0.0,0.0,0.0,4.7,7.9,247,0.0,100,1022.2,0.0,0.21,0.02
2022-12-14T06:00,-0.6,68,-5.8,-4.2,0.0,0.0,0.0,4.8,7.9,243,0.0,95,1022.9,0.0,0.19,0.02
2022-12-14T07:00,-0.2,67,-5.7,-3.8,0.0,0.0,0.0,5.0,7.9,240,10.0,95,1023.6,0.01,0.2,0.02
2022-12-14T08:00,2.7,55,-5.5,-1.1,0.0,0.0,0.0,6.3,12.2,239,129.0,100,1024.5,0.05,0.33,0.02
2022-12-14T09:00,5.8,43,-5.8,2.2,0.0,0.0,0.0,4.7,12.2,261,246.0,100,1025.1,0.11,0.52,0.02
2022-12-14T10:00,7.1,39,-6.2,3.8,0.0,0.0,0.0,2.6,12.2,286,227.0,100,1024.3,0.12,0.62,0.02
2022-12-14T11:00,7.3,37,-6.3,4.1,0.0,0.0,0.0,1.9,9.7,338,145.0,100,1023.5,0.09,0.64,0.02
2022-12-14T12:00,8.6,34,-6.4,5.1,0.0,0.0,0.0,4.0,12.6,355,233.0,100,1022.2,0.14,0.74,0.02
2022-12-14T13:00,10.5,32,-5.7,7.0,0.0,0.0,0.0,4.2,14.4,329,404.0,100,1021.3,0.22,0.86,0.02
2022-12-14T14:00,10.6,33,-4.9,6.9,0.0,0.0,0.0,5.7,14.0,342,226.0,100,1020.9,0.15,0.85,0.02
2022-12-14T15:00,10.0,37,-4.1,6.2,0.0,0.0,0.0,7.2,15.8,3,74.0,100,1021.1,0.09,0.77,0.02
2022-12-14T16:00,9.3,40,-3.8,5.6,0.0,0.0,0.0,6.8,15.1,360,48.0,100,1021.7,0.07,0.7,0.02
2022-12-14T17:00,8.6,44,-3.0,5.2,0.0,0.0,0.0,5.8,13.0,360,3.0,97,1022.2,0.04,0.63,0.02
2022-12-14T18:00,7.9,49,-2.1,4.8,0.0,0.0,0.0,4.6,9.7,342,0.0,34,1022.7,0.01,0.54,0.02
2022-12-14T19:00,6.9,55,-1.6,3.8,0.0,0.0,0.0,4.6,7.6,321,0.0,27,1023.2,0.01,0.45,0.02
2022-12-14T20:00,5.1,62,-1.6,1.9,0.0,0.0,0.0,6.2,9.0,291,0.0,13,1023.3,0.01,0.33,0.02
2022-12-14T21:00,4.4,64,-1.9,1.4,0.0,0.0,0.0,4.1,7.2,255,0.0,0,1023.2,0.0,0.3,0.02
2022-12-14T22:00,3.8,66,-2.1,0.6,0.0,0.0,0.0,5.0,7.9,249,0.0,0,1023.4,0.0,0.28,0.02
2022-12-14T23:00,2.8,70,-2.1,-0.5,0.0,0.0,0.0,5.7,9.7,252,0.0,0,1023.2,0.0,0.22,0.02
2022-12-15T00:00,1.7,77,-1.9,-1.5,0.0,0.0,0.0,5.5,9.7,259,0.0,0,1023.3,0.0,0.16,0.02
2022-12-15T01:00,1.0,82,-1.9,-2.2,0.0,0.0,0.0,5.2,8.6,254,0.0,12,1023.5,0.0,0.12,0.02
2022-12-15T02:00,0.5,83,-2.1,-2.8,0.0,0.0,0.0,5.8,9.4,248,0.0,2,1023.7,0.0,0.11,0.02
2022-12-15T03:00,0.1,84,-2.4,-3.3,0.0,0.0,0.0,6.3,10.1,246,0.0,100,1023.6,0.0,0.1,0.03
2022-12-15T04:00,-0.3,85,-2.5,-3.8,0.0,0.0,0.0,7.1,11.9,240,0.0,93,1023.7,0.0,0.09,0.03
2022-12-15T05:00,-0.9,87,-2.7,-4.6,0.0,0.0,0.0,8.6,13.7,237,0.0,100,1024.1,0.0,0.07,0.03
2022-12-15T06:00,-1.1,90,-2.6,-5.0,0.0,0.0,0.0,9.9,15.8,237,0.0,100,1024.7,0.0,0.06,0.03
2022-12-15T07:00,-0.5,91,-1.9,-4.5,0.0,0.0,0.0,11.1,18.0,241,10.0,100,1025.8,0.0,0.06,0.03
2022-12-15T08:00,1.9,83,-0.8,-1.9,0.0,0.0,0.0,11.0,20.5,238,109.0,99,1027.2,0.04,0.12,0.03
2022-12-15T09:00,4.3,72,-0.3,0.9,0.0,0.0,0.0,8.6,20.2,237,278.0,96,1028.0,0.11,0.23,0.03
2022-12-15T10:00,7.0,62,0.3,4.0,0.0,0.0,0.0,6.5,19.4,251,405.0,100,1025.6,0.18,0.38,0.03
2022-12-15T11:00,9.5,52,0.2,6.8,0.0,0.0,0.0,3.6,16.9,276,495.0,42,1022.9,0.24,0.57,0.03
2022-12-15T12:00,11.2,43,-0.9,8.6,0.0,0.0,0.0,2.9,14.0,277,560.0,100,1021.7,0.29,0.76,0.03
2022-12-15T13:00,11.9,40,-1.2,9.2,0.0,0.0,0.0,2.2,13.7,9,438.0,100,1020.5,0.23,0.83,0.03
2022-12-15T14:00,11.8,41,-1.2,8.9,0.0,0.0,0.0,4.1,12.2,52,213.0,100,1019.8,0.14,0.82,0.03
2022-12-15T15:00,11.8,42,-0.8,9.0,0.0,0.0,0.0,4.1,14.0,45,144.0,100,1019.9,0.1,0.81,0.04
2022-12-15T16:00,11.4,43,-0.8,8.4,0.0,0.0,0.0,5.0,11.2,60,45.0,99,1019.8,0.06,0.77,0.04
2022-12-15T17:00,10.2,47,-0.6,7.5,0.0,0.0,0.0,3.2,8.6,63,4.0,100,1019.9,0.03,0.66,0.04
2022-12-15T18:00,9.7,49,-0.6,7.1,0.0,0.0,0.0,2.1,6.5,211,0.0,100,1020.3,0.0,0.61,0.04
2022-12-15T19:00,8.5,55,-0.1,5.9,0.0,0.0,0.0,3.1,4.7,249,0.0,100,1020.6,0.0,0.5,0.04
2022-12-15T20:00,7.9,60,0.5,5.3,0.0,0.0,0.0,3.3,4.7,264,0.0,100,1020.6,0.0,0.43,0.04
2022-12-15T21:00,8.2,59,0.7,5.9,0.0,0.0,0.0,1.9,4.0,248,0.0,100,1020.7,0.0,0.44,0.04
2022-12-15T22:00,7.6,64,1.1,5.1,0.0,0.0,0.0,3.3,4.3,221,0.0,96,1020.7,0.0,0.38,0.04
2022-12-15T23:00,6.9,67,1.3,4.5,0.0,0.0,0.0,3.2,4.7,243,0.0,100,1020.5,0.0,0.33,0.04
2022-12-16T00:00,7.2,65,1.1,4.9,0.0,0.0,0.0,2.2,4.3,261,0.0,84,1020.3,0.0,0.35,0.04
2022-12-16T01:00,6.3,70,1.2,3.7,0.0,0.0,0.0,4.3,5.4,222,0.0,11,1020.3,0.0,0.29,0.04
2022-12-16T02:00,5.4,74,1.1,2.7,0.0,0.0,0.0,4.6,7.2,231,0.0,17,1020.5,0.0,0.23,0.04
2022-12-16T03:00,5.7,60,-1.5,2.6,0.0,0.0,0.0,5.5,5.8,122,0.0,27,1020.7,0.01,0.37,0.041
2022-12-16T04:00,4.8,63,-1.6,1.8,0.0,0.0,0.0,4.1,6.8,135,0.0,17,1020.6,0.0,0.31,0.041
2022-12-16T05:00,1.9,80,-1.2,-1.1,0.0,0.0,0.0,5.0,5.4,240,0.0,54,1021.3,0.0,0.14,0.041
2022-12-16T06:00,1.3,85,-0.9,-1.8,0.0,0.0,0.0,5.6,9.0,243,0.0,94,1022.1,0.0,0.1,0.041
2022-12-16T07:00,0.3,93,-0.8,-3.5,0.0,0.0,0.0,10.1,15.8,235,10.0,100,1023.0,0.0,0.05,0.041
2022-12-16T08:00,3.0,78,-0.5,-0.7,0.0,0.0,0.0,10.0,19.1,232,111.0,100,1023.6,0.04,0.16,0.041
2022-12-16T09:00,5.7,66,-0.2,2.5,0.0,0.0,0.0,7.1,18.4,225,270.0,51,1024.1,0.11,0.31,0.041
2022-12-16T10:00,8.2,55,-0.4,5.5,0.0,0.0,0.0,3.8,16.9,229,420.0,23,1022.0,0.19,0.49,0.041
2022-12-16T11:00,9.9,48,-0.7,7.5,0.0,0.0,0.0,1.0,13.7,225,513.0,18,1020.2,0.25,0.64,0.041
2022-12-16T12:00,11.0,44,-0.9,8.3,0.0,0.0,0.0,2.7,13.3,293,536.0,46,1018.7,0.28,0.73,0.041
2022-12-16T13:00,11.8,42,-0.9,9.2,0.0,0.0,0.0,2.0,14.0,315,491.0,23,1017.3,0.26,0.81,0.041
2022-12-16T14:00,12.3,40,-0.8,9.8,0.0,0.0,0.0,1.3,12.2,56,428.0,0,1016.7,0.22,0.85,0.041
2022-12-16T15:00,11.8,41,-1.2,8.7,0.0,0.0,0.0,4.9,10.8,54,291.0,1,1017.3,0.15,0.82,0.042
2022-12-16T16:00,11.3,42,-1.2,8.4,0.0,0.0,0.0,4.3,13.3,66,114.0,16,1017.5,0.07,0.78,0.042
2022-12-16T17:00,9.8,47,-1.1,6.9,0.0,0.0,0.0,4.5,8.3,104,7.0,31,1018.0,0.02,0.65,0.042
2022-12-16T18:00,8.7,52,-0.7,5.8,0.0,0.0,0.0,4.4,6.5,99,0.0,24,1018.9,0.01,0.54,0.042
2022-12-16T19:00,7.2,61,0.2,4.4,0.0,0.0,0.0,4.7,7.6,113,0.0,43,1019.6,0.0,0.39,0.042
2022-12-16T20:00,6.9,64,0.6,4.4,0.0,0.0,0.0,3.3,7.9,49,0.0,100,1020.5,0.0,0.36,0.042
2022-12-16T21:00,6.1,67,0.5,3.3,0.0,0.0,0.0,5.4,9.0,8,0.0,48,1020.9,0.0,0.31,0.042
2022-12-16T22:00,5.2,73,0.7,2.2,0.0,0.0,0.0,6.1,10.1,28,0.0,6,1020.8,0.0,0.24,0.042
2022-12-16T23:00,3.6,83,1.0,0.5,0.0,0.0,0.0,7.6,9.7,19,0.0,9,1020.7,0.0,0.14,0.042
2022-12-17T00:00,3.9,81,1.0,1.1,0.0,0.0,0.0,5.8,10.1,360,0.0,25,1021.0,0.0,0.15,0.042
2022-12-17T01:00,3.6,83,1.0,1.0,0.0,0.0,0.0,4.7,6.8,337,0.0,46,1021.4,0.0,0.13,0.042
2022-12-17T02:00,2.0,90,0.6,-1.0,0.0,0.0,0.0,6.6,7.6,315,0.0,99,1022.0,0.0,0.07,0.042
2022-12-17T03:00,3.7,82,1.0,1.1,0.0,0.0,0.0,4.6,8.6,342,0.0,85,1022.1,0.0,0.14,0.037
2022-12-17T04:00,2.0,89,0.4,-1.0,0.0,0.0,0.0,6.3,7.2,329,0.0,69,1022.0,0.0,0.08,0.037
2022-12-17T05:00,2.2,89,0.5,-0.8,0.0,0.0,0.0,5.9,8.6,322,0.0,98,1022.5,0.0,0.08,0.037
2022-12-17T06:00,1.9,90,0.5,-1.1,0.0,0.0,0.0,6.4,7.6,297,0.0,98,1023.2,0.0,0.07,0.037
2022-12-17T07:00,2.3,89,0.7,-0.5,0.0,0.0,0.0,5.2,7.6,286,7.0,84,1023.8,0.0,0.08,0.037
2022-12-17T08:00,4.6,76,0.7,1.9,0.0,0.0,0.0,4.3,9.0,265,101.0,82,1024.6,0.04,0.2,0.037
2022-12-17T09:00,6.8,65,0.7,4.1,0.0,0.0,0.0,4.6,12.6,309,237.0,92,1024.6,0.11,0.34,0.037
2022-12-17T10:00,8.1,58,0.2,5.1,0.0,0.0,0.0,6.1,16.2,3,320.0,100,1023.6,0.16,0.46,0.037
2022-12-17T11:00,9.3,52,-0.1,6.2,0.0,0.0,0.0,6.5,18.0,34,434.0,91,1022.5,0.22,0.56,0.037
2022-12-17T12:00,10.2,47,-0.6,6.6,0.0,0.0,0.0,9.4,23.0,40,461.0,50,1021.5,0.24,0.66,0.037
2022-12-17T13:00,10.2,47,-0.5,6.5,0.0,0.0,0.0,10.2,23.4,42,365.0,60,1020.9,0.2,0.66,0.037
2022-12-17T14:00,10.3,47,-0.5,6.6,0.0,0.0,0.0,10.2,23.8,51,340.0,48,1021.0,0.19,0.66,0.037
2022-12-17T15:00,9.9,48,-0.6,6.3,0.0,0.0,0.0,9.4,23.0,50,218.0,56,1021.7,0.13,0.63,0.05
2022-12-17T16:00,9.3,50,-0.7,5.5,0.0,0.0,0.0,10.7,19.8,48,92.0,61,1021.9,0.08,0.59,0.05
2022-12-17T17:00,7.9,58,0.3,4.1,0.0,0.0,0.0,11.5,19.8,39,7.0,31,1022.8,0.04,0.44,0.05
2022-12-17T18:00,6.7,65,0.6,3.0,0.0,0.0,0.0,11.1,20.2,29,0.0,35,1024.0,0.02,0.34,0.05
2022-12-17T19:00,5.6,70,0.5,2.2,0.0,0.0,0.0,9.2,18.7,26,0.0,20,1024.8,0.01,0.27,0.05
2022-12-17T20:00,4.8,74,0.6,1.6,0.0,0.0,0.0,7.5,14.8,17,0.0,30,1025.4,0.0,0.22,0.05
2022-12-17T21:00,4.0,79,0.7,1.0,0.0,0.0,0.0,6.6,12.2,9,0.0,27,1025.7,0.0,0.17,0.05
2022-12-17T22:00,3.3,84,0.8,0.5,0.0,0.0,0.0,5.8,10.1,353,0.0,33,1025.7,0.0,0.13,0.05
2022-12-17T23:00,2.4,90,0.9,-0.8,0.0,0.0,0.0,8.6,9.7,338,0.0,42,1025.8,0.0,0.07,0.05
2022-12-18T00:00,2.1,90,0.7,-1.1,0.0,0.0,0.0,7.7,10.1,311,0.0,51,1026.0,0.0,0.07,0.05
2022-12-18T01:00,2.5,90,1.0,-0.2,0.0,0.0,0.0,5.0,9.0,291,0.0,53,1026.6,0.0,0.08,0.05
2022-12-18T02:00,2.8,88,1.0,-0.0,0.0,0.0,0.0,5.7,8.6,305,0.0,100,1027.2,0.0,0.09,0.05
2022-12-18T03:00,1.2,93,0.1,-1.9,0.0,0.0,0.0,6.5,8.6,326,0.0,100,1027.7,0.0,0.05,0.054
2022-12-18T04:00,1.2,93,0.2,-1.5,0.0,0.0,0.0,4.4,8.3,325,0.0,35,1027.6,0.0,0.05,0.054
2022-12-18T05:00,0.5,94,-0.4,-2.5,0.0,0.0,0.0,5.5,7.2,302,0.0,38,1028.0,0.0,0.04,0.054
2022-12-18T06:00,0.4,94,-0.6,-2.6,0.0,0.0,0.0,5.2,7.2,282,0.0,59,1028.6,0.0,0.04,0.054
2022-12-18T07:00,0.5,94,-0.4,-2.4,0.0,0.0,0.0,5.1,7.9,278,8.0,100,1029.4,0.0,0.04,0.054
2022-12-18T08:00,3.0,79,-0.3,0.3,0.0,0.0,0.0,3.2,8.3,297,90.0,88,1030.3,0.03,0.16,0.054
2022-12-18T09:00,4.8,71,-0.2,2.1,0.0,0.0,0.0,3.4,10.8,328,200.0,47,1030.1,0.09,0.25,0.054
2022-12-18T10:00,6.8,61,-0.2,4.0,0.0,0.0,0.0,4.3,14.4,336,368.0,4,1028.8,0.17,0.39,0.054
2022-12-18T11:00,8.4,52,-0.9,5.8,0.0,0.0,0.0,2.6,15.1,344,478.0,35,1026.9,0.23,0.53,0.054
2022-12-18T12:00,9.4,46,-1.8,6.8,0.0,0.0,0.0,1.3,13.7,34,497.0,35,1025.4,0.25,0.64,0.054
2022-12-18T13:00,9.8,42,-2.4,6.9,0.0,0.0,0.0,2.9,13.3,60,418.0,56,1024.5,0.21,0.7,0.054
2022-12-18T14:00,9.8,41,-2.8,6.6,0.0,0.0,0.0,4.5,14.4,61,271.0,57,1024.2,0.15,0.71,0.054
2022-12-18T15:00,9.8,40,-3.1,6.5,0.0,0.0,0.0,4.6,14.4,51,208.0,13,1024.2,0.12,0.72,0.052
2022-12-18T16:00,9.4,41,-3.4,6.2,0.0,0.0,0.0,4.1,13.0,52,94.0,27,1024.2,0.06,0.7,0.052
2022-12-18T17:00,8.2,45,-3.2,4.9,0.0,0.0,0.0,4.6,9.7,72,7.0,32,1024.4,0.02,0.6,0.052
2022-12-18T18:00,7.3,47,-3.3,4.1,0.0,0.0,0.0,4.2,6.5,59,0.0,1,1024.8,0.01,0.54,0.052
2022-12-18T19:00,6.2,52,-3.0,3.1,0.0,0.0,0.0,3.6,5.4,45,0.0,0,1025.3,0.0,0.46,0.052
2022-12-18T20:00,4.9,60,-2.2,1.8,0.0,0.0,0.0,3.9,4.7,34,0.0,8,1025.6,0.0,0.34,0.052
2022-12-18T21:00,3.4,72,-1.1,0.2,0.0,0.0,0.0,6.0,7.2,25,0.0,34,1025.9,0.0,0.22,0.052
2022-12-18T22:00,4.6,69,-0.6,1.8,0.0,0.0,0.0,3.8,7.2,41,0.0,59,1025.8,0.0,0.26,0.052
2022-12-18T23:00,4.1,72,-0.6,1.7,0.0,0.0,0.0,1.0,4.7,225,0.0,58,1025.8,0.0,0.23,0.052
2022-12-19T00:00,1.8,83,-0.8,-1.1,0.0,0.0,0.0,4.8,5.4,257,0.0,37,1026.2,0.0,0.12,0.052
2022-12-19T01:00,0.7,87,-1.3,-2.6,0.0,0.0,0.0,6.1,7.2,273,0.0,0,1026.6,0.0,0.08,0.052
2022-12-19T02:00,-0.3,87,-2.1,-3.6,0.0,0.0,0.0,6.1,7.2,270,0.0,0,1026.9,0.0,0.08,0.052
2022-12-19T03:00,-1.6,91,-2.8,-5.1,0.0,0.0,0.0,7.3,8.3,290,0.0,0,1027.9,0.0,0.05,0.054
2022-12-19T04:00,-1.3,91,-2.7,-4.5,0.0,0.0,0.0,4.7,9.0,274,0.0,0,1028.0,0.0,0.05,0.054
2022-12-19T05:00,-1.9,91,-3.2,-5.0,0.0,0.0,0.0,3.9,6.8,248,0.0,0,1028.3,0.0,0.05,0.054
2022-12-19T06:00,-2.5,92,-3.6,-5.9,0.0,0.0,0.0,5.4,8.3,233,0.0,0,1028.8,0.0,0.04,0.054
2022-12-19T07:00,-2.6,90,-4.0,-6.4,0.0,0.0,0.0,8.2,12.2,232,9.0,0,1029.1,0.0,0.05,0.054
2022-12-19T08:00,0.5,73,-3.9,-3.4,0.0,0.0,0.0,8.4,16.2,230,131.0,0,1029.2,0.04,0.17,0.054
2022-12-19T09:00,3.7,60,-3.5,0.1,0.0,0.0,0.0,6.5,16.2,236,308.0,0,1029.3,0.12,0.32,0.054
2022-12-19T10:00,6.0,55,-2.4,2.9,0.0,0.0,0.0,3.9,15.8,248,451.0,0,1027.7,0.19,0.42,0.054
2022-12-19T11:00,7.7,49,-2.4,4.9,0.0,0.0,0.0,2.5,13.7,270,546.0,0,1025.5,0.25,0.54,0.054
2022-12-19T12:00,9.0,44,-2.8,6.4,0.0,0.0,0.0,2.2,13.3,279,580.0,0,1023.5,0.28,0.65,0.054
2022-12-19T13:00,9.9,39,-3.6,7.1,0.0,0.0,0.0,1.0,13.0,315,548.0,0,1022.3,0.27,0.75,0.054
2022-12-19T14:00,10.2,36,-4.2,7.2,0.0,0.0,0.0,2.0,11.9,45,454.0,0,1021.8,0.22,0.79,0.054
2022-12-19T15:00,9.8,37,-4.2,6.6,0.0,0.0,0.0,3.1,12.2,54,307.0,0,1022.0,0.14,0.76,0.056
2022-12-19T16:00,9.1,40,-4.0,5.7,0.0,0.0,0.0,5.0,11.2,60,131.0,0,1022.1,0.07,0.7,0.056
2022-12-19T17:00,7.1,47,-3.4,3.7,0.0,0.0,0.0,5.2,9.0,74,9.0,0,1022.4,0.02,0.53,0.056
2022-12-19T18:00,5.9,52,-3.2,2.4,0.0,0.0,0.0,6.6,9.0,119,0.0,0,1022.6,0.02,0.44,0.056
2022-12-19T19:00,4.9,56,-3.3,1.4,0.0,0.0,0.0,5.8,7.6,173,0.0,0,1022.8,0.01,0.38,0.056
2022-12-19T20:00,5.0,55,-3.4,1.7,0.0,0.0,0.0,4.7,6.8,184,0.0,0,1022.9,0.01,0.4,0.056
2022-12-19T21:00,4.8,55,-3.4,1.8,0.0,0.0,0.0,2.6,5.4,236,0.0,0,1022.9,0.0,0.39,0.056
2022-12-19T22:00,4.0,59,-3.4,1.0,0.0,0.0,0.0,2.2,2.9,279,0.0,0,1023.2,0.0,0.33,0.056
2022-12-19T23:00,2.8,64,-3.4,-0.3,0.0,0.0,0.0,2.9,3.6,270,0.0,0,1023.7,0.0,0.27,0.056
2022-12-20T00:00,0.0,78,-3.4,-3.4,0.0,0.0,0.0,5.5,6.5,259,0.0,0,1023.9,0.0,0.14,0.056
2022-12-20T01:00,-1.2,82,-3.8,-4.7,0.0,0.0,0.0,6.2,8.3,260,0.0,0,1024.2,0.0,0.1,0.056
2022-12-20T02:00,-1.7,85,-4.0,-5.1,0.0,0.0,0.0,5.1,7.9,266,0.0,0,1024.5,0.0,0.08,0.056
2022-12-20T03:00,-2.6,86,-4.6,-6.2,0.0,0.0,0.0,5.8,6.8,266,0.0,0,1025.3,0.0,0.07,0.057
2022-12-20T04:00,-2.9,88,-4.6,-6.3,0.0,0.0,0.0,4.9,7.6,253,0.0,0,1025.7,0.0,0.06,0.057
2022-12-20T05:00,-2.9,87,-4.7,-6.3,0.0,0.0,0.0,4.9,7.6,234,0.0,0,1026.2,0.0,0.06,0.057
2022-12-20T06:00,-3.2,88,-5.0,-6.9,0.0,0.0,0.0,6.4,10.4,232,0.0,0,1026.7,0.0,0.06,0.057
2022-12-20T07:00,-3.2,86,-5.2,-7.3,0.0,0.0,0.0,8.7,13.3,232,9.0,1,1027.4,0.0,0.07,0.057
2022-12-20T08:00,-0.2,70,-5.0,-4.0,0.0,0.0,0.0,7.3,15.8,237,131.0,5,1028.0,0.04,0.18,0.057
2022-12-20T09:00,2.8,58,-4.8,-0.6,0.0,0.0,0.0,4.3,14.4,246,307.0,0,1028.2,0.11,0.32,0.057
2022-12-20T10:00,5.2,51,-4.2,2.2,0.0,0.0,0.0,1.8,13.0,281,455.0,0,1026.6,0.19,0.43,0.057
2022-12-20T11:00,6.9,48,-3.5,4.2,0.0,0.0,0.0,1.1,11.2,18,553.0,0,1024.4,0.25,0.52,0.057
2022-12-20T12:00,8.3,43,-3.7,5.5,0.0,0.0,0.0,2.6,13.3,56,588.0,0,1022.3,0.28,0.63,0.057
2022-12-20T13:00,9.2,38,-4.3,5.9,0.0,0.0,0.0,4.3,15.5,66,557.0,0,1020.9,0.27,0.72,0.057
2022-12-20T14:00,9.6,36,-4.8,5.9,0.0,0.0,0.0,6.0,16.9,65,461.0,0,1020.3,0.23,0.76,0.057
2022-12-20T15:00,9.4,37,-4.7,5.6,0.0,0.0,0.0,7.2,17.3,63,312.0,0,1020.4,0.16,0.75,0.062
2022-12-20T16:00,8.2,41,-4.4,4.4,0.0,0.0,0.0,7.3,16.9,70,135.0,0,1020.5,0.08,0.65,0.062
2022-12-20T17:00,5.6,51,-3.9,2.0,0.0,0.0,0.0,6.5,12.6,87,10.0,0,1020.8,0.02,0.45,0.062
2022-12-20T18:00,5.8,49,-4.2,2.1,0.0,0.0,0.0,6.9,10.4,129,0.0,0,1021.3,0.02,0.47,0.062
2022-12-20T19:00,5.7,48,-4.5,2.4,0.0,0.0,0.0,3.9,8.3,68,0.0,0,1021.9,0.01,0.48,0.062
2022-12-20T20:00,4.2,54,-4.5,0.6,0.0,0.0,0.0,5.4,6.5,20,0.0,0,1022.2,0.01,0.38,0.062
2022-12-20T21:00,2.5,60,-4.5,-1.0,0.0,0.0,0.0,5.4,6.8,360,0.0,0,1022.6,0.01,0.29,0.062
2022-12-20T22:00,0.6,70,-4.4,-3.2,0.0,0.0,0.0,7.3,9.0,340,0.0,0,1023.2,0.01,0.19,0.062
2022-12-20T23:00,-0.5,76,-4.2,-4.4,0.0,0.0,0.0,8.6,10.8,345,0.0,18,1023.9,0.0,0.14,0.062
2022-12-21T00:00,-0.9,78,-4.2,-4.6,0.0,0.0,0.0,7.4,10.1,337,0.0,33,1024.4,0.0,0.13,0.062
2022-12-21T01:00,-2.0,83,-4.5,-5.9,0.0,0.0,0.0,8.7,10.4,322,0.0,66,1025.0,0.0,0.09,0.062
2022-12-21T02:00,-2.1,82,-4.7,-5.9,0.0,0.0,0.0,7.4,10.4,299,0.0,48,1025.2,0.0,0.09,0.062
2022-12-21T03:00,-2.6,84,-4.9,-6.4,0.0,0.0,0.0,7.2,9.0,288,0.0,69,1025.3,0.0,0.08,0.064
2022-12-21T04:00,-2.6,84,-4.9,-6.3,0.0,0.0,0.0,6.4,8.3,297,0.0,18,1025.5,0.0,0.08,0.064
2022-12-21T05:00,-2.9,85,-5.1,-6.4,0.0,0.0,0.0,5.1,6.8,274,0.0,0,1026.2,0.0,0.07,0.064
2022-12-21T06:00,-3.2,86,-5.2,-6.5,0.0,0.0,0.0,4.1,6.1,255,0.0,0,1026.7,0.0,0.07,0.064
2022-12-21T07:00,-2.9,85,-5.0,-6.3,0.0,0.0,0.0,4.3,6.8,246,8.0,0,1027.4,0.0,0.07,0.064
2022-12-21T08:00,0.1,70,-4.8,-3.3,0.0,0.0,0.0,4.3,10.1,246,128.0,0,1028.1,0.04,0.19,0.064
2022-12-21T09:00,3.6,55,-4.6,0.5,0.0,0.0,0.0,2.2,9.7,279,303.0,0,1028.2,0.11,0.35,0.064
2022-12-21T10:00,5.3,48,-5.0,2.4,0.0,0.0,0.0,0.8,9.7,117,451.0,0,1026.9,0.19,0.46,0.064
2022-12-21T11:00,6.9,42,-5.3,3.0,0.0,0.0,0.0,7.4,18.7,104,548.0,0,1024.8,0.24,0.58,0.064
2022-12-21T12:00,8.0,37,-5.8,3.6,0.0,0.0,0.0,11.9,26.6,104,583.0,0,1022.8,0.27,0.67,0.064
2022-12-21T13:00,8.5,36,-5.8,3.8,0.0,0.0,0.0,12.9,28.4,103,551.0,0,1021.5,0.26,0.71,0.063
2022-12-21T14:00,8.6,36,-5.6,4.0,0.0,0.0,0.0,12.0,28.1,97,457.0,0,1020.6,0.23,0.71,0.063
2022-12-21T15:00,8.2,36,-6.1,3.8,0.0,0.0,0.0,10.1,25.6,94,310.0,0,1020.8,0.16,0.7,0.062
2022-12-21T16:00,7.1,40,-5.8,2.9,0.0,0.0,0.0,8.5,21.2,78,135.0,0,1020.8,0.08,0.61,0.062
2022-12-21T17:00,4.9,47,-5.5,1.2,0.0,0.0,0.0,5.7,14.4,55,10.0,0,1021.2,0.02,0.46,0.062
2022-12-21T18:00,3.6,54,-4.9,-0.6,0.0,0.0,0.0,9.8,11.9,98,0.0,0,1021.5,0.03,0.36,0.062
2022-12-21T19:00,3.0,54,-5.4,-1.1,0.0,0.0,0.0,8.7,11.9,132,0.0,0,1021.7,0.02,0.35,0.062
2022-12-21T20:00,1.8,61,-5.0,-2.3,0.0,0.0,0.0,9.4,11.9,122,0.0,0,1022.1,0.02,0.27,0.062
2022-12-21T21:00,1.3,65,-4.6,-2.9,0.0,0.0,0.0,9.7,12.6,117,0.0,14,1022.8,0.01,0.23,0.062
2022-12-21T22:00,2.8,58,-4.7,-1.0,0.0,0.0,0.0,7.1,11.9,131,0.0,82,1022.9,0.01,0.31,0.062
2022-12-21T23:00,2.2,61,-4.7,-1.4,0.0,0.0,0.0,5.5,8.6,148,0.0,100,1022.8,0.01,0.28,0.062
2022-12-22T00:00,1.5,64,-4.7,-1.6,0.0,0.0,0.0,2.5,6.8,262,0.0,59,1023.0,0.0,0.25,0.062
2022-12-22T01:00,-1.3,76,-5.0,-4.9,0.0,0.0,0.0,5.6,7.6,310,0.0,94,1023.6,0.0,0.13,0.062
2022-12-22T02:00,-2.0,80,-5.1,-5.7,0.0,0.0,0.0,6.3,7.9,347,0.0,100,1023.7,0.0,0.11,0.062
2022-12-22T03:00,-2.9,84,-5.2,-6.6,0.0,0.0,0.0,6.7,7.6,324,0.0,100,1023.7,0.0,0.08,0.066
2022-12-22T04:00,-3.0,86,-5.0,-6.4,0.0,0.0,0.0,4.4,7.9,279,0.0,87,1023.9,0.0,0.07,0.066
2022-12-22T05:00,-3.1,87,-5.0,-6.5,0.0,0.0,0.0,4.0,5.8,265,0.0,75,1024.0,0.0,0.06,0.066
2022-12-22T06:00,-2.7,83,-5.2,-6.2,0.0,0.0,0.0,4.7,7.9,261,0.0,79,1024.8,0.0,0.08,0.066
2022-12-22T07:00,-2.6,82,-5.3,-5.9,0.0,0.0,0.0,3.2,7.9,243,8.0,100,1025.2,0.0,0.09,0.066
2022-12-22T08:00,-0.1,68,-5.3,-3.4,0.0,0.0,0.0,3.8,9.0,253,121.0,100,1026.0,0.04,0.2,0.066
2022-12-22T09:00,2.7,57,-5.0,-0.3,0.0,0.0,0.0,1.3,9.7,326,244.0,100,1026.0,0.09,0.32,0.066
2022-12-22T10:00,3.7,54,-4.9,0.6,0.0,0.0,0.0,2.3,9.0,288,262.0,100,1025.5,0.12,0.37,0.066
2022-12-22T11:00,4.8,49,-5.2,1.5,0.0,0.0,0.0,3.2,11.5,360,336.0,100,1023.9,0.15,0.44,0.066
2022-12-22T12:00,5.8,44,-5.5,2.2,0.0,0.0,0.0,4.6,14.8,51,378.0,91,1022.2,0.18,0.51,0.066
2022-12-22T13:00,6.8,41,-5.7,3.2,0.0,0.0,0.0,4.8,15.8,42,455.0,66,1020.8,0.21,0.59,0.066
2022-12-22T14:00,7.2,39,-5.9,3.3,0.0,0.0,0.0,7.0,18.0,35,380.0,93,1020.0,0.18,0.62,0.066
2022-12-22T15:00,6.5,44,-4.9,3.0,0.0,0.0,0.0,4.6,18.0,72,190.0,64,1020.6,0.1,0.54,0.064
2022-12-22T16:00,6.2,44,-5.1,2.9,0.0,0.0,0.0,3.7,12.2,101,90.0,100,1020.4,0.05,0.53,0.064
2022-12-22T17:00,5.7,48,-4.5,2.5,0.0,0.0,0.0,2.8,7.2,140,5.0,100,1020.8,0.02,0.48,0.064
2022-12-22T18:00,5.0,51,-4.3,1.7,0.0,0.0,0.0,3.6,5.8,174,0.0,62,1021.3,0.0,0.43,0.064
2022-12-22T19:00,3.2,60,-3.9,-0.1,0.0,0.0,0.0,4.3,7.2,222,0.0,82,1021.6,0.0,0.31,0.064
2022-12-22T20:00,2.7,63,-3.6,-0.7,0.0,0.0,0.0,4.9,6.5,253,0.0,100,1021.9,0.0,0.27,0.064
2022-12-22T21:00,2.8,64,-3.4,-0.8,0.0,0.0,0.0,6.8,11.2,238,0.0,100,1022.9,0.01,0.27,0.064
2022-12-22T22:00,2.4,69,-2.7,-1.2,0.6,0.1,0.35,7.6,13.0,251,0.0,96,1023.9,0.01,0.23,0.065
2022-12-22T23:00,1.9,75,-2.2,-1.1,1.6,0.0,1.12,3.6,12.6,307,0.0,76,1023.8,0.0,0.18,0.065
2022-12-23T00:00,1.2,81,-1.8,-1.7,0.0,0.0,0.0,3.6,6.1,307,0.0,70,1023.9,0.0,0.13,0.065
2022-12-23T01:00,-0.5,91,-1.9,-4.0,0.0,0.0,0.0,7.7,9.0,332,0.0,92,1023.9,0.0,0.06,0.065
2022-12-23T02:00,-0.7,91,-2.0,-3.8,0.0,0.0,0.0,4.9,9.0,287,0.0,100,1024.0,0.0,0.05,0.065
2022-12-23T03:00,-2.8,91,-4.0,-6.2,0.0,0.0,0.0,5.5,5.8,247,0.0,100,1024.0,0.0,0.04,0.06
2022-12-23T04:00,-2.5,92,-3.6,-6.1,0.0,0.0,0.0,7.2,11.2,233,0.0,2,1024.0,0.0,0.04,0.06
2022-12-23T05:00,-2.7,92,-3.8,-6.3,0.0,0.0,0.0,6.4,11.9,243,0.0,1,1024.1,0.0,0.04,0.06
2022-12-23T06:00,-2.8,92,-3.9,-6.3,0.0,0.0,0.0,6.1,9.7,242,0.0,0,1024.8,0.0,0.04,0.06
2022-12-23T07:00,-2.6,91,-3.9,-6.2,0.0,0.0,0.0,6.6,10.1,221,7.0,0,1025.4,0.0,0.05,0.06
2022-12-23T08:00,-0.3,80,-3.4,-3.7,0.0,0.0,0.0,5.9,13.0,223,122.0,16,1025.7,0.03,0.12,0.06
2022-12-23T09:00,3.2,64,-3.0,-0.1,0.0,0.0,0.0,5.1,14.0,231,296.0,1,1026.2,0.11,0.27,0.06
2022-12-23T10:00,5.1,54,-3.5,2.3,0.0,0.0,0.0,1.3,14.0,236,444.0,14,1024.3,0.19,0.41,0.06
2022-12-23T11:00,6.5,48,-3.7,3.6,0.0,0.0,0.0,1.3,11.9,146,541.0,73,1022.2,0.24,0.5,0.061
2022-12-23T12:00,7.7,45,-3.6,4.9,0.0,0.0,0.0,1.9,13.0,112,569.0,97,1020.6,0.27,0.58,0.062
2022-12-23T13:00,8.3,43,-3.5,5.2,0.0,0.0,0.0,3.2,14.0,90,466.0,100,1019.5,0.23,0.62,0.062
2022-12-23T14:00,8.8,42,-3.6,5.0,0.0,0.0,0.0,7.5,18.7,73,408.0,100,1018.6,0.2,0.66,0.063
2022-12-23T15:00,8.0,44,-3.6,4.2,0.0,0.0,0.0,7.9,19.4,74,198.0,100,1018.8,0.12,0.6,0.064
2022-12-23T16:00,7.5,45,-3.7,3.8,0.0,0.0,0.0,7.6,17.3,93,77.0,100,1018.8,0.07,0.57,0.064
2022-12-23T17:00,6.7,47,-3.8,3.1,0.0,0.0,0.0,6.2,14.8,97,5.0,100,1019.0,0.04,0.52,0.064
2022-12-23T18:00,6.2,49,-3.6,3.1,0.0,0.0,0.0,3.3,10.1,103,0.0,100,1019.3,0.0,0.48,0.064
2022-12-23T19:00,6.0,49,-3.8,2.8,0.0,0.0,0.0,3.8,6.1,131,0.0,100,1019.1,0.01,0.47,0.064
2022-12-23T20:00,5.6,53,-3.4,2.4,0.1,0.1,0.0,3.9,7.9,146,0.0,100,1018.9,0.01,0.43,0.065
2022-12-23T21:00,5.9,53,-3.0,2.7,0.1,0.1,0.0,4.5,6.8,166,0.0,100,1019.4,0.01,0.43,0.066
2022-12-23T22:00,5.3,59,-2.1,1.8,0.3,0.3,0.0,7.1,10.8,114,0.0,100,1019.6,0.01,0.36,0.07
2022-12-23T23:00,3.1,77,-0.6,-0.2,0.6,0.6,0.0,7.6,15.1,93,0.0,100,1020.4,0.0,0.18,0.076
2022-12-24T00:00,1.8,92,0.7,-1.0,1.3,0.4,0.63,5.4,15.1,70,0.0,100,1021.2,0.0,0.05,0.081
2022-12-24T01:00,1.4,96,0.9,-2.1,1.3,0.2,0.77,10.4,17.6,88,0.0,100,1020.5,0.0,0.03,0.083
2022-12-24T02:00,1.6,92,0.4,-2.3,0.6,0.1,0.35,12.0,21.6,99,0.0,100,1019.8,0.0,0.05,0.086
2022-12-24T03:00,1.2,94,0.4,-2.4,0.4,0.1,0.21,10.5,22.7,84,0.0,100,1019.2,0.0,0.04,0.087
2022-12-24T04:00,1.3,95,0.6,-2.3,0.2,0.1,0.07,10.1,19.1,88,0.0,100,1018.4,0.0,0.03,0.089
2022-12-24T05:00,1.9,91,0.6,-1.5,0.2,0.2,0.0,9.0,18.0,85,0.0,100,1017.4,0.0,0.06,0.091
2022-12-24T06:00,2.2,86,0.2,-1.7,0.1,0.1,0.0,12.3,20.9,105,0.0,100,1016.7,0.0,0.1,0.093
2022-12-24T07:00,2.5,84,0.2,-1.6,0.0,0.0,0.0,13.7,23.4,113,4.0,92,1016.0,0.02,0.11,0.094
2022-12-24T08:00,3.3,82,0.5,-0.8,0.0,0.0,0.0,13.8,25.9,118,100.0,87,1015.7,0.04,0.14,0.095
2022-12-24T09:00,3.9,82,1.2,1.1,0.6,0.6,0.0,5.7,23.4,198,169.0,80,1016.4,0.07,0.14,0.103
2022-12-24T10:00,5.4,79,2.0,3.2,0.1,0.1,0.0,2.9,14.4,263,320.0,19,1015.4,0.14,0.19,0.106
2022-12-24T11:00,7.2,72,2.4,5.0,0.0,0.0,0.0,2.9,14.4,270,494.0,19,1013.6,0.22,0.29,0.109
2022-12-24T12:00,8.7,65,2.4,6.6,0.0,0.0,0.0,2.9,15.1,263,558.0,20,1011.5,0.26,0.4,0.113
2022-12-24T13:00,10.4,56,1.9,7.6,0.0,0.0,0.0,6.4,15.8,223,546.0,9,1009.7,0.27,0.56,0.116
2022-12-24T14:00,10.9,43,-1.4,6.7,0.0,0.0,0.0,13.0,25.6,219,447.0,9,1009.2,0.24,0.75,0.118
2022-12-24T15:00,10.4,41,-2.2,5.5,0.0,0.0,0.0,16.7,26.6,217,310.0,6,1009.6,0.18,0.74,0.116
2022-12-24T16:00,9.2,47,-1.5,5.8,0.0,0.0,0.0,7.3,29.5,237,135.0,9,1010.5,0.08,0.61,0.117
2022-12-24T17:00,8.6,47,-2.1,5.4,0.0,0.0,0.0,5.0,12.2,270,11.0,4,1011.3,0.02,0.59,0.116
2022-12-24T18:00,7.5,51,-2.0,4.4,0.0,0.0,0.0,4.6,6.8,309,0.0,14,1012.1,0.01,0.51,0.116
2022-12-24T19:00,4.9,64,-1.4,1.7,0.0,0.0,0.0,5.6,9.4,297,0.0,2,1012.8,0.01,0.31,0.116
2022-12-24T20:00,3.6,71,-1.2,0.3,0.0,0.0,0.0,6.6,11.2,283,0.0,1,1013.6,0.0,0.23,0.116
2022-12-24T21:00,2.3,78,-1.2,-1.0,0.0,0.0,0.0,6.6,10.8,261,0.0,1,1014.3,0.0,0.16,0.116
2022-12-24T22:00,1.3,82,-1.5,-2.3,0.0,0.0,0.0,8.1,12.6,238,0.0,0,1015.3,0.0,0.12,0.116
2022-12-24T23:00,0.6,84,-1.8,-2.9,0.0,0.0,0.0,7.6,13.0,239,0.0,0,1016.0,0.0,0.1,0.116
2022-12-25T00:00,0.1,85,-2.3,-3.9,0.0,0.0,0.0,10.5,16.6,254,0.0,0,1016.5,0.0,0.1,0.116
2022-12-25T01:00,-0.6,86,-2.7,-4.6,0.0,0.0,0.0,10.9,18.0,262,0.0,0,1017.4,0.0,0.08,0.116
2022-12-25T02:00,-1.3,88,-3.1,-5.1,0.0,0.0,0.0,9.1,17.3,252,0.0,0,1018.0,0.0,0.07,0.116
2022-12-25T03:00,-2.1,88,-3.8,-5.8,0.0,0.0,0.0,7.8,15.5,248,0.0,0,1018.5,0.0,0.06,0.116
2022-12-25T04:00,-1.9,87,-3.7,-5.8,0.0,0.0,0.0,9.1,15.1,252,0.0,0,1018.9,0.0,0.07,0.116
2022-12-25T05:00,-2.1,88,-3.7,-6.0,0.0,0.0,0.0,9.2,15.5,249,0.0,0,1019.6,0.0,0.06,0.116
2022-12-25T06:00,-2.4,88,-4.1,-6.2,0.0,0.0,0.0,7.9,14.8,240,0.0,0,1020.3,0.0,0.06,0.116
2022-12-25T07:00,-2.5,87,-4.4,-6.4,0.0,0.0,0.0,8.2,12.6,241,7.0,0,1021.1,0.0,0.07,0.116
2022-12-25T08:00,-0.5,78,-3.8,-4.2,0.0,0.0,0.0,7.7,15.5,242,122.0,3,1022.3,0.03,0.13,0.116
2022-12-25T09:00,1.8,71,-2.9,-1.8,0.0,0.0,0.0,7.3,16.9,250,296.0,5,1022.7,0.1,0.2,0.115
2022-12-25T10:00,3.8,66,-2.1,0.3,0.0,0.0,0.0,7.0,18.4,258,444.0,7,1021.3,0.17,0.27,0.115
2022-12-25T11:00,5.5,60,-1.8,2.0,0.0,0.0,0.0,7.3,19.4,261,543.0,2,1019.4,0.22,0.36,0.116
2022-12-25T12:00,6.9,55,-1.7,3.5,0.0,0.0,0.0,8.3,20.5,265,580.0,1,1017.4,0.25,0.45,0.116
2022-12-25T13:00,7.9,49,-2.1,4.1,0.0,0.0,0.0,9.4,21.6,266,553.0,1,1016.0,0.25,0.54,0.116
2022-12-25T14:00,8.3,46,-2.7,4.1,0.0,0.0,0.0,11.6,24.1,263,462.0,1,1015.5,0.22,0.59,0.116
2022-12-25T15:00,9.2,35,-5.6,4.2,0.0,0.0,0.0,14.3,26.6,258,316.0,0,1015.0,0.18,0.76,0.109
2022-12-25T16:00,7.5,43,-4.5,2.7,0.0,0.0,0.0,14.1,28.1,255,141.0,1,1015.7,0.1,0.59,0.109
2022-12-25T17:00,5.2,52,-3.8,0.7,0.0,0.0,0.0,12.8,24.1,248,12.0,1,1016.5,0.04,0.42,0.109
2022-12-25T18:00,3.8,60,-3.3,-0.6,0.0,0.0,0.0,12.5,21.2,258,0.0,0,1017.6,0.03,0.32,0.108
2022-12-25T19:00,2.4,67,-3.3,-2.0,0.0,0.0,0.0,12.5,20.5,258,0.0,0,1018.4,0.02,0.24,0.108
2022-12-25T20:00,1.5,69,-3.6,-3.1,0.0,0.0,0.0,13.7,23.0,252,0.0,0,1018.8,0.02,0.21,0.108
2022-12-25T21:00,0.7,72,-3.8,-3.7,0.0,0.0,0.0,12.4,23.0,253,0.0,0,1019.2,0.01,0.18,0.108
2022-12-25T22:00,-0.4,76,-4.1,-4.6,0.0,0.0,0.0,10.3,20.5,245,0.0,0,1020.1,0.01,0.14,0.108
2022-12-25T23:00,-1.5,80,-4.6,-6.0,0.0,0.0,0.0,12.3,19.8,232,0.0,0,1020.2,0.01,0.11,0.108
2022-12-26T00:00,-2.6,81,-5.4,-7.2,0.0,0.0,0.0,12.3,20.5,232,0.0,0,1020.5,0.0,0.1,0.108
2022-12-26T01:00,-3.3,82,-5.9,-8.0,0.0,0.0,0.0,12.3,20.2,232,0.0,6,1021.1,0.0,0.09,0.108
2022-12-26T02:00,-3.9,84,-6.2,-8.7,0.0,0.0,0.0,12.8,20.9,230,0.0,6,1021.8,0.0,0.07,0.108
2022-12-26T03:00,-4.1,85,-6.2,-8.8,0.0,0.0,0.0,12.5,22.0,229,0.0,4,1021.1,0.0,0.07,0.111
2022-12-26T04:00,-4.4,86,-6.4,-9.4,0.0,0.0,0.0,14.3,23.4,229,0.0,1,1021.7,0.0,0.06,0.11
2022-12-26T05:00,-4.8,85,-6.9,-9.8,0.0,0.0,0.0,14.5,24.1,235,0.0,1,1022.0,0.0,0.07,0.11
2022-12-26T06:00,-4.9,82,-7.5,-9.9,0.0,0.0,0.0,13.9,23.8,239,0.0,0,1022.6,0.0,0.08,0.11
2022-12-26T07:00,-4.6,77,-8.1,-9.7,0.0,0.0,0.0,13.6,22.7,238,7.0,0,1023.3,0.01,0.1,0.11
2022-12-26T08:00,-2.6,64,-8.4,-7.4,0.0,0.0,0.0,11.8,23.4,239,123.0,0,1024.4,0.04,0.18,0.11
2022-12-26T09:00,0.3,53,-8.2,-4.3,0.0,0.0,0.0,10.0,22.3,240,300.0,0,1024.3,0.1,0.3,0.11
2022-12-26T10:00,3.4,45,-7.5,-0.9,0.0,0.0,0.0,8.4,21.6,245,451.0,0,1022.2,0.18,0.43,0.11
2022-12-26T11:00,5.6,43,-6.1,1.7,0.0,0.0,0.0,6.5,19.4,251,551.0,0,1019.7,0.23,0.52,0.109
2022-12-26T12:00,6.9,41,-5.6,3.6,0.0,0.0,0.0,4.5,17.6,256,589.0,0,1017.8,0.26,0.59,0.108
2022-12-26T13:00,7.7,38,-5.8,4.2,0.0,0.0,0.0,4.8,15.1,257,560.0,0,1016.7,0.26,0.65,0.107
2022-12-26T14:00,8.1,35,-6.5,4.4,0.0,0.0,0.0,5.5,15.1,259,468.0,0,1016.4,0.22,0.7,0.107
2022-12-26T15:00,8.4,32,-7.4,4.8,0.0,0.0,0.0,4.2,15.1,250,322.0,0,1016.4,0.15,0.75,0.103
2022-12-26T16:00,7.1,60,-0.3,4.3,0.0,0.0,0.0,3.7,10.4,241,144.0,0,1016.6,0.06,0.41,0.102
2022-12-26T17:00,6.7,36,-7.3,3.5,0.0,0.0,0.0,1.5,4.3,256,13.0,0,1017.2,0.0,0.63,0.102
2022-12-26T18:00,5.4,41,-7.0,1.9,0.0,0.0,0.0,2.9,3.2,277,0.0,0,1018.6,0.01,0.53,0.102
2022-12-26T19:00,2.7,54,-5.7,-0.9,0.0,0.0,0.0,4.7,7.9,247,0.0,0,1019.7,0.01,0.34,0.102
2022-12-26T20:00,1.5,57,-6.1,-2.5,0.0,0.0,0.0,7.6,11.5,239,0.0,0,1020.0,0.01,0.29,0.102
2022-12-26T21:00,0.3,60,-6.6,-4.2,0.0,0.0,0.0,10.5,16.2,239,0.0,0,1020.6,0.02,0.25,0.102
2022-12-26T22:00,-0.9,62,-7.2,-5.7,0.0,0.0,0.0,12.3,19.4,238,0.0,0,1021.3,0.02,0.22,0.102
2022-12-26T23:00,-1.7,64,-7.7,-6.2,0.0,0.0,0.0,10.0,19.4,244,0.0,0,1021.5,0.01,0.2,0.102
2022-12-27T00:00,-2.2,64,-8.0,-6.3,0.0,0.0,0.0,6.7,16.2,254,0.0,0,1022.4,0.01,0.19,0.102
2022-12-27T01:00,-2.5,65,-8.1,-6.4,0.0,0.0,0.0,5.7,10.8,235,0.0,0,1023.5,0.0,0.18,0.102
2022-12-27T02:00,-2.9,66,-8.4,-7.1,0.0,0.0,0.0,7.1,11.5,221,0.0,1,1023.7,0.01,0.17,0.102
2022-12-27T03:00,-3.6,69,-8.5,-7.7,0.0,0.0,0.0,7.1,12.6,225,0.0,3,1023.8,0.0,0.15,0.104
2022-12-27T04:00,-3.8,65,-9.4,-8.2,0.0,0.0,0.0,8.3,13.7,236,0.0,1,1023.8,0.01,0.16,0.104
2022-12-27T05:00,-4.0,61,-10.4,-8.4,0.0,0.0,0.0,7.8,13.7,236,0.0,2,1024.2,0.01,0.18,0.104
2022-12-27T06:00,-4.2,59,-11.1,-8.7,0.0,0.0,0.0,7.7,12.2,233,0.0,2,1024.9,0.01,0.18,0.104
2022-12-27T07:00,-4.2,57,-11.4,-9.0,0.0,0.0,0.0,9.7,14.4,231,6.0,38,1025.3,0.02,0.19,0.104
2022-12-27T08:00,-1.5,47,-11.3,-6.0,0.0,0.0,0.0,8.2,16.2,232,113.0,100,1025.5,0.05,0.29,0.103
2022-12-27T09:00,1.4,38,-11.4,-2.9,0.0,0.0,0.0,5.8,15.8,240,246.0,26,1025.6,0.1,0.42,0.103
2022-12-27T10:00,3.9,38,-9.4,0.1,0.0,0.0,0.0,3.8,14.8,253,437.0,100,1023.9,0.18,0.5,0.103
2022-12-27T11:00,5.4,40,-7.1,2.2,0.0,0.0,0.0,1.6,13.0,117,516.0,100,1021.5,0.22,0.54,0.102
2022-12-27T12:00,6.4,41,-5.9,2.5,0.0,0.0,0.0,6.8,18.0,93,463.0,82,1019.5,0.21,0.56,0.102
2022-12-27T13:00,7.0,42,-5.1,3.1,0.0,0.0,0.0,7.9,19.4,90,420.0,22,1018.4,0.2,0.58,0.101
2022-12-27T14:00,7.6,41,-4.8,3.6,0.0,0.0,0.0,8.7,20.9,85,460.0,19,1017.5,0.21,0.62,0.1
2022-12-27T15:00,6.3,45,-4.8,2.5,0.0,0.0,0.0,7.0,20.9,55,299.0,100,1018.9,0.14,0.53,0.106
2022-12-27T16:00,5.0,53,-3.8,1.5,0.3,0.1,0.14,6.1,15.1,40,125.0,71,1019.5,0.06,0.41,0.107
2022-12-27T17:00,3.7,64,-2.6,0.6,0.1,0.0,0.07,4.0,11.2,90,10.0,78,1020.1,0.01,0.29,0.107
2022-12-27T18:00,3.2,68,-2.1,0.2,0.0,0.0,0.0,3.7,6.5,169,0.0,73,1020.8,0.0,0.24,0.107
2022-12-27T19:00,1.9,78,-1.6,-1.4,0.0,0.0,0.0,6.5,7.6,174,0.0,71,1021.2,0.0,0.16,0.107
2022-12-27T20:00,2.5,67,-3.1,-0.2,0.0,0.0,0.0,0.8,7.6,297,0.0,94,1021.2,0.0,0.24,0.107
2022-12-27T21:00,-0.1,81,-3.0,-3.3,0.0,0.0,0.0,4.6,5.8,309,0.0,100,1021.4,0.0,0.12,0.107
2022-12-27T22:00,-0.6,81,-3.5,-3.8,0.0,0.0,0.0,4.4,5.8,305,0.0,100,1022.0,0.0,0.11,0.107
2022-12-27T23:00,0.0,81,-2.8,-2.9,0.0,0.0,0.0,2.9,5.8,270,0.0,100,1022.0,0.0,0.11,0.107
2022-12-28T00:00,0.2,77,-3.4,-2.9,0.0,0.0,0.0,3.0,4.3,256,0.0,100,1021.6,0.0,0.14,0.107
2022-12-28T01:00,-0.2,79,-3.5,-3.3,0.0,0.0,0.0,3.7,5.8,281,0.0,100,1021.4,0.0,0.13,0.107
2022-12-28T02:00,-1.0,85,-3.3,-4.5,0.0,0.0,0.0,6.2,7.2,291,0.0,100,1021.8,0.0,0.09,0.107
2022-12-28T03:00,-0.9,86,-2.9,-4.3,0.1,0.0,0.07,6.1,7.2,298,0.0,100,1022.5,0.0,0.08,0.113
2022-12-28T04:00,-0.3,82,-3.0,-3.3,0.0,0.0,0.0,3.4,7.2,288,0.0,100,1022.4,0.0,0.11,0.113
2022-12-28T05:00,-0.3,83,-2.8,-3.2,0.0,0.0,0.0,3.3,5.8,283,0.0,100,1022.7,0.0,0.1,0.113
2022-12-28T06:00,-0.1,83,-2.7,-3.1,0.1,0.0,0.07,3.9,6.1,304,0.0,100,1023.4,0.0,0.11,0.113
2022-12-28T07:00,0.1,83,-2.6,-3.1,0.1,0.0,0.07,4.3,6.5,318,3.0,100,1024.0,0.01,0.11,0.113
2022-12-28T08:00,0.9,75,-3.0,-2.7,0.0,0.0,0.0,7.1,13.7,311,59.0,100,1024.4,0.03,0.16,0.113
2022-12-28T09:00,2.4,67,-3.2,-1.6,0.0,0.0,0.0,10.0,20.2,311,172.0,99,1024.3,0.08,0.24,0.113
2022-12-28T10:00,4.1,61,-2.9,0.1,0.0,0.0,0.0,9.5,21.6,307,311.0,100,1023.4,0.13,0.32,0.113
2022-12-28T11:00,5.1,58,-2.7,1.2,0.0,0.0,0.0,9.2,21.6,309,392.0,85,1022.0,0.17,0.37,0.114
2022-12-28T12:00,6.2,52,-3.0,2.3,0.0,0.0,0.0,8.7,21.6,308,441.0,85,1020.7,0.2,0.45,0.114
2022-12-28T13:00,6.5,49,-3.5,2.6,0.0,0.0,0.0,9.2,20.9,296,367.0,100,1020.0,0.18,0.49,0.114
2022-12-28T14:00,6.6,48,-3.6,2.7,0.0,0.0,0.0,8.8,20.9,289,276.0,100,1020.0,0.14,0.51,0.115
2022-12-28T15:00,6.4,47,-4.1,2.7,0.0,0.0,0.0,6.8,19.1,288,149.0,100,1020.7,0.09,0.51,0.114
2022-12-28T16:00,6.1,48,-4.1,2.9,0.0,0.0,0.0,3.2,13.3,297,75.0,75,1020.7,0.05,0.49,0.113
2022-12-28T17:00,5.3,58,-2.4,2.5,0.0,0.0,0.0,2.2,5.4,81,8.0,32,1021.2,0.01,0.37,0.113
2022-12-28T18:00,4.4,65,-1.6,1.4,0.0,0.0,0.0,4.7,6.1,86,0.0,0,1022.0,0.0,0.29,0.113
2022-12-28T19:00,4.2,57,-3.6,1.1,0.0,0.0,0.0,3.4,8.6,162,0.0,4,1022.8,0.0,0.36,0.113
2022-12-28T20:00,1.6,69,-3.5,-1.9,0.0,0.0,0.0,5.9,8.6,227,0.0,2,1023.9,0.0,0.21,0.113
2022-12-28T21:00,-0.1,75,-4.0,-3.6,0.0,0.0,0.0,6.2,9.7,260,0.0,0,1024.9,0.0,0.15,0.113
2022-12-28T22:00,-1.5,80,-4.6,-5.4,0.0,0.0,0.0,7.7,9.7,259,0.0,0,1026.3,0.0,0.11,0.113
2022-12-28T23:00,-1.8,78,-5.2,-5.4,0.0,0.0,0.0,5.6,9.4,243,0.0,0,1026.9,0.0,0.12,0.113
2022-12-29T00:00,-2.4,80,-5.4,-6.2,0.0,0.0,0.0,6.8,10.8,238,0.0,0,1027.7,0.0,0.1,0.113
2022-12-29T01:00,-3.0,81,-5.8,-6.9,0.0,0.0,0.0,7.4,11.9,223,0.0,0,1028.2,0.0,0.1,0.113
2022-12-29T02:00,-3.5,79,-6.6,-7.7,0.0,0.0,0.0,8.7,13.7,222,0.0,0,1029.0,0.0,0.1,0.113
2022-12-29T03:00,-3.9,76,-7.5,-8.3,0.0,0.0,0.0,10.0,16.2,229,0.0,0,1030.1,0.0,0.11,0.111
2022-12-29T04:00,-3.9,71,-8.3,-8.6,0.0,0.0,0.0,11.2,18.4,237,0.0,0,1030.6,0.01,0.13,0.111
2022-12-29T05:00,-4.2,70,-8.8,-8.9,0.0,0.0,0.0,11.3,18.7,239,0.0,4,1031.8,0.01,0.13,0.111
2022-12-29T06:00,-4.4,72,-8.7,-9.3,0.0,0.0,0.0,11.8,19.8,239,0.0,12,1033.1,0.01,0.12,0.111
2022-12-29T07:00,-4.4,74,-8.4,-9.2,0.0,0.0,0.0,11.4,19.8,235,6.0,23,1034.0,0.01,0.12,0.111
2022-12-29T08:00,-2.8,66,-8.3,-7.3,0.0,0.0,0.0,9.6,20.5,236,116.0,23,1034.6,0.04,0.17,0.111
2022-12-29T09:00,-0.5,56,-8.3,-4.8,0.0,0.0,0.0,8.5,19.8,234,298.0,16,1034.0,0.1,0.26,0.111
2022-12-29T10:00,2.1,48,-7.7,-1.9,0.0,0.0,0.0,6.2,19.4,234,449.0,8,1032.2,0.17,0.37,0.11
2022-12-29T11:00,4.1,49,-5.8,0.6,0.0,0.0,0.0,4.2,17.3,200,549.0,3,1030.2,0.22,0.42,0.11
2022-12-29T12:00,5.4,47,-5.0,2.2,0.0,0.0,0.0,4.6,15.8,141,590.0,2,1028.4,0.25,0.47,0.109
2022-12-29T13:00,6.1,45,-5.0,2.6,0.0,0.0,0.0,5.6,16.9,117,564.0,1,1026.9,0.24,0.52,0.108
2022-12-29T14:00,6.4,44,-5.1,2.7,0.0,0.0,0.0,6.2,17.3,111,473.0,0,1026.4,0.21,0.54,0.108
2022-12-29T15:00,6.2,44,-5.1,2.5,0.0,0.0,0.0,5.9,16.9,104,327.0,1,1026.7,0.14,0.53,0.112
2022-12-29T16:00,4.8,56,-3.4,1.7,0.0,0.0,0.0,3.7,14.0,101,149.0,0,1026.9,0.06,0.38,0.112
2022-12-29T17:00,2.1,66,-3.5,-1.7,0.0,0.0,0.0,8.2,10.1,119,14.0,0,1027.4,0.02,0.24,0.112
2022-12-29T18:00,1.1,69,-4.1,-2.9,0.0,0.0,0.0,9.4,11.2,113,0.0,0,1028.1,0.01,0.21,0.112
2022-12-29T19:00,0.8,67,-4.7,-3.3,0.0,0.0,0.0,9.3,12.2,103,0.0,0,1028.6,0.01,0.22,0.111
2022-12-29T20:00,2.2,58,-5.3,-1.4,0.0,0.0,0.0,5.5,10.8,148,0.0,0,1029.0,0.01,0.3,0.111
2022-12-29T21:00,0.3,68,-5.0,-3.0,0.0,0.0,0.0,3.3,6.8,264,0.0,0,1029.4,0.0,0.2,0.111
2022-12-29T22:00,-1.7,76,-5.3,-5.3,0.0,0.0,0.0,6.0,7.6,295,0.0,0,1030.1,0.0,0.13,0.111
2022-12-29T23:00,-1.9,76,-5.6,-5.5,0.0,0.0,0.0,5.6,7.6,310,0.0,0,1030.4,0.0,0.13,0.111
2022-12-30T00:00,-2.1,76,-5.8,-5.7,0.0,0.0,0.0,5.7,6.8,305,0.0,0,1030.8,0.0,0.13,0.111
2022-12-30T01:00,-2.2,76,-5.8,-5.8,0.0,0.0,0.0,4.7,6.8,270,0.0,0,1031.2,0.0,0.12,0.111
2022-12-30T02:00,-3.3,83,-5.8,-7.0,0.0,0.0,0.0,5.8,6.8,248,0.0,0,1031.4,0.0,0.08,0.111
2022-12-30T03:00,-3.6,85,-5.8,-7.2,0.0,0.0,0.0,5.3,7.2,242,0.0,0,1032.2,0.0,0.07,0.111
2022-12-30T04:00,-3.8,84,-6.0,-7.6,0.0,0.0,0.0,6.6,10.4,241,0.0,0,1032.0,0.0,0.07,0.111
2022-12-30T05:00,-4.1,81,-6.9,-8.1,0.0,0.0,0.0,7.3,11.9,237,0.0,0,1032.5,0.0,0.09,0.111
2022-12-30T06:00,-4.4,75,-8.1,-8.6,0.0,0.0,0.0,7.4,11.9,241,0.0,0,1033.3,0.0,0.11,0.111
2022-12-30T07:00,-4.4,68,-9.5,-8.8,0.0,0.0,0.0,8.1,12.2,238,6.0,0,1034.1,0.01,0.14,0.111
2022-12-30T08:00,-1.8,51,-10.6,-6.2,0.0,0.0,0.0,7.7,15.1,233,118.0,0,1034.6,0.04,0.26,0.111
2022-12-30T09:00,1.6,38,-11.2,-2.5,0.0,0.0,0.0,5.2,15.1,236,296.0,0,1035.0,0.11,0.43,0.111
2022-12-30T10:00,3.8,41,-8.4,0.2,0.0,0.0,0.0,3.1,14.0,234,449.0,0,1033.4,0.18,0.48,0.111
2022-12-30T11:00,5.4,41,-7.0,2.2,0.0,0.0,0.0,1.0,12.2,225,552.0,0,1031.5,0.24,0.53,0.111
2022-12-30T12:00,6.4,40,-6.4,3.6,0.0,0.0,0.0,1.0,10.4,135,592.0,0,1029.9,0.27,0.58,0.11
2022-12-30T13:00,7.2,38,-6.2,4.0,0.0,0.0,0.0,2.9,12.2,97,565.0,0,1028.6,0.26,0.63,0.11
2022-12-30T14:00,7.6,37,-6.1,4.0,0.0,0.0,0.0,4.7,13.7,90,474.0,0,1028.1,0.22,0.65,0.109
2022-12-30T15:00,7.9,37,-5.9,4.1,0.0,0.0,0.0,5.8,13.7,90,329.0,0,1027.5,0.15,0.67,0.121
2022-12-30T16:00,5.8,56,-2.3,2.7,0.0,0.0,0.0,4.3,13.3,95,152.0,0,1027.9,0.06,0.4,0.12
2022-12-30T17:00,2.8,62,-3.9,-1.1,0.0,0.0,0.0,8.4,9.7,121,15.0,0,1028.7,0.02,0.29,0.12
2022-12-30T18:00,1.9,61,-4.8,-2.0,0.0,0.0,0.0,7.9,9.7,150,0.0,0,1029.4,0.01,0.27,0.12
2022-12-30T19:00,2.0,56,-5.8,-2.2,0.0,0.0,0.0,8.5,10.4,144,0.0,100,1030.2,0.02,0.31,0.12
2022-12-30T20:00,3.1,49,-6.5,-0.9,0.0,0.0,0.0,7.2,10.1,143,0.0,100,1030.6,0.02,0.39,0.12
2022-12-30T21:00,2.5,53,-6.1,-1.1,0.0,0.0,0.0,4.7,8.3,99,0.0,100,1031.1,0.01,0.34,0.12
2022-12-30T22:00,1.0,62,-5.6,-2.8,0.0,0.0,0.0,5.9,7.2,38,0.0,100,1032.1,0.01,0.25,0.12
2022-12-30T23:00,0.4,67,-5.1,-3.3,0.0,0.0,0.0,5.8,8.3,22,0.0,100,1032.4,0.0,0.21,0.12
2022-12-31T00:00,0.5,67,-5.0,-2.6,0.0,0.0,0.0,2.0,6.8,315,0.0,100,1032.8,0.0,0.21,0.12
2022-12-31T01:00,-0.8,73,-5.1,-4.1,0.0,0.0,0.0,3.4,4.0,302,0.0,100,1033.1,0.0,0.16,0.12
2022-12-31T02:00,-1.3,75,-5.3,-4.8,0.0,0.0,0.0,4.7,5.8,293,0.0,100,1033.2,0.0,0.14,0.12
2022-12-31T03:00,-1.5,78,-4.9,-4.7,0.0,0.0,0.0,3.6,5.8,276,0.0,100,1033.8,0.0,0.12,0.12
2022-12-31T04:00,-2.6,82,-5.3,-6.0,0.0,0.0,0.0,3.8,5.8,229,0.0,100,1033.9,0.0,0.09,0.12
2022-12-31T05:00,-2.4,78,-5.7,-5.9,0.0,0.0,0.0,4.7,7.6,238,0.0,100,1033.9,0.0,0.11,0.12
2022-12-31T06:00,-3.1,80,-6.0,-6.6,0.0,0.0,0.0,4.2,7.6,250,0.0,100,1034.3,0.0,0.1,0.12
2022-12-31T07:00,-3.3,80,-6.3,-6.7,0.0,0.0,0.0,3.4,6.1,252,5.0,100,1035.0,0.0,0.1,0.12
2022-12-31T08:00,-0.9,67,-6.2,-4.4,0.0,0.0,0.0,4.6,10.1,231,103.0,11,1035.4,0.03,0.19,0.12
2022-12-31T09:00,2.2,56,-5.8,-1.0,0.0,0.0,0.0,2.2,10.1,261,295.0,0,1035.1,0.1,0.32,0.12
2022-12-31T10:00,4.0,54,-4.5,1.1,0.0,0.0,0.0,1.5,10.4,284,450.0,0,1033.3,0.18,0.37,0.119
2022-12-31T11:00,5.3,51,-4.1,2.5,0.0,0.0,0.0,0.5,10.4,315,553.0,0,1031.5,0.24,0.44,0.119
2022-12-31T12:00,6.2,47,-4.2,3.5,0.0,0.0,0.0,2.2,11.9,81,593.0,21,1029.7,0.26,0.5,0.118
2022-12-31T13:00,7.0,43,-4.7,3.5,0.0,0.0,0.0,5.3,16.2,62,559.0,0,1028.2,0.25,0.57,0.117
2022-12-31T14:00,7.2,40,-5.4,3.4,0.0,0.0,0.0,6.6,17.6,68,476.0,94,1027.3,0.22,0.61,0.117
2022-12-31T15:00,6.9,41,-5.6,3.1,0.0,0.0,0.0,6.3,17.3,66,313.0,79,1027.2,0.14,0.59,0.128
2022-12-31T16:00,5.6,49,-4.4,2.1,0.0,0.0,0.0,5.0,14.8,69,154.0,0,1027.5,0.07,0.47,0.128
2022-12-31T17:00,2.5,65,-3.5,-1.4,0.0,0.0,0.0,8.7,10.4,83,16.0,0,1027.8,0.02,0.26,0.128
2022-12-31T18:00,2.2,60,-4.8,-1.9,0.0,0.0,0.0,9.0,11.5,119,0.0,0,1027.9,0.02,0.29,0.128
2022-12-31T19:00,1.5,61,-5.3,-2.6,0.0,0.0,0.0,8.6,10.8,158,0.0,0,1028.2,0.02,0.27,0.128
2022-12-31T20:00,1.5,59,-5.6,-2.3,0.0,0.0,0.0,6.2,10.1,190,0.0,0,1028.6,0.01,0.28,0.128
2022-12-31T21:00,-0.4,70,-5.2,-4.0,0.0,0.0,0.0,5.5,7.6,238,0.0,0,1029.2,0.0,0.18,0.128
2022-12-31T22:00,-1.4,75,-5.3,-5.1,0.0,0.0,0.0,6.1,7.6,273,0.0,0,1029.8,0.0,0.14,0.128
2022-12-31T23:00,-1.6,74,-5.7,-5.2,0.0,0.0,0.0,5.4,7.2,290,0.0,0,1030.3,0.0,0.14,0.128
2023-01-01T00:00,-2.4,77,-5.9,-6.1,0.0,0.0,0.0,5.9,6.8,284,0.0,0,1030.5,0.0,0.12,0.128
2023-01-01T01:00,-2.9,79,-6.1,-6.7,0.0,0.0,0.0,6.5,7.9,273,0.0,0,1031.1,0.0,0.11,0.127
2023-01-01T02:00,-3.0,79,-6.2,-6.7,0.0,0.0,0.0,6.1,7.9,270,0.0,0,1031.7,0.0,0.11,0.127
2023-01-01T03:00,-3.2,78,-6.5,-7.0,0.0,0.0,0.0,5.8,7.2,277,0.0,0,1031.8,0.0,0.11,0.126
2023-01-01T04:00,-3.2,79,-6.3,-6.9,0.0,0.0,0.0,6.0,8.6,237,0.0,0,1032.2,0.0,0.1,0.126
2023-01-01T05:00,-3.7,81,-6.4,-7.7,0.0,0.0,0.0,7.7,11.9,233,0.0,0,1032.3,0.0,0.09,0.126
2023-01-01T06:00,-4.2,78,-7.5,-8.3,0.0,0.0,0.0,8.0,12.6,234,0.0,0,1032.8,0.0,0.1,0.126
2023-01-01T07:00,-4.1,70,-8.8,-8.4,0.0,0.0,0.0,8.3,12.6,236,5.0,0,1033.7,0.01,0.14,0.126
2023-01-01T08:00,-1.5,53,-9.8,-5.9,0.0,0.0,0.0,7.7,15.1,229,115.0,0,1034.4,0.04,0.26,0.126
2023-01-01T09:00,1.6,41,-10.3,-2.5,0.0,0.0,0.0,5.4,14.8,228,291.0,0,1034.5,0.11,0.41,0.126
2023-01-01T10:00,3.8,42,-8.1,0.2,0.0,0.0,0.0,3.0,14.0,256,446.0,0,1033.0,0.18,0.47,0.126
2023-01-01T11:00,5.1,42,-6.7,1.8,0.0,0.0,0.0,2.3,12.2,321,550.0,0,1031.1,0.24,0.51,0.125
2023-01-01T12:00,6.2,42,-5.9,3.1,0.0,0.0,0.0,2.9,13.0,360,592.0,0,1029.5,0.26,0.55,0.125
2023-01-01T13:00,6.9,40,-5.9,3.8,0.0,0.0,0.0,2.5,13.0,8,568.0,0,1028.2,0.26,0.6,0.124
2023-01-01T14:00,7.3,38,-6.2,4.0,0.0,0.0,0.0,2.3,12.2,18,479.0,0,1027.4,0.21,0.63,0.123
2023-01-01T15:00,7.3,36,-6.8,3.7,0.0,0.0,0.0,4.0,10.8,27,335.0,0,1027.7,0.15,0.65,0.135
2023-01-01T16:00,6.4,44,-4.9,3.0,0.0,0.0,0.0,4.0,10.8,27,158.0,0,1027.8,0.07,0.54,0.135
2023-01-01T17:00,6.1,37,-7.4,2.6,0.0,0.0,0.0,2.8,5.0,320,17.0,0,1028.3,0.01,0.59,0.135
2023-01-01T18:00,5.2,40,-7.3,1.8,0.0,0.0,0.0,2.2,4.0,261,0.0,0,1029.3,0.0,0.53,0.135
2023-01-01T19:00,4.2,44,-7.1,0.8,0.0,0.0,0.0,2.2,2.9,261,0.0,0,1030.1,0.0,0.46,0.135
2023-01-01T20:00,1.4,57,-6.3,-2.3,0.0,0.0,0.0,5.2,6.1,326,0.0,0,1031.3,0.01,0.29,0.135
2023-01-01T21:00,-0.6,70,-5.4,-4.3,0.0,0.0,0.0,6.3,9.4,336,0.0,0,1032.2,0.0,0.17,0.135
2023-01-01T22:00,-1.4,78,-4.7,-5.0,0.0,0.0,0.0,6.1,8.6,332,0.0,0,1032.9,0.0,0.12,0.135
2023-01-01T23:00,-2.3,83,-4.8,-6.3,0.0,0.0,0.0,8.5,11.2,348,0.0,0,1034.1,0.0,0.09,0.135
2023-01-02T00:00,-2.6,85,-4.7,-6.4,0.0,0.0,0.0,7.3,9.7,351,0.0,0,1034.2,0.0,0.07,0.135
2023-01-02T01:00,-1.7,81,-4.5,-5.2,0.0,0.0,0.0,5.6,8.6,310,0.0,0,1034.1,0.0,0.1,0.135
2023-01-02T02:00,-1.5,79,-4.7,-4.9,0.0,0.0,0.0,4.6,6.5,288,0.0,0,1034.4,0.0,0.12,0.135
2023-01-02T03:00,-2.7,83,-5.2,-6.3,0.0,0.0,0.0,5.3,6.1,298,0.0,0,1035.5,0.0,0.09,0.135
2023-01-02T04:00,-3.7,85,-5.8,-7.4,0.0,0.0,0.0,6.3,7.6,294,0.0,0,1035.6,0.0,0.07,0.135
2023-01-02T05:00,-4.1,85,-6.3,-7.9,0.0,0.0,0.0,5.9,7.6,259,0.0,0,1036.2,0.0,0.07,0.135
2023-01-02T06:00,-4.1,80,-7.0,-7.8,0.0,0.0,0.0,5.0,7.6,240,0.0,0,1036.9,0.0,0.09,0.135
2023-01-02T07:00,-4.2,74,-8.2,-8.3,0.0,0.0,0.0,6.7,10.1,234,5.0,0,1037.2,0.01,0.12,0.135
2023-01-02T08:00,-1.8,56,-9.4,-6.0,0.0,0.0,0.0,7.0,14.0,235,118.0,0,1037.8,0.04,0.24,0.135
2023-01-02T09:00,1.2,46,-9.3,-2.7,0.0,0.0,0.0,4.7,14.0,238,297.0,0,1038.0,0.11,0.36,0.134
2023-01-02T10:00,3.1,45,-7.6,-0.3,0.0,0.0,0.0,2.5,13.3,270,453.0,0,1036.7,0.18,0.42,0.134
2023-01-02T11:00,4.5,45,-6.5,1.4,0.0,0.0,0.0,1.3,11.9,326,558.0,0,1034.6,0.23,0.46,0.134
2023-01-02T12:00,5.5,44,-5.8,2.8,0.0,0.0,0.0,1.5,10.8,14,602.0,0,1033.1,0.26,0.51,0.133
2023-01-02T13:00,6.2,42,-5.8,2.9,0.0,0.0,0.0,3.8,14.0,41,574.0,0,1031.6,0.25,0.55,0.132
2023-01-02T14:00,6.4,41,-5.9,3.0,0.0,0.0,0.0,3.9,14.4,56,487.0,0,1031.0,0.21,0.57,0.131
2023-01-02T15:00,5.8,42,-6.2,2.4,0.0,0.0,0.0,3.2,13.0,90,339.0,98,1031.3,0.14,0.54,0.136
2023-01-02T16:00,4.4,63,-2.1,1.4,0.0,0.0,0.0,4.2,8.6,110,139.0,100,1031.8,0.05,0.31,0.136
2023-01-02T17:00,4.3,46,-6.2,0.7,0.0,0.0,0.0,4.5,5.4,76,15.0,100,1032.3,0.02,0.45,0.136
2023-01-02T18:00,3.1,51,-6.0,-0.6,0.0,0.0,0.0,5.5,6.8,67,0.0,100,1032.9,0.01,0.37,0.136
2023-01-02T19:00,2.9,50,-6.5,-0.7,0.0,0.0,0.0,4.0,6.5,85,0.0,95,1033.3,0.01,0.37,0.136
2023-01-02T20:00,2.2,53,-6.5,-1.2,0.0,0.0,0.0,2.9,5.0,180,0.0,0,1033.7,0.0,0.34,0.136
2023-01-02T21:00,1.3,57,-6.4,-2.0,0.0,0.0,0.0,2.3,3.6,231,0.0,0,1034.0,0.0,0.29,0.136
2023-01-02T22:00,-1.1,68,-6.3,-4.3,0.0,0.0,0.0,2.5,3.2,278,0.0,0,1034.4,0.0,0.18,0.136
2023-01-02T23:00,-3.0,77,-6.4,-6.7,0.0,0.0,0.0,5.4,6.5,274,0.0,0,1035.1,0.0,0.11,0.136
2023-01-03T00:00,-3.5,79,-6.6,-7.4,0.0,0.0,0.0,6.5,7.9,264,0.0,0,1035.2,0.0,0.1,0.136
2023-01-03T01:00,-3.4,77,-6.8,-7.0,0.0,0.0,0.0,4.2,7.9,239,0.0,0,1035.5,0.0,0.11,0.136
2023-01-03T02:00,-3.7,79,-6.9,-7.3,0.0,0.0,0.0,4.5,7.2,241,0.0,0,1035.8,0.0,0.1,0.136
2023-01-03T03:00,-4.8,84,-7.2,-8.4,0.0,0.0,0.0,4.2,7.2,239,0.0,0,1036.7,0.0,0.07,0.136
2023-01-03T04:00,-4.9,84,-7.2,-8.6,0.0,0.0,0.0,5.0,7.9,240,0.0,0,1036.5,0.0,0.07,0.136
2023-01-03T05:00,-5.3,84,-7.6,-9.3,0.0,0.0,0.0,7.1,10.8,240,0.0,0,1036.7,0.0,0.07,0.136
2023-01-03T06:00,-5.6,80,-8.5,-9.9,0.0,0.0,0.0,8.7,13.7,240,0.0,0,1037.4,0.0,0.08,0.136
2023-01-03T07:00,-5.7,72,-9.9,-10.2,0.0,0.0,0.0,9.1,13.7,236,5.0,0,1038.0,0.01,0.11,0.136
2023-01-03T08:00,-3.1,56,-10.7,-7.5,0.0,0.0,0.0,7.7,15.8,233,120.0,0,1038.6,0.04,0.22,0.136
2023-01-03T09:00,0.3,42,-11.3,-3.7,0.0,0.0,0.0,4.0,15.1,243,303.0,0,1039.1,0.1,0.36,0.136
2023-01-03T10:00,2.8,40,-9.7,-0.7,0.0,0.0,0.0,1.8,12.6,281,461.0,0,1037.8,0.18,0.45,0.136
2023-01-03T11:00,4.4,40,-8.1,1.2,0.0,0.0,0.0,1.5,11.5,315,567.0,0,1035.7,0.24,0.5,0.135
2023-01-03T12:00,5.5,39,-7.5,2.6,0.0,0.0,0.0,1.8,11.9,360,609.0,0,1033.6,0.27,0.55,0.135
2023-01-03T13:00,6.2,37,-7.4,3.1,0.0,0.0,0.0,2.0,11.5,45,584.0,0,1032.0,0.26,0.59,0.134
2023-01-03T14:00,6.5,36,-7.4,3.0,0.0,0.0,0.0,3.1,11.5,54,492.0,0,1031.2,0.22,0.62,0.133
2023-01-03T15:00,6.4,36,-7.7,2.7,0.0,0.0,0.0,4.7,11.9,58,345.0,0,1031.4,0.15,0.62,0.132
2023-01-03T16:00,4.1,59,-3.2,0.6,0.0,0.0,0.0,6.4,10.8,52,164.0,0,1031.3,0.06,0.33,0.132
2023-01-03T17:00,2.9,45,-7.8,-1.2,0.0,0.0,0.0,7.0,9.4,55,19.0,0,1031.4,0.02,0.41,0.132
2023-01-03T18:00,3.4,39,-9.4,-0.5,0.0,0.0,0.0,4.4,8.3,55,0.0,0,1032.0,0.01,0.48,0.132
2023-01-03T19:00,2.8,39,-9.7,-0.8,0.0,0.0,0.0,2.5,5.4,180,0.0,0,1032.1,0.0,0.45,0.132
2023-01-03T20:00,2.2,41,-9.7,-1.2,0.0,0.0,0.0,1.3,3.2,214,0.0,0,1032.2,0.0,0.42,0.132
2023-01-03T21:00,-1.1,60,-7.9,-4.7,0.0,0.0,0.0,3.8,4.7,253,0.0,0,1032.6,0.0,0.23,0.132
2023-01-03T22:00,-2.3,66,-7.7,-6.1,0.0,0.0,0.0,5.6,6.8,285,0.0,0,1032.9,0.0,0.17,0.132
2023-01-03T23:00,-2.8,68,-7.8,-6.7,0.0,0.0,0.0,6.1,7.6,270,0.0,0,1033.0,0.0,0.16,0.132
2023-01-04T00:00,-3.2,71,-7.8,-7.1,0.0,0.0,0.0,5.6,7.2,255,0.0,43,1032.8,0.0,0.14,0.132
2023-01-04T01:00,-3.3,70,-8.0,-7.0,0.0,0.0,0.0,4.5,6.5,241,0.0,0,1032.6,0.0,0.14,0.132
2023-01-04T02:00,-3.4,71,-8.0,-7.1,0.0,0.0,0.0,4.0,6.1,243,0.0,97,1032.5,0.0,0.14,0.132
2023-01-04T03:00,-3.6,71,-8.1,-7.4,0.0,0.0,0.0,5.0,6.1,249,0.0,100,1033.4,0.0,0.14,0.131
2023-01-04T04:00,-3.6,70,-8.4,-7.5,0.0,0.0,0.0,5.5,9.4,247,0.0,44,1032.9,0.0,0.14,0.131
2023-01-04T05:00,-3.8,70,-8.5,-7.7,0.0,0.0,0.0,5.2,9.0,245,0.0,61,1033.1,0.0,0.14,0.131
2023-01-04T06:00,-4.2,72,-8.5,-7.8,0.0,0.0,0.0,3.8,8.6,253,0.0,81,1033.1,0.0,0.13,0.131
2023-01-04T07:00,-3.9,68,-8.9,-7.6,0.0,0.0,0.0,3.4,5.8,252,5.0,87,1033.3,0.0,0.14,0.131
2023-01-04T08:00,-1.2,56,-9.0,-5.1,0.0,0.0,0.0,4.7,10.8,238,101.0,100,1033.3,0.04,0.25,0.131
2023-01-04T09:00,1.3,43,-9.9,-2.6,0.0,0.0,0.0,3.9,11.2,248,220.0,100,1032.6,0.09,0.38,0.131
2023-01-04T10:00,3.7,34,-10.7,0.0,0.0,0.0,0.0,2.5,13.0,278,411.0,100,1030.7,0.17,0.52,0.131
2023-01-04T11:00,5.0,34,-9.8,1.7,0.0,0.0,0.0,0.4,11.9,360,500.0,100,1028.4,0.22,0.58,0.131
2023-01-04T12:00,6.0,33,-9.1,2.4,0.0,0.0,0.0,2.9,11.9,90,526.0,100,1026.0,0.24,0.62,0.131
2023-01-04T13:00,6.1,33,-9.0,2.3,0.0,0.0,0.0,4.0,12.2,80,360.0,100,1024.3,0.18,0.63,0.13
2023-01-04T14:00,6.0,36,-8.0,2.2,0.2,0.0,0.14,4.7,11.5,90,249.0,100,1023.5,0.13,0.6,0.13
2023-01-04T15:00,5.2,45,-5.7,1.9,0.0,0.0,0.0,3.0,14.0,76,167.0,100,1023.9,0.09,0.48,0.129
2023-01-04T16:00,4.0,53,-4.9,0.5,0.2,0.0,0.14,5.0,14.8,90,67.0,100,1024.2,0.05,0.39,0.129
2023-01-04T17:00,2.0,65,-3.9,-1.6,0.7,0.0,0.49,5.9,9.0,104,7.0,100,1024.7,0.02,0.24,0.129
2023-01-04T18:00,0.6,81,-2.4,-3.0,0.0,0.0,0.0,7.4,9.7,133,0.0,100,1024.9,0.0,0.12,0.129
2023-01-04T19:00,0.6,83,-2.0,-2.7,0.0,0.0,0.0,6.2,9.0,97,0.0,95,1024.5,0.0,0.11,0.129
2023-01-04T20:00,0.1,85,-2.2,-3.5,0.0,0.0,0.0,8.1,10.1,77,0.0,73,1024.0,0.0,0.09,0.129
2023-01-04T21:00,1.2,76,-2.5,-1.5,0.0,0.0,0.0,1.5,10.1,315,0.0,100,1024.1,0.0,0.16,0.129
2023-01-04T22:00,1.1,77,-2.6,-2.1,0.0,0.0,0.0,4.7,4.7,32,0.0,100,1023.3,0.0,0.15,0.129
2023-01-04T23:00,0.8,79,-2.6,-2.4,0.0,0.0,0.0,4.5,7.2,104,0.0,91,1022.7,0.0,0.14,0.128
2023-01-05T00:00,-1.0,86,-3.0,-3.8,0.0,0.0,0.0,1.6,5.8,297,0.0,24,1021.9,0.0,0.08,0.128
2023-01-05T01:00,-0.7,86,-2.8,-3.6,0.0,0.0,0.0,3.3,5.8,311,0.0,99,1021.7,0.0,0.08,0.128
2023-01-05T02:00,-0.9,88,-2.7,-4.0,0.0,0.0,0.0,4.0,6.8,333,0.0,100,1021.1,0.0,0.07,0.128
2023-01-05T03:00,-1.2,85,-3.4,-4.5,0.0,0.0,0.0,5.1,7.2,278,0.0,100,1021.1,0.0,0.09,0.128
2023-01-05T04:00,-0.6,84,-2.9,-3.7,0.0,0.0,0.0,4.3,6.5,275,0.0,100,1020.4,0.0,0.09,0.128
2023-01-05T05:00,0.1,79,-3.1,-3.0,0.0,0.0,0.0,3.6,7.2,276,0.0,100,1020.4,0.0,0.13,0.128
2023-01-05T06:00,-0.3,84,-2.6,-3.2,0.1,0.1,0.0,3.2,7.2,243,0.0,100,1021.2,0.0,0.09,0.129
2023-01-05T07:00,0.2,83,-2.4,-3.3,0.2,0.1,0.07,6.6,10.8,279,2.0,100,1021.5,0.01,0.11,0.131
2023-01-05T08:00,0.8,84,-1.6,-2.1,0.8,0.3,0.35,3.6,15.8,270,39.0,100,1021.6,0.02,0.1,0.135
2023-01-05T09:00,1.1,86,-1.0,-1.9,0.5,0.3,0.14,4.9,11.2,287,71.0,100,1022.1,0.04,0.09,0.138
2023-01-05T10:00,1.7,86,-0.5,-1.3,0.1,0.1,0.0,5.6,13.7,297,103.0,81,1021.7,0.05,0.1,0.14
2023-01-05T11:00,3.5,79,0.2,0.7,0.0,0.0,0.0,5.1,16.9,315,348.0,50,1020.5,0.14,0.17,0.141
2023-01-05T12:00,5.3,75,1.2,3.0,0.0,0.0,0.0,2.1,16.6,301,523.0,81,1018.1,0.23,0.22,0.141
2023-01-05T13:00,6.7,70,1.6,4.3,0.0,0.0,0.0,3.9,14.0,236,510.0,67,1016.5,0.23,0.3,0.142
2023-01-05T14:00,7.0,69,1.6,4.7,0.0,0.0,0.0,2.6,14.0,254,392.0,21,1015.8,0.18,0.31,0.142
2023-01-05T15:00,6.1,70,1.0,3.4,0.0,0.0,0.0,4.7,10.8,94,284.0,20,1016.9,0.12,0.28,0.146
2023-01-05T16:00,5.7,75,1.6,2.9,0.0,0.0,0.0,6.1,13.0,93,138.0,7,1016.8,0.06,0.23,0.146
2023-01-05T17:00,3.0,89,1.4,-0.3,0.0,0.0,0.0,9.0,10.4,113,20.0,12,1017.0,0.0,0.08,0.146
2023-01-05T18:00,3.2,87,1.2,0.1,0.0,0.0,0.0,7.9,11.2,87,0.0,6,1017.9,0.0,0.1,0.146
2023-01-05T19:00,3.7,86,1.5,1.0,0.0,0.0,0.0,4.9,9.4,54,0.0,1,1018.6,0.0,0.12,0.146
2023-01-05T20:00,3.1,89,1.5,0.9,0.0,0.0,0.0,2.4,5.4,243,0.0,0,1019.3,0.0,0.08,0.146
2023-01-05T21:00,0.1,95,-0.6,-2.7,0.0,0.0,0.0,3.8,4.7,253,0.0,0,1020.0,0.0,0.03,0.146
2023-01-05T22:00,-0.2,94,-1.0,-3.2,0.0,0.0,0.0,5.2,8.6,258,0.0,4,1020.2,0.0,0.03,0.146
2023-01-05T23:00,-1.3,97,-1.7,-4.9,0.0,0.0,0.0,8.2,12.2,247,0.0,15,1020.3,0.0,0.02,0.146
2023-01-06T00:00,-1.1,97,-1.5,-5.0,0.0,0.0,0.0,10.5,16.6,239,0.0,18,1020.3,0.0,0.01,0.146
2023-01-06T01:00,-1.1,95,-1.8,-4.8,0.0,0.0,0.0,8.9,16.6,238,0.0,27,1020.2,0.0,0.03,0.146
2023-01-06T02:00,-1.6,94,-2.5,-4.8,0.0,0.0,0.0,5.4,14.0,274,0.0,15,1020.7,0.0,0.04,0.146
2023-01-06T03:00,-3.0,93,-3.9,-6.8,0.0,0.0,0.0,7.9,9.0,309,0.0,43,1021.8,0.0,0.03,0.14
2023-01-06T04:00,-1.7,94,-2.5,-4.7,0.0,0.0,0.0,4.0,10.1,350,0.0,92,1022.9,0.0,0.03,0.14
2023-01-06T05:00,-1.5,97,-1.9,-4.3,0.0,0.0,0.0,2.9,10.1,30,0.0,100,1024.5,0.0,0.02,0.14
2023-01-06T06:00,-1.6,99,-1.8,-4.5,0.0,0.0,0.0,3.2,7.9,27,0.0,100,1025.0,0.0,0.01,0.14
2023-01-06T07:00,-1.7,98,-1.9,-4.3,0.0,0.0,0.0,1.8,7.9,37,3.0,100,1026.4,0.0,0.01,0.14
2023-01-06T08:00,-1.3,97,-1.7,-3.7,0.0,0.0,0.0,0.8,6.1,297,61.0,100,1026.9,0.02,0.02,0.14
2023-01-06T09:00,0.2,90,-1.3,-2.4,0.0,0.0,0.0,2.1,10.1,329,172.0,95,1026.5,0.06,0.06,0.14
2023-01-06T10:00,2.6,79,-0.7,0.2,0.0,0.0,0.0,1.5,10.4,14,340.0,27,1025.5,0.14,0.15,0.14
2023-01-06T11:00,5.4,67,-0.4,2.9,0.0,0.0,0.0,2.2,12.6,81,541.0,9,1022.9,0.23,0.3,0.141
2023-01-06T12:00,7.1,59,-0.5,4.7,0.0,0.0,0.0,2.5,13.3,98,575.0,40,1020.3,0.26,0.42,0.143
2023-01-06T13:00,8.4,52,-1.0,5.7,0.0,0.0,0.0,2.5,13.3,188,528.0,56,1018.4,0.25,0.53,0.144
2023-01-06T14:00,9.1,45,-2.3,5.6,0.0,0.0,0.0,7.2,15.8,252,412.0,56,1017.4,0.21,0.64,0.145
2023-01-06T15:00,8.7,43,-3.2,4.5,0.0,0.0,0.0,11.3,18.7,248,197.0,68,1017.4,0.13,0.64,0.141
2023-01-06T16:00,8.1,46,-2.8,4.3,0.0,0.0,0.0,8.5,20.5,234,138.0,21,1017.3,0.09,0.58,0.141
2023-01-06T17:00,5.3,59,-2.2,1.4,0.0,0.0,0.0,9.4,14.4,238,21.0,2,1018.0,0.03,0.37,0.141
2023-01-06T18:00,3.8,65,-2.1,-0.2,0.0,0.0,0.0,10.7,16.6,250,0.0,1,1019.1,0.02,0.28,0.141
2023-01-06T19:00,3.1,68,-2.2,-1.1,0.0,0.0,0.0,12.4,19.8,244,0.0,0,1020.1,0.02,0.24,0.141
2023-01-06T20:00,2.3,73,-2.1,-1.9,0.0,0.0,0.0,12.1,19.8,233,0.0,0,1020.5,0.01,0.2,0.14
2023-01-06T21:00,1.7,76,-2.1,-2.9,0.0,0.0,0.0,14.3,23.0,231,0.0,0,1020.8,0.01,0.16,0.14
2023-01-06T22:00,1.1,78,-2.4,-3.5,0.0,0.0,0.0,14.4,24.1,233,0.0,0,1021.1,0.01,0.15,0.14
2023-01-06T23:00,0.3,79,-2.9,-4.1,0.0,0.0,0.0,12.6,23.4,239,0.0,0,1021.6,0.01,0.13,0.14
2023-01-07T00:00,-0.8,80,-3.9,-5.4,0.0,0.0,0.0,13.8,22.7,237,0.0,0,1022.5,0.01,0.12,0.14
2023-01-07T01:00,-1.8,79,-5.0,-6.7,0.0,0.0,0.0,14.6,24.5,237,0.0,1,1023.8,0.01,0.11,0.14
2023-01-07T02:00,-2.6,79,-5.7,-7.6,0.0,0.0,0.0,14.4,24.5,238,0.0,4,1024.1,0.01,0.11,0.14
2023-01-07T03:00,-2.3,76,-6.0,-6.9,0.0,0.0,0.0,12.2,23.8,242,0.0,5,1023.6,0.01,0.13,0.143
2023-01-07T04:00,-2.3,74,-6.2,-6.8,0.0,0.0,0.0,11.3,20.9,233,0.0,0,1023.6,0.01,0.13,0.143
2023-01-07T05:00,-2.7,78,-6.1,-7.3,0.0,0.0,0.0,12.0,19.4,226,0.0,0,1023.8,0.01,0.11,0.143
2023-01-07T06:00,-3.2,82,-5.8,-7.7,0.0,0.0,0.0,11.5,19.4,229,0.0,1,1024.3,0.0,0.09,0.143
2023-01-07T07:00,-3.6,86,-5.7,-8.1,0.0,0.0,0.0,11.3,18.7,233,5.0,28,1024.9,0.0,0.07,0.142
2023-01-07T08:00,-2.0,80,-5.0,-6.1,0.0,0.0,0.0,8.9,19.1,227,109.0,36,1025.9,0.03,0.1,0.142
2023-01-07T09:00,0.6,68,-4.6,-3.3,0.0,0.0,0.0,7.9,18.0,227,275.0,3,1026.2,0.09,0.2,0.142
2023-01-07T10:00,3.2,56,-4.8,-0.8,0.0,0.0,0.0,8.4,19.8,239,455.0,1,1024.3,0.17,0.34,0.142
2023-01-07T11:00,5.1,52,-4.1,1.6,0.0,0.0,0.0,6.1,19.8,230,562.0,0,1022.0,0.23,0.42,0.142
2023-01-07T12:00,6.5,48,-3.7,3.5,0.0,0.0,0.0,4.8,17.6,193,607.0,0,1019.7,0.27,0.5,0.142
2023-01-07T13:00,7.6,44,-3.8,4.5,0.0,0.0,0.0,4.9,15.8,163,585.0,0,1017.7,0.27,0.58,0.142
2023-01-07T14:00,8.5,41,-3.9,5.3,0.0,0.0,0.0,4.0,15.5,170,496.0,0,1016.2,0.23,0.65,0.142
2023-01-07T15:00,9.4,37,-4.5,6.2,0.0,0.0,0.0,3.1,13.0,201,352.0,0,1015.8,0.16,0.74,0.137
2023-01-07T16:00,7.9,62,1.2,5.2,0.0,0.0,0.0,5.0,9.0,201,172.0,0,1015.9,0.07,0.4,0.137
2023-01-07T17:00,5.2,54,-3.3,1.6,0.0,0.0,0.0,6.8,7.9,252,23.0,0,1016.9,0.02,0.4,0.137
2023-01-07T18:00,3.2,55,-5.1,-0.7,0.0,0.0,0.0,7.4,11.2,241,0.0,0,1018.7,0.02,0.35,0.137
2023-01-07T19:00,2.5,53,-6.1,-1.6,0.0,0.0,0.0,8.1,12.2,238,0.0,0,1019.5,0.02,0.34,0.137
2023-01-07T20:00,2.0,55,-6.1,-2.9,0.0,0.0,0.0,13.1,20.9,238,0.0,0,1020.1,0.03,0.32,0.136
2023-01-07T21:00,1.2,59,-6.0,-3.8,0.0,0.0,0.0,14.7,24.5,239,0.0,0,1020.5,0.03,0.28,0.136
2023-01-07T22:00,0.6,59,-6.5,-4.3,0.0,0.0,0.0,13.3,24.1,237,0.0,0,1021.1,0.03,0.26,0.136
2023-01-07T23:00,-0.2,60,-7.0,-4.8,0.0,0.0,0.0,11.2,21.6,237,0.0,0,1021.2,0.02,0.24,0.136
2023-01-08T00:00,-1.1,64,-7.1,-5.4,0.0,0.0,0.0,9.2,18.4,244,0.0,0,1021.8,0.01,0.21,0.136
2023-01-08T01:00,-2.0,68,-7.1,-6.6,0.0,0.0,0.0,11.0,16.9,232,0.0,0,1022.3,0.01,0.17,0.136
2023-01-08T02:00,-2.7,70,-7.3,-7.6,0.0,0.0,0.0,13.4,22.0,234,0.0,0,1023.0,0.01,0.15,0.136
2023-01-08T03:00,-3.2,73,-7.3,-8.1,0.0,0.0,0.0,13.3,23.0,237,0.0,0,1023.1,0.01,0.13,0.138
2023-01-08T04:00,-3.4,72,-7.7,-8.6,0.0,0.0,0.0,14.7,24.5,239,0.0,0,1024.0,0.01,0.13,0.138
2023-01-08T05:00,-3.9,73,-8.1,-9.2,0.0,0.0,0.0,15.5,25.6,239,0.0,0,1025.1,0.01,0.13,0.138
2023-01-08T06:00,-4.2,75,-8.1,-9.5,0.0,0.0,0.0,15.4,25.9,237,0.0,1,1026.2,0.01,0.11,0.137
2023-01-08T07:00,-4.1,74,-8.0,-9.3,0.0,0.0,0.0,14.6,25.9,237,5.0,5,1027.0,0.01,0.12,0.137
2023-01-08T08:00,-2.0,61,-8.5,-7.1,0.0,0.0,0.0,13.6,27.4,238,112.0,1,1027.2,0.04,0.2,0.137
2023-01-08T09:00,0.1,55,-8.0,-4.9,0.0,0.0,0.0,12.5,25.2,231,293.0,4,1026.7,0.1,0.28,0.137
2023-01-08T10:00,2.5,47,-7.8,-2.1,0.0,0.0,0.0,10.1,25.6,235,456.0,3,1024.9,0.17,0.39,0.136
2023-01-08T11:00,4.6,39,-8.2,0.5,0.0,0.0,0.0,7.0,22.7,249,564.0,0,1022.4,0.23,0.52,0.136
2023-01-08T12:00,6.1,32,-9.4,2.7,0.0,0.0,0.0,4.3,18.4,265,610.0,0,1020.1,0.27,0.64,0.136
2023-01-08T13:00,7.1,28,-10.1,3.8,0.0,0.0,0.0,1.8,15.1,259,589.0,0,1018.4,0.27,0.72,0.135
2023-01-08T14:00,7.6,28,-10.0,4.1,0.0,0.0,0.0,1.6,11.2,153,501.0,0,1017.3,0.23,0.75,0.135
2023-01-08T15:00,7.9,30,-8.8,4.2,0.0,0.0,0.0,4.1,10.8,135,357.0,0,1017.2,0.16,0.75,0.125
2023-01-08T16:00,7.0,39,-6.1,3.4,0.0,0.0,0.0,4.9,11.5,107,176.0,0,1017.1,0.08,0.61,0.124
2023-01-08T17:00,4.2,49,-5.5,-0.2,0.0,0.0,0.0,10.9,17.6,99,24.0,0,1018.2,0.04,0.42,0.124
2023-01-08T18:00,2.7,62,-3.8,-1.3,0.0,0.0,0.0,9.0,19.8,113,0.0,0,1019.7,0.02,0.28,0.124
2023-01-08T19:00,2.1,66,-3.6,-1.7,0.0,0.0,0.0,7.9,14.8,156,0.0,0,1020.2,0.01,0.24,0.124
2023-01-08T20:00,0.9,72,-3.6,-2.8,0.0,0.0,0.0,6.9,9.4,227,0.0,0,1020.4,0.0,0.18,0.124
2023-01-08T21:00,0.1,71,-4.6,-3.5,0.0,0.0,0.0,5.6,9.4,243,0.0,0,1020.5,0.0,0.18,0.124
2023-01-08T22:00,-0.9,70,-5.6,-4.8,0.0,0.0,0.0,7.3,10.8,237,0.0,0,1020.8,0.0,0.17,0.124
2023-01-08T23:00,-1.6,70,-6.4,-5.9,0.0,0.0,0.0,9.5,14.8,233,0.0,5,1021.2,0.01,0.17,0.123
2023-01-09T00:00,-2.1,70,-6.8,-6.4,0.0,0.0,0.0,9.5,15.1,241,0.0,10,1021.5,0.01,0.16,0.123
2023-01-09T01:00,-2.6,70,-7.4,-7.0,0.0,0.0,0.0,9.1,15.1,252,0.0,3,1022.7,0.01,0.15,0.123
2023-01-09T02:00,-3.1,68,-8.2,-7.2,0.0,0.0,0.0,6.7,14.8,254,0.0,3,1023.4,0.0,0.16,0.123
2023-01-09T03:00,-3.8,72,-8.1,-7.7,0.0,0.0,0.0,5.7,10.8,235,0.0,0,1023.7,0.0,0.13,0.128
2023-01-09T04:00,-3.5,70,-8.1,-7.7,0.0,0.0,0.0,7.9,12.2,223,0.0,26,1023.7,0.0,0.14,0.128
2023-01-09T05:00,-3.7,72,-8.1,-7.9,0.0,0.0,0.0,7.9,12.6,227,0.0,1,1023.9,0.0,0.13,0.128
2023-01-09T06:00,-3.9,70,-8.5,-8.2,0.0,0.0,0.0,8.7,13.3,240,0.0,0,1024.7,0.01,0.14,0.128
2023-01-09T07:00,-3.8,67,-9.0,-8.4,0.0,0.0,0.0,9.8,14.8,242,5.0,7,1025.3,0.01,0.15,0.128
2023-01-09T08:00,-1.3,56,-8.9,-5.8,0.0,0.0,0.0,9.2,18.0,239,114.0,0,1026.4,0.04,0.24,0.127
2023-01-09T09:00,1.4,47,-8.8,-2.6,0.0,0.0,0.0,5.7,16.9,252,295.0,0,1026.6,0.11,0.36,0.127
2023-01-09T10:00,3.5,43,-8.0,-0.0,0.0,0.0,0.0,2.7,15.1,293,457.0,57,1024.7,0.18,0.45,0.127
2023-01-09T11:00,5.1,41,-7.1,1.8,0.0,0.0,0.0,1.8,12.2,270,552.0,100,1023.0,0.24,0.52,0.126
2023-01-09T12:00,6.1,39,-6.8,3.0,0.0,0.0,0.0,0.8,11.2,333,520.0,100,1020.9,0.24,0.57,0.126
2023-01-09T13:00,6.9,38,-6.6,3.8,0.0,0.0,0.0,1.1,10.4,180,508.0,100,1019.4,0.24,0.62,0.126
2023-01-09T14:00,7.0,37,-6.7,3.6,0.0,0.0,0.0,2.6,10.4,106,331.0,100,1018.9,0.16,0.63,0.125
2023-01-09T15:00,7.0,37,-6.7,3.2,0.0,0.0,0.0,5.2,13.7,124,211.0,100,1018.8,0.12,0.63,0.122
2023-01-09T16:00,6.3,41,-6.0,2.3,0.0,0.0,0.0,7.2,14.4,127,111.0,100,1019.3,0.08,0.56,0.121
2023-01-09T17:00,4.9,51,-4.6,1.1,0.0,0.0,0.0,7.1,13.0,135,16.0,100,1019.6,0.03,0.43,0.121
2023-01-09T18:00,4.1,58,-3.5,0.4,0.0,0.0,0.0,7.1,13.0,131,0.0,100,1020.1,0.01,0.34,0.121
2023-01-09T19:00,3.7,62,-2.9,0.2,0.0,0.0,0.0,6.9,11.9,133,0.0,100,1020.7,0.01,0.3,0.121
2023-01-09T20:00,3.4,65,-2.6,-0.3,0.1,0.1,0.0,8.2,13.3,128,0.0,100,1021.4,0.01,0.27,0.122
2023-01-09T21:00,2.3,75,-1.7,-1.1,0.3,0.1,0.14,7.2,14.0,96,0.0,100,1022.1,0.0,0.18,0.123
2023-01-09T22:00,1.7,82,-1.1,-1.6,0.4,0.1,0.21,6.4,11.9,52,0.0,100,1022.7,0.0,0.12,0.123
2023-01-09T23:00,1.2,90,-0.3,-1.9,0.9,0.1,0.56,6.1,12.2,45,0.0,100,1022.9,0.0,0.07,0.123
2023-01-10T00:00,0.9,94,0.0,-1.9,0.8,0.0,0.56,4.0,10.1,5,0.0,100,1023.3,0.0,0.04,0.124
2023-01-10T01:00,0.6,97,0.2,-2.1,0.8,0.1,0.49,4.2,7.6,20,0.0,100,1023.0,0.0,0.02,0.124
2023-01-10T02:00,0.6,97,0.2,-2.2,0.8,0.1,0.49,4.5,8.6,346,0.0,100,1022.9,0.0,0.02,0.124
2023-01-10T03:00,0.5,98,0.2,-2.1,1.2,0.0,0.84,2.9,8.6,7,0.0,100,1022.7,0.0,0.01,0.122
2023-01-10T04:00,0.3,97,-0.1,-2.1,1.1,0.0,0.77,2.0,6.8,45,0.0,100,1022.5,0.0,0.02,0.122
2023-01-10T05:00,0.2,98,-0.1,-2.3,0.9,0.1,0.56,2.6,5.4,16,0.0,100,1021.7,0.0,0.01,0.122
2023-01-10T06:00,-1.2,99,-1.3,-4.4,0.4,0.0,0.28,6.3,8.6,24,0.0,100,1021.7,0.0,0.0,0.122
2023-01-10T07:00,0.2,98,-0.1,-2.4,0.4,0.0,0.28,3.2,8.6,27,1.0,100,1022.1,0.01,0.01,0.122
2023-01-10T08:00,0.4,97,0.0,-2.1,1.0,0.0,0.7,2.1,6.8,31,21.0,100,1023.1,0.02,0.02,0.122
2023-01-10T09:00,0.8,96,0.2,-1.8,1.0,0.1,0.63,3.3,7.2,49,57.0,100,1023.2,0.03,0.03,0.123
2023-01-10T10:00,1.4,92,0.2,-1.8,0.1,0.1,0.0,6.9,13.7,84,114.0,100,1022.5,0.05,0.06,0.127
2023-01-10T11:00,1.9,89,0.2,-1.7,0.1,0.1,0.0,9.8,19.4,82,192.0,100,1021.2,0.07,0.08,0.133
2023-01-10T12:00,2.1,87,0.2,-0.7,0.2,0.2,0.0,4.8,19.4,77,237.0,100,1020.2,0.1,0.09,0.141
2023-01-10T13:00,1.6,92,0.4,-1.1,0.8,0.3,0.35,3.9,10.1,292,131.0,100,1020.4,0.06,0.05,0.148
2023-01-10T14:00,1.3,94,0.5,-1.8,1.1,0.3,0.56,7.1,14.0,311,102.0,100,1021.2,0.04,0.04,0.154
2023-01-10T15:00,1.6,85,-0.7,-2.3,0.5,0.1,0.28,11.2,15.5,356,60.0,100,1022.4,0.04,0.1,0.164
2023-01-10T16:00,0.9,78,-2.5,-2.7,0.1,0.0,0.07,7.5,20.2,17,40.0,100,1023.7,0.03,0.14,0.164
2023-01-10T17:00,0.6,77,-3.0,-3.2,0.0,0.0,0.0,8.4,15.1,10,7.0,100,1024.8,0.02,0.15,0.164
2023-01-10T18:00,-0.1,78,-3.4,-4.4,0.0,0.0,0.0,11.9,21.6,358,0.0,100,1026.6,0.01,0.13,0.164
2023-01-10T19:00,-0.5,80,-3.6,-4.3,0.0,0.0,0.0,8.7,21.6,355,0.0,100,1027.2,0.0,0.12,0.164
2023-01-10T20:00,-0.5,80,-3.5,-4.0,0.0,0.0,0.0,6.2,15.8,324,0.0,100,1028.1,0.0,0.12,0.164
2023-01-10T21:00,-0.7,82,-3.4,-4.0,0.0,0.0,0.0,5.2,11.5,295,0.0,100,1028.8,0.0,0.1,0.164
2023-01-10T22:00,-0.9,84,-3.2,-4.1,0.1,0.0,0.07,4.3,10.1,270,0.0,100,1029.5,0.0,0.09,0.164
2023-01-10T23:00,-1.1,86,-3.1,-4.2,0.1,0.0,0.07,3.9,8.3,248,0.0,100,1029.9,0.0,0.08,0.164
2023-01-11T00:00,-0.9,87,-2.8,-4.1,0.1,0.0,0.07,4.3,8.3,204,0.0,100,1030.2,0.0,0.07,0.164
2023-01-11T01:00,-1.1,87,-3.1,-4.5,0.0,0.0,0.0,5.8,10.1,180,0.0,100,1030.8,0.0,0.08,0.164
2023-01-11T02:00,-1.7,86,-3.7,-4.9,0.0,0.0,0.0,4.0,10.8,170,0.0,100,1031.5,0.0,0.07,0.163
2023-01-11T03:00,-1.8,84,-4.2,-5.1,0.0,0.0,0.0,4.1,7.9,142,0.0,100,1032.3,0.0,0.09,0.163
2023-01-11T04:00,-2.2,87,-4.0,-5.2,0.0,0.0,0.0,2.3,8.3,129,0.0,100,1032.8,0.0,0.07,0.163
2023-01-11T05:00,-2.5,87,-4.3,-5.5,0.0,0.0,0.0,2.5,6.1,135,0.0,100,1033.4,0.0,0.07,0.163
2023-01-11T06:00,-2.6,87,-4.5,-5.7,0.0,0.0,0.0,2.8,6.5,140,0.0,100,1034.2,0.0,0.07,0.163
2023-01-11T07:00,-2.6,87,-4.4,-5.6,0.0,0.0,0.0,2.6,6.1,146,2.0,100,1034.8,0.01,0.06,0.163
2023-01-11T08:00,-2.1,85,-4.3,-5.5,0.1,0.0,0.07,4.7,9.0,157,36.0,100,1035.2,0.02,0.08,0.163
2023-01-11T09:00,-1.8,83,-4.3,-5.5,0.1,0.0,0.07,7.1,13.7,156,80.0,100,1035.6,0.04,0.09,0.163
2023-01-11T10:00,-1.5,81,-4.3,-5.3,0.1,0.0,0.07,7.4,14.8,151,119.0,100,1035.6,0.05,0.1,0.163
2023-01-11T11:00,-1.2,77,-4.6,-5.1,0.1,0.0,0.07,8.0,16.2,144,173.0,100,1034.9,0.07,0.13,0.163
2023-01-11T12:00,-0.6,72,-5.0,-4.4,0.0,0.0,0.0,6.9,16.6,141,243.0,100,1033.7,0.09,0.16,0.162
2023-01-11T13:00,-0.2,68,-5.3,-3.8,0.0,0.0,0.0,5.6,14.4,140,272.0,100,1032.8,0.1,0.19,0.162
2023-01-11T14:00,0.2,66,-5.5,-3.4,0.0,0.0,0.0,4.6,12.2,129,285.0,100,1032.3,0.11,0.21,0.162
2023-01-11T15:00,-0.2,68,-5.4,-3.5,0.0,0.0,0.0,3.0,10.4,76,196.0,97,1033.1,0.07,0.19,0.162
2023-01-11T16:00,-0.6,75,-4.5,-3.6,0.0,0.0,0.0,1.9,6.8,22,114.0,98,1033.3,0.04,0.15,0.162
2023-01-11T17:00,-1.3,72,-5.6,-4.5,0.0,0.0,0.0,2.9,4.3,277,22.0,76,1033.6,0.01,0.16,0.162
2023-01-11T18:00,-4.1,84,-6.3,-8.0,0.0,0.0,0.0,6.8,9.0,273,0.0,100,1034.4,0.0,0.07,0.162
2023-01-11T19:00,-3.0,86,-5.0,-6.6,0.0,0.0,0.0,5.9,9.4,259,0.0,100,1035.1,0.0,0.07,0.162
2023-01-11T20:00,-2.4,83,-4.9,-5.9,0.0,0.0,0.0,5.0,8.6,210,0.0,100,1035.7,0.0,0.09,0.162
2023-01-11T21:00,-3.0,80,-5.9,-6.7,0.0,0.0,0.0,5.9,11.5,191,0.0,100,1036.8,0.0,0.1,0.162
2023-01-11T22:00,-3.8,82,-6.5,-7.3,0.0,0.0,0.0,4.1,10.8,195,0.0,100,1037.1,0.0,0.09,0.162
2023-01-11T23:00,-4.0,82,-6.6,-7.5,0.0,0.0,0.0,3.8,6.5,229,0.0,100,1037.3,0.0,0.08,0.162
2023-01-12T00:00,-4.0,80,-7.0,-7.4,0.0,0.0,0.0,3.1,6.1,249,0.0,99,1037.3,0.0,0.09,0.162
2023-01-12T01:00,-4.2,79,-7.2,-7.6,0.0,0.0,0.0,3.2,6.8,243,0.0,100,1037.3,0.0,0.09,0.161
2023-01-12T02:00,-4.9,82,-7.5,-8.5,0.0,0.0,0.0,4.3,6.5,222,0.0,100,1037.4,0.0,0.08,0.161
2023-01-12T03:00,-3.2,74,-7.2,-6.4,0.0,0.0,0.0,1.5,6.8,194,0.0,100,1036.6,0.0,0.13,0.162
2023-01-12T04:00,-3.2,72,-7.5,-6.6,0.0,0.0,0.0,2.6,4.0,214,0.0,100,1036.2,0.0,0.14,0.162
2023-01-12T05:00,-3.3,73,-7.5,-6.6,0.0,0.0,0.0,2.0,4.3,225,0.0,99,1036.4,0.0,0.13,0.161
2023-01-12T06:00,-3.4,75,-7.3,-6.8,0.0,0.0,0.0,2.5,3.6,225,0.0,100,1036.8,0.0,0.12,0.161
2023-01-12T07:00,-3.6,76,-7.2,-7.0,0.0,0.0,0.0,3.3,4.7,229,3.0,100,1037.4,0.01,0.11,0.161
2023-01-12T08:00,-3.7,79,-6.7,-6.9,0.0,0.0,0.0,2.0,5.8,225,79.0,82,1037.5,0.02,0.1,0.161
2023-01-12T09:00,-2.6,69,-7.6,-6.2,0.0,0.0,0.0,4.1,8.6,225,246.0,43,1037.5,0.07,0.16,0.161
2023-01-12T10:00,-1.6,64,-7.6,-5.4,0.0,0.0,0.0,4.8,11.2,222,416.0,25,1036.8,0.13,0.2,0.161
2023-01-12T11:00,-0.8,61,-7.3,-4.5,0.0,0.0,0.0,4.8,11.2,228,545.0,22,1035.4,0.18,0.22,0.161
2023-01-12T12:00,-0.2,60,-7.1,-3.6,0.0,0.0,0.0,3.3,11.2,221,525.0,91,1034.1,0.19,0.24,0.161
2023-01-12T13:00,0.2,57,-7.3,-2.9,0.0,0.0,0.0,0.8,8.6,207,497.0,90,1032.9,0.19,0.27,0.165
2023-01-12T14:00,0.5,57,-7.1,-2.8,0.0,0.0,0.0,1.9,6.5,68,423.0,100,1032.3,0.16,0.27,0.169
2023-01-12T15:00,0.7,55,-7.3,-2.6,0.0,0.0,0.0,1.8,6.8,53,293.0,100,1032.4,0.11,0.29,0.17
2023-01-12T16:00,0.4,54,-8.0,-3.0,0.0,0.0,0.0,1.9,5.8,22,146.0,100,1032.7,0.05,0.29,0.17
2023-01-12T17:00,-0.2,57,-7.6,-3.4,0.0,0.0,0.0,1.5,4.7,284,23.0,99,1033.0,0.01,0.26,0.169
2023-01-12T18:00,-0.7,64,-6.6,-4.0,0.0,0.0,0.0,2.6,3.6,254,0.0,95,1033.6,0.0,0.21,0.169
2023-01-12T19:00,-2.7,76,-6.4,-6.4,0.0,0.0,0.0,5.4,7.2,250,0.0,100,1034.2,0.0,0.12,0.169
2023-01-12T20:00,-3.7,80,-6.7,-7.5,0.0,0.0,0.0,6.0,10.1,245,0.0,85,1034.5,0.0,0.09,0.169
2023-01-12T21:00,-5.3,81,-8.1,-9.6,0.0,0.0,0.0,8.4,12.6,245,0.0,66,1034.6,0.0,0.08,0.169
2023-01-12T22:00,-6.3,82,-8.8,-10.8,0.0,0.0,0.0,9.8,13.7,242,0.0,74,1034.7,0.0,0.07,0.169
2023-01-12T23:00,-3.1,74,-7.0,-7.1,0.0,0.0,0.0,7.0,13.0,249,0.0,72,1034.6,0.0,0.13,0.169
2023-01-13T00:00,-3.6,77,-7.1,-7.5,0.0,0.0,0.0,6.2,9.4,260,0.0,88,1034.9,0.0,0.11,0.168
2023-01-13T01:00,-4.8,82,-7.3,-8.7,0.0,0.0,0.0,6.5,8.3,251,0.0,88,1035.3,0.0,0.08,0.168
2023-01-13T02:00,-9.1,91,-10.3,-13.7,0.0,0.0,0.0,9.1,12.2,236,0.0,58,1035.7,0.0,0.03,0.168
2023-01-13T03:00,-9.5,91,-10.8,-14.1,0.0,0.0,0.0,8.6,14.4,237,0.0,48,1036.2,0.0,0.03,0.168
2023-01-13T04:00,-10.2,89,-11.7,-14.5,0.0,0.0,0.0,6.4,17.3,232,0.0,63,1036.3,0.0,0.03,0.168
2023-01-13T05:00,-8.9,87,-10.7,-13.3,0.0,0.0,0.0,7.7,14.4,233,0.0,98,1037.1,0.0,0.04,0.167
2023-01-13T06:00,-9.4,89,-10.9,-13.9,0.0,0.0,0.0,8.5,15.8,234,0.0,100,1037.8,0.0,0.03,0.167
2023-01-13T07:00,-9.3,88,-10.9,-13.8,0.0,0.0,0.0,8.4,16.2,230,4.0,98,1039.0,0.0,0.03,0.167
2023-01-13T08:00,-8.2,84,-10.3,-12.8,0.0,0.0,0.0,9.2,16.9,228,80.0,93,1040.0,0.02,0.05,0.167
2023-01-13T09:00,-6.3,80,-9.2,-10.7,0.0,0.0,0.0,8.7,18.0,232,224.0,84,1039.0,0.05,0.08,0.167
2023-01-13T10:00,-4.2,73,-8.2,-8.5,0.0,0.0,0.0,8.2,18.0,241,398.0,58,1037.2,0.11,0.12,0.167
2023-01-13T11:00,-2.4,67,-7.7,-6.2,0.0,0.0,0.0,6.0,17.3,245,567.0,92,1034.9,0.17,0.17,0.166
2023-01-13T12:00,-1.5,65,-7.3,-4.8,0.0,0.0,0.0,5.1,14.0,231,614.0,94,1033.3,0.2,0.19,0.166
2023-01-13T13:00,-0.9,63,-7.1,-4.6,0.0,0.0,0.0,4.8,13.0,222,551.0,78,1031.7,0.18,0.22,0.165
2023-01-13T14:00,-0.6,63,-6.9,-4.3,0.0,0.0,0.0,5.2,12.2,236,464.0,71,1031.1,0.15,0.22,0.166
2023-01-13T15:00,0.2,56,-7.6,-3.8,0.0,0.0,0.0,6.4,12.6,254,371.0,27,1030.9,0.12,0.27,0.167
2023-01-13T16:00,-0.7,59,-7.8,-5.1,0.0,0.0,0.0,9.3,18.0,257,192.0,15,1031.3,0.06,0.24,0.167
2023-01-13T17:00,-2.8,69,-7.7,-7.7,0.0,0.0,0.0,12.8,20.2,260,30.0,5,1032.4,0.02,0.15,0.166
2023-01-13T18:00,-4.0,71,-8.5,-8.7,0.0,0.0,0.0,11.3,20.9,253,0.0,95,1033.4,0.01,0.13,0.166
2023-01-13T19:00,-3.8,70,-8.5,-8.1,0.0,0.0,0.0,8.6,18.4,237,0.0,99,1033.8,0.01,0.14,0.166
2023-01-13T20:00,-3.2,67,-8.4,-7.6,0.0,0.0,0.0,9.4,16.6,238,0.0,100,1034.0,0.01,0.16,0.166
2023-01-13T21:00,-3.3,68,-8.3,-7.7,0.0,0.0,0.0,9.5,17.3,241,0.0,92,1034.3,0.01,0.15,0.166
2023-01-13T22:00,-3.7,70,-8.3,-8.2,0.0,0.0,0.0,9.8,18.0,234,0.0,1,1034.2,0.01,0.14,0.165
2023-01-13T23:00,-5.1,76,-8.7,-9.7,0.0,0.0,0.0,9.7,16.9,239,0.0,0,1034.2,0.0,0.1,0.165
2023-01-14T00:00,-5.7,78,-9.0,-10.1,0.0,0.0,0.0,8.7,14.8,232,0.0,1,1034.0,0.0,0.09,0.165
2023-01-14T01:00,-6.4,78,-9.6,-10.9,0.0,0.0,0.0,9.2,14.8,239,0.0,8,1034.2,0.0,0.08,0.165
2023-01-14T02:00,-6.9,75,-10.6,-11.6,0.0,0.0,0.0,9.9,16.2,237,0.0,16,1034.4,0.0,0.09,0.165
2023-01-14T03:00,-7.7,77,-11.1,-12.0,0.0,0.0,0.0,6.8,16.6,238,0.0,40,1034.7,0.0,0.08,0.165
2023-01-14T04:00,-7.1,71,-11.4,-11.5,0.0,0.0,0.0,7.4,17.3,231,0.0,82,1034.2,0.0,0.1,0.165
2023-01-14T05:00,-7.1,72,-11.3,-11.6,0.0,0.0,0.0,7.9,13.7,231,0.0,99,1034.4,0.0,0.1,0.164
2023-01-14T06:00,-7.2,74,-11.1,-12.0,0.0,0.0,0.0,10.0,16.6,232,0.0,100,1035.0,0.01,0.09,0.164
2023-01-14T07:00,-7.2,73,-11.1,-11.8,0.0,0.0,0.0,8.7,16.6,232,5.0,97,1034.8,0.01,0.1,0.164
2023-01-14T08:00,-5.7,68,-10.8,-10.1,0.0,0.0,0.0,7.7,16.9,233,93.0,100,1034.9,0.03,0.13,0.164
2023-01-14T09:00,-3.6,62,-9.8,-7.9,0.0,0.0,0.0,7.1,18.0,240,240.0,99,1035.4,0.07,0.18,0.164
2023-01-14T10:00,-1.6,59,-8.7,-5.4,0.0,0.0,0.0,4.8,18.0,243,379.0,100,1033.6,0.13,0.23,0.163
2023-01-14T11:00,-0.2,57,-7.7,-3.7,0.0,0.0,0.0,3.2,15.8,243,431.0,71,1031.4,0.16,0.26,0.163
2023-01-14T12:00,1.5,54,-7.0,-1.8,0.0,0.0,0.0,3.1,14.4,249,577.0,4,1029.4,0.22,0.32,0.165
2023-01-14T13:00,2.5,52,-6.5,-0.5,0.0,0.0,0.0,2.9,14.0,240,597.0,87,1027.6,0.23,0.35,0.167
2023-01-14T14:00,3.2,51,-6.2,-0.2,0.0,0.0,0.0,3.1,13.3,225,493.0,87,1026.8,0.2,0.38,0.169
2023-01-14T15:00,3.0,53,-5.8,-0.3,0.0,0.0,0.0,2.7,12.6,247,318.0,100,1027.0,0.12,0.36,0.164
2023-01-14T16:00,2.7,55,-5.5,-0.5,0.0,0.0,0.0,2.2,9.4,279,133.0,100,1026.6,0.05,0.34,0.163
2023-01-14T17:00,1.2,75,-2.9,-1.9,0.0,0.0,0.0,3.3,5.0,283,23.0,100,1026.8,0.01,0.17,0.163
2023-01-14T18:00,1.1,67,-4.4,-2.1,0.0,0.0,0.0,3.1,5.0,291,0.0,100,1027.5,0.0,0.22,0.163
2023-01-14T19:00,0.7,70,-4.2,-2.6,0.0,0.0,0.0,4.2,6.8,301,0.0,100,1027.8,0.0,0.2,0.163
2023-01-14T20:00,0.1,72,-4.4,-3.4,0.0,0.0,0.0,5.2,7.9,282,0.0,100,1028.2,0.0,0.17,0.163
2023-01-14T21:00,-0.6,74,-4.7,-4.2,0.0,0.0,0.0,5.8,9.0,274,0.0,56,1028.2,0.0,0.15,0.163
2023-01-14T22:00,-2.0,79,-5.2,-5.5,0.0,0.0,0.0,5.4,9.4,266,0.0,2,1028.3,0.0,0.11,0.163
2023-01-14T23:00,-3.0,83,-5.5,-6.6,0.0,0.0,0.0,5.6,8.6,255,0.0,93,1028.2,0.0,0.08,0.162
2023-01-15T00:00,-2.9,83,-5.5,-6.7,0.0,0.0,0.0,6.4,10.4,243,0.0,88,1027.9,0.0,0.09,0.162
2023-01-15T01:00,-2.0,79,-5.2,-5.6,0.0,0.0,0.0,5.6,12.2,230,0.0,100,1027.9,0.0,0.11,0.162
2023-01-15T02:00,-1.6,80,-4.7,-5.4,0.3,0.0,0.21,7.1,11.2,240,0.0,100,1028.2,0.0,0.11,0.162
2023-01-15T03:00,-4.0,84,-6.3,-7.8,0.5,0.0,0.35,5.8,11.5,240,0.0,100,1028.0,0.0,0.07,0.164
2023-01-15T04:00,-3.2,80,-6.2,-7.2,0.0,0.0,0.0,7.5,13.0,253,0.0,52,1027.4,0.0,0.1,0.164
2023-01-15T05:00,-3.0,79,-6.1,-6.7,0.0,0.0,0.0,5.7,11.5,235,0.0,100,1027.2,0.0,0.1,0.164
2023-01-15T06:00,-1.7,74,-5.6,-5.2,0.0,0.0,0.0,4.7,11.5,238,0.0,49,1027.4,0.0,0.14,0.163
2023-01-15T07:00,-2.5,79,-5.6,-5.8,0.0,0.0,0.0,3.1,8.3,234,5.0,58,1027.9,0.0,0.11,0.163
2023-01-15T08:00,-0.9,72,-5.4,-4.3,0.0,0.0,0.0,3.8,10.1,229,105.0,19,1028.1,0.03,0.16,0.163
2023-01-15T09:00,1.3,64,-4.8,-1.9,0.0,0.0,0.0,2.6,10.4,236,268.0,13,1027.9,0.09,0.24,0.163
2023-01-15T10:00,3.0,61,-3.9,0.1,0.0,0.0,0.0,1.9,10.8,158,432.0,30,1026.1,0.17,0.3,0.163
2023-01-15T11:00,4.7,58,-2.8,1.6,0.0,0.0,0.0,3.3,13.7,139,538.0,22,1023.6,0.23,0.35,0.165
2023-01-15T12:00,6.1,56,-2.0,3.7,0.0,0.0,0.0,1.9,13.7,202,597.0,13,1021.1,0.27,0.41,0.166
2023-01-15T13:00,7.4,54,-1.3,4.7,0.0,0.0,0.0,3.7,13.7,209,580.0,14,1018.9,0.27,0.47,0.167
2023-01-15T14:00,8.0,54,-0.7,5.1,0.0,0.0,0.0,4.3,14.0,222,493.0,13,1017.8,0.23,0.49,0.168
2023-01-15T15:00,8.4,54,-0.6,5.7,0.0,0.0,0.0,3.3,13.7,221,354.0,4,1017.9,0.16,0.51,0.155
2023-01-15T16:00,8.0,57,0.0,5.5,0.0,0.0,0.0,2.6,9.7,236,187.0,1,1017.9,0.08,0.46,0.154
2023-01-15T17:00,4.9,77,1.2,2.2,0.0,0.0,0.0,5.2,6.5,295,32.0,2,1018.4,0.01,0.2,0.154
2023-01-15T18:00,4.0,76,0.2,1.1,0.0,0.0,0.0,5.4,6.8,323,0.0,1,1019.5,0.0,0.2,0.154
2023-01-15T19:00,2.9,80,-0.3,-0.1,0.0,0.0,0.0,5.5,6.8,293,0.0,0,1020.4,0.0,0.15,0.154
2023-01-15T20:00,1.3,84,-1.1,-1.8,0.0,0.0,0.0,5.4,8.3,266,0.0,22,1021.1,0.0,0.11,0.154
2023-01-15T21:00,0.3,86,-1.8,-3.0,0.0,0.0,0.0,6.1,8.3,270,0.0,28,1022.0,0.0,0.08,0.154
2023-01-15T22:00,0.2,84,-2.2,-3.0,0.0,0.0,0.0,5.5,8.3,238,0.0,26,1022.5,0.0,0.1,0.154
2023-01-15T23:00,-0.6,86,-2.6,-4.0,0.0,0.0,0.0,6.7,10.8,234,0.0,30,1022.7,0.0,0.08,0.154
2023-01-16T00:00,-1.5,89,-3.1,-5.2,0.0,0.0,0.0,7.9,13.0,231,0.0,13,1022.6,0.0,0.06,0.154
2023-01-16T01:00,-2.7,92,-3.7,-6.8,0.0,0.0,0.0,10.5,16.9,221,0.0,66,1022.9,0.0,0.04,0.154
2023-01-16T02:00,-3.5,95,-4.2,-8.0,0.0,0.0,0.0,12.5,19.4,221,0.0,94,1023.2,0.0,0.02,0.154
2023-01-16T03:00,-2.6,96,-3.1,-6.4,0.0,0.0,0.0,9.2,20.5,222,0.0,100,1022.4,0.0,0.02,0.155
2023-01-16T04:00,-3.0,99,-3.1,-7.1,0.0,0.0,0.0,11.2,17.6,225,0.0,100,1022.9,0.0,0.01,0.155
2023-01-16T05:00,-3.3,98,-3.5,-7.5,0.0,0.0,0.0,11.4,18.0,235,0.0,100,1023.5,0.0,0.01,0.155
2023-01-16T06:00,-3.1,98,-3.4,-7.4,0.0,0.0,0.0,12.1,19.4,233,0.0,100,1024.6,0.0,0.01,0.155
2023-01-16T07:00,-2.2,97,-2.7,-6.3,0.0,0.0,0.0,10.7,20.5,230,4.0,100,1025.7,0.0,0.02,0.155
2023-01-16T08:00,-0.5,98,-0.8,-4.1,0.0,0.0,0.0,9.7,19.1,228,68.0,100,1026.5,0.02,0.01,0.155
2023-01-16T09:00,2.1,87,0.1,-1.3,0.0,0.0,0.0,8.7,19.1,225,191.0,72,1026.4,0.07,0.09,0.154
2023-01-16T10:00,4.3,78,0.8,1.2,0.0,0.0,0.0,6.9,18.7,227,334.0,59,1024.8,0.13,0.18,0.154
2023-01-16T11:00,6.0,71,1.2,3.2,0.0,0.0,0.0,6.0,17.3,213,463.0,100,1022.8,0.2,0.27,0.153
2023-01-16T12:00,7.1,67,1.4,4.2,0.0,0.0,0.0,7.0,18.4,215,487.0,50,1020.7,0.22,0.33,0.152
2023-01-16T13:00,8.1,62,1.3,5.1,0.0,0.0,0.0,7.4,19.1,223,482.0,42,1019.2,0.22,0.41,0.151
2023-01-16T14:00,8.7,58,0.8,5.3,0.0,0.0,0.0,9.3,20.9,234,448.0,41,1018.4,0.21,0.47,0.15
2023-01-16T15:00,9.4,52,-0.1,6.3,0.0,0.0,0.0,6.4,20.5,243,340.0,3,1017.7,0.17,0.57,0.137
2023-01-16T16:00,8.5,55,-0.1,5.3,0.0,0.0,0.0,7.3,14.4,259,193.0,1,1018.1,0.09,0.5,0.137
2023-01-16T17:00,5.8,68,0.4,2.7,0.0,0.0,0.0,7.2,13.3,273,34.0,0,1019.0,0.02,0.29,0.136
2023-01-16T18:00,3.8,75,-0.3,0.4,0.0,0.0,0.0,7.9,12.6,270,0.0,0,1020.3,0.0,0.2,0.136
2023-01-16T19:00,2.3,78,-1.2,-1.2,0.0,0.0,0.0,7.8,12.6,248,0.0,0,1021.0,0.0,0.16,0.136
2023-01-16T20:00,1.5,77,-2.2,-2.4,0.0,0.0,0.0,9.9,15.8,237,0.0,0,1021.5,0.01,0.16,0.136
2023-01-16T21:00,0.4,74,-3.7,-3.8,0.0,0.0,0.0,11.1,18.0,241,0.0,0,1022.0,0.01,0.16,0.136
2023-01-16T22:00,-1.0,77,-4.6,-5.4,0.0,0.0,0.0,12.1,20.2,240,0.0,3,1022.8,0.01,0.13,0.136
2023-01-16T23:00,-1.9,83,-4.4,-6.4,0.0,0.0,0.0,12.4,20.5,234,0.0,22,1023.7,0.0,0.09,0.136
2023-01-17T00:00,-2.4,86,-4.4,-6.8,0.0,0.0,0.0,12.2,20.5,236,0.0,61,1023.5,0.0,0.07,0.136
2023-01-17T01:00,-2.9,86,-4.8,-7.3,0.0,0.0,0.0,11.5,20.9,238,0.0,69,1023.7,0.0,0.07,0.136
2023-01-17T02:00,-3.3,88,-5.0,-7.7,0.0,0.0,0.0,10.9,19.4,224,0.0,60,1024.8,0.0,0.06,0.136
2023-01-17T03:00,-3.6,90,-5.0,-7.9,0.0,0.0,0.0,10.2,17.3,225,0.0,84,1024.4,0.0,0.05,0.139
2023-01-17T04:00,-3.3,88,-5.0,-7.4,0.0,0.0,0.0,9.4,17.6,220,0.0,100,1023.8,0.0,0.06,0.139
2023-01-17T05:00,-2.5,77,-6.0,-7.0,0.0,0.0,0.0,11.1,18.7,241,0.0,100,1023.0,0.01,0.12,0.138
2023-01-17T06:00,-2.3,74,-6.3,-6.3,0.0,0.0,0.0,7.7,18.7,242,0.0,100,1023.9,0.0,0.13,0.138
2023-01-17T07:00,-1.4,70,-6.2,-5.2,0.0,0.0,0.0,6.0,13.3,253,4.0,100,1024.8,0.01,0.17,0.138
2023-01-17T08:00,-0.2,63,-6.4,-3.9,0.0,0.0,0.0,5.2,11.5,245,54.0,100,1025.0,0.03,0.22,0.138
2023-01-17T09:00,0.7,62,-5.8,-2.8,0.0,0.0,0.0,4.2,11.9,239,103.0,100,1024.9,0.05,0.24,0.138
2023-01-17T10:00,2.1,63,-4.3,-1.2,0.1,0.0,0.07,3.7,10.8,259,182.0,100,1024.7,0.08,0.26,0.137
2023-01-17T11:00,2.7,69,-2.5,-0.3,0.3,0.0,0.21,3.3,10.8,347,209.0,100,1023.1,0.1,0.23,0.137
2023-01-17T12:00,3.0,75,-1.0,0.3,0.3,0.1,0.14,2.4,13.3,27,205.0,100,1021.7,0.1,0.19,0.138
2023-01-17T13:00,2.7,82,-0.2,-0.2,0.5,0.2,0.21,5.0,12.6,21,166.0,100,1020.2,0.08,0.14,0.14
2023-01-17T14:00,2.8,85,0.5,-0.1,0.6,0.3,0.21,6.2,16.9,353,169.0,100,1019.2,0.07,0.11,0.143
2023-01-17T15:00,2.3,89,0.7,-1.0,0.6,0.5,0.07,8.8,14.4,19,59.0,100,1019.0,0.04,0.08,0.15
2023-01-17T16:00,1.8,95,1.0,-0.9,1.1,0.4,0.49,5.0,16.9,330,26.0,100,1020.2,0.02,0.04,0.154
2023-01-17T17:00,1.4,98,1.0,-1.7,1.7,0.4,0.91,7.3,11.9,327,3.0,100,1020.4,0.01,0.02,0.159
2023-01-17T18:00,1.2,99,1.0,-2.3,1.4,0.3,0.77,10.0,15.8,334,0.0,100,1021.1,0.0,0.01,0.162
2023-01-17T19:00,1.0,94,0.2,-2.8,0.8,0.1,0.49,11.2,19.4,339,0.0,100,1021.6,0.0,0.04,0.163
2023-01-17T20:00,0.8,91,-0.6,-2.5,0.4,0.1,0.21,7.7,19.1,323,0.0,100,1022.0,0.0,0.06,0.163
2023-01-17T21:00,1.0,88,-0.9,-2.4,0.1,0.0,0.07,7.3,13.3,327,0.0,100,1021.9,0.0,0.08,0.163
2023-01-17T22:00,0.5,88,-1.3,-2.8,0.1,0.0,0.07,6.8,13.0,335,0.0,100,1022.1,0.0,0.08,0.163
2023-01-17T23:00,0.5,88,-1.3,-2.9,0.0,0.0,0.0,7.8,13.3,338,0.0,100,1022.2,0.0,0.08,0.163
2023-01-18T00:00,0.9,87,-1.1,-2.5,0.0,0.0,0.0,7.6,14.8,329,0.0,100,1022.6,0.0,0.09,0.163
2023-01-18T01:00,0.9,89,-0.7,-2.0,0.0,0.0,0.0,4.1,13.0,308,0.0,99,1022.9,0.0,0.07,0.163
2023-01-18T02:00,0.4,92,-0.8,-2.2,0.0,0.0,0.0,2.2,7.6,180,0.0,100,1022.8,0.0,0.05,0.163
2023-01-18T03:00,-0.3,95,-1.1,-3.5,0.0,0.0,0.0,6.4,10.4,232,0.0,0,1022.8,0.0,0.03,0.167
2023-01-18T04:00,-1.7,96,-2.3,-5.1,0.0,0.0,0.0,6.7,10.4,286,0.0,0,1023.3,0.0,0.02,0.167
2023-01-18T05:00,-2.7,95,-3.3,-6.5,0.0,0.0,0.0,8.4,11.9,295,0.0,2,1023.6,0.0,0.02,0.167
2023-01-18T06:00,-2.8,97,-3.2,-6.2,0.0,0.0,0.0,6.3,10.4,283,0.0,0,1024.6,0.0,0.02,0.167
2023-01-18T07:00,-2.9,97,-3.3,-6.2,0.0,0.0,0.0,4.7,9.0,247,6.0,43,1026.1,0.0,0.01,0.167
2023-01-18T08:00,-2.1,94,-3.0,-6.1,0.0,0.0,0.0,10.2,19.4,231,112.0,100,1027.7,0.02,0.03,0.167
2023-01-18T09:00,-1.6,88,-3.4,-5.8,0.0,0.0,0.0,10.7,23.8,228,277.0,100,1029.3,0.07,0.07,0.166
2023-01-18T10:00,-1.2,89,-2.8,-5.2,0.0,0.0,0.0,10.0,24.8,232,429.0,38,1029.4,0.12,0.06,0.166
2023-01-18T11:00,0.9,81,-2.1,-2.7,0.0,0.0,0.0,8.8,19.8,235,564.0,2,1026.9,0.18,0.13,0.166
2023-01-18T12:00,3.7,68,-1.7,0.2,0.0,0.0,0.0,10.4,23.4,236,622.0,0,1024.6,0.22,0.25,0.169
2023-01-18T13:00,4.6,66,-1.3,1.0,0.0,0.0,0.0,10.9,24.1,236,604.0,0,1023.1,0.23,0.29,0.173
2023-01-18T14:00,4.8,66,-1.1,0.9,0.0,0.0,0.0,10.8,24.1,233,527.0,0,1022.5,0.2,0.29,0.176
2023-01-18T15:00,5.1,63,-1.5,1.1,0.0,0.0,0.0,11.0,23.4,232,382.0,0,1022.4,0.15,0.33,0.172
2023-01-18T16:00,4.0,67,-1.7,-0.2,0.0,0.0,0.0,12.4,23.0,234,188.0,1,1022.9,0.08,0.27,0.172
2023-01-18T17:00,2.1,76,-1.7,-1.9,0.0,0.0,0.0,10.5,22.3,239,37.0,2,1023.3,0.02,0.17,0.172
2023-01-18T18:00,0.8,82,-1.9,-3.0,0.0,0.0,0.0,10.0,16.9,229,0.0,0,1024.2,0.0,0.11,0.171
2023-01-18T19:00,-0.1,85,-2.3,-4.0,0.0,0.0,0.0,10.2,15.8,228,0.0,0,1025.2,0.0,0.09,0.171
2023-01-18T20:00,-1.3,88,-3.0,-5.5,0.0,0.0,0.0,11.5,18.4,231,0.0,0,1026.1,0.0,0.07,0.171
2023-01-18T21:00,-2.9,91,-4.2,-7.6,0.0,0.0,0.0,14.0,22.7,235,0.0,32,1026.9,0.0,0.04,0.171
2023-01-18T22:00,-4.7,92,-5.8,-9.8,0.0,0.0,0.0,15.6,26.3,236,0.0,93,1028.7,0.0,0.03,0.171
2023-01-18T23:00,-5.5,91,-6.7,-10.5,0.0,0.0,0.0,14.2,27.0,240,0.0,100,1030.3,0.0,0.04,0.171
2023-01-19T00:00,-5.7,87,-7.4,-10.6,0.0,0.0,0.0,12.9,25.2,243,0.0,99,1030.9,0.0,0.05,0.171
2023-01-19T01:00,-6.0,87,-7.8,-10.8,0.0,0.0,0.0,12.4,23.4,240,0.0,99,1031.3,0.0,0.05,0.171
2023-01-19T02:00,-6.2,87,-8.0,-11.0,0.0,0.0,0.0,11.5,22.7,238,0.0,96,1031.7,0.0,0.05,0.17
2023-01-19T03:00,-6.8,87,-8.7,-11.6,0.0,0.0,0.0,11.4,21.2,235,0.0,89,1032.1,0.0,0.05,0.17
2023-01-19T04:00,-6.8,85,-9.0,-11.6,0.0,0.0,0.0,10.9,22.0,236,0.0,73,1031.9,0.0,0.06,0.169
2023-01-19T05:00,-7.2,85,-9.2,-11.9,0.0,0.0,0.0,11.0,20.2,229,0.0,70,1031.9,0.0,0.05,0.169
2023-01-19T06:00,-7.3,83,-9.7,-12.1,0.0,0.0,0.0,11.0,20.5,232,0.0,77,1032.7,0.0,0.06,0.169
2023-01-19T07:00,-7.4,79,-10.3,-12.2,0.0,0.0,0.0,11.1,20.5,234,6.0,39,1033.7,0.01,0.07,0.169
2023-01-19T08:00,-5.8,72,-10.1,-10.4,0.0,0.0,0.0,9.4,20.9,230,116.0,28,1034.4,0.03,0.11,0.169
2023-01-19T09:00,-2.9,60,-9.6,-7.4,0.0,0.0,0.0,9.0,20.9,233,306.0,10,1033.8,0.09,0.2,0.168
2023-01-19T10:00,-0.1,53,-8.6,-4.3,0.0,0.0,0.0,7.6,20.9,239,477.0,3,1031.7,0.16,0.29,0.168
2023-01-19T11:00,2.3,51,-7.0,-1.2,0.0,0.0,0.0,5.1,19.4,231,592.0,1,1029.1,0.22,0.36,0.167
2023-01-19T12:00,3.9,49,-5.9,0.9,0.0,0.0,0.0,5.1,16.6,231,641.0,1,1027.0,0.26,0.41,0.167
2023-01-19T13:00,5.1,46,-5.5,1.9,0.0,0.0,0.0,5.6,16.6,220,623.0,1,1025.3,0.26,0.47,0.168
2023-01-19T14:00,5.7,43,-5.8,2.0,0.0,0.0,0.0,5.9,16.6,223,537.0,0,1024.3,0.23,0.52,0.168
2023-01-19T15:00,6.2,45,-5.0,2.9,0.0,0.0,0.0,3.9,16.2,214,393.0,0,1023.9,0.17,0.53,0.162
2023-01-19T16:00,5.6,46,-5.2,2.1,0.0,0.0,0.0,4.6,11.2,219,209.0,0,1024.2,0.09,0.49,0.161
2023-01-19T17:00,3.0,59,-4.2,-0.5,0.0,0.0,0.0,5.4,8.6,222,40.0,0,1025.3,0.02,0.31,0.161
2023-01-19T18:00,1.5,61,-5.2,-2.8,0.0,0.0,0.0,10.3,15.8,234,0.0,0,1026.9,0.02,0.27,0.161
2023-01-19T19:00,-0.2,68,-5.3,-4.5,0.0,0.0,0.0,10.6,17.6,242,0.0,0,1027.9,0.01,0.19,0.16
2023-01-19T20:00,-1.4,74,-5.5,-5.8,0.0,0.0,0.0,11.1,17.6,241,0.0,0,1028.3,0.01,0.15,0.16
2023-01-19T21:00,-2.5,76,-6.2,-7.1,0.0,0.0,0.0,11.3,18.4,239,0.0,0,1028.8,0.01,0.12,0.16
2023-01-19T22:00,-3.6,75,-7.5,-8.3,0.0,0.0,0.0,11.5,19.1,238,0.0,0,1029.2,0.01,0.12,0.16
2023-01-19T23:00,-4.4,73,-8.6,-9.1,0.0,0.0,0.0,10.5,19.1,239,0.0,0,1029.5,0.01,0.12,0.16
