x1,x2,ambiguity_type
2.3739478957915843,-11.2,vote tie
2.414629258517035,-11.2,vote tie
2.455310621242486,-11.2,vote tie
2.4959919839679365,-11.2,vote tie
2.5366733466933873,-11.2,vote tie
2.577354709418838,-11.2,vote tie
2.6180360721442906,-11.2,vote tie
2.6587174348697413,-11.2,vote tie
2.699398797595192,-11.2,vote tie
2.740080160320643,-11.2,vote tie
2.7807615230460936,-11.2,vote tie
2.8214428857715443,-11.2,vote tie
2.862124248496995,-11.2,vote tie
2.902805611222446,-11.2,vote tie
2.9434869739478966,-11.2,vote tie
2.3332665330661335,-11.157114228456914,vote tie
2.3739478957915843,-11.157114228456914,vote tie
2.414629258517035,-11.157114228456914,vote tie
2.455310621242486,-11.157114228456914,vote tie
2.4959919839679365,-11.157114228456914,vote tie
2.5366733466933873,-11.157114228456914,vote tie
2.577354709418838,-11.157114228456914,vote tie
2.6180360721442906,-11.157114228456914,vote tie
2.6587174348697413,-11.157114228456914,vote tie
2.699398797595192,-11.157114228456914,vote tie
2.740080160320643,-11.157114228456914,vote tie
2.7807615230460936,-11.157114228456914,vote tie
2.8214428857715443,-11.157114228456914,vote tie
2.862124248496995,-11.157114228456914,vote tie
2.902805611222446,-11.157114228456914,vote tie
2.2925851703406828,-11.114228456913827,vote tie
2.3332665330661335,-11.114228456913827,vote tie
2.3739478957915843,-11.114228456913827,vote tie
2.414629258517035,-11.114228456913827,vote tie
2.455310621242486,-11.114228456913827,vote tie
2.4959919839679365,-11.114228456913827,vote tie
2.5366733466933873,-11.114228456913827,vote tie
2.577354709418838,-11.114228456913827,vote tie
2.6180360721442906,-11.114228456913827,vote tie
2.6587174348697413,-11.114228456913827,vote tie
2.699398797595192,-11.114228456913827,vote tie
2.740080160320643,-11.114228456913827,vote tie
2.7807615230460936,-11.114228456913827,vote tie
2.8214428857715443,-11.114228456913827,vote tie
2.862124248496995,-11.114228456913827,vote tie
2.251903807615232,-11.071342685370741,vote tie
2.2925851703406828,-11.071342685370741,vote tie
2.3332665330661335,-11.071342685370741,vote tie
2.3739478957915843,-11.071342685370741,vote tie
2.414629258517035,-11.071342685370741,vote tie
2.455310621242486,-11.071342685370741,vote tie
2.4959919839679365,-11.071342685370741,vote tie
2.5366733466933873,-11.071342685370741,vote tie
2.577354709418838,-11.071342685370741,vote tie
2.6180360721442906,-11.071342685370741,vote tie
2.6587174348697413,-11.071342685370741,vote tie
2.699398797595192,-11.071342685370741,vote tie
2.740080160320643,-11.071342685370741,vote tie
2.7807615230460936,-11.071342685370741,vote tie
2.8214428857715443,-11.071342685370741,vote tie
2.251903807615232,-11.028456913827654,vote tie
2.2925851703406828,-11.028456913827654,vote tie
2.3332665330661335,-11.028456913827654,vote tie
2.3739478957915843,-11.028456913827654,vote tie
2.414629258517035,-11.028456913827654,vote tie
2.455310621242486,-11.028456913827654,vote tie
2.4959919839679365,-11.028456913827654,vote tie
2.5366733466933873,-11.028456913827654,vote tie
2.577354709418838,-11.028456913827654,vote tie
2.6180360721442906,-11.028456913827654,vote tie
2.6587174348697413,-11.028456913827654,vote tie
2.699398797595192,-11.028456913827654,vote tie
2.740080160320643,-11.028456913827654,vote tie
2.7807615230460936,-11.028456913827654,vote tie
2.2112224448897813,-10.985571142284568,vote tie
2.251903807615232,-10.985571142284568,vote tie
2.2925851703406828,-10.985571142284568,vote tie
2.3332665330661335,-10.985571142284568,vote tie
2.3739478957915843,-10.985571142284568,vote tie
2.414629258517035,-10.985571142284568,vote tie
2.455310621242486,-10.985571142284568,vote tie
2.4959919839679365,-10.985571142284568,vote tie
2.5366733466933873,-10.985571142284568,vote tie
2.577354709418838,-10.985571142284568,vote tie
2.6180360721442906,-10.985571142284568,vote tie
2.6587174348697413,-10.985571142284568,vote tie
2.699398797595192,-10.985571142284568,vote tie
2.740080160320643,-10.985571142284568,vote tie
2.1705410821643305,-10.942685370741483,vote tie
2.2112224448897813,-10.942685370741483,vote tie
2.251903807615232,-10.942685370741483,vote tie
2.2925851703406828,-10.942685370741483,vote tie
2.3332665330661335,-10.942685370741483,vote tie
2.3739478957915843,-10.942685370741483,vote tie
2.414629258517035,-10.942685370741483,vote tie
2.455310621242486,-10.942685370741483,vote tie
2.4959919839679365,-10.942685370741483,vote tie
2.5366733466933873,-10.942685370741483,vote tie
2.577354709418838,-10.942685370741483,vote tie
2.6180360721442906,-10.942685370741483,vote tie
2.6587174348697413,-10.942685370741483,vote tie
2.699398797595192,-10.942685370741483,vote tie
2.129859719438878,-10.899799599198396,vote tie
2.1705410821643305,-10.899799599198396,vote tie
2.2112224448897813,-10.899799599198396,vote tie
2.251903807615232,-10.899799599198396,vote tie
2.2925851703406828,-10.899799599198396,vote tie
2.3332665330661335,-10.899799599198396,vote tie
2.3739478957915843,-10.899799599198396,vote tie
2.414629258517035,-10.899799599198396,vote tie
2.455310621242486,-10.899799599198396,vote tie
2.4959919839679365,-10.899799599198396,vote tie
2.5366733466933873,-10.899799599198396,vote tie
2.577354709418838,-10.899799599198396,vote tie
2.6180360721442906,-10.899799599198396,vote tie
2.6587174348697413,-10.899799599198396,vote tie
2.699398797595192,-10.899799599198396,vote tie
2.089178356713427,-10.85691382765531,vote tie
2.129859719438878,-10.85691382765531,vote tie
2.1705410821643305,-10.85691382765531,vote tie
2.2112224448897813,-10.85691382765531,vote tie
2.251903807615232,-10.85691382765531,vote tie
2.2925851703406828,-10.85691382765531,vote tie
2.3332665330661335,-10.85691382765531,vote tie
2.3739478957915843,-10.85691382765531,vote tie
2.414629258517035,-10.85691382765531,vote tie
2.455310621242486,-10.85691382765531,vote tie
2.4959919839679365,-10.85691382765531,vote tie
2.5366733466933873,-10.85691382765531,vote tie
2.577354709418838,-10.85691382765531,vote tie
2.6180360721442906,-10.85691382765531,vote tie
2.6587174348697413,-10.85691382765531,vote tie
2.0484969939879765,-10.814028056112225,vote tie
2.089178356713427,-10.814028056112225,vote tie
2.129859719438878,-10.814028056112225,vote tie
2.1705410821643305,-10.814028056112225,vote tie
2.2112224448897813,-10.814028056112225,vote tie
2.251903807615232,-10.814028056112225,vote tie
2.2925851703406828,-10.814028056112225,vote tie
2.3332665330661335,-10.814028056112225,vote tie
2.3739478957915843,-10.814028056112225,vote tie
2.414629258517035,-10.814028056112225,vote tie
2.455310621242486,-10.814028056112225,vote tie
2.4959919839679365,-10.814028056112225,vote tie
2.5366733466933873,-10.814028056112225,vote tie
2.577354709418838,-10.814028056112225,vote tie
2.6180360721442906,-10.814028056112225,vote tie
2.0078156312625257,-10.771142284569137,vote tie
2.0484969939879765,-10.771142284569137,vote tie
2.089178356713427,-10.771142284569137,vote tie
2.129859719438878,-10.771142284569137,vote tie
2.1705410821643305,-10.771142284569137,vote tie
2.2112224448897813,-10.771142284569137,vote tie
2.251903807615232,-10.771142284569137,vote tie
2.2925851703406828,-10.771142284569137,vote tie
2.3332665330661335,-10.771142284569137,vote tie
2.3739478957915843,-10.771142284569137,vote tie
2.414629258517035,-10.771142284569137,vote tie
2.455310621242486,-10.771142284569137,vote tie
2.4959919839679365,-10.771142284569137,vote tie
2.5366733466933873,-10.771142284569137,vote tie
2.577354709418838,-10.771142284569137,vote tie
1.967134268537075,-10.728256513026052,vote tie
2.0078156312625257,-10.728256513026052,vote tie
2.0484969939879765,-10.728256513026052,vote tie
2.089178356713427,-10.728256513026052,vote tie
2.129859719438878,-10.728256513026052,vote tie
2.1705410821643305,-10.728256513026052,vote tie
2.2112224448897813,-10.728256513026052,vote tie
2.251903807615232,-10.728256513026052,vote tie
2.2925851703406828,-10.728256513026052,vote tie
2.3332665330661335,-10.728256513026052,vote tie
2.3739478957915843,-10.728256513026052,vote tie
2.414629258517035,-10.728256513026052,vote tie
2.455310621242486,-10.728256513026052,vote tie
2.4959919839679365,-10.728256513026052,vote tie
2.5366733466933873,-10.728256513026052,vote tie
1.9264529058116242,-10.685370741482965,vote tie
1.967134268537075,-10.685370741482965,vote tie
2.0078156312625257,-10.685370741482965,vote tie
2.0484969939879765,-10.685370741482965,vote tie
2.089178356713427,-10.685370741482965,vote tie
2.129859719438878,-10.685370741482965,vote tie
2.1705410821643305,-10.685370741482965,vote tie
2.2112224448897813,-10.685370741482965,vote tie
2.251903807615232,-10.685370741482965,vote tie
2.2925851703406828,-10.685370741482965,vote tie
2.3332665330661335,-10.685370741482965,vote tie
2.3739478957915843,-10.685370741482965,vote tie
2.414629258517035,-10.685370741482965,vote tie
2.455310621242486,-10.685370741482965,vote tie
2.4959919839679365,-10.685370741482965,vote tie
1.8857715430861735,-10.64248496993988,vote tie
1.9264529058116242,-10.64248496993988,vote tie
1.967134268537075,-10.64248496993988,vote tie
2.0078156312625257,-10.64248496993988,vote tie
2.0484969939879765,-10.64248496993988,vote tie
2.089178356713427,-10.64248496993988,vote tie
2.129859719438878,-10.64248496993988,vote tie
2.1705410821643305,-10.64248496993988,vote tie
2.2112224448897813,-10.64248496993988,vote tie
2.251903807615232,-10.64248496993988,vote tie
2.2925851703406828,-10.64248496993988,vote tie
2.3332665330661335,-10.64248496993988,vote tie
2.3739478957915843,-10.64248496993988,vote tie
2.414629258517035,-10.64248496993988,vote tie
2.455310621242486,-10.64248496993988,vote tie
1.8450901803607227,-10.599599198396794,vote tie
1.8857715430861735,-10.599599198396794,vote tie
1.9264529058116242,-10.599599198396794,vote tie
1.967134268537075,-10.599599198396794,vote tie
2.0078156312625257,-10.599599198396794,vote tie
2.0484969939879765,-10.599599198396794,vote tie
2.089178356713427,-10.599599198396794,vote tie
2.129859719438878,-10.599599198396794,vote tie
2.1705410821643305,-10.599599198396794,vote tie
2.2112224448897813,-10.599599198396794,vote tie
2.251903807615232,-10.599599198396794,vote tie
2.2925851703406828,-10.599599198396794,vote tie
2.3332665330661335,-10.599599198396794,vote tie
2.3739478957915843,-10.599599198396794,vote tie
2.414629258517035,-10.599599198396794,vote tie
2.455310621242486,-10.599599198396794,vote tie
1.804408817635272,-10.556713426853706,vote tie
1.8450901803607227,-10.556713426853706,vote tie
1.8857715430861735,-10.556713426853706,vote tie
1.9264529058116242,-10.556713426853706,vote tie
1.967134268537075,-10.556713426853706,vote tie
2.0078156312625257,-10.556713426853706,vote tie
2.0484969939879765,-10.556713426853706,vote tie
2.089178356713427,-10.556713426853706,vote tie
2.129859719438878,-10.556713426853706,vote tie
2.1705410821643305,-10.556713426853706,vote tie
2.2112224448897813,-10.556713426853706,vote tie
2.251903807615232,-10.556713426853706,vote tie
2.2925851703406828,-10.556713426853706,vote tie
2.3332665330661335,-10.556713426853706,vote tie
2.3739478957915843,-10.556713426853706,vote tie
2.414629258517035,-10.556713426853706,vote tie
1.7637274549098212,-10.513827655310621,vote tie
1.804408817635272,-10.513827655310621,vote tie
1.8450901803607227,-10.513827655310621,vote tie
1.8857715430861735,-10.513827655310621,vote tie
1.9264529058116242,-10.513827655310621,vote tie
1.967134268537075,-10.513827655310621,vote tie
2.0078156312625257,-10.513827655310621,vote tie
2.0484969939879765,-10.513827655310621,vote tie
2.089178356713427,-10.513827655310621,vote tie
2.129859719438878,-10.513827655310621,vote tie
2.1705410821643305,-10.513827655310621,vote tie
2.2112224448897813,-10.513827655310621,vote tie
2.251903807615232,-10.513827655310621,vote tie
2.2925851703406828,-10.513827655310621,vote tie
2.3332665330661335,-10.513827655310621,vote tie
2.3739478957915843,-10.513827655310621,vote tie
1.7230460921843704,-10.470941883767534,vote tie
1.7637274549098212,-10.470941883767534,vote tie
1.804408817635272,-10.470941883767534,vote tie
1.8450901803607227,-10.470941883767534,vote tie
1.8857715430861735,-10.470941883767534,vote tie
1.9264529058116242,-10.470941883767534,vote tie
1.967134268537075,-10.470941883767534,vote tie
2.0078156312625257,-10.470941883767534,vote tie
2.0484969939879765,-10.470941883767534,vote tie
2.089178356713427,-10.470941883767534,vote tie
2.129859719438878,-10.470941883767534,vote tie
2.1705410821643305,-10.470941883767534,vote tie
2.2112224448897813,-10.470941883767534,vote tie
2.251903807615232,-10.470941883767534,vote tie
2.2925851703406828,-10.470941883767534,vote tie
2.3332665330661335,-10.470941883767534,vote tie
1.6823647294589197,-10.428056112224448,vote tie
1.7230460921843704,-10.428056112224448,vote tie
1.7637274549098212,-10.428056112224448,vote tie
1.804408817635272,-10.428056112224448,vote tie
1.8450901803607227,-10.428056112224448,vote tie
1.8857715430861735,-10.428056112224448,vote tie
1.9264529058116242,-10.428056112224448,vote tie
1.967134268537075,-10.428056112224448,vote tie
2.0078156312625257,-10.428056112224448,vote tie
2.0484969939879765,-10.428056112224448,vote tie
2.089178356713427,-10.428056112224448,vote tie
2.129859719438878,-10.428056112224448,vote tie
2.1705410821643305,-10.428056112224448,vote tie
2.2112224448897813,-10.428056112224448,vote tie
2.251903807615232,-10.428056112224448,vote tie
2.2925851703406828,-10.428056112224448,vote tie
1.6416833667334672,-10.385170340681363,vote tie
1.6823647294589197,-10.385170340681363,vote tie
1.7230460921843704,-10.385170340681363,vote tie
1.7637274549098212,-10.385170340681363,vote tie
1.804408817635272,-10.385170340681363,vote tie
1.8450901803607227,-10.385170340681363,vote tie
1.8857715430861735,-10.385170340681363,vote tie
1.9264529058116242,-10.385170340681363,vote tie
1.967134268537075,-10.385170340681363,vote tie
2.0078156312625257,-10.385170340681363,vote tie
2.0484969939879765,-10.385170340681363,vote tie
2.089178356713427,-10.385170340681363,vote tie
2.129859719438878,-10.385170340681363,vote tie
2.1705410821643305,-10.385170340681363,vote tie
2.2112224448897813,-10.385170340681363,vote tie
2.251903807615232,-10.385170340681363,vote tie
1.6416833667334672,-10.342284569138275,vote tie
1.6823647294589197,-10.342284569138275,vote tie
1.7230460921843704,-10.342284569138275,vote tie
1.7637274549098212,-10.342284569138275,vote tie
1.804408817635272,-10.342284569138275,vote tie
1.8450901803607227,-10.342284569138275,vote tie
1.8857715430861735,-10.342284569138275,vote tie
1.9264529058116242,-10.342284569138275,vote tie
1.967134268537075,-10.342284569138275,vote tie
2.0078156312625257,-10.342284569138275,vote tie
2.0484969939879765,-10.342284569138275,vote tie
2.089178356713427,-10.342284569138275,vote tie
2.129859719438878,-10.342284569138275,vote tie
2.1705410821643305,-10.342284569138275,vote tie
2.2112224448897813,-10.342284569138275,vote tie
1.6010020040080164,-10.29939879759519,vote tie
1.6416833667334672,-10.29939879759519,vote tie
1.6823647294589197,-10.29939879759519,vote tie
1.7230460921843704,-10.29939879759519,vote tie
1.7637274549098212,-10.29939879759519,vote tie
1.804408817635272,-10.29939879759519,vote tie
1.8450901803607227,-10.29939879759519,vote tie
1.8857715430861735,-10.29939879759519,vote tie
1.9264529058116242,-10.29939879759519,vote tie
1.967134268537075,-10.29939879759519,vote tie
2.0078156312625257,-10.29939879759519,vote tie
2.0484969939879765,-10.29939879759519,vote tie
2.089178356713427,-10.29939879759519,vote tie
2.129859719438878,-10.29939879759519,vote tie
2.1705410821643305,-10.29939879759519,vote tie
2.2112224448897813,-10.29939879759519,vote tie
1.5603206412825656,-10.256513026052104,vote tie
1.6010020040080164,-10.256513026052104,vote tie
1.6416833667334672,-10.256513026052104,vote tie
1.6823647294589197,-10.256513026052104,vote tie
1.7230460921843704,-10.256513026052104,vote tie
1.7637274549098212,-10.256513026052104,vote tie
1.804408817635272,-10.256513026052104,vote tie
1.8450901803607227,-10.256513026052104,vote tie
1.8857715430861735,-10.256513026052104,vote tie
1.9264529058116242,-10.256513026052104,vote tie
1.967134268537075,-10.256513026052104,vote tie
2.0078156312625257,-10.256513026052104,vote tie
2.0484969939879765,-10.256513026052104,vote tie
2.089178356713427,-10.256513026052104,vote tie
2.129859719438878,-10.256513026052104,vote tie
2.1705410821643305,-10.256513026052104,vote tie
1.519639278557115,-10.213627254509017,vote tie
1.5603206412825656,-10.213627254509017,vote tie
1.6010020040080164,-10.213627254509017,vote tie
1.6416833667334672,-10.213627254509017,vote tie
1.6823647294589197,-10.213627254509017,vote tie
1.7230460921843704,-10.213627254509017,vote tie
1.7637274549098212,-10.213627254509017,vote tie
1.804408817635272,-10.213627254509017,vote tie
1.8450901803607227,-10.213627254509017,vote tie
1.8857715430861735,-10.213627254509017,vote tie
1.9264529058116242,-10.213627254509017,vote tie
1.967134268537075,-10.213627254509017,vote tie
2.0078156312625257,-10.213627254509017,vote tie
2.0484969939879765,-10.213627254509017,vote tie
2.089178356713427,-10.213627254509017,vote tie
2.129859719438878,-10.213627254509017,vote tie
1.4789579158316641,-10.170741482965932,vote tie
1.519639278557115,-10.170741482965932,vote tie
1.5603206412825656,-10.170741482965932,vote tie
1.6010020040080164,-10.170741482965932,vote tie
1.6416833667334672,-10.170741482965932,vote tie
1.6823647294589197,-10.170741482965932,vote tie
1.7230460921843704,-10.170741482965932,vote tie
1.7637274549098212,-10.170741482965932,vote tie
1.804408817635272,-10.170741482965932,vote tie
1.8450901803607227,-10.170741482965932,vote tie
1.8857715430861735,-10.170741482965932,vote tie
1.9264529058116242,-10.170741482965932,vote tie
1.967134268537075,-10.170741482965932,vote tie
2.0078156312625257,-10.170741482965932,vote tie
2.0484969939879765,-10.170741482965932,vote tie
2.089178356713427,-10.170741482965932,vote tie
1.4382765531062134,-10.127855711422844,vote tie
1.4789579158316641,-10.127855711422844,vote tie
1.519639278557115,-10.127855711422844,vote tie
1.5603206412825656,-10.127855711422844,vote tie
1.6010020040080164,-10.127855711422844,vote tie
1.6416833667334672,-10.127855711422844,vote tie
1.6823647294589197,-10.127855711422844,vote tie
1.7230460921843704,-10.127855711422844,vote tie
1.7637274549098212,-10.127855711422844,vote tie
1.804408817635272,-10.127855711422844,vote tie
1.8450901803607227,-10.127855711422844,vote tie
1.8857715430861735,-10.127855711422844,vote tie
1.9264529058116242,-10.127855711422844,vote tie
1.967134268537075,-10.127855711422844,vote tie
2.0078156312625257,-10.127855711422844,vote tie
2.0484969939879765,-10.127855711422844,vote tie
1.3975951903807626,-10.084969939879759,vote tie
1.4382765531062134,-10.084969939879759,vote tie
1.4789579158316641,-10.084969939879759,vote tie
1.519639278557115,-10.084969939879759,vote tie
1.5603206412825656,-10.084969939879759,vote tie
1.6010020040080164,-10.084969939879759,vote tie
1.6416833667334672,-10.084969939879759,vote tie
1.6823647294589197,-10.084969939879759,vote tie
1.7230460921843704,-10.084969939879759,vote tie
1.7637274549098212,-10.084969939879759,vote tie
1.804408817635272,-10.084969939879759,vote tie
1.8450901803607227,-10.084969939879759,vote tie
1.8857715430861735,-10.084969939879759,vote tie
1.9264529058116242,-10.084969939879759,vote tie
1.967134268537075,-10.084969939879759,vote tie
2.0078156312625257,-10.084969939879759,vote tie
1.3569138276553119,-10.042084168336672,vote tie
1.3975951903807626,-10.042084168336672,vote tie
1.4382765531062134,-10.042084168336672,vote tie
1.4789579158316641,-10.042084168336672,vote tie
1.519639278557115,-10.042084168336672,vote tie
1.5603206412825656,-10.042084168336672,vote tie
1.6010020040080164,-10.042084168336672,vote tie
1.6416833667334672,-10.042084168336672,vote tie
1.6823647294589197,-10.042084168336672,vote tie
1.7230460921843704,-10.042084168336672,vote tie
1.7637274549098212,-10.042084168336672,vote tie
1.804408817635272,-10.042084168336672,vote tie
1.8450901803607227,-10.042084168336672,vote tie
1.8857715430861735,-10.042084168336672,vote tie
1.9264529058116242,-10.042084168336672,vote tie
1.967134268537075,-10.042084168336672,vote tie
1.3162324649298611,-9.999198396793586,vote tie
1.3569138276553119,-9.999198396793586,vote tie
1.3975951903807626,-9.999198396793586,vote tie
1.4382765531062134,-9.999198396793586,vote tie
1.4789579158316641,-9.999198396793586,vote tie
1.519639278557115,-9.999198396793586,vote tie
1.5603206412825656,-9.999198396793586,vote tie
1.6010020040080164,-9.999198396793586,vote tie
1.6416833667334672,-9.999198396793586,vote tie
1.6823647294589197,-9.999198396793586,vote tie
1.7230460921843704,-9.999198396793586,vote tie
1.7637274549098212,-9.999198396793586,vote tie
1.804408817635272,-9.999198396793586,vote tie
1.8450901803607227,-9.999198396793586,vote tie
1.8857715430861735,-9.999198396793586,vote tie
1.9264529058116242,-9.999198396793586,vote tie
1.2755511022044104,-9.9563126252505,vote tie
1.3162324649298611,-9.9563126252505,vote tie
1.3569138276553119,-9.9563126252505,vote tie
1.3975951903807626,-9.9563126252505,vote tie
1.4382765531062134,-9.9563126252505,vote tie
1.4789579158316641,-9.9563126252505,vote tie
1.519639278557115,-9.9563126252505,vote tie
1.5603206412825656,-9.9563126252505,vote tie
1.6010020040080164,-9.9563126252505,vote tie
1.6416833667334672,-9.9563126252505,vote tie
1.6823647294589197,-9.9563126252505,vote tie
1.7230460921843704,-9.9563126252505,vote tie
1.7637274549098212,-9.9563126252505,vote tie
1.804408817635272,-9.9563126252505,vote tie
1.8450901803607227,-9.9563126252505,vote tie
1.8857715430861735,-9.9563126252505,vote tie
1.9264529058116242,-9.9563126252505,vote tie
1.2348697394789596,-9.913426853707413,vote tie
1.2755511022044104,-9.913426853707413,vote tie
1.3162324649298611,-9.913426853707413,vote tie
1.3569138276553119,-9.913426853707413,vote tie
1.3975951903807626,-9.913426853707413,vote tie
1.4382765531062134,-9.913426853707413,vote tie
1.4789579158316641,-9.913426853707413,vote tie
1.519639278557115,-9.913426853707413,vote tie
1.5603206412825656,-9.913426853707413,vote tie
1.6010020040080164,-9.913426853707413,vote tie
1.6416833667334672,-9.913426853707413,vote tie
1.6823647294589197,-9.913426853707413,vote tie
1.7230460921843704,-9.913426853707413,vote tie
1.7637274549098212,-9.913426853707413,vote tie
1.804408817635272,-9.913426853707413,vote tie
1.8450901803607227,-9.913426853707413,vote tie
1.8857715430861735,-9.913426853707413,vote tie
1.194188376753507,-9.870541082164328,vote tie
1.2348697394789596,-9.870541082164328,vote tie
1.2755511022044104,-9.870541082164328,vote tie
1.3162324649298611,-9.870541082164328,vote tie
1.3569138276553119,-9.870541082164328,vote tie
1.3975951903807626,-9.870541082164328,vote tie
1.4382765531062134,-9.870541082164328,vote tie
1.4789579158316641,-9.870541082164328,vote tie
1.519639278557115,-9.870541082164328,vote tie
1.5603206412825656,-9.870541082164328,vote tie
1.6010020040080164,-9.870541082164328,vote tie
1.6416833667334672,-9.870541082164328,vote tie
1.6823647294589197,-9.870541082164328,vote tie
1.7230460921843704,-9.870541082164328,vote tie
1.7637274549098212,-9.870541082164328,vote tie
1.804408817635272,-9.870541082164328,vote tie
1.8450901803607227,-9.870541082164328,vote tie
1.1535070140280563,-9.827655310621243,vote tie
1.194188376753507,-9.827655310621243,vote tie
1.2348697394789596,-9.827655310621243,vote tie
1.2755511022044104,-9.827655310621243,vote tie
1.3162324649298611,-9.827655310621243,vote tie
1.3569138276553119,-9.827655310621243,vote tie
1.3975951903807626,-9.827655310621243,vote tie
1.4382765531062134,-9.827655310621243,vote tie
1.4789579158316641,-9.827655310621243,vote tie
1.519639278557115,-9.827655310621243,vote tie
1.5603206412825656,-9.827655310621243,vote tie
1.6010020040080164,-9.827655310621243,vote tie
1.6416833667334672,-9.827655310621243,vote tie
1.6823647294589197,-9.827655310621243,vote tie
1.7230460921843704,-9.827655310621243,vote tie
1.7637274549098212,-9.827655310621243,vote tie
1.804408817635272,-9.827655310621243,vote tie
1.1128256513026056,-9.784769539078155,vote tie
1.1535070140280563,-9.784769539078155,vote tie
1.194188376753507,-9.784769539078155,vote tie
1.2348697394789596,-9.784769539078155,vote tie
1.2755511022044104,-9.784769539078155,vote tie
1.3162324649298611,-9.784769539078155,vote tie
1.3569138276553119,-9.784769539078155,vote tie
1.3975951903807626,-9.784769539078155,vote tie
1.4382765531062134,-9.784769539078155,vote tie
1.4789579158316641,-9.784769539078155,vote tie
1.519639278557115,-9.784769539078155,vote tie
1.5603206412825656,-9.784769539078155,vote tie
1.6010020040080164,-9.784769539078155,vote tie
1.6416833667334672,-9.784769539078155,vote tie
1.6823647294589197,-9.784769539078155,vote tie
1.7230460921843704,-9.784769539078155,vote tie
1.7637274549098212,-9.784769539078155,vote tie
1.0721442885771548,-9.74188376753507,vote tie
1.1128256513026056,-9.74188376753507,vote tie
1.1535070140280563,-9.74188376753507,vote tie
1.194188376753507,-9.74188376753507,vote tie
1.2348697394789596,-9.74188376753507,vote tie
1.2755511022044104,-9.74188376753507,vote tie
1.3162324649298611,-9.74188376753507,vote tie
1.3569138276553119,-9.74188376753507,vote tie
1.3975951903807626,-9.74188376753507,vote tie
1.4382765531062134,-9.74188376753507,vote tie
1.4789579158316641,-9.74188376753507,vote tie
1.519639278557115,-9.74188376753507,vote tie
1.5603206412825656,-9.74188376753507,vote tie
1.6010020040080164,-9.74188376753507,vote tie
1.6416833667334672,-9.74188376753507,vote tie
1.6823647294589197,-9.74188376753507,vote tie
1.7230460921843704,-9.74188376753507,vote tie
1.031462925851704,-9.698997995991984,vote tie
1.0721442885771548,-9.698997995991984,vote tie
1.1128256513026056,-9.698997995991984,vote tie
1.1535070140280563,-9.698997995991984,vote tie
1.194188376753507,-9.698997995991984,vote tie
1.2348697394789596,-9.698997995991984,vote tie
1.2755511022044104,-9.698997995991984,vote tie
1.3162324649298611,-9.698997995991984,vote tie
1.3569138276553119,-9.698997995991984,vote tie
1.3975951903807626,-9.698997995991984,vote tie
1.4382765531062134,-9.698997995991984,vote tie
1.4789579158316641,-9.698997995991984,vote tie
1.519639278557115,-9.698997995991984,vote tie
1.5603206412825656,-9.698997995991984,vote tie
1.6010020040080164,-9.698997995991984,vote tie
1.6416833667334672,-9.698997995991984,vote tie
1.6823647294589197,-9.698997995991984,vote tie
1.031462925851704,-9.656112224448897,vote tie
1.0721442885771548,-9.656112224448897,vote tie
1.1128256513026056,-9.656112224448897,vote tie
1.1535070140280563,-9.656112224448897,vote tie
1.194188376753507,-9.656112224448897,vote tie
1.2348697394789596,-9.656112224448897,vote tie
1.2755511022044104,-9.656112224448897,vote tie
1.3162324649298611,-9.656112224448897,vote tie
1.3569138276553119,-9.656112224448897,vote tie
1.3975951903807626,-9.656112224448897,vote tie
1.4382765531062134,-9.656112224448897,vote tie
1.4789579158316641,-9.656112224448897,vote tie
1.519639278557115,-9.656112224448897,vote tie
1.5603206412825656,-9.656112224448897,vote tie
1.6010020040080164,-9.656112224448897,vote tie
1.6416833667334672,-9.656112224448897,vote tie
1.6823647294589197,-9.656112224448897,vote tie
0.9907815631262533,-9.613226452905812,vote tie
1.031462925851704,-9.613226452905812,vote tie
1.0721442885771548,-9.613226452905812,vote tie
1.1128256513026056,-9.613226452905812,vote tie
1.1535070140280563,-9.613226452905812,vote tie
1.194188376753507,-9.613226452905812,vote tie
1.2348697394789596,-9.613226452905812,vote tie
1.2755511022044104,-9.613226452905812,vote tie
1.3162324649298611,-9.613226452905812,vote tie
1.3569138276553119,-9.613226452905812,vote tie
1.3975951903807626,-9.613226452905812,vote tie
1.4382765531062134,-9.613226452905812,vote tie
1.4789579158316641,-9.613226452905812,vote tie
1.519639278557115,-9.613226452905812,vote tie
1.5603206412825656,-9.613226452905812,vote tie
1.6010020040080164,-9.613226452905812,vote tie
1.6416833667334672,-9.613226452905812,vote tie
0.9501002004008026,-9.570340681362724,vote tie
0.9907815631262533,-9.570340681362724,vote tie
1.031462925851704,-9.570340681362724,vote tie
1.0721442885771548,-9.570340681362724,vote tie
1.1128256513026056,-9.570340681362724,vote tie
1.1535070140280563,-9.570340681362724,vote tie
1.194188376753507,-9.570340681362724,vote tie
1.2348697394789596,-9.570340681362724,vote tie
1.2755511022044104,-9.570340681362724,vote tie
1.3162324649298611,-9.570340681362724,vote tie
1.3569138276553119,-9.570340681362724,vote tie
1.3975951903807626,-9.570340681362724,vote tie
1.4382765531062134,-9.570340681362724,vote tie
1.4789579158316641,-9.570340681362724,vote tie
1.519639278557115,-9.570340681362724,vote tie
1.5603206412825656,-9.570340681362724,vote tie
1.6010020040080164,-9.570340681362724,vote tie
0.9094188376753518,-9.527454909819639,vote tie
0.9501002004008026,-9.527454909819639,vote tie
0.9907815631262533,-9.527454909819639,vote tie
1.031462925851704,-9.527454909819639,vote tie
1.0721442885771548,-9.527454909819639,vote tie
1.1128256513026056,-9.527454909819639,vote tie
1.1535070140280563,-9.527454909819639,vote tie
1.194188376753507,-9.527454909819639,vote tie
1.2348697394789596,-9.527454909819639,vote tie
1.2755511022044104,-9.527454909819639,vote tie
1.3162324649298611,-9.527454909819639,vote tie
1.3569138276553119,-9.527454909819639,vote tie
1.3975951903807626,-9.527454909819639,vote tie
1.4382765531062134,-9.527454909819639,vote tie
1.4789579158316641,-9.527454909819639,vote tie
1.519639278557115,-9.527454909819639,vote tie
1.5603206412825656,-9.527454909819639,vote tie
0.8687374749499011,-9.484569138276552,vote tie
0.9094188376753518,-9.484569138276552,vote tie
0.9501002004008026,-9.484569138276552,vote tie
0.9907815631262533,-9.484569138276552,vote tie
1.031462925851704,-9.484569138276552,vote tie
1.0721442885771548,-9.484569138276552,vote tie
1.1128256513026056,-9.484569138276552,vote tie
1.1535070140280563,-9.484569138276552,vote tie
1.194188376753507,-9.484569138276552,vote tie
1.2348697394789596,-9.484569138276552,vote tie
1.2755511022044104,-9.484569138276552,vote tie
1.3162324649298611,-9.484569138276552,vote tie
1.3569138276553119,-9.484569138276552,vote tie
1.3975951903807626,-9.484569138276552,vote tie
1.4382765531062134,-9.484569138276552,vote tie
1.4789579158316641,-9.484569138276552,vote tie
1.519639278557115,-9.484569138276552,vote tie
0.8280561122244503,-9.441683366733466,vote tie
0.8687374749499011,-9.441683366733466,vote tie
0.9094188376753518,-9.441683366733466,vote tie
0.9501002004008026,-9.441683366733466,vote tie
0.9907815631262533,-9.441683366733466,vote tie
1.031462925851704,-9.441683366733466,vote tie
1.0721442885771548,-9.441683366733466,vote tie
1.1128256513026056,-9.441683366733466,vote tie
1.1535070140280563,-9.441683366733466,vote tie
1.194188376753507,-9.441683366733466,vote tie
1.2348697394789596,-9.441683366733466,vote tie
1.2755511022044104,-9.441683366733466,vote tie
1.3162324649298611,-9.441683366733466,vote tie
1.3569138276553119,-9.441683366733466,vote tie
1.3975951903807626,-9.441683366733466,vote tie
1.4382765531062134,-9.441683366733466,vote tie
1.4789579158316641,-9.441683366733466,vote tie
0.7873747494989995,-9.39879759519038,vote tie
0.8280561122244503,-9.39879759519038,vote tie
0.8687374749499011,-9.39879759519038,vote tie
0.9094188376753518,-9.39879759519038,vote tie
0.9501002004008026,-9.39879759519038,vote tie
0.9907815631262533,-9.39879759519038,vote tie
1.031462925851704,-9.39879759519038,vote tie
1.0721442885771548,-9.39879759519038,vote tie
1.1128256513026056,-9.39879759519038,vote tie
1.1535070140280563,-9.39879759519038,vote tie
1.194188376753507,-9.39879759519038,vote tie
1.2348697394789596,-9.39879759519038,vote tie
1.2755511022044104,-9.39879759519038,vote tie
1.3162324649298611,-9.39879759519038,vote tie
1.3569138276553119,-9.39879759519038,vote tie
1.3975951903807626,-9.39879759519038,vote tie
1.4382765531062134,-9.39879759519038,vote tie
0.7466933867735488,-9.355911823647293,vote tie
0.7873747494989995,-9.355911823647293,vote tie
0.8280561122244503,-9.355911823647293,vote tie
0.8687374749499011,-9.355911823647293,vote tie
0.9094188376753518,-9.355911823647293,vote tie
0.9501002004008026,-9.355911823647293,vote tie
0.9907815631262533,-9.355911823647293,vote tie
1.031462925851704,-9.355911823647293,vote tie
1.0721442885771548,-9.355911823647293,vote tie
1.1128256513026056,-9.355911823647293,vote tie
1.1535070140280563,-9.355911823647293,vote tie
1.194188376753507,-9.355911823647293,vote tie
1.2348697394789596,-9.355911823647293,vote tie
1.2755511022044104,-9.355911823647293,vote tie
1.3162324649298611,-9.355911823647293,vote tie
1.3569138276553119,-9.355911823647293,vote tie
1.3975951903807626,-9.355911823647293,vote tie
0.7060120240480963,-9.313026052104208,vote tie
0.7466933867735488,-9.313026052104208,vote tie
0.7873747494989995,-9.313026052104208,vote tie
0.8280561122244503,-9.313026052104208,vote tie
0.8687374749499011,-9.313026052104208,vote tie
0.9094188376753518,-9.313026052104208,vote tie
0.9501002004008026,-9.313026052104208,vote tie
0.9907815631262533,-9.313026052104208,vote tie
1.031462925851704,-9.313026052104208,vote tie
1.0721442885771548,-9.313026052104208,vote tie
1.1128256513026056,-9.313026052104208,vote tie
1.1535070140280563,-9.313026052104208,vote tie
1.194188376753507,-9.313026052104208,vote tie
1.2348697394789596,-9.313026052104208,vote tie
1.2755511022044104,-9.313026052104208,vote tie
1.3162324649298611,-9.313026052104208,vote tie
1.3569138276553119,-9.313026052104208,vote tie
1.3975951903807626,-9.313026052104208,vote tie
0.6653306613226455,-9.270140280561122,vote tie
0.7060120240480963,-9.270140280561122,vote tie
0.7466933867735488,-9.270140280561122,vote tie
0.7873747494989995,-9.270140280561122,vote tie
0.8280561122244503,-9.270140280561122,vote tie
0.8687374749499011,-9.270140280561122,vote tie
0.9094188376753518,-9.270140280561122,vote tie
0.9501002004008026,-9.270140280561122,vote tie
0.9907815631262533,-9.270140280561122,vote tie
1.031462925851704,-9.270140280561122,vote tie
1.0721442885771548,-9.270140280561122,vote tie
1.1128256513026056,-9.270140280561122,vote tie
1.1535070140280563,-9.270140280561122,vote tie
1.194188376753507,-9.270140280561122,vote tie
1.2348697394789596,-9.270140280561122,vote tie
1.2755511022044104,-9.270140280561122,vote tie
1.3162324649298611,-9.270140280561122,vote tie
1.3569138276553119,-9.270140280561122,vote tie
0.6246492985971948,-9.227254509018035,vote tie
0.6653306613226455,-9.227254509018035,vote tie
0.7060120240480963,-9.227254509018035,vote tie
0.7466933867735488,-9.227254509018035,vote tie
0.7873747494989995,-9.227254509018035,vote tie
0.8280561122244503,-9.227254509018035,vote tie
0.8687374749499011,-9.227254509018035,vote tie
0.9094188376753518,-9.227254509018035,vote tie
0.9501002004008026,-9.227254509018035,vote tie
0.9907815631262533,-9.227254509018035,vote tie
1.031462925851704,-9.227254509018035,vote tie
1.0721442885771548,-9.227254509018035,vote tie
1.1128256513026056,-9.227254509018035,vote tie
1.1535070140280563,-9.227254509018035,vote tie
1.194188376753507,-9.227254509018035,vote tie
1.2348697394789596,-9.227254509018035,vote tie
1.2755511022044104,-9.227254509018035,vote tie
1.3162324649298611,-9.227254509018035,vote tie
0.583967935871744,-9.18436873747495,vote tie
0.6246492985971948,-9.18436873747495,vote tie
0.6653306613226455,-9.18436873747495,vote tie
0.7060120240480963,-9.18436873747495,vote tie
0.7466933867735488,-9.18436873747495,vote tie
0.7873747494989995,-9.18436873747495,vote tie
0.8280561122244503,-9.18436873747495,vote tie
0.8687374749499011,-9.18436873747495,vote tie
0.9094188376753518,-9.18436873747495,vote tie
0.9501002004008026,-9.18436873747495,vote tie
0.9907815631262533,-9.18436873747495,vote tie
1.031462925851704,-9.18436873747495,vote tie
1.0721442885771548,-9.18436873747495,vote tie
1.1128256513026056,-9.18436873747495,vote tie
1.1535070140280563,-9.18436873747495,vote tie
1.194188376753507,-9.18436873747495,vote tie
1.2348697394789596,-9.18436873747495,vote tie
1.2755511022044104,-9.18436873747495,vote tie
0.5432865731462933,-9.141482965931864,vote tie
0.583967935871744,-9.141482965931864,vote tie
0.6246492985971948,-9.141482965931864,vote tie
0.6653306613226455,-9.141482965931864,vote tie
0.7060120240480963,-9.141482965931864,vote tie
0.7466933867735488,-9.141482965931864,vote tie
0.7873747494989995,-9.141482965931864,vote tie
0.8280561122244503,-9.141482965931864,vote tie
0.8687374749499011,-9.141482965931864,vote tie
0.9094188376753518,-9.141482965931864,vote tie
0.9501002004008026,-9.141482965931864,vote tie
0.9907815631262533,-9.141482965931864,vote tie
1.031462925851704,-9.141482965931864,vote tie
1.0721442885771548,-9.141482965931864,vote tie
1.1128256513026056,-9.141482965931864,vote tie
1.1535070140280563,-9.141482965931864,vote tie
1.194188376753507,-9.141482965931864,vote tie
1.2348697394789596,-9.141482965931864,vote tie
0.5026052104208425,-9.098597194388777,vote tie
0.5432865731462933,-9.098597194388777,vote tie
0.583967935871744,-9.098597194388777,vote tie
0.6246492985971948,-9.098597194388777,vote tie
0.6653306613226455,-9.098597194388777,vote tie
0.7060120240480963,-9.098597194388777,vote tie
0.7466933867735488,-9.098597194388777,vote tie
0.7873747494989995,-9.098597194388777,vote tie
0.8280561122244503,-9.098597194388777,vote tie
0.8687374749499011,-9.098597194388777,vote tie
0.9094188376753518,-9.098597194388777,vote tie
0.9501002004008026,-9.098597194388777,vote tie
0.9907815631262533,-9.098597194388777,vote tie
1.031462925851704,-9.098597194388777,vote tie
1.0721442885771548,-9.098597194388777,vote tie
1.1128256513026056,-9.098597194388777,vote tie
1.1535070140280563,-9.098597194388777,vote tie
1.194188376753507,-9.098597194388777,vote tie
0.46192384769539174,-9.055711422845691,vote tie
0.5026052104208425,-9.055711422845691,vote tie
0.5432865731462933,-9.055711422845691,vote tie
0.583967935871744,-9.055711422845691,vote tie
0.6246492985971948,-9.055711422845691,vote tie
0.6653306613226455,-9.055711422845691,vote tie
0.7060120240480963,-9.055711422845691,vote tie
0.7466933867735488,-9.055711422845691,vote tie
0.7873747494989995,-9.055711422845691,vote tie
0.8280561122244503,-9.055711422845691,vote tie
0.8687374749499011,-9.055711422845691,vote tie
0.9094188376753518,-9.055711422845691,vote tie
0.9501002004008026,-9.055711422845691,vote tie
0.9907815631262533,-9.055711422845691,vote tie
1.031462925851704,-9.055711422845691,vote tie
1.0721442885771548,-9.055711422845691,vote tie
1.1128256513026056,-9.055711422845691,vote tie
1.1535070140280563,-9.055711422845691,vote tie
0.421242484969941,-9.012825651302604,vote tie
0.46192384769539174,-9.012825651302604,vote tie
0.5026052104208425,-9.012825651302604,vote tie
0.5432865731462933,-9.012825651302604,vote tie
0.583967935871744,-9.012825651302604,vote tie
0.6246492985971948,-9.012825651302604,vote tie
0.6653306613226455,-9.012825651302604,vote tie
0.7060120240480963,-9.012825651302604,vote tie
0.7466933867735488,-9.012825651302604,vote tie
0.7873747494989995,-9.012825651302604,vote tie
0.8280561122244503,-9.012825651302604,vote tie
0.8687374749499011,-9.012825651302604,vote tie
0.9094188376753518,-9.012825651302604,vote tie
0.9501002004008026,-9.012825651302604,vote tie
0.9907815631262533,-9.012825651302604,vote tie
1.031462925851704,-9.012825651302604,vote tie
1.0721442885771548,-9.012825651302604,vote tie
1.1128256513026056,-9.012825651302604,vote tie
1.1535070140280563,-9.012825651302604,vote tie
0.421242484969941,-8.969939879759519,vote tie
0.46192384769539174,-8.969939879759519,vote tie
0.5026052104208425,-8.969939879759519,vote tie
0.5432865731462933,-8.969939879759519,vote tie
0.583967935871744,-8.969939879759519,vote tie
0.6246492985971948,-8.969939879759519,vote tie
0.6653306613226455,-8.969939879759519,vote tie
0.7060120240480963,-8.969939879759519,vote tie
0.7466933867735488,-8.969939879759519,vote tie
0.7873747494989995,-8.969939879759519,vote tie
0.8280561122244503,-8.969939879759519,vote tie
0.8687374749499011,-8.969939879759519,vote tie
0.9094188376753518,-8.969939879759519,vote tie
0.9501002004008026,-8.969939879759519,vote tie
0.9907815631262533,-8.969939879759519,vote tie
1.031462925851704,-8.969939879759519,vote tie
1.0721442885771548,-8.969939879759519,vote tie
1.1128256513026056,-8.969939879759519,vote tie
0.38056112224449024,-8.927054108216431,vote tie
0.421242484969941,-8.927054108216431,vote tie
0.46192384769539174,-8.927054108216431,vote tie
0.5026052104208425,-8.927054108216431,vote tie
0.5432865731462933,-8.927054108216431,vote tie
0.583967935871744,-8.927054108216431,vote tie
0.6246492985971948,-8.927054108216431,vote tie
0.6653306613226455,-8.927054108216431,vote tie
0.7060120240480963,-8.927054108216431,vote tie
0.7466933867735488,-8.927054108216431,vote tie
0.7873747494989995,-8.927054108216431,vote tie
0.8280561122244503,-8.927054108216431,vote tie
0.8687374749499011,-8.927054108216431,vote tie
0.9094188376753518,-8.927054108216431,vote tie
0.9501002004008026,-8.927054108216431,vote tie
0.9907815631262533,-8.927054108216431,vote tie
1.031462925851704,-8.927054108216431,vote tie
1.0721442885771548,-8.927054108216431,vote tie
0.3398797595190395,-8.884168336673346,vote tie
0.38056112224449024,-8.884168336673346,vote tie
0.421242484969941,-8.884168336673346,vote tie
0.46192384769539174,-8.884168336673346,vote tie
0.5026052104208425,-8.884168336673346,vote tie
0.5432865731462933,-8.884168336673346,vote tie
0.583967935871744,-8.884168336673346,vote tie
0.6246492985971948,-8.884168336673346,vote tie
0.6653306613226455,-8.884168336673346,vote tie
0.7060120240480963,-8.884168336673346,vote tie
0.7466933867735488,-8.884168336673346,vote tie
0.7873747494989995,-8.884168336673346,vote tie
0.8280561122244503,-8.884168336673346,vote tie
0.8687374749499011,-8.884168336673346,vote tie
0.9094188376753518,-8.884168336673346,vote tie
0.9501002004008026,-8.884168336673346,vote tie
0.9907815631262533,-8.884168336673346,vote tie
1.031462925851704,-8.884168336673346,vote tie
0.29919839679358873,-8.84128256513026,vote tie
0.3398797595190395,-8.84128256513026,vote tie
0.38056112224449024,-8.84128256513026,vote tie
0.421242484969941,-8.84128256513026,vote tie
0.46192384769539174,-8.84128256513026,vote tie
0.5026052104208425,-8.84128256513026,vote tie
0.5432865731462933,-8.84128256513026,vote tie
0.583967935871744,-8.84128256513026,vote tie
0.6246492985971948,-8.84128256513026,vote tie
0.6653306613226455,-8.84128256513026,vote tie
0.7060120240480963,-8.84128256513026,vote tie
0.7466933867735488,-8.84128256513026,vote tie
0.7873747494989995,-8.84128256513026,vote tie
0.8280561122244503,-8.84128256513026,vote tie
0.8687374749499011,-8.84128256513026,vote tie
0.9094188376753518,-8.84128256513026,vote tie
0.9501002004008026,-8.84128256513026,vote tie
0.9907815631262533,-8.84128256513026,vote tie
0.258517034068138,-8.798396793587173,vote tie
0.29919839679358873,-8.798396793587173,vote tie
0.3398797595190395,-8.798396793587173,vote tie
0.38056112224449024,-8.798396793587173,vote tie
0.421242484969941,-8.798396793587173,vote tie
0.46192384769539174,-8.798396793587173,vote tie
0.5026052104208425,-8.798396793587173,vote tie
0.5432865731462933,-8.798396793587173,vote tie
0.583967935871744,-8.798396793587173,vote tie
0.6246492985971948,-8.798396793587173,vote tie
0.6653306613226455,-8.798396793587173,vote tie
0.7060120240480963,-8.798396793587173,vote tie
0.7466933867735488,-8.798396793587173,vote tie
0.7873747494989995,-8.798396793587173,vote tie
0.8280561122244503,-8.798396793587173,vote tie
0.8687374749499011,-8.798396793587173,vote tie
0.9094188376753518,-8.798396793587173,vote tie
0.9501002004008026,-8.798396793587173,vote tie
0.21783567134268544,-8.755511022044088,vote tie
0.258517034068138,-8.755511022044088,vote tie
0.29919839679358873,-8.755511022044088,vote tie
0.3398797595190395,-8.755511022044088,vote tie
0.38056112224449024,-8.755511022044088,vote tie
0.421242484969941,-8.755511022044088,vote tie
0.46192384769539174,-8.755511022044088,vote tie
0.5026052104208425,-8.755511022044088,vote tie
0.5432865731462933,-8.755511022044088,vote tie
0.583967935871744,-8.755511022044088,vote tie
0.6246492985971948,-8.755511022044088,vote tie
0.6653306613226455,-8.755511022044088,vote tie
0.7060120240480963,-8.755511022044088,vote tie
0.7466933867735488,-8.755511022044088,vote tie
0.7873747494989995,-8.755511022044088,vote tie
0.8280561122244503,-8.755511022044088,vote tie
0.8687374749499011,-8.755511022044088,vote tie
0.9094188376753518,-8.755511022044088,vote tie
0.1771543086172347,-8.712625250501002,vote tie
0.21783567134268544,-8.712625250501002,vote tie
0.258517034068138,-8.712625250501002,vote tie
0.29919839679358873,-8.712625250501002,vote tie
0.3398797595190395,-8.712625250501002,vote tie
0.38056112224449024,-8.712625250501002,vote tie
0.421242484969941,-8.712625250501002,vote tie
0.46192384769539174,-8.712625250501002,vote tie
0.5026052104208425,-8.712625250501002,vote tie
0.5432865731462933,-8.712625250501002,vote tie
0.583967935871744,-8.712625250501002,vote tie
0.6246492985971948,-8.712625250501002,vote tie
0.6653306613226455,-8.712625250501002,vote tie
0.7060120240480963,-8.712625250501002,vote tie
0.7466933867735488,-8.712625250501002,vote tie
0.7873747494989995,-8.712625250501002,vote tie
0.8280561122244503,-8.712625250501002,vote tie
0.8687374749499011,-8.712625250501002,vote tie
0.13647294589178394,-8.669739478957915,vote tie
0.1771543086172347,-8.669739478957915,vote tie
0.21783567134268544,-8.669739478957915,vote tie
0.258517034068138,-8.669739478957915,vote tie
0.29919839679358873,-8.669739478957915,vote tie
0.3398797595190395,-8.669739478957915,vote tie
0.38056112224449024,-8.669739478957915,vote tie
0.421242484969941,-8.669739478957915,vote tie
0.46192384769539174,-8.669739478957915,vote tie
0.5026052104208425,-8.669739478957915,vote tie
0.5432865731462933,-8.669739478957915,vote tie
0.583967935871744,-8.669739478957915,vote tie
0.6246492985971948,-8.669739478957915,vote tie
0.6653306613226455,-8.669739478957915,vote tie
0.7060120240480963,-8.669739478957915,vote tie
0.7466933867735488,-8.669739478957915,vote tie
0.7873747494989995,-8.669739478957915,vote tie
0.8280561122244503,-8.669739478957915,vote tie
0.8687374749499011,-8.669739478957915,vote tie
0.09579158316633318,-8.62685370741483,vote tie
0.13647294589178394,-8.62685370741483,vote tie
0.1771543086172347,-8.62685370741483,vote tie
0.21783567134268544,-8.62685370741483,vote tie
0.258517034068138,-8.62685370741483,vote tie
0.29919839679358873,-8.62685370741483,vote tie
0.3398797595190395,-8.62685370741483,vote tie
0.38056112224449024,-8.62685370741483,vote tie
0.421242484969941,-8.62685370741483,vote tie
0.46192384769539174,-8.62685370741483,vote tie
0.5026052104208425,-8.62685370741483,vote tie
0.5432865731462933,-8.62685370741483,vote tie
0.583967935871744,-8.62685370741483,vote tie
0.6246492985971948,-8.62685370741483,vote tie
0.6653306613226455,-8.62685370741483,vote tie
0.7060120240480963,-8.62685370741483,vote tie
0.7466933867735488,-8.62685370741483,vote tie
0.7873747494989995,-8.62685370741483,vote tie
0.8280561122244503,-8.62685370741483,vote tie
0.05511022044088243,-8.583967935871744,vote tie
0.09579158316633318,-8.583967935871744,vote tie
0.13647294589178394,-8.583967935871744,vote tie
0.1771543086172347,-8.583967935871744,vote tie
0.21783567134268544,-8.583967935871744,vote tie
0.258517034068138,-8.583967935871744,vote tie
0.29919839679358873,-8.583967935871744,vote tie
0.3398797595190395,-8.583967935871744,vote tie
0.38056112224449024,-8.583967935871744,vote tie
0.421242484969941,-8.583967935871744,vote tie
0.46192384769539174,-8.583967935871744,vote tie
0.5026052104208425,-8.583967935871744,vote tie
0.5432865731462933,-8.583967935871744,vote tie
0.583967935871744,-8.583967935871744,vote tie
0.6246492985971948,-8.583967935871744,vote tie
0.6653306613226455,-8.583967935871744,vote tie
0.7060120240480963,-8.583967935871744,vote tie
0.7466933867735488,-8.583967935871744,vote tie
0.7873747494989995,-8.583967935871744,vote tie
0.014428857715431676,-8.541082164328657,vote tie
0.05511022044088243,-8.541082164328657,vote tie
0.09579158316633318,-8.541082164328657,vote tie
0.13647294589178394,-8.541082164328657,vote tie
0.1771543086172347,-8.541082164328657,vote tie
0.21783567134268544,-8.541082164328657,vote tie
0.258517034068138,-8.541082164328657,vote tie
0.29919839679358873,-8.541082164328657,vote tie
0.3398797595190395,-8.541082164328657,vote tie
0.38056112224449024,-8.541082164328657,vote tie
0.421242484969941,-8.541082164328657,vote tie
0.46192384769539174,-8.541082164328657,vote tie
0.5026052104208425,-8.541082164328657,vote tie
0.5432865731462933,-8.541082164328657,vote tie
0.583967935871744,-8.541082164328657,vote tie
0.6246492985971948,-8.541082164328657,vote tie
0.6653306613226455,-8.541082164328657,vote tie
0.7060120240480963,-8.541082164328657,vote tie
0.7466933867735488,-8.541082164328657,vote tie
-0.026252505010019078,-8.498196392785571,vote tie
0.014428857715431676,-8.498196392785571,vote tie
0.05511022044088243,-8.498196392785571,vote tie
0.09579158316633318,-8.498196392785571,vote tie
0.13647294589178394,-8.498196392785571,vote tie
0.1771543086172347,-8.498196392785571,vote tie
0.21783567134268544,-8.498196392785571,vote tie
0.258517034068138,-8.498196392785571,vote tie
0.29919839679358873,-8.498196392785571,vote tie
0.3398797595190395,-8.498196392785571,vote tie
0.38056112224449024,-8.498196392785571,vote tie
0.421242484969941,-8.498196392785571,vote tie
0.46192384769539174,-8.498196392785571,vote tie
0.5026052104208425,-8.498196392785571,vote tie
0.5432865731462933,-8.498196392785571,vote tie
0.583967935871744,-8.498196392785571,vote tie
0.6246492985971948,-8.498196392785571,vote tie
0.6653306613226455,-8.498196392785571,vote tie
0.7060120240480963,-8.498196392785571,vote tie
-0.06693386773546983,-8.455310621242484,vote tie
-0.026252505010019078,-8.455310621242484,vote tie
0.014428857715431676,-8.455310621242484,vote tie
0.05511022044088243,-8.455310621242484,vote tie
0.09579158316633318,-8.455310621242484,vote tie
0.13647294589178394,-8.455310621242484,vote tie
0.1771543086172347,-8.455310621242484,vote tie
0.21783567134268544,-8.455310621242484,vote tie
0.258517034068138,-8.455310621242484,vote tie
0.29919839679358873,-8.455310621242484,vote tie
0.3398797595190395,-8.455310621242484,vote tie
0.38056112224449024,-8.455310621242484,vote tie
0.421242484969941,-8.455310621242484,vote tie
0.46192384769539174,-8.455310621242484,vote tie
0.5026052104208425,-8.455310621242484,vote tie
0.5432865731462933,-8.455310621242484,vote tie
0.583967935871744,-8.455310621242484,vote tie
0.6246492985971948,-8.455310621242484,vote tie
0.6653306613226455,-8.455310621242484,vote tie
-0.10761523046092059,-8.412424849699399,vote tie
-0.06693386773546983,-8.412424849699399,vote tie
-0.026252505010019078,-8.412424849699399,vote tie
0.014428857715431676,-8.412424849699399,vote tie
0.05511022044088243,-8.412424849699399,vote tie
0.09579158316633318,-8.412424849699399,vote tie
0.13647294589178394,-8.412424849699399,vote tie
0.1771543086172347,-8.412424849699399,vote tie
0.21783567134268544,-8.412424849699399,vote tie
0.258517034068138,-8.412424849699399,vote tie
0.29919839679358873,-8.412424849699399,vote tie
0.3398797595190395,-8.412424849699399,vote tie
0.38056112224449024,-8.412424849699399,vote tie
0.421242484969941,-8.412424849699399,vote tie
0.46192384769539174,-8.412424849699399,vote tie
0.5026052104208425,-8.412424849699399,vote tie
0.5432865731462933,-8.412424849699399,vote tie
0.583967935871744,-8.412424849699399,vote tie
0.6246492985971948,-8.412424849699399,vote tie
-0.14829659318637134,-8.369539078156311,vote tie
-0.10761523046092059,-8.369539078156311,vote tie
-0.06693386773546983,-8.369539078156311,vote tie
-0.026252505010019078,-8.369539078156311,vote tie
0.014428857715431676,-8.369539078156311,vote tie
0.05511022044088243,-8.369539078156311,vote tie
0.09579158316633318,-8.369539078156311,vote tie
0.13647294589178394,-8.369539078156311,vote tie
0.1771543086172347,-8.369539078156311,vote tie
0.21783567134268544,-8.369539078156311,vote tie
0.258517034068138,-8.369539078156311,vote tie
0.29919839679358873,-8.369539078156311,vote tie
0.3398797595190395,-8.369539078156311,vote tie
0.38056112224449024,-8.369539078156311,vote tie
0.421242484969941,-8.369539078156311,vote tie
0.46192384769539174,-8.369539078156311,vote tie
0.5026052104208425,-8.369539078156311,vote tie
0.5432865731462933,-8.369539078156311,vote tie
0.583967935871744,-8.369539078156311,vote tie
0.6246492985971948,-8.369539078156311,vote tie
-0.1889779559118221,-8.326653306613226,vote tie
-0.14829659318637134,-8.326653306613226,vote tie
-0.10761523046092059,-8.326653306613226,vote tie
-0.06693386773546983,-8.326653306613226,vote tie
-0.026252505010019078,-8.326653306613226,vote tie
0.014428857715431676,-8.326653306613226,vote tie
0.05511022044088243,-8.326653306613226,vote tie
0.09579158316633318,-8.326653306613226,vote tie
0.13647294589178394,-8.326653306613226,vote tie
0.1771543086172347,-8.326653306613226,vote tie
0.21783567134268544,-8.326653306613226,vote tie
0.258517034068138,-8.326653306613226,vote tie
0.29919839679358873,-8.326653306613226,vote tie
0.3398797595190395,-8.326653306613226,vote tie
0.38056112224449024,-8.326653306613226,vote tie
0.421242484969941,-8.326653306613226,vote tie
0.46192384769539174,-8.326653306613226,vote tie
0.5026052104208425,-8.326653306613226,vote tie
0.5432865731462933,-8.326653306613226,vote tie
0.583967935871744,-8.326653306613226,vote tie
-0.1889779559118221,-8.28376753507014,vote tie
-0.14829659318637134,-8.28376753507014,vote tie
-0.10761523046092059,-8.28376753507014,vote tie
-0.06693386773546983,-8.28376753507014,vote tie
-0.026252505010019078,-8.28376753507014,vote tie
0.014428857715431676,-8.28376753507014,vote tie
0.05511022044088243,-8.28376753507014,vote tie
0.09579158316633318,-8.28376753507014,vote tie
0.13647294589178394,-8.28376753507014,vote tie
0.1771543086172347,-8.28376753507014,vote tie
0.21783567134268544,-8.28376753507014,vote tie
0.258517034068138,-8.28376753507014,vote tie
0.29919839679358873,-8.28376753507014,vote tie
0.3398797595190395,-8.28376753507014,vote tie
0.38056112224449024,-8.28376753507014,vote tie
0.421242484969941,-8.28376753507014,vote tie
0.46192384769539174,-8.28376753507014,vote tie
0.5026052104208425,-8.28376753507014,vote tie
0.5432865731462933,-8.28376753507014,vote tie
-0.22965931863727462,-8.240881763527053,vote tie
-0.1889779559118221,-8.240881763527053,vote tie
-0.14829659318637134,-8.240881763527053,vote tie
-0.10761523046092059,-8.240881763527053,vote tie
-0.06693386773546983,-8.240881763527053,vote tie
-0.026252505010019078,-8.240881763527053,vote tie
0.014428857715431676,-8.240881763527053,vote tie
0.05511022044088243,-8.240881763527053,vote tie
0.09579158316633318,-8.240881763527053,vote tie
0.13647294589178394,-8.240881763527053,vote tie
0.1771543086172347,-8.240881763527053,vote tie
0.21783567134268544,-8.240881763527053,vote tie
0.258517034068138,-8.240881763527053,vote tie
0.29919839679358873,-8.240881763527053,vote tie
0.3398797595190395,-8.240881763527053,vote tie
0.38056112224449024,-8.240881763527053,vote tie
0.421242484969941,-8.240881763527053,vote tie
0.46192384769539174,-8.240881763527053,vote tie
0.5026052104208425,-8.240881763527053,vote tie
-0.2703406813627254,-8.197995991983968,vote tie
-0.22965931863727462,-8.197995991983968,vote tie
-0.1889779559118221,-8.197995991983968,vote tie
-0.14829659318637134,-8.197995991983968,vote tie
-0.10761523046092059,-8.197995991983968,vote tie
-0.06693386773546983,-8.197995991983968,vote tie
-0.026252505010019078,-8.197995991983968,vote tie
0.014428857715431676,-8.197995991983968,vote tie
0.05511022044088243,-8.197995991983968,vote tie
0.09579158316633318,-8.197995991983968,vote tie
0.13647294589178394,-8.197995991983968,vote tie
0.1771543086172347,-8.197995991983968,vote tie
0.21783567134268544,-8.197995991983968,vote tie
0.258517034068138,-8.197995991983968,vote tie
0.29919839679358873,-8.197995991983968,vote tie
0.3398797595190395,-8.197995991983968,vote tie
0.38056112224449024,-8.197995991983968,vote tie
0.421242484969941,-8.197995991983968,vote tie
0.46192384769539174,-8.197995991983968,vote tie
-0.31102204408817613,-8.155110220440882,vote tie
-0.2703406813627254,-8.155110220440882,vote tie
-0.22965931863727462,-8.155110220440882,vote tie
-0.1889779559118221,-8.155110220440882,vote tie
-0.14829659318637134,-8.155110220440882,vote tie
-0.10761523046092059,-8.155110220440882,vote tie
-0.06693386773546983,-8.155110220440882,vote tie
-0.026252505010019078,-8.155110220440882,vote tie
0.014428857715431676,-8.155110220440882,vote tie
0.05511022044088243,-8.155110220440882,vote tie
0.09579158316633318,-8.155110220440882,vote tie
0.13647294589178394,-8.155110220440882,vote tie
0.1771543086172347,-8.155110220440882,vote tie
0.21783567134268544,-8.155110220440882,vote tie
0.258517034068138,-8.155110220440882,vote tie
0.29919839679358873,-8.155110220440882,vote tie
0.3398797595190395,-8.155110220440882,vote tie
0.38056112224449024,-8.155110220440882,vote tie
0.421242484969941,-8.155110220440882,vote tie
-0.3517034068136269,-8.112224448897795,vote tie
-0.31102204408817613,-8.112224448897795,vote tie
-0.2703406813627254,-8.112224448897795,vote tie
-0.22965931863727462,-8.112224448897795,vote tie
-0.1889779559118221,-8.112224448897795,vote tie
-0.14829659318637134,-8.112224448897795,vote tie
-0.10761523046092059,-8.112224448897795,vote tie
-0.06693386773546983,-8.112224448897795,vote tie
-0.026252505010019078,-8.112224448897795,vote tie
0.014428857715431676,-8.112224448897795,vote tie
0.05511022044088243,-8.112224448897795,vote tie
0.09579158316633318,-8.112224448897795,vote tie
0.13647294589178394,-8.112224448897795,vote tie
0.1771543086172347,-8.112224448897795,vote tie
0.21783567134268544,-8.112224448897795,vote tie
0.258517034068138,-8.112224448897795,vote tie
0.29919839679358873,-8.112224448897795,vote tie
0.3398797595190395,-8.112224448897795,vote tie
0.38056112224449024,-8.112224448897795,vote tie
-0.39238476953907764,-8.06933867735471,vote tie
-0.3517034068136269,-8.06933867735471,vote tie
-0.31102204408817613,-8.06933867735471,vote tie
-0.2703406813627254,-8.06933867735471,vote tie
-0.22965931863727462,-8.06933867735471,vote tie
-0.1889779559118221,-8.06933867735471,vote tie
-0.14829659318637134,-8.06933867735471,vote tie
-0.10761523046092059,-8.06933867735471,vote tie
-0.06693386773546983,-8.06933867735471,vote tie
-0.026252505010019078,-8.06933867735471,vote tie
0.014428857715431676,-8.06933867735471,vote tie
0.05511022044088243,-8.06933867735471,vote tie
0.09579158316633318,-8.06933867735471,vote tie
0.13647294589178394,-8.06933867735471,vote tie
0.1771543086172347,-8.06933867735471,vote tie
0.21783567134268544,-8.06933867735471,vote tie
0.258517034068138,-8.06933867735471,vote tie
0.29919839679358873,-8.06933867735471,vote tie
0.3398797595190395,-8.06933867735471,vote tie
0.38056112224449024,-8.06933867735471,vote tie
-0.4330661322645284,-8.026452905811624,vote tie
-0.39238476953907764,-8.026452905811624,vote tie
-0.3517034068136269,-8.026452905811624,vote tie
-0.31102204408817613,-8.026452905811624,vote tie
-0.2703406813627254,-8.026452905811624,vote tie
-0.22965931863727462,-8.026452905811624,vote tie
-0.1889779559118221,-8.026452905811624,vote tie
-0.14829659318637134,-8.026452905811624,vote tie
-0.10761523046092059,-8.026452905811624,vote tie
-0.06693386773546983,-8.026452905811624,vote tie
-0.026252505010019078,-8.026452905811624,vote tie
0.014428857715431676,-8.026452905811624,vote tie
0.05511022044088243,-8.026452905811624,vote tie
0.09579158316633318,-8.026452905811624,vote tie
0.13647294589178394,-8.026452905811624,vote tie
0.1771543086172347,-8.026452905811624,vote tie
0.21783567134268544,-8.026452905811624,vote tie
0.258517034068138,-8.026452905811624,vote tie
0.29919839679358873,-8.026452905811624,vote tie
0.3398797595190395,-8.026452905811624,vote tie
-0.47374749498997915,-7.983567134268537,vote tie
-0.4330661322645284,-7.983567134268537,vote tie
-0.39238476953907764,-7.983567134268537,vote tie
-0.3517034068136269,-7.983567134268537,vote tie
-0.31102204408817613,-7.983567134268537,vote tie
-0.2703406813627254,-7.983567134268537,vote tie
-0.22965931863727462,-7.983567134268537,vote tie
-0.1889779559118221,-7.983567134268537,vote tie
-0.14829659318637134,-7.983567134268537,vote tie
-0.10761523046092059,-7.983567134268537,vote tie
-0.06693386773546983,-7.983567134268537,vote tie
-0.026252505010019078,-7.983567134268537,vote tie
0.014428857715431676,-7.983567134268537,vote tie
0.05511022044088243,-7.983567134268537,vote tie
0.09579158316633318,-7.983567134268537,vote tie
0.13647294589178394,-7.983567134268537,vote tie
0.1771543086172347,-7.983567134268537,vote tie
0.21783567134268544,-7.983567134268537,vote tie
0.258517034068138,-7.983567134268537,vote tie
0.29919839679358873,-7.983567134268537,vote tie
-0.5144288577154299,-7.94068136272545,vote tie
-0.47374749498997915,-7.94068136272545,vote tie
-0.4330661322645284,-7.94068136272545,vote tie
-0.39238476953907764,-7.94068136272545,vote tie
-0.3517034068136269,-7.94068136272545,vote tie
-0.31102204408817613,-7.94068136272545,vote tie
-0.2703406813627254,-7.94068136272545,vote tie
-0.22965931863727462,-7.94068136272545,vote tie
-0.1889779559118221,-7.94068136272545,vote tie
-0.14829659318637134,-7.94068136272545,vote tie
-0.10761523046092059,-7.94068136272545,vote tie
-0.06693386773546983,-7.94068136272545,vote tie
-0.026252505010019078,-7.94068136272545,vote tie
0.014428857715431676,-7.94068136272545,vote tie
0.05511022044088243,-7.94068136272545,vote tie
0.09579158316633318,-7.94068136272545,vote tie
0.13647294589178394,-7.94068136272545,vote tie
0.1771543086172347,-7.94068136272545,vote tie
0.21783567134268544,-7.94068136272545,vote tie
0.258517034068138,-7.94068136272545,vote tie
-0.5551102204408807,-7.897795591182364,vote tie
-0.5144288577154299,-7.897795591182364,vote tie
-0.47374749498997915,-7.897795591182364,vote tie
-0.4330661322645284,-7.897795591182364,vote tie
-0.39238476953907764,-7.897795591182364,vote tie
-0.3517034068136269,-7.897795591182364,vote tie
-0.31102204408817613,-7.897795591182364,vote tie
-0.2703406813627254,-7.897795591182364,vote tie
-0.22965931863727462,-7.897795591182364,vote tie
-0.1889779559118221,-7.897795591182364,vote tie
-0.14829659318637134,-7.897795591182364,vote tie
-0.10761523046092059,-7.897795591182364,vote tie
-0.06693386773546983,-7.897795591182364,vote tie
-0.026252505010019078,-7.897795591182364,vote tie
0.014428857715431676,-7.897795591182364,vote tie
0.05511022044088243,-7.897795591182364,vote tie
0.09579158316633318,-7.897795591182364,vote tie
0.13647294589178394,-7.897795591182364,vote tie
0.1771543086172347,-7.897795591182364,vote tie
0.21783567134268544,-7.897795591182364,vote tie
-0.5957915831663314,-7.854909819639278,vote tie
-0.5551102204408807,-7.854909819639278,vote tie
-0.5144288577154299,-7.854909819639278,vote tie
-0.47374749498997915,-7.854909819639278,vote tie
-0.4330661322645284,-7.854909819639278,vote tie
-0.39238476953907764,-7.854909819639278,vote tie
-0.3517034068136269,-7.854909819639278,vote tie
-0.31102204408817613,-7.854909819639278,vote tie
-0.2703406813627254,-7.854909819639278,vote tie
-0.22965931863727462,-7.854909819639278,vote tie
-0.1889779559118221,-7.854909819639278,vote tie
-0.14829659318637134,-7.854909819639278,vote tie
-0.10761523046092059,-7.854909819639278,vote tie
-0.06693386773546983,-7.854909819639278,vote tie
-0.026252505010019078,-7.854909819639278,vote tie
0.014428857715431676,-7.854909819639278,vote tie
0.05511022044088243,-7.854909819639278,vote tie
0.09579158316633318,-7.854909819639278,vote tie
0.13647294589178394,-7.854909819639278,vote tie
0.1771543086172347,-7.854909819639278,vote tie
-0.6364729458917822,-7.812024048096192,vote tie
-0.5957915831663314,-7.812024048096192,vote tie
-0.5551102204408807,-7.812024048096192,vote tie
-0.5144288577154299,-7.812024048096192,vote tie
-0.47374749498997915,-7.812024048096192,vote tie
-0.4330661322645284,-7.812024048096192,vote tie
-0.39238476953907764,-7.812024048096192,vote tie
-0.3517034068136269,-7.812024048096192,vote tie
-0.31102204408817613,-7.812024048096192,vote tie
-0.2703406813627254,-7.812024048096192,vote tie
-0.22965931863727462,-7.812024048096192,vote tie
-0.1889779559118221,-7.812024048096192,vote tie
-0.14829659318637134,-7.812024048096192,vote tie
-0.10761523046092059,-7.812024048096192,vote tie
-0.06693386773546983,-7.812024048096192,vote tie
-0.026252505010019078,-7.812024048096192,vote tie
0.014428857715431676,-7.812024048096192,vote tie
0.05511022044088243,-7.812024048096192,vote tie
0.09579158316633318,-7.812024048096192,vote tie
0.13647294589178394,-7.812024048096192,vote tie
-0.6771543086172329,-7.769138276553106,vote tie
-0.6364729458917822,-7.769138276553106,vote tie
-0.5957915831663314,-7.769138276553106,vote tie
-0.5551102204408807,-7.769138276553106,vote tie
-0.5144288577154299,-7.769138276553106,vote tie
-0.47374749498997915,-7.769138276553106,vote tie
-0.4330661322645284,-7.769138276553106,vote tie
-0.39238476953907764,-7.769138276553106,vote tie
-0.3517034068136269,-7.769138276553106,vote tie
-0.31102204408817613,-7.769138276553106,vote tie
-0.2703406813627254,-7.769138276553106,vote tie
-0.22965931863727462,-7.769138276553106,vote tie
-0.1889779559118221,-7.769138276553106,vote tie
-0.14829659318637134,-7.769138276553106,vote tie
-0.10761523046092059,-7.769138276553106,vote tie
-0.06693386773546983,-7.769138276553106,vote tie
-0.026252505010019078,-7.769138276553106,vote tie
0.014428857715431676,-7.769138276553106,vote tie
0.05511022044088243,-7.769138276553106,vote tie
0.09579158316633318,-7.769138276553106,vote tie
-0.7178356713426854,-7.72625250501002,vote tie
-0.6771543086172329,-7.72625250501002,vote tie
-0.6364729458917822,-7.72625250501002,vote tie
-0.5957915831663314,-7.72625250501002,vote tie
-0.5551102204408807,-7.72625250501002,vote tie
-0.5144288577154299,-7.72625250501002,vote tie
-0.47374749498997915,-7.72625250501002,vote tie
-0.4330661322645284,-7.72625250501002,vote tie
-0.39238476953907764,-7.72625250501002,vote tie
-0.3517034068136269,-7.72625250501002,vote tie
-0.31102204408817613,-7.72625250501002,vote tie
-0.2703406813627254,-7.72625250501002,vote tie
-0.22965931863727462,-7.72625250501002,vote tie
-0.1889779559118221,-7.72625250501002,vote tie
-0.14829659318637134,-7.72625250501002,vote tie
-0.10761523046092059,-7.72625250501002,vote tie
-0.06693386773546983,-7.72625250501002,vote tie
-0.026252505010019078,-7.72625250501002,vote tie
0.014428857715431676,-7.72625250501002,vote tie
0.05511022044088243,-7.72625250501002,vote tie
0.09579158316633318,-7.72625250501002,vote tie
-0.7585170340681362,-7.683366733466933,vote tie
-0.7178356713426854,-7.683366733466933,vote tie
-0.6771543086172329,-7.683366733466933,vote tie
-0.6364729458917822,-7.683366733466933,vote tie
-0.5957915831663314,-7.683366733466933,vote tie
-0.5551102204408807,-7.683366733466933,vote tie
-0.5144288577154299,-7.683366733466933,vote tie
-0.47374749498997915,-7.683366733466933,vote tie
-0.4330661322645284,-7.683366733466933,vote tie
-0.39238476953907764,-7.683366733466933,vote tie
-0.3517034068136269,-7.683366733466933,vote tie
-0.31102204408817613,-7.683366733466933,vote tie
-0.2703406813627254,-7.683366733466933,vote tie
-0.22965931863727462,-7.683366733466933,vote tie
-0.1889779559118221,-7.683366733466933,vote tie
-0.14829659318637134,-7.683366733466933,vote tie
-0.10761523046092059,-7.683366733466933,vote tie
-0.06693386773546983,-7.683366733466933,vote tie
-0.026252505010019078,-7.683366733466933,vote tie
0.014428857715431676,-7.683366733466933,vote tie
0.05511022044088243,-7.683366733466933,vote tie
-0.799198396793587,-7.640480961923847,vote tie
-0.7585170340681362,-7.640480961923847,vote tie
-0.7178356713426854,-7.640480961923847,vote tie
-0.6771543086172329,-7.640480961923847,vote tie
-0.6364729458917822,-7.640480961923847,vote tie
-0.5957915831663314,-7.640480961923847,vote tie
-0.5551102204408807,-7.640480961923847,vote tie
-0.5144288577154299,-7.640480961923847,vote tie
-0.47374749498997915,-7.640480961923847,vote tie
-0.4330661322645284,-7.640480961923847,vote tie
-0.39238476953907764,-7.640480961923847,vote tie
-0.3517034068136269,-7.640480961923847,vote tie
-0.31102204408817613,-7.640480961923847,vote tie
-0.2703406813627254,-7.640480961923847,vote tie
-0.22965931863727462,-7.640480961923847,vote tie
-0.1889779559118221,-7.640480961923847,vote tie
-0.14829659318637134,-7.640480961923847,vote tie
-0.10761523046092059,-7.640480961923847,vote tie
-0.06693386773546983,-7.640480961923847,vote tie
-0.026252505010019078,-7.640480961923847,vote tie
0.014428857715431676,-7.640480961923847,vote tie
-0.799198396793587,-7.597595190380761,vote tie
-0.7585170340681362,-7.597595190380761,vote tie
-0.7178356713426854,-7.597595190380761,vote tie
-0.6771543086172329,-7.597595190380761,vote tie
-0.6364729458917822,-7.597595190380761,vote tie
-0.5957915831663314,-7.597595190380761,vote tie
-0.5551102204408807,-7.597595190380761,vote tie
-0.5144288577154299,-7.597595190380761,vote tie
-0.47374749498997915,-7.597595190380761,vote tie
-0.4330661322645284,-7.597595190380761,vote tie
-0.39238476953907764,-7.597595190380761,vote tie
-0.3517034068136269,-7.597595190380761,vote tie
-0.31102204408817613,-7.597595190380761,vote tie
-0.2703406813627254,-7.597595190380761,vote tie
-0.22965931863727462,-7.597595190380761,vote tie
-0.1889779559118221,-7.597595190380761,vote tie
-0.14829659318637134,-7.597595190380761,vote tie
-0.10761523046092059,-7.597595190380761,vote tie
-0.06693386773546983,-7.597595190380761,vote tie
-0.026252505010019078,-7.597595190380761,vote tie
-0.8398797595190377,-7.554709418837675,vote tie
-0.799198396793587,-7.554709418837675,vote tie
-0.7585170340681362,-7.554709418837675,vote tie
-0.7178356713426854,-7.554709418837675,vote tie
-0.6771543086172329,-7.554709418837675,vote tie
-0.6364729458917822,-7.554709418837675,vote tie
-0.5957915831663314,-7.554709418837675,vote tie
-0.5551102204408807,-7.554709418837675,vote tie
-0.5144288577154299,-7.554709418837675,vote tie
-0.47374749498997915,-7.554709418837675,vote tie
-0.4330661322645284,-7.554709418837675,vote tie
-0.39238476953907764,-7.554709418837675,vote tie
-0.3517034068136269,-7.554709418837675,vote tie
-0.31102204408817613,-7.554709418837675,vote tie
-0.2703406813627254,-7.554709418837675,vote tie
-0.22965931863727462,-7.554709418837675,vote tie
-0.1889779559118221,-7.554709418837675,vote tie
-0.14829659318637134,-7.554709418837675,vote tie
-0.10761523046092059,-7.554709418837675,vote tie
-0.06693386773546983,-7.554709418837675,vote tie
-0.8805611222444885,-7.511823647294589,vote tie
-0.8398797595190377,-7.511823647294589,vote tie
-0.799198396793587,-7.511823647294589,vote tie
-0.7585170340681362,-7.511823647294589,vote tie
-0.7178356713426854,-7.511823647294589,vote tie
-0.6771543086172329,-7.511823647294589,vote tie
-0.6364729458917822,-7.511823647294589,vote tie
-0.5957915831663314,-7.511823647294589,vote tie
-0.5551102204408807,-7.511823647294589,vote tie
-0.5144288577154299,-7.511823647294589,vote tie
-0.47374749498997915,-7.511823647294589,vote tie
-0.4330661322645284,-7.511823647294589,vote tie
-0.39238476953907764,-7.511823647294589,vote tie
-0.3517034068136269,-7.511823647294589,vote tie
-0.31102204408817613,-7.511823647294589,vote tie
-0.2703406813627254,-7.511823647294589,vote tie
-0.22965931863727462,-7.511823647294589,vote tie
-0.1889779559118221,-7.511823647294589,vote tie
-0.14829659318637134,-7.511823647294589,vote tie
-0.10761523046092059,-7.511823647294589,vote tie
-0.9212424849699392,-7.468937875751502,vote tie
-0.8805611222444885,-7.468937875751502,vote tie
-0.8398797595190377,-7.468937875751502,vote tie
-0.799198396793587,-7.468937875751502,vote tie
-0.7585170340681362,-7.468937875751502,vote tie
-0.7178356713426854,-7.468937875751502,vote tie
-0.6771543086172329,-7.468937875751502,vote tie
-0.6364729458917822,-7.468937875751502,vote tie
-0.5957915831663314,-7.468937875751502,vote tie
-0.5551102204408807,-7.468937875751502,vote tie
-0.5144288577154299,-7.468937875751502,vote tie
-0.47374749498997915,-7.468937875751502,vote tie
-0.4330661322645284,-7.468937875751502,vote tie
-0.39238476953907764,-7.468937875751502,vote tie
-0.3517034068136269,-7.468937875751502,vote tie
-0.31102204408817613,-7.468937875751502,vote tie
-0.2703406813627254,-7.468937875751502,vote tie
-0.22965931863727462,-7.468937875751502,vote tie
-0.1889779559118221,-7.468937875751502,vote tie
-0.14829659318637134,-7.468937875751502,vote tie
-0.96192384769539,-7.426052104208416,vote tie
-0.9212424849699392,-7.426052104208416,vote tie
-0.8805611222444885,-7.426052104208416,vote tie
-0.8398797595190377,-7.426052104208416,vote tie
-0.799198396793587,-7.426052104208416,vote tie
-0.7585170340681362,-7.426052104208416,vote tie
-0.7178356713426854,-7.426052104208416,vote tie
-0.6771543086172329,-7.426052104208416,vote tie
-0.6364729458917822,-7.426052104208416,vote tie
-0.5957915831663314,-7.426052104208416,vote tie
-0.5551102204408807,-7.426052104208416,vote tie
-0.5144288577154299,-7.426052104208416,vote tie
-0.47374749498997915,-7.426052104208416,vote tie
-0.4330661322645284,-7.426052104208416,vote tie
-0.39238476953907764,-7.426052104208416,vote tie
-0.3517034068136269,-7.426052104208416,vote tie
-0.31102204408817613,-7.426052104208416,vote tie
-0.2703406813627254,-7.426052104208416,vote tie
-0.22965931863727462,-7.426052104208416,vote tie
-0.1889779559118221,-7.426052104208416,vote tie
-0.14829659318637134,-7.426052104208416,vote tie
-1.0026052104208407,-7.38316633266533,vote tie
-0.96192384769539,-7.38316633266533,vote tie
-0.9212424849699392,-7.38316633266533,vote tie
-0.8805611222444885,-7.38316633266533,vote tie
-0.8398797595190377,-7.38316633266533,vote tie
-0.799198396793587,-7.38316633266533,vote tie
-0.7585170340681362,-7.38316633266533,vote tie
-0.7178356713426854,-7.38316633266533,vote tie
-0.6771543086172329,-7.38316633266533,vote tie
-0.6364729458917822,-7.38316633266533,vote tie
-0.5957915831663314,-7.38316633266533,vote tie
-0.5551102204408807,-7.38316633266533,vote tie
-0.5144288577154299,-7.38316633266533,vote tie
-0.47374749498997915,-7.38316633266533,vote tie
-0.4330661322645284,-7.38316633266533,vote tie
-0.39238476953907764,-7.38316633266533,vote tie
-0.3517034068136269,-7.38316633266533,vote tie
-0.31102204408817613,-7.38316633266533,vote tie
-0.2703406813627254,-7.38316633266533,vote tie
-0.22965931863727462,-7.38316633266533,vote tie
-0.1889779559118221,-7.38316633266533,vote tie
-1.0432865731462915,-7.340280561122244,vote tie
-1.0026052104208407,-7.340280561122244,vote tie
-0.96192384769539,-7.340280561122244,vote tie
-0.9212424849699392,-7.340280561122244,vote tie
-0.8805611222444885,-7.340280561122244,vote tie
-0.8398797595190377,-7.340280561122244,vote tie
-0.799198396793587,-7.340280561122244,vote tie
-0.7585170340681362,-7.340280561122244,vote tie
-0.7178356713426854,-7.340280561122244,vote tie
-0.6771543086172329,-7.340280561122244,vote tie
-0.6364729458917822,-7.340280561122244,vote tie
-0.5957915831663314,-7.340280561122244,vote tie
-0.5551102204408807,-7.340280561122244,vote tie
-0.5144288577154299,-7.340280561122244,vote tie
-0.47374749498997915,-7.340280561122244,vote tie
-0.4330661322645284,-7.340280561122244,vote tie
-0.39238476953907764,-7.340280561122244,vote tie
-0.3517034068136269,-7.340280561122244,vote tie
-0.31102204408817613,-7.340280561122244,vote tie
-0.2703406813627254,-7.340280561122244,vote tie
-0.22965931863727462,-7.340280561122244,vote tie
-1.0839679358717422,-7.297394789579158,vote tie
-1.0432865731462915,-7.297394789579158,vote tie
-1.0026052104208407,-7.297394789579158,vote tie
-0.96192384769539,-7.297394789579158,vote tie
-0.9212424849699392,-7.297394789579158,vote tie
-0.8805611222444885,-7.297394789579158,vote tie
-0.8398797595190377,-7.297394789579158,vote tie
-0.799198396793587,-7.297394789579158,vote tie
-0.7585170340681362,-7.297394789579158,vote tie
-0.7178356713426854,-7.297394789579158,vote tie
-0.6771543086172329,-7.297394789579158,vote tie
-0.6364729458917822,-7.297394789579158,vote tie
-0.5957915831663314,-7.297394789579158,vote tie
-0.5551102204408807,-7.297394789579158,vote tie
-0.5144288577154299,-7.297394789579158,vote tie
-0.47374749498997915,-7.297394789579158,vote tie
-0.4330661322645284,-7.297394789579158,vote tie
-0.39238476953907764,-7.297394789579158,vote tie
-0.3517034068136269,-7.297394789579158,vote tie
-0.31102204408817613,-7.297394789579158,vote tie
-0.2703406813627254,-7.297394789579158,vote tie
-1.124649298597193,-7.254509018036072,vote tie
-1.0839679358717422,-7.254509018036072,vote tie
-1.0432865731462915,-7.254509018036072,vote tie
-1.0026052104208407,-7.254509018036072,vote tie
-0.96192384769539,-7.254509018036072,vote tie
-0.9212424849699392,-7.254509018036072,vote tie
-0.8805611222444885,-7.254509018036072,vote tie
-0.8398797595190377,-7.254509018036072,vote tie
-0.799198396793587,-7.254509018036072,vote tie
-0.7585170340681362,-7.254509018036072,vote tie
-0.7178356713426854,-7.254509018036072,vote tie
-0.6771543086172329,-7.254509018036072,vote tie
-0.6364729458917822,-7.254509018036072,vote tie
-0.5957915831663314,-7.254509018036072,vote tie
-0.5551102204408807,-7.254509018036072,vote tie
-0.5144288577154299,-7.254509018036072,vote tie
-0.47374749498997915,-7.254509018036072,vote tie
-0.4330661322645284,-7.254509018036072,vote tie
-0.39238476953907764,-7.254509018036072,vote tie
-0.3517034068136269,-7.254509018036072,vote tie
-0.31102204408817613,-7.254509018036072,vote tie
-1.1653306613226437,-7.2116232464929855,vote tie
-1.124649298597193,-7.2116232464929855,vote tie
-1.0839679358717422,-7.2116232464929855,vote tie
-1.0432865731462915,-7.2116232464929855,vote tie
-1.0026052104208407,-7.2116232464929855,vote tie
-0.96192384769539,-7.2116232464929855,vote tie
-0.9212424849699392,-7.2116232464929855,vote tie
-0.8805611222444885,-7.2116232464929855,vote tie
-0.8398797595190377,-7.2116232464929855,vote tie
-0.799198396793587,-7.2116232464929855,vote tie
-0.7585170340681362,-7.2116232464929855,vote tie
-0.7178356713426854,-7.2116232464929855,vote tie
-0.6771543086172329,-7.2116232464929855,vote tie
-0.6364729458917822,-7.2116232464929855,vote tie
-0.5957915831663314,-7.2116232464929855,vote tie
-0.5551102204408807,-7.2116232464929855,vote tie
-0.5144288577154299,-7.2116232464929855,vote tie
-0.47374749498997915,-7.2116232464929855,vote tie
-0.4330661322645284,-7.2116232464929855,vote tie
-0.39238476953907764,-7.2116232464929855,vote tie
-0.3517034068136269,-7.2116232464929855,vote tie
-1.2060120240480963,-7.168737474949899,vote tie
-1.1653306613226437,-7.168737474949899,vote tie
-1.124649298597193,-7.168737474949899,vote tie
-1.0839679358717422,-7.168737474949899,vote tie
-1.0432865731462915,-7.168737474949899,vote tie
-1.0026052104208407,-7.168737474949899,vote tie
-0.96192384769539,-7.168737474949899,vote tie
-0.9212424849699392,-7.168737474949899,vote tie
-0.8805611222444885,-7.168737474949899,vote tie
-0.8398797595190377,-7.168737474949899,vote tie
-0.799198396793587,-7.168737474949899,vote tie
-0.7585170340681362,-7.168737474949899,vote tie
-0.7178356713426854,-7.168737474949899,vote tie
-0.6771543086172329,-7.168737474949899,vote tie
-0.6364729458917822,-7.168737474949899,vote tie
-0.5957915831663314,-7.168737474949899,vote tie
-0.5551102204408807,-7.168737474949899,vote tie
-0.5144288577154299,-7.168737474949899,vote tie
-0.47374749498997915,-7.168737474949899,vote tie
-0.4330661322645284,-7.168737474949899,vote tie
-0.39238476953907764,-7.168737474949899,vote tie
-1.246693386773547,-7.125851703406814,vote tie
-1.2060120240480963,-7.125851703406814,vote tie
-1.1653306613226437,-7.125851703406814,vote tie
-1.124649298597193,-7.125851703406814,vote tie
-1.0839679358717422,-7.125851703406814,vote tie
-1.0432865731462915,-7.125851703406814,vote tie
-1.0026052104208407,-7.125851703406814,vote tie
-0.96192384769539,-7.125851703406814,vote tie
-0.9212424849699392,-7.125851703406814,vote tie
-0.8805611222444885,-7.125851703406814,vote tie
-0.8398797595190377,-7.125851703406814,vote tie
-0.799198396793587,-7.125851703406814,vote tie
-0.7585170340681362,-7.125851703406814,vote tie
-0.7178356713426854,-7.125851703406814,vote tie
-0.6771543086172329,-7.125851703406814,vote tie
-0.6364729458917822,-7.125851703406814,vote tie
-0.5957915831663314,-7.125851703406814,vote tie
-0.5551102204408807,-7.125851703406814,vote tie
-0.5144288577154299,-7.125851703406814,vote tie
-0.47374749498997915,-7.125851703406814,vote tie
-0.4330661322645284,-7.125851703406814,vote tie
-1.2873747494989978,-7.082965931863727,vote tie
-1.246693386773547,-7.082965931863727,vote tie
-1.2060120240480963,-7.082965931863727,vote tie
-1.1653306613226437,-7.082965931863727,vote tie
-1.124649298597193,-7.082965931863727,vote tie
-1.0839679358717422,-7.082965931863727,vote tie
-1.0432865731462915,-7.082965931863727,vote tie
-1.0026052104208407,-7.082965931863727,vote tie
-0.96192384769539,-7.082965931863727,vote tie
-0.9212424849699392,-7.082965931863727,vote tie
-0.8805611222444885,-7.082965931863727,vote tie
-0.8398797595190377,-7.082965931863727,vote tie
-0.799198396793587,-7.082965931863727,vote tie
-0.7585170340681362,-7.082965931863727,vote tie
-0.7178356713426854,-7.082965931863727,vote tie
-0.6771543086172329,-7.082965931863727,vote tie
-0.6364729458917822,-7.082965931863727,vote tie
-0.5957915831663314,-7.082965931863727,vote tie
-0.5551102204408807,-7.082965931863727,vote tie
-0.5144288577154299,-7.082965931863727,vote tie
-0.47374749498997915,-7.082965931863727,vote tie
-0.4330661322645284,-7.082965931863727,vote tie
-1.3280561122244485,-7.040080160320641,vote tie
-1.2873747494989978,-7.040080160320641,vote tie
-1.246693386773547,-7.040080160320641,vote tie
-1.2060120240480963,-7.040080160320641,vote tie
-1.1653306613226437,-7.040080160320641,vote tie
-1.124649298597193,-7.040080160320641,vote tie
-1.0839679358717422,-7.040080160320641,vote tie
-1.0432865731462915,-7.040080160320641,vote tie
-1.0026052104208407,-7.040080160320641,vote tie
-0.96192384769539,-7.040080160320641,vote tie
-0.9212424849699392,-7.040080160320641,vote tie
-0.8805611222444885,-7.040080160320641,vote tie
-0.8398797595190377,-7.040080160320641,vote tie
-0.799198396793587,-7.040080160320641,vote tie
-0.7585170340681362,-7.040080160320641,vote tie
-0.7178356713426854,-7.040080160320641,vote tie
-0.6771543086172329,-7.040080160320641,vote tie
-0.6364729458917822,-7.040080160320641,vote tie
-0.5957915831663314,-7.040080160320641,vote tie
-0.5551102204408807,-7.040080160320641,vote tie
-0.5144288577154299,-7.040080160320641,vote tie
-0.47374749498997915,-7.040080160320641,vote tie
-1.3687374749498993,-6.9971943887775545,vote tie
-1.3280561122244485,-6.9971943887775545,vote tie
-1.2873747494989978,-6.9971943887775545,vote tie
-1.246693386773547,-6.9971943887775545,vote tie
-1.2060120240480963,-6.9971943887775545,vote tie
-1.1653306613226437,-6.9971943887775545,vote tie
-1.124649298597193,-6.9971943887775545,vote tie
-1.0839679358717422,-6.9971943887775545,vote tie
-1.0432865731462915,-6.9971943887775545,vote tie
-1.0026052104208407,-6.9971943887775545,vote tie
-0.96192384769539,-6.9971943887775545,vote tie
-0.9212424849699392,-6.9971943887775545,vote tie
-0.8805611222444885,-6.9971943887775545,vote tie
-0.8398797595190377,-6.9971943887775545,vote tie
-0.799198396793587,-6.9971943887775545,vote tie
-0.7585170340681362,-6.9971943887775545,vote tie
-0.7178356713426854,-6.9971943887775545,vote tie
-0.6771543086172329,-6.9971943887775545,vote tie
-0.6364729458917822,-6.9971943887775545,vote tie
-0.5957915831663314,-6.9971943887775545,vote tie
-0.5551102204408807,-6.9971943887775545,vote tie
-0.5144288577154299,-6.9971943887775545,vote tie
-1.40941883767535,-6.954308617234468,vote tie
-1.3687374749498993,-6.954308617234468,vote tie
-1.3280561122244485,-6.954308617234468,vote tie
-1.2873747494989978,-6.954308617234468,vote tie
-1.246693386773547,-6.954308617234468,vote tie
-1.2060120240480963,-6.954308617234468,vote tie
-1.1653306613226437,-6.954308617234468,vote tie
-1.124649298597193,-6.954308617234468,vote tie
-1.0839679358717422,-6.954308617234468,vote tie
-1.0432865731462915,-6.954308617234468,vote tie
-1.0026052104208407,-6.954308617234468,vote tie
-0.96192384769539,-6.954308617234468,vote tie
-0.9212424849699392,-6.954308617234468,vote tie
-0.8805611222444885,-6.954308617234468,vote tie
-0.8398797595190377,-6.954308617234468,vote tie
-0.799198396793587,-6.954308617234468,vote tie
-0.7585170340681362,-6.954308617234468,vote tie
-0.7178356713426854,-6.954308617234468,vote tie
-0.6771543086172329,-6.954308617234468,vote tie
-0.6364729458917822,-6.954308617234468,vote tie
-0.5957915831663314,-6.954308617234468,vote tie
-0.5551102204408807,-6.954308617234468,vote tie
-1.40941883767535,-6.911422845691383,vote tie
-1.3687374749498993,-6.911422845691383,vote tie
-1.3280561122244485,-6.911422845691383,vote tie
-1.2873747494989978,-6.911422845691383,vote tie
-1.246693386773547,-6.911422845691383,vote tie
-1.2060120240480963,-6.911422845691383,vote tie
-1.1653306613226437,-6.911422845691383,vote tie
-1.124649298597193,-6.911422845691383,vote tie
-1.0839679358717422,-6.911422845691383,vote tie
-1.0432865731462915,-6.911422845691383,vote tie
-1.0026052104208407,-6.911422845691383,vote tie
-0.96192384769539,-6.911422845691383,vote tie
-0.9212424849699392,-6.911422845691383,vote tie
-0.8805611222444885,-6.911422845691383,vote tie
-0.8398797595190377,-6.911422845691383,vote tie
-0.799198396793587,-6.911422845691383,vote tie
-0.7585170340681362,-6.911422845691383,vote tie
-0.7178356713426854,-6.911422845691383,vote tie
-0.6771543086172329,-6.911422845691383,vote tie
-0.6364729458917822,-6.911422845691383,vote tie
-0.5957915831663314,-6.911422845691383,vote tie
-1.4501002004008008,-6.868537074148296,vote tie
-1.40941883767535,-6.868537074148296,vote tie
-1.3687374749498993,-6.868537074148296,vote tie
-1.3280561122244485,-6.868537074148296,vote tie
-1.2873747494989978,-6.868537074148296,vote tie
-1.246693386773547,-6.868537074148296,vote tie
-1.2060120240480963,-6.868537074148296,vote tie
-1.1653306613226437,-6.868537074148296,vote tie
-1.124649298597193,-6.868537074148296,vote tie
-1.0839679358717422,-6.868537074148296,vote tie
-1.0432865731462915,-6.868537074148296,vote tie
-1.0026052104208407,-6.868537074148296,vote tie
-0.96192384769539,-6.868537074148296,vote tie
-0.9212424849699392,-6.868537074148296,vote tie
-0.8805611222444885,-6.868537074148296,vote tie
-0.8398797595190377,-6.868537074148296,vote tie
-0.799198396793587,-6.868537074148296,vote tie
-0.7585170340681362,-6.868537074148296,vote tie
-0.7178356713426854,-6.868537074148296,vote tie
-0.6771543086172329,-6.868537074148296,vote tie
-0.6364729458917822,-6.868537074148296,vote tie
-1.4907815631262515,-6.82565130260521,vote tie
-1.4501002004008008,-6.82565130260521,vote tie
-1.40941883767535,-6.82565130260521,vote tie
-1.3687374749498993,-6.82565130260521,vote tie
-1.3280561122244485,-6.82565130260521,vote tie
-1.2873747494989978,-6.82565130260521,vote tie
-1.246693386773547,-6.82565130260521,vote tie
-1.2060120240480963,-6.82565130260521,vote tie
-1.1653306613226437,-6.82565130260521,vote tie
-1.124649298597193,-6.82565130260521,vote tie
-1.0839679358717422,-6.82565130260521,vote tie
-1.0432865731462915,-6.82565130260521,vote tie
-1.0026052104208407,-6.82565130260521,vote tie
-0.96192384769539,-6.82565130260521,vote tie
-0.9212424849699392,-6.82565130260521,vote tie
-0.8805611222444885,-6.82565130260521,vote tie
-0.8398797595190377,-6.82565130260521,vote tie
-0.799198396793587,-6.82565130260521,vote tie
-0.7585170340681362,-6.82565130260521,vote tie
-0.7178356713426854,-6.82565130260521,vote tie
-0.6771543086172329,-6.82565130260521,vote tie
-1.5314629258517023,-6.7827655310621235,vote tie
-1.4907815631262515,-6.7827655310621235,vote tie
-1.4501002004008008,-6.7827655310621235,vote tie
-1.40941883767535,-6.7827655310621235,vote tie
-1.3687374749498993,-6.7827655310621235,vote tie
-1.3280561122244485,-6.7827655310621235,vote tie
-1.2873747494989978,-6.7827655310621235,vote tie
-1.246693386773547,-6.7827655310621235,vote tie
-1.2060120240480963,-6.7827655310621235,vote tie
-1.1653306613226437,-6.7827655310621235,vote tie
-1.124649298597193,-6.7827655310621235,vote tie
-1.0839679358717422,-6.7827655310621235,vote tie
-1.0432865731462915,-6.7827655310621235,vote tie
-1.0026052104208407,-6.7827655310621235,vote tie
-0.96192384769539,-6.7827655310621235,vote tie
-0.9212424849699392,-6.7827655310621235,vote tie
-0.8805611222444885,-6.7827655310621235,vote tie
-0.8398797595190377,-6.7827655310621235,vote tie
-0.799198396793587,-6.7827655310621235,vote tie
-0.7585170340681362,-6.7827655310621235,vote tie
-0.7178356713426854,-6.7827655310621235,vote tie
-0.6771543086172329,-6.7827655310621235,vote tie
-1.572144288577153,-6.739879759519038,vote tie
-1.5314629258517023,-6.739879759519038,vote tie
-1.4907815631262515,-6.739879759519038,vote tie
-1.4501002004008008,-6.739879759519038,vote tie
-1.40941883767535,-6.739879759519038,vote tie
-1.3687374749498993,-6.739879759519038,vote tie
-1.3280561122244485,-6.739879759519038,vote tie
-1.2873747494989978,-6.739879759519038,vote tie
-1.246693386773547,-6.739879759519038,vote tie
-1.2060120240480963,-6.739879759519038,vote tie
-1.1653306613226437,-6.739879759519038,vote tie
-1.124649298597193,-6.739879759519038,vote tie
-1.0839679358717422,-6.739879759519038,vote tie
-1.0432865731462915,-6.739879759519038,vote tie
-1.0026052104208407,-6.739879759519038,vote tie
-0.96192384769539,-6.739879759519038,vote tie
-0.9212424849699392,-6.739879759519038,vote tie
-0.8805611222444885,-6.739879759519038,vote tie
-0.8398797595190377,-6.739879759519038,vote tie
-0.799198396793587,-6.739879759519038,vote tie
-0.7585170340681362,-6.739879759519038,vote tie
-0.7178356713426854,-6.739879759519038,vote tie
-1.6128256513026038,-6.696993987975952,vote tie
-1.572144288577153,-6.696993987975952,vote tie
-1.5314629258517023,-6.696993987975952,vote tie
-1.4907815631262515,-6.696993987975952,vote tie
-1.4501002004008008,-6.696993987975952,vote tie
-1.40941883767535,-6.696993987975952,vote tie
-1.3687374749498993,-6.696993987975952,vote tie
-1.3280561122244485,-6.696993987975952,vote tie
-1.2873747494989978,-6.696993987975952,vote tie
-1.246693386773547,-6.696993987975952,vote tie
-1.2060120240480963,-6.696993987975952,vote tie
-1.1653306613226437,-6.696993987975952,vote tie
-1.124649298597193,-6.696993987975952,vote tie
-1.0839679358717422,-6.696993987975952,vote tie
-1.0432865731462915,-6.696993987975952,vote tie
-1.0026052104208407,-6.696993987975952,vote tie
-0.96192384769539,-6.696993987975952,vote tie
-0.9212424849699392,-6.696993987975952,vote tie
-0.8805611222444885,-6.696993987975952,vote tie
-0.8398797595190377,-6.696993987975952,vote tie
-0.799198396793587,-6.696993987975952,vote tie
-0.7585170340681362,-6.696993987975952,vote tie
-1.6535070140280563,-6.654108216432865,vote tie
-1.6128256513026038,-6.654108216432865,vote tie
-1.572144288577153,-6.654108216432865,vote tie
-1.5314629258517023,-6.654108216432865,vote tie
-1.4907815631262515,-6.654108216432865,vote tie
-1.4501002004008008,-6.654108216432865,vote tie
-1.40941883767535,-6.654108216432865,vote tie
-1.3687374749498993,-6.654108216432865,vote tie
-1.3280561122244485,-6.654108216432865,vote tie
-1.2873747494989978,-6.654108216432865,vote tie
-1.246693386773547,-6.654108216432865,vote tie
-1.2060120240480963,-6.654108216432865,vote tie
-1.1653306613226437,-6.654108216432865,vote tie
-1.124649298597193,-6.654108216432865,vote tie
-1.0839679358717422,-6.654108216432865,vote tie
-1.0432865731462915,-6.654108216432865,vote tie
-1.0026052104208407,-6.654108216432865,vote tie
-0.96192384769539,-6.654108216432865,vote tie
-0.9212424849699392,-6.654108216432865,vote tie
-0.8805611222444885,-6.654108216432865,vote tie
-0.8398797595190377,-6.654108216432865,vote tie
-0.799198396793587,-6.654108216432865,vote tie
-1.694188376753507,-6.611222444889779,vote tie
-1.6535070140280563,-6.611222444889779,vote tie
-1.6128256513026038,-6.611222444889779,vote tie
-1.572144288577153,-6.611222444889779,vote tie
-1.5314629258517023,-6.611222444889779,vote tie
-1.4907815631262515,-6.611222444889779,vote tie
-1.4501002004008008,-6.611222444889779,vote tie
-1.40941883767535,-6.611222444889779,vote tie
-1.3687374749498993,-6.611222444889779,vote tie
-1.3280561122244485,-6.611222444889779,vote tie
-1.2873747494989978,-6.611222444889779,vote tie
-1.246693386773547,-6.611222444889779,vote tie
-1.2060120240480963,-6.611222444889779,vote tie
-1.1653306613226437,-6.611222444889779,vote tie
-1.124649298597193,-6.611222444889779,vote tie
-1.0839679358717422,-6.611222444889779,vote tie
-1.0432865731462915,-6.611222444889779,vote tie
-1.0026052104208407,-6.611222444889779,vote tie
-0.96192384769539,-6.611222444889779,vote tie
-0.9212424849699392,-6.611222444889779,vote tie
-0.8805611222444885,-6.611222444889779,vote tie
-0.8398797595190377,-6.611222444889779,vote tie
-1.7348697394789578,-6.568336673346693,vote tie
-1.694188376753507,-6.568336673346693,vote tie
-1.6535070140280563,-6.568336673346693,vote tie
-1.6128256513026038,-6.568336673346693,vote tie
-1.572144288577153,-6.568336673346693,vote tie
-1.5314629258517023,-6.568336673346693,vote tie
-1.4907815631262515,-6.568336673346693,vote tie
-1.4501002004008008,-6.568336673346693,vote tie
-1.40941883767535,-6.568336673346693,vote tie
-1.3687374749498993,-6.568336673346693,vote tie
-1.3280561122244485,-6.568336673346693,vote tie
-1.2873747494989978,-6.568336673346693,vote tie
-1.246693386773547,-6.568336673346693,vote tie
-1.2060120240480963,-6.568336673346693,vote tie
-1.1653306613226437,-6.568336673346693,vote tie
-1.124649298597193,-6.568336673346693,vote tie
-1.0839679358717422,-6.568336673346693,vote tie
-1.0432865731462915,-6.568336673346693,vote tie
-1.0026052104208407,-6.568336673346693,vote tie
-0.96192384769539,-6.568336673346693,vote tie
-0.9212424849699392,-6.568336673346693,vote tie
-0.8805611222444885,-6.568336673346693,vote tie
-1.7755511022044086,-6.525450901803607,vote tie
-1.7348697394789578,-6.525450901803607,vote tie
-1.694188376753507,-6.525450901803607,vote tie
-1.6535070140280563,-6.525450901803607,vote tie
-1.6128256513026038,-6.525450901803607,vote tie
-1.572144288577153,-6.525450901803607,vote tie
-1.5314629258517023,-6.525450901803607,vote tie
-1.4907815631262515,-6.525450901803607,vote tie
-1.4501002004008008,-6.525450901803607,vote tie
-1.40941883767535,-6.525450901803607,vote tie
-1.3687374749498993,-6.525450901803607,vote tie
-1.3280561122244485,-6.525450901803607,vote tie
-1.2873747494989978,-6.525450901803607,vote tie
-1.246693386773547,-6.525450901803607,vote tie
-1.2060120240480963,-6.525450901803607,vote tie
-1.1653306613226437,-6.525450901803607,vote tie
-1.124649298597193,-6.525450901803607,vote tie
-1.0839679358717422,-6.525450901803607,vote tie
-1.0432865731462915,-6.525450901803607,vote tie
-1.0026052104208407,-6.525450901803607,vote tie
-0.96192384769539,-6.525450901803607,vote tie
-0.9212424849699392,-6.525450901803607,vote tie
-1.8162324649298593,-6.482565130260521,vote tie
-1.7755511022044086,-6.482565130260521,vote tie
-1.7348697394789578,-6.482565130260521,vote tie
-1.694188376753507,-6.482565130260521,vote tie
-1.6535070140280563,-6.482565130260521,vote tie
-1.6128256513026038,-6.482565130260521,vote tie
-1.572144288577153,-6.482565130260521,vote tie
-1.5314629258517023,-6.482565130260521,vote tie
-1.4907815631262515,-6.482565130260521,vote tie
-1.4501002004008008,-6.482565130260521,vote tie
-1.40941883767535,-6.482565130260521,vote tie
-1.3687374749498993,-6.482565130260521,vote tie
-1.3280561122244485,-6.482565130260521,vote tie
-1.2873747494989978,-6.482565130260521,vote tie
-1.246693386773547,-6.482565130260521,vote tie
-1.2060120240480963,-6.482565130260521,vote tie
-1.1653306613226437,-6.482565130260521,vote tie
-1.124649298597193,-6.482565130260521,vote tie
-1.0839679358717422,-6.482565130260521,vote tie
-1.0432865731462915,-6.482565130260521,vote tie
-1.0026052104208407,-6.482565130260521,vote tie
-0.96192384769539,-6.482565130260521,vote tie
-1.85691382765531,-6.439679358717434,vote tie
-1.8162324649298593,-6.439679358717434,vote tie
-1.7755511022044086,-6.439679358717434,vote tie
-1.7348697394789578,-6.439679358717434,vote tie
-1.694188376753507,-6.439679358717434,vote tie
-1.6535070140280563,-6.439679358717434,vote tie
-1.6128256513026038,-6.439679358717434,vote tie
-1.572144288577153,-6.439679358717434,vote tie
-1.5314629258517023,-6.439679358717434,vote tie
-1.4907815631262515,-6.439679358717434,vote tie
-1.4501002004008008,-6.439679358717434,vote tie
-1.40941883767535,-6.439679358717434,vote tie
-1.3687374749498993,-6.439679358717434,vote tie
-1.3280561122244485,-6.439679358717434,vote tie
-1.2873747494989978,-6.439679358717434,vote tie
-1.246693386773547,-6.439679358717434,vote tie
-1.2060120240480963,-6.439679358717434,vote tie
-1.1653306613226437,-6.439679358717434,vote tie
-1.124649298597193,-6.439679358717434,vote tie
-1.0839679358717422,-6.439679358717434,vote tie
-1.0432865731462915,-6.439679358717434,vote tie
-1.0026052104208407,-6.439679358717434,vote tie
-0.96192384769539,-6.439679358717434,vote tie
-1.8975951903807609,-6.396793587174348,vote tie
-1.85691382765531,-6.396793587174348,vote tie
-1.8162324649298593,-6.396793587174348,vote tie
-1.7755511022044086,-6.396793587174348,vote tie
-1.7348697394789578,-6.396793587174348,vote tie
-1.694188376753507,-6.396793587174348,vote tie
-1.6535070140280563,-6.396793587174348,vote tie
-1.6128256513026038,-6.396793587174348,vote tie
-1.572144288577153,-6.396793587174348,vote tie
-1.5314629258517023,-6.396793587174348,vote tie
-1.4907815631262515,-6.396793587174348,vote tie
-1.4501002004008008,-6.396793587174348,vote tie
-1.40941883767535,-6.396793587174348,vote tie
-1.3687374749498993,-6.396793587174348,vote tie
-1.3280561122244485,-6.396793587174348,vote tie
-1.2873747494989978,-6.396793587174348,vote tie
-1.246693386773547,-6.396793587174348,vote tie
-1.2060120240480963,-6.396793587174348,vote tie
-1.1653306613226437,-6.396793587174348,vote tie
-1.124649298597193,-6.396793587174348,vote tie
-1.0839679358717422,-6.396793587174348,vote tie
-1.0432865731462915,-6.396793587174348,vote tie
-1.0026052104208407,-6.396793587174348,vote tie
-1.9382765531062116,-6.3539078156312625,vote tie
-1.8975951903807609,-6.3539078156312625,vote tie
-1.85691382765531,-6.3539078156312625,vote tie
-1.8162324649298593,-6.3539078156312625,vote tie
-1.7755511022044086,-6.3539078156312625,vote tie
-1.7348697394789578,-6.3539078156312625,vote tie
-1.694188376753507,-6.3539078156312625,vote tie
-1.6535070140280563,-6.3539078156312625,vote tie
-1.6128256513026038,-6.3539078156312625,vote tie
-1.572144288577153,-6.3539078156312625,vote tie
-1.5314629258517023,-6.3539078156312625,vote tie
-1.4907815631262515,-6.3539078156312625,vote tie
-1.4501002004008008,-6.3539078156312625,vote tie
-1.40941883767535,-6.3539078156312625,vote tie
-1.3687374749498993,-6.3539078156312625,vote tie
-1.3280561122244485,-6.3539078156312625,vote tie
-1.2873747494989978,-6.3539078156312625,vote tie
-1.246693386773547,-6.3539078156312625,vote tie
-1.2060120240480963,-6.3539078156312625,vote tie
-1.1653306613226437,-6.3539078156312625,vote tie
-1.124649298597193,-6.3539078156312625,vote tie
-1.0839679358717422,-6.3539078156312625,vote tie
-1.0432865731462915,-6.3539078156312625,vote tie
-1.9789579158316624,-6.311022044088176,vote tie
-1.9382765531062116,-6.311022044088176,vote tie
-1.8975951903807609,-6.311022044088176,vote tie
-1.85691382765531,-6.311022044088176,vote tie
-1.8162324649298593,-6.311022044088176,vote tie
-1.7755511022044086,-6.311022044088176,vote tie
-1.7348697394789578,-6.311022044088176,vote tie
-1.694188376753507,-6.311022044088176,vote tie
-1.6535070140280563,-6.311022044088176,vote tie
-1.6128256513026038,-6.311022044088176,vote tie
-1.572144288577153,-6.311022044088176,vote tie
-1.5314629258517023,-6.311022044088176,vote tie
-1.4907815631262515,-6.311022044088176,vote tie
-1.4501002004008008,-6.311022044088176,vote tie
-1.40941883767535,-6.311022044088176,vote tie
-1.3687374749498993,-6.311022044088176,vote tie
-1.3280561122244485,-6.311022044088176,vote tie
-1.2873747494989978,-6.311022044088176,vote tie
-1.246693386773547,-6.311022044088176,vote tie
-1.2060120240480963,-6.311022044088176,vote tie
-1.1653306613226437,-6.311022044088176,vote tie
-1.124649298597193,-6.311022044088176,vote tie
-1.0839679358717422,-6.311022044088176,vote tie
-2.019639278557113,-6.26813627254509,vote tie
-1.9789579158316624,-6.26813627254509,vote tie
-1.9382765531062116,-6.26813627254509,vote tie
-1.8975951903807609,-6.26813627254509,vote tie
-1.85691382765531,-6.26813627254509,vote tie
-1.8162324649298593,-6.26813627254509,vote tie
-1.7755511022044086,-6.26813627254509,vote tie
-1.7348697394789578,-6.26813627254509,vote tie
-1.694188376753507,-6.26813627254509,vote tie
-1.6535070140280563,-6.26813627254509,vote tie
-1.6128256513026038,-6.26813627254509,vote tie
-1.572144288577153,-6.26813627254509,vote tie
-1.5314629258517023,-6.26813627254509,vote tie
-1.4907815631262515,-6.26813627254509,vote tie
-1.4501002004008008,-6.26813627254509,vote tie
-1.40941883767535,-6.26813627254509,vote tie
-1.3687374749498993,-6.26813627254509,vote tie
-1.3280561122244485,-6.26813627254509,vote tie
-1.2873747494989978,-6.26813627254509,vote tie
-1.246693386773547,-6.26813627254509,vote tie
-1.2060120240480963,-6.26813627254509,vote tie
-1.1653306613226437,-6.26813627254509,vote tie
-1.124649298597193,-6.26813627254509,vote tie
-2.019639278557113,-6.225250501002003,vote tie
-1.9789579158316624,-6.225250501002003,vote tie
-1.9382765531062116,-6.225250501002003,vote tie
-1.8975951903807609,-6.225250501002003,vote tie
-1.85691382765531,-6.225250501002003,vote tie
-1.8162324649298593,-6.225250501002003,vote tie
-1.7755511022044086,-6.225250501002003,vote tie
-1.7348697394789578,-6.225250501002003,vote tie
-1.694188376753507,-6.225250501002003,vote tie
-1.6535070140280563,-6.225250501002003,vote tie
-1.6128256513026038,-6.225250501002003,vote tie
-1.572144288577153,-6.225250501002003,vote tie
-1.5314629258517023,-6.225250501002003,vote tie
-1.4907815631262515,-6.225250501002003,vote tie
-1.4501002004008008,-6.225250501002003,vote tie
-1.40941883767535,-6.225250501002003,vote tie
-1.3687374749498993,-6.225250501002003,vote tie
-1.3280561122244485,-6.225250501002003,vote tie
-1.2873747494989978,-6.225250501002003,vote tie
-1.246693386773547,-6.225250501002003,vote tie
-1.2060120240480963,-6.225250501002003,vote tie
-1.1653306613226437,-6.225250501002003,vote tie
-2.060320641282564,-6.182364729458918,vote tie
-2.019639278557113,-6.182364729458918,vote tie
-1.9789579158316624,-6.182364729458918,vote tie
-1.9382765531062116,-6.182364729458918,vote tie
-1.8975951903807609,-6.182364729458918,vote tie
-1.85691382765531,-6.182364729458918,vote tie
-1.8162324649298593,-6.182364729458918,vote tie
-1.7755511022044086,-6.182364729458918,vote tie
-1.7348697394789578,-6.182364729458918,vote tie
-1.694188376753507,-6.182364729458918,vote tie
-1.6535070140280563,-6.182364729458918,vote tie
-1.6128256513026038,-6.182364729458918,vote tie
-1.572144288577153,-6.182364729458918,vote tie
-1.5314629258517023,-6.182364729458918,vote tie
-1.4907815631262515,-6.182364729458918,vote tie
-1.4501002004008008,-6.182364729458918,vote tie
-1.40941883767535,-6.182364729458918,vote tie
-1.3687374749498993,-6.182364729458918,vote tie
-1.3280561122244485,-6.182364729458918,vote tie
-1.2873747494989978,-6.182364729458918,vote tie
-1.246693386773547,-6.182364729458918,vote tie
-1.2060120240480963,-6.182364729458918,vote tie
-2.1010020040080146,-6.1394789579158315,vote tie
-2.060320641282564,-6.1394789579158315,vote tie
-2.019639278557113,-6.1394789579158315,vote tie
-1.9789579158316624,-6.1394789579158315,vote tie
-1.9382765531062116,-6.1394789579158315,vote tie
-1.8975951903807609,-6.1394789579158315,vote tie
-1.85691382765531,-6.1394789579158315,vote tie
-1.8162324649298593,-6.1394789579158315,vote tie
-1.7755511022044086,-6.1394789579158315,vote tie
-1.7348697394789578,-6.1394789579158315,vote tie
-1.694188376753507,-6.1394789579158315,vote tie
-1.6535070140280563,-6.1394789579158315,vote tie
-1.6128256513026038,-6.1394789579158315,vote tie
-1.572144288577153,-6.1394789579158315,vote tie
-1.5314629258517023,-6.1394789579158315,vote tie
-1.4907815631262515,-6.1394789579158315,vote tie
-1.4501002004008008,-6.1394789579158315,vote tie
-1.40941883767535,-6.1394789579158315,vote tie
-1.3687374749498993,-6.1394789579158315,vote tie
-1.3280561122244485,-6.1394789579158315,vote tie
-1.2873747494989978,-6.1394789579158315,vote tie
-1.246693386773547,-6.1394789579158315,vote tie
-1.2060120240480963,-6.1394789579158315,vote tie
-2.141683366733467,-6.096593186372745,vote tie
-2.1010020040080146,-6.096593186372745,vote tie
-2.060320641282564,-6.096593186372745,vote tie
-2.019639278557113,-6.096593186372745,vote tie
-1.9789579158316624,-6.096593186372745,vote tie
-1.9382765531062116,-6.096593186372745,vote tie
-1.8975951903807609,-6.096593186372745,vote tie
-1.85691382765531,-6.096593186372745,vote tie
-1.8162324649298593,-6.096593186372745,vote tie
-1.7755511022044086,-6.096593186372745,vote tie
-1.7348697394789578,-6.096593186372745,vote tie
-1.694188376753507,-6.096593186372745,vote tie
-1.6535070140280563,-6.096593186372745,vote tie
-1.6128256513026038,-6.096593186372745,vote tie
-1.572144288577153,-6.096593186372745,vote tie
-1.5314629258517023,-6.096593186372745,vote tie
-1.4907815631262515,-6.096593186372745,vote tie
-1.4501002004008008,-6.096593186372745,vote tie
-1.40941883767535,-6.096593186372745,vote tie
-1.3687374749498993,-6.096593186372745,vote tie
-1.3280561122244485,-6.096593186372745,vote tie
-1.2873747494989978,-6.096593186372745,vote tie
-1.246693386773547,-6.096593186372745,vote tie
-2.182364729458918,-6.053707414829659,vote tie
-2.141683366733467,-6.053707414829659,vote tie
-2.1010020040080146,-6.053707414829659,vote tie
-2.060320641282564,-6.053707414829659,vote tie
-2.019639278557113,-6.053707414829659,vote tie
-1.9789579158316624,-6.053707414829659,vote tie
-1.9382765531062116,-6.053707414829659,vote tie
-1.8975951903807609,-6.053707414829659,vote tie
-1.85691382765531,-6.053707414829659,vote tie
-1.8162324649298593,-6.053707414829659,vote tie
-1.7755511022044086,-6.053707414829659,vote tie
-1.7348697394789578,-6.053707414829659,vote tie
-1.694188376753507,-6.053707414829659,vote tie
-1.6535070140280563,-6.053707414829659,vote tie
-1.6128256513026038,-6.053707414829659,vote tie
-1.572144288577153,-6.053707414829659,vote tie
-1.5314629258517023,-6.053707414829659,vote tie
-1.4907815631262515,-6.053707414829659,vote tie
-1.4501002004008008,-6.053707414829659,vote tie
-1.40941883767535,-6.053707414829659,vote tie
-1.3687374749498993,-6.053707414829659,vote tie
-1.3280561122244485,-6.053707414829659,vote tie
-1.2873747494989978,-6.053707414829659,vote tie
-2.2230460921843687,-6.010821643286572,vote tie
-2.182364729458918,-6.010821643286572,vote tie
-2.141683366733467,-6.010821643286572,vote tie
-2.1010020040080146,-6.010821643286572,vote tie
-2.060320641282564,-6.010821643286572,vote tie
-2.019639278557113,-6.010821643286572,vote tie
-1.9789579158316624,-6.010821643286572,vote tie
-1.9382765531062116,-6.010821643286572,vote tie
-1.8975951903807609,-6.010821643286572,vote tie
-1.85691382765531,-6.010821643286572,vote tie
-1.8162324649298593,-6.010821643286572,vote tie
-1.7755511022044086,-6.010821643286572,vote tie
-1.7348697394789578,-6.010821643286572,vote tie
-1.694188376753507,-6.010821643286572,vote tie
-1.6535070140280563,-6.010821643286572,vote tie
-1.6128256513026038,-6.010821643286572,vote tie
-1.572144288577153,-6.010821643286572,vote tie
-1.5314629258517023,-6.010821643286572,vote tie
-1.4907815631262515,-6.010821643286572,vote tie
-1.4501002004008008,-6.010821643286572,vote tie
-1.40941883767535,-6.010821643286572,vote tie
-1.3687374749498993,-6.010821643286572,vote tie
-1.3280561122244485,-6.010821643286572,vote tie
-2.2637274549098194,-5.967935871743487,vote tie
-2.2230460921843687,-5.967935871743487,vote tie
-2.182364729458918,-5.967935871743487,vote tie
-2.141683366733467,-5.967935871743487,vote tie
-2.1010020040080146,-5.967935871743487,vote tie
-2.060320641282564,-5.967935871743487,vote tie
-2.019639278557113,-5.967935871743487,vote tie
-1.9789579158316624,-5.967935871743487,vote tie
-1.9382765531062116,-5.967935871743487,vote tie
-1.8975951903807609,-5.967935871743487,vote tie
-1.85691382765531,-5.967935871743487,vote tie
-1.8162324649298593,-5.967935871743487,vote tie
-1.7755511022044086,-5.967935871743487,vote tie
-1.7348697394789578,-5.967935871743487,vote tie
-1.694188376753507,-5.967935871743487,vote tie
-1.6535070140280563,-5.967935871743487,vote tie
-1.6128256513026038,-5.967935871743487,vote tie
-1.572144288577153,-5.967935871743487,vote tie
-1.5314629258517023,-5.967935871743487,vote tie
-1.4907815631262515,-5.967935871743487,vote tie
-1.4501002004008008,-5.967935871743487,vote tie
-1.40941883767535,-5.967935871743487,vote tie
-1.3687374749498993,-5.967935871743487,vote tie
-2.30440881763527,-5.925050100200401,vote tie
-2.2637274549098194,-5.925050100200401,vote tie
-2.2230460921843687,-5.925050100200401,vote tie
-2.182364729458918,-5.925050100200401,vote tie
-2.141683366733467,-5.925050100200401,vote tie
-2.1010020040080146,-5.925050100200401,vote tie
-2.060320641282564,-5.925050100200401,vote tie
-2.019639278557113,-5.925050100200401,vote tie
-1.9789579158316624,-5.925050100200401,vote tie
-1.9382765531062116,-5.925050100200401,vote tie
-1.8975951903807609,-5.925050100200401,vote tie
-1.85691382765531,-5.925050100200401,vote tie
-1.8162324649298593,-5.925050100200401,vote tie
-1.7755511022044086,-5.925050100200401,vote tie
-1.7348697394789578,-5.925050100200401,vote tie
-1.694188376753507,-5.925050100200401,vote tie
-1.6535070140280563,-5.925050100200401,vote tie
-1.6128256513026038,-5.925050100200401,vote tie
-1.572144288577153,-5.925050100200401,vote tie
-1.5314629258517023,-5.925050100200401,vote tie
-1.4907815631262515,-5.925050100200401,vote tie
-1.4501002004008008,-5.925050100200401,vote tie
-1.40941883767535,-5.925050100200401,vote tie
-2.345090180360721,-5.882164328657314,vote tie
-2.30440881763527,-5.882164328657314,vote tie
-2.2637274549098194,-5.882164328657314,vote tie
-2.2230460921843687,-5.882164328657314,vote tie
-2.182364729458918,-5.882164328657314,vote tie
-2.141683366733467,-5.882164328657314,vote tie
-2.1010020040080146,-5.882164328657314,vote tie
-2.060320641282564,-5.882164328657314,vote tie
-2.019639278557113,-5.882164328657314,vote tie
-1.9789579158316624,-5.882164328657314,vote tie
-1.9382765531062116,-5.882164328657314,vote tie
-1.8975951903807609,-5.882164328657314,vote tie
-1.85691382765531,-5.882164328657314,vote tie
-1.8162324649298593,-5.882164328657314,vote tie
-1.7755511022044086,-5.882164328657314,vote tie
-1.7348697394789578,-5.882164328657314,vote tie
-1.694188376753507,-5.882164328657314,vote tie
-1.6535070140280563,-5.882164328657314,vote tie
-1.6128256513026038,-5.882164328657314,vote tie
-1.572144288577153,-5.882164328657314,vote tie
-1.5314629258517023,-5.882164328657314,vote tie
-1.4907815631262515,-5.882164328657314,vote tie
-1.4501002004008008,-5.882164328657314,vote tie
-2.3857715430861717,-5.839278557114228,vote tie
-2.345090180360721,-5.839278557114228,vote tie
-2.30440881763527,-5.839278557114228,vote tie
-2.2637274549098194,-5.839278557114228,vote tie
-2.2230460921843687,-5.839278557114228,vote tie
-2.182364729458918,-5.839278557114228,vote tie
-2.141683366733467,-5.839278557114228,vote tie
-2.1010020040080146,-5.839278557114228,vote tie
-2.060320641282564,-5.839278557114228,vote tie
-2.019639278557113,-5.839278557114228,vote tie
-1.9789579158316624,-5.839278557114228,vote tie
-1.9382765531062116,-5.839278557114228,vote tie
-1.8975951903807609,-5.839278557114228,vote tie
-1.85691382765531,-5.839278557114228,vote tie
-1.8162324649298593,-5.839278557114228,vote tie
-1.7755511022044086,-5.839278557114228,vote tie
-1.7348697394789578,-5.839278557114228,vote tie
-1.694188376753507,-5.839278557114228,vote tie
-1.6535070140280563,-5.839278557114228,vote tie
-1.6128256513026038,-5.839278557114228,vote tie
-1.572144288577153,-5.839278557114228,vote tie
-1.5314629258517023,-5.839278557114228,vote tie
-1.4907815631262515,-5.839278557114228,vote tie
-1.4501002004008008,-5.839278557114228,vote tie
-2.4264529058116224,-5.796392785571142,vote tie
-2.3857715430861717,-5.796392785571142,vote tie
-2.345090180360721,-5.796392785571142,vote tie
-2.30440881763527,-5.796392785571142,vote tie
-2.2637274549098194,-5.796392785571142,vote tie
-2.2230460921843687,-5.796392785571142,vote tie
-2.182364729458918,-5.796392785571142,vote tie
-2.141683366733467,-5.796392785571142,vote tie
-2.1010020040080146,-5.796392785571142,vote tie
-2.060320641282564,-5.796392785571142,vote tie
-2.019639278557113,-5.796392785571142,vote tie
-1.9789579158316624,-5.796392785571142,vote tie
-1.9382765531062116,-5.796392785571142,vote tie
-1.8975951903807609,-5.796392785571142,vote tie
-1.85691382765531,-5.796392785571142,vote tie
-1.8162324649298593,-5.796392785571142,vote tie
-1.7755511022044086,-5.796392785571142,vote tie
-1.7348697394789578,-5.796392785571142,vote tie
-1.694188376753507,-5.796392785571142,vote tie
-1.6535070140280563,-5.796392785571142,vote tie
-1.6128256513026038,-5.796392785571142,vote tie
-1.572144288577153,-5.796392785571142,vote tie
-1.5314629258517023,-5.796392785571142,vote tie
-1.4907815631262515,-5.796392785571142,vote tie
-2.467134268537073,-5.753507014028056,vote tie
-2.4264529058116224,-5.753507014028056,vote tie
-2.3857715430861717,-5.753507014028056,vote tie
-2.345090180360721,-5.753507014028056,vote tie
-2.30440881763527,-5.753507014028056,vote tie
-2.2637274549098194,-5.753507014028056,vote tie
-2.2230460921843687,-5.753507014028056,vote tie
-2.182364729458918,-5.753507014028056,vote tie
-2.141683366733467,-5.753507014028056,vote tie
-2.1010020040080146,-5.753507014028056,vote tie
-2.060320641282564,-5.753507014028056,vote tie
-2.019639278557113,-5.753507014028056,vote tie
-1.9789579158316624,-5.753507014028056,vote tie
-1.9382765531062116,-5.753507014028056,vote tie
-1.8975951903807609,-5.753507014028056,vote tie
-1.85691382765531,-5.753507014028056,vote tie
-1.8162324649298593,-5.753507014028056,vote tie
-1.7755511022044086,-5.753507014028056,vote tie
-1.7348697394789578,-5.753507014028056,vote tie
-1.694188376753507,-5.753507014028056,vote tie
-1.6535070140280563,-5.753507014028056,vote tie
-1.6128256513026038,-5.753507014028056,vote tie
-1.572144288577153,-5.753507014028056,vote tie
-1.5314629258517023,-5.753507014028056,vote tie
-2.507815631262525,-5.71062124248497,vote tie
-2.467134268537073,-5.71062124248497,vote tie
-2.4264529058116224,-5.71062124248497,vote tie
-2.3857715430861717,-5.71062124248497,vote tie
-2.345090180360721,-5.71062124248497,vote tie
-2.30440881763527,-5.71062124248497,vote tie
-2.2637274549098194,-5.71062124248497,vote tie
-2.2230460921843687,-5.71062124248497,vote tie
-2.182364729458918,-5.71062124248497,vote tie
-2.141683366733467,-5.71062124248497,vote tie
-2.1010020040080146,-5.71062124248497,vote tie
-2.060320641282564,-5.71062124248497,vote tie
-2.019639278557113,-5.71062124248497,vote tie
-1.9789579158316624,-5.71062124248497,vote tie
-1.9382765531062116,-5.71062124248497,vote tie
-1.8975951903807609,-5.71062124248497,vote tie
-1.85691382765531,-5.71062124248497,vote tie
-1.8162324649298593,-5.71062124248497,vote tie
-1.7755511022044086,-5.71062124248497,vote tie
-1.7348697394789578,-5.71062124248497,vote tie
-1.694188376753507,-5.71062124248497,vote tie
-1.6535070140280563,-5.71062124248497,vote tie
-1.6128256513026038,-5.71062124248497,vote tie
-1.572144288577153,-5.71062124248497,vote tie
-2.5484969939879756,-5.667735470941883,vote tie
-2.507815631262525,-5.667735470941883,vote tie
-2.467134268537073,-5.667735470941883,vote tie
-2.4264529058116224,-5.667735470941883,vote tie
-2.3857715430861717,-5.667735470941883,vote tie
-2.345090180360721,-5.667735470941883,vote tie
-2.30440881763527,-5.667735470941883,vote tie
-2.2637274549098194,-5.667735470941883,vote tie
-2.2230460921843687,-5.667735470941883,vote tie
-2.182364729458918,-5.667735470941883,vote tie
-2.141683366733467,-5.667735470941883,vote tie
-2.1010020040080146,-5.667735470941883,vote tie
-2.060320641282564,-5.667735470941883,vote tie
-2.019639278557113,-5.667735470941883,vote tie
-1.9789579158316624,-5.667735470941883,vote tie
-1.9382765531062116,-5.667735470941883,vote tie
-1.8975951903807609,-5.667735470941883,vote tie
-1.85691382765531,-5.667735470941883,vote tie
-1.8162324649298593,-5.667735470941883,vote tie
-1.7755511022044086,-5.667735470941883,vote tie
-1.7348697394789578,-5.667735470941883,vote tie
-1.694188376753507,-5.667735470941883,vote tie
-1.6535070140280563,-5.667735470941883,vote tie
-1.6128256513026038,-5.667735470941883,vote tie
-2.5891783567134263,-5.624849699398797,vote tie
-2.5484969939879756,-5.624849699398797,vote tie
-2.507815631262525,-5.624849699398797,vote tie
-2.467134268537073,-5.624849699398797,vote tie
-2.4264529058116224,-5.624849699398797,vote tie
-2.3857715430861717,-5.624849699398797,vote tie
-2.345090180360721,-5.624849699398797,vote tie
-2.30440881763527,-5.624849699398797,vote tie
-2.2637274549098194,-5.624849699398797,vote tie
-2.2230460921843687,-5.624849699398797,vote tie
-2.182364729458918,-5.624849699398797,vote tie
-2.141683366733467,-5.624849699398797,vote tie
-2.1010020040080146,-5.624849699398797,vote tie
-2.060320641282564,-5.624849699398797,vote tie
-2.019639278557113,-5.624849699398797,vote tie
-1.9789579158316624,-5.624849699398797,vote tie
-1.9382765531062116,-5.624849699398797,vote tie
-1.8975951903807609,-5.624849699398797,vote tie
-1.85691382765531,-5.624849699398797,vote tie
-1.8162324649298593,-5.624849699398797,vote tie
-1.7755511022044086,-5.624849699398797,vote tie
-1.7348697394789578,-5.624849699398797,vote tie
-1.694188376753507,-5.624849699398797,vote tie
-1.6535070140280563,-5.624849699398797,vote tie
-2.629859719438877,-5.581963927855711,vote tie
-2.5891783567134263,-5.581963927855711,vote tie
-2.5484969939879756,-5.581963927855711,vote tie
-2.507815631262525,-5.581963927855711,vote tie
-2.467134268537073,-5.581963927855711,vote tie
-2.4264529058116224,-5.581963927855711,vote tie
-2.3857715430861717,-5.581963927855711,vote tie
-2.345090180360721,-5.581963927855711,vote tie
-2.30440881763527,-5.581963927855711,vote tie
-2.2637274549098194,-5.581963927855711,vote tie
-2.2230460921843687,-5.581963927855711,vote tie
-2.182364729458918,-5.581963927855711,vote tie
-2.141683366733467,-5.581963927855711,vote tie
-2.1010020040080146,-5.581963927855711,vote tie
-2.060320641282564,-5.581963927855711,vote tie
-2.019639278557113,-5.581963927855711,vote tie
-1.9789579158316624,-5.581963927855711,vote tie
-1.9382765531062116,-5.581963927855711,vote tie
-1.8975951903807609,-5.581963927855711,vote tie
-1.85691382765531,-5.581963927855711,vote tie
-1.8162324649298593,-5.581963927855711,vote tie
-1.7755511022044086,-5.581963927855711,vote tie
-1.7348697394789578,-5.581963927855711,vote tie
-1.694188376753507,-5.581963927855711,vote tie
-2.629859719438877,-5.539078156312625,vote tie
-2.5891783567134263,-5.539078156312625,vote tie
-2.5484969939879756,-5.539078156312625,vote tie
-2.507815631262525,-5.539078156312625,vote tie
-2.467134268537073,-5.539078156312625,vote tie
-2.4264529058116224,-5.539078156312625,vote tie
-2.3857715430861717,-5.539078156312625,vote tie
-2.345090180360721,-5.539078156312625,vote tie
-2.30440881763527,-5.539078156312625,vote tie
-2.2637274549098194,-5.539078156312625,vote tie
-2.2230460921843687,-5.539078156312625,vote tie
-2.182364729458918,-5.539078156312625,vote tie
-2.141683366733467,-5.539078156312625,vote tie
-2.1010020040080146,-5.539078156312625,vote tie
-2.060320641282564,-5.539078156312625,vote tie
-2.019639278557113,-5.539078156312625,vote tie
-1.9789579158316624,-5.539078156312625,vote tie
-1.9382765531062116,-5.539078156312625,vote tie
-1.8975951903807609,-5.539078156312625,vote tie
-1.85691382765531,-5.539078156312625,vote tie
-1.8162324649298593,-5.539078156312625,vote tie
-1.7755511022044086,-5.539078156312625,vote tie
-1.7348697394789578,-5.539078156312625,vote tie
-2.670541082164328,-5.496192384769539,vote tie
-2.629859719438877,-5.496192384769539,vote tie
-2.5891783567134263,-5.496192384769539,vote tie
-2.5484969939879756,-5.496192384769539,vote tie
-2.507815631262525,-5.496192384769539,vote tie
-2.467134268537073,-5.496192384769539,vote tie
-2.4264529058116224,-5.496192384769539,vote tie
-2.3857715430861717,-5.496192384769539,vote tie
-2.345090180360721,-5.496192384769539,vote tie
-2.30440881763527,-5.496192384769539,vote tie
-2.2637274549098194,-5.496192384769539,vote tie
-2.2230460921843687,-5.496192384769539,vote tie
-2.182364729458918,-5.496192384769539,vote tie
-2.141683366733467,-5.496192384769539,vote tie
-2.1010020040080146,-5.496192384769539,vote tie
-2.060320641282564,-5.496192384769539,vote tie
-2.019639278557113,-5.496192384769539,vote tie
-1.9789579158316624,-5.496192384769539,vote tie
-1.9382765531062116,-5.496192384769539,vote tie
-1.8975951903807609,-5.496192384769539,vote tie
-1.85691382765531,-5.496192384769539,vote tie
-1.8162324649298593,-5.496192384769539,vote tie
-1.7755511022044086,-5.496192384769539,vote tie
-1.7348697394789578,-5.496192384769539,vote tie
-2.7112224448897795,-5.453306613226452,vote tie
-2.670541082164328,-5.453306613226452,vote tie
-2.629859719438877,-5.453306613226452,vote tie
-2.5891783567134263,-5.453306613226452,vote tie
-2.5484969939879756,-5.453306613226452,vote tie
-2.507815631262525,-5.453306613226452,vote tie
-2.467134268537073,-5.453306613226452,vote tie
-2.4264529058116224,-5.453306613226452,vote tie
-2.3857715430861717,-5.453306613226452,vote tie
-2.345090180360721,-5.453306613226452,vote tie
-2.30440881763527,-5.453306613226452,vote tie
-2.2637274549098194,-5.453306613226452,vote tie
-2.2230460921843687,-5.453306613226452,vote tie
-2.182364729458918,-5.453306613226452,vote tie
-2.141683366733467,-5.453306613226452,vote tie
-2.1010020040080146,-5.453306613226452,vote tie
-2.060320641282564,-5.453306613226452,vote tie
-2.019639278557113,-5.453306613226452,vote tie
-1.9789579158316624,-5.453306613226452,vote tie
-1.9382765531062116,-5.453306613226452,vote tie
-1.8975951903807609,-5.453306613226452,vote tie
-1.85691382765531,-5.453306613226452,vote tie
-1.8162324649298593,-5.453306613226452,vote tie
-1.7755511022044086,-5.453306613226452,vote tie
-2.7519038076152302,-5.410420841683367,vote tie
-2.7112224448897795,-5.410420841683367,vote tie
-2.670541082164328,-5.410420841683367,vote tie
-2.629859719438877,-5.410420841683367,vote tie
-2.5891783567134263,-5.410420841683367,vote tie
-2.5484969939879756,-5.410420841683367,vote tie
-2.507815631262525,-5.410420841683367,vote tie
-2.467134268537073,-5.410420841683367,vote tie
-2.4264529058116224,-5.410420841683367,vote tie
-2.3857715430861717,-5.410420841683367,vote tie
-2.345090180360721,-5.410420841683367,vote tie
-2.30440881763527,-5.410420841683367,vote tie
-2.2637274549098194,-5.410420841683367,vote tie
-2.2230460921843687,-5.410420841683367,vote tie
-2.182364729458918,-5.410420841683367,vote tie
-2.141683366733467,-5.410420841683367,vote tie
-2.1010020040080146,-5.410420841683367,vote tie
-2.060320641282564,-5.410420841683367,vote tie
-2.019639278557113,-5.410420841683367,vote tie
-1.9789579158316624,-5.410420841683367,vote tie
-1.9382765531062116,-5.410420841683367,vote tie
-1.8975951903807609,-5.410420841683367,vote tie
-1.85691382765531,-5.410420841683367,vote tie
-1.8162324649298593,-5.410420841683367,vote tie
-2.792585170340681,-5.36753507014028,vote tie
-2.7519038076152302,-5.36753507014028,vote tie
-2.7112224448897795,-5.36753507014028,vote tie
-2.670541082164328,-5.36753507014028,vote tie
-2.629859719438877,-5.36753507014028,vote tie
-2.5891783567134263,-5.36753507014028,vote tie
-2.5484969939879756,-5.36753507014028,vote tie
-2.507815631262525,-5.36753507014028,vote tie
-2.467134268537073,-5.36753507014028,vote tie
-2.4264529058116224,-5.36753507014028,vote tie
-2.3857715430861717,-5.36753507014028,vote tie
-2.345090180360721,-5.36753507014028,vote tie
-2.30440881763527,-5.36753507014028,vote tie
-2.2637274549098194,-5.36753507014028,vote tie
-2.2230460921843687,-5.36753507014028,vote tie
-2.182364729458918,-5.36753507014028,vote tie
-2.141683366733467,-5.36753507014028,vote tie
-2.1010020040080146,-5.36753507014028,vote tie
-2.060320641282564,-5.36753507014028,vote tie
-2.019639278557113,-5.36753507014028,vote tie
-1.9789579158316624,-5.36753507014028,vote tie
-1.9382765531062116,-5.36753507014028,vote tie
-1.8975951903807609,-5.36753507014028,vote tie
-1.85691382765531,-5.36753507014028,vote tie
-2.8332665330661317,-5.324649298597194,vote tie
-2.792585170340681,-5.324649298597194,vote tie
-2.7519038076152302,-5.324649298597194,vote tie
-2.7112224448897795,-5.324649298597194,vote tie
-2.670541082164328,-5.324649298597194,vote tie
-2.629859719438877,-5.324649298597194,vote tie
-2.5891783567134263,-5.324649298597194,vote tie
-2.5484969939879756,-5.324649298597194,vote tie
-2.507815631262525,-5.324649298597194,vote tie
-2.467134268537073,-5.324649298597194,vote tie
-2.4264529058116224,-5.324649298597194,vote tie
-2.3857715430861717,-5.324649298597194,vote tie
-2.345090180360721,-5.324649298597194,vote tie
-2.30440881763527,-5.324649298597194,vote tie
-2.2637274549098194,-5.324649298597194,vote tie
-2.2230460921843687,-5.324649298597194,vote tie
-2.182364729458918,-5.324649298597194,vote tie
-2.141683366733467,-5.324649298597194,vote tie
-2.1010020040080146,-5.324649298597194,vote tie
-2.060320641282564,-5.324649298597194,vote tie
-2.019639278557113,-5.324649298597194,vote tie
-1.9789579158316624,-5.324649298597194,vote tie
-1.9382765531062116,-5.324649298597194,vote tie
-1.8975951903807609,-5.324649298597194,vote tie
-2.8739478957915825,-5.281763527054108,vote tie
-2.8332665330661317,-5.281763527054108,vote tie
-2.792585170340681,-5.281763527054108,vote tie
-2.7519038076152302,-5.281763527054108,vote tie
-2.7112224448897795,-5.281763527054108,vote tie
-2.670541082164328,-5.281763527054108,vote tie
-2.629859719438877,-5.281763527054108,vote tie
-2.5891783567134263,-5.281763527054108,vote tie
-2.5484969939879756,-5.281763527054108,vote tie
-2.507815631262525,-5.281763527054108,vote tie
-2.467134268537073,-5.281763527054108,vote tie
-2.4264529058116224,-5.281763527054108,vote tie
-2.3857715430861717,-5.281763527054108,vote tie
-2.345090180360721,-5.281763527054108,vote tie
-2.30440881763527,-5.281763527054108,vote tie
-2.2637274549098194,-5.281763527054108,vote tie
-2.2230460921843687,-5.281763527054108,vote tie
-2.182364729458918,-5.281763527054108,vote tie
-2.141683366733467,-5.281763527054108,vote tie
-2.1010020040080146,-5.281763527054108,vote tie
-2.060320641282564,-5.281763527054108,vote tie
-2.019639278557113,-5.281763527054108,vote tie
-1.9789579158316624,-5.281763527054108,vote tie
-1.9382765531062116,-5.281763527054108,vote tie
-2.9146292585170333,-5.238877755511021,vote tie
-2.8739478957915825,-5.238877755511021,vote tie
-2.8332665330661317,-5.238877755511021,vote tie
-2.792585170340681,-5.238877755511021,vote tie
-2.7519038076152302,-5.238877755511021,vote tie
-2.7112224448897795,-5.238877755511021,vote tie
-2.670541082164328,-5.238877755511021,vote tie
-2.629859719438877,-5.238877755511021,vote tie
-2.5891783567134263,-5.238877755511021,vote tie
-2.5484969939879756,-5.238877755511021,vote tie
-2.507815631262525,-5.238877755511021,vote tie
-2.467134268537073,-5.238877755511021,vote tie
-2.4264529058116224,-5.238877755511021,vote tie
-2.3857715430861717,-5.238877755511021,vote tie
-2.345090180360721,-5.238877755511021,vote tie
-2.30440881763527,-5.238877755511021,vote tie
-2.2637274549098194,-5.238877755511021,vote tie
-2.2230460921843687,-5.238877755511021,vote tie
-2.182364729458918,-5.238877755511021,vote tie
-2.141683366733467,-5.238877755511021,vote tie
-2.1010020040080146,-5.238877755511021,vote tie
-2.060320641282564,-5.238877755511021,vote tie
-2.019639278557113,-5.238877755511021,vote tie
-1.9789579158316624,-5.238877755511021,vote tie
-2.955310621242485,-5.195991983967936,vote tie
-2.9146292585170333,-5.195991983967936,vote tie
-2.8739478957915825,-5.195991983967936,vote tie
-2.8332665330661317,-5.195991983967936,vote tie
-2.792585170340681,-5.195991983967936,vote tie
-2.7519038076152302,-5.195991983967936,vote tie
-2.7112224448897795,-5.195991983967936,vote tie
-2.670541082164328,-5.195991983967936,vote tie
-2.629859719438877,-5.195991983967936,vote tie
-2.5891783567134263,-5.195991983967936,vote tie
-2.5484969939879756,-5.195991983967936,vote tie
-2.507815631262525,-5.195991983967936,vote tie
-2.467134268537073,-5.195991983967936,vote tie
-2.4264529058116224,-5.195991983967936,vote tie
-2.3857715430861717,-5.195991983967936,vote tie
-2.345090180360721,-5.195991983967936,vote tie
-2.30440881763527,-5.195991983967936,vote tie
-2.2637274549098194,-5.195991983967936,vote tie
-2.2230460921843687,-5.195991983967936,vote tie
-2.182364729458918,-5.195991983967936,vote tie
-2.141683366733467,-5.195991983967936,vote tie
-2.1010020040080146,-5.195991983967936,vote tie
-2.060320641282564,-5.195991983967936,vote tie
-2.019639278557113,-5.195991983967936,vote tie
-1.9789579158316624,-5.195991983967936,vote tie
-2.9959919839679356,-5.1531062124248495,vote tie
-2.955310621242485,-5.1531062124248495,vote tie
-2.9146292585170333,-5.1531062124248495,vote tie
-2.8739478957915825,-5.1531062124248495,vote tie
-2.8332665330661317,-5.1531062124248495,vote tie
-2.792585170340681,-5.1531062124248495,vote tie
-2.7519038076152302,-5.1531062124248495,vote tie
-2.7112224448897795,-5.1531062124248495,vote tie
-2.670541082164328,-5.1531062124248495,vote tie
-2.629859719438877,-5.1531062124248495,vote tie
-2.5891783567134263,-5.1531062124248495,vote tie
-2.5484969939879756,-5.1531062124248495,vote tie
-2.507815631262525,-5.1531062124248495,vote tie
-2.467134268537073,-5.1531062124248495,vote tie
-2.4264529058116224,-5.1531062124248495,vote tie
-2.3857715430861717,-5.1531062124248495,vote tie
-2.345090180360721,-5.1531062124248495,vote tie
-2.30440881763527,-5.1531062124248495,vote tie
-2.2637274549098194,-5.1531062124248495,vote tie
-2.2230460921843687,-5.1531062124248495,vote tie
-2.182364729458918,-5.1531062124248495,vote tie
-2.141683366733467,-5.1531062124248495,vote tie
-2.1010020040080146,-5.1531062124248495,vote tie
-2.060320641282564,-5.1531062124248495,vote tie
-2.019639278557113,-5.1531062124248495,vote tie
-3.0366733466933864,-5.110220440881763,vote tie
-2.9959919839679356,-5.110220440881763,vote tie
-2.955310621242485,-5.110220440881763,vote tie
-2.9146292585170333,-5.110220440881763,vote tie
-2.8739478957915825,-5.110220440881763,vote tie
-2.8332665330661317,-5.110220440881763,vote tie
-2.792585170340681,-5.110220440881763,vote tie
-2.7519038076152302,-5.110220440881763,vote tie
-2.7112224448897795,-5.110220440881763,vote tie
-2.670541082164328,-5.110220440881763,vote tie
-2.629859719438877,-5.110220440881763,vote tie
-2.5891783567134263,-5.110220440881763,vote tie
-2.5484969939879756,-5.110220440881763,vote tie
-2.507815631262525,-5.110220440881763,vote tie
-2.467134268537073,-5.110220440881763,vote tie
-2.4264529058116224,-5.110220440881763,vote tie
-2.3857715430861717,-5.110220440881763,vote tie
-2.345090180360721,-5.110220440881763,vote tie
-2.30440881763527,-5.110220440881763,vote tie
-2.2637274549098194,-5.110220440881763,vote tie
-2.2230460921843687,-5.110220440881763,vote tie
-2.182364729458918,-5.110220440881763,vote tie
-2.141683366733467,-5.110220440881763,vote tie
-2.1010020040080146,-5.110220440881763,vote tie
-2.060320641282564,-5.110220440881763,vote tie
-3.077354709418837,-5.067334669338677,vote tie
-3.0366733466933864,-5.067334669338677,vote tie
-2.9959919839679356,-5.067334669338677,vote tie
-2.955310621242485,-5.067334669338677,vote tie
-2.9146292585170333,-5.067334669338677,vote tie
-2.8739478957915825,-5.067334669338677,vote tie
-2.8332665330661317,-5.067334669338677,vote tie
-2.792585170340681,-5.067334669338677,vote tie
-2.7519038076152302,-5.067334669338677,vote tie
-2.7112224448897795,-5.067334669338677,vote tie
-2.670541082164328,-5.067334669338677,vote tie
-2.629859719438877,-5.067334669338677,vote tie
-2.5891783567134263,-5.067334669338677,vote tie
-2.5484969939879756,-5.067334669338677,vote tie
-2.507815631262525,-5.067334669338677,vote tie
-2.467134268537073,-5.067334669338677,vote tie
-2.4264529058116224,-5.067334669338677,vote tie
-2.3857715430861717,-5.067334669338677,vote tie
-2.345090180360721,-5.067334669338677,vote tie
-2.30440881763527,-5.067334669338677,vote tie
-2.2637274549098194,-5.067334669338677,vote tie
-2.2230460921843687,-5.067334669338677,vote tie
-2.182364729458918,-5.067334669338677,vote tie
-2.141683366733467,-5.067334669338677,vote tie
-2.1010020040080146,-5.067334669338677,vote tie
-3.118036072144288,-5.024448897795591,vote tie
-3.077354709418837,-5.024448897795591,vote tie
-3.0366733466933864,-5.024448897795591,vote tie
-2.9959919839679356,-5.024448897795591,vote tie
-2.955310621242485,-5.024448897795591,vote tie
-2.9146292585170333,-5.024448897795591,vote tie
-2.8739478957915825,-5.024448897795591,vote tie
-2.8332665330661317,-5.024448897795591,vote tie
-2.792585170340681,-5.024448897795591,vote tie
-2.7519038076152302,-5.024448897795591,vote tie
-2.7112224448897795,-5.024448897795591,vote tie
-2.670541082164328,-5.024448897795591,vote tie
-2.629859719438877,-5.024448897795591,vote tie
-2.5891783567134263,-5.024448897795591,vote tie
-2.5484969939879756,-5.024448897795591,vote tie
-2.507815631262525,-5.024448897795591,vote tie
-2.467134268537073,-5.024448897795591,vote tie
-2.4264529058116224,-5.024448897795591,vote tie
-2.3857715430861717,-5.024448897795591,vote tie
-2.345090180360721,-5.024448897795591,vote tie
-2.30440881763527,-5.024448897795591,vote tie
-2.2637274549098194,-5.024448897795591,vote tie
-2.2230460921843687,-5.024448897795591,vote tie
-2.182364729458918,-5.024448897795591,vote tie
-2.141683366733467,-5.024448897795591,vote tie
-3.1587174348697387,-4.981563126252505,vote tie
-3.118036072144288,-4.981563126252505,vote tie
-3.077354709418837,-4.981563126252505,vote tie
-3.0366733466933864,-4.981563126252505,vote tie
-2.9959919839679356,-4.981563126252505,vote tie
-2.955310621242485,-4.981563126252505,vote tie
-2.9146292585170333,-4.981563126252505,vote tie
-2.8739478957915825,-4.981563126252505,vote tie
-2.8332665330661317,-4.981563126252505,vote tie
-2.792585170340681,-4.981563126252505,vote tie
-2.7519038076152302,-4.981563126252505,vote tie
-2.7112224448897795,-4.981563126252505,vote tie
-2.670541082164328,-4.981563126252505,vote tie
-2.629859719438877,-4.981563126252505,vote tie
-2.5891783567134263,-4.981563126252505,vote tie
-2.5484969939879756,-4.981563126252505,vote tie
-2.507815631262525,-4.981563126252505,vote tie
-2.467134268537073,-4.981563126252505,vote tie
-2.4264529058116224,-4.981563126252505,vote tie
-2.3857715430861717,-4.981563126252505,vote tie
-2.345090180360721,-4.981563126252505,vote tie
-2.30440881763527,-4.981563126252505,vote tie
-2.2637274549098194,-4.981563126252505,vote tie
-2.2230460921843687,-4.981563126252505,vote tie
-2.182364729458918,-4.981563126252505,vote tie
-3.1993987975951903,-4.9386773547094185,vote tie
-3.1587174348697387,-4.9386773547094185,vote tie
-3.118036072144288,-4.9386773547094185,vote tie
-3.077354709418837,-4.9386773547094185,vote tie
-3.0366733466933864,-4.9386773547094185,vote tie
-2.9959919839679356,-4.9386773547094185,vote tie
-2.955310621242485,-4.9386773547094185,vote tie
-2.9146292585170333,-4.9386773547094185,vote tie
-2.8739478957915825,-4.9386773547094185,vote tie
-2.8332665330661317,-4.9386773547094185,vote tie
-2.792585170340681,-4.9386773547094185,vote tie
-2.7519038076152302,-4.9386773547094185,vote tie
-2.7112224448897795,-4.9386773547094185,vote tie
-2.670541082164328,-4.9386773547094185,vote tie
-2.629859719438877,-4.9386773547094185,vote tie
-2.5891783567134263,-4.9386773547094185,vote tie
-2.5484969939879756,-4.9386773547094185,vote tie
-2.507815631262525,-4.9386773547094185,vote tie
-2.467134268537073,-4.9386773547094185,vote tie
-2.4264529058116224,-4.9386773547094185,vote tie
-2.3857715430861717,-4.9386773547094185,vote tie
-2.345090180360721,-4.9386773547094185,vote tie
-2.30440881763527,-4.9386773547094185,vote tie
-2.2637274549098194,-4.9386773547094185,vote tie
-2.2230460921843687,-4.9386773547094185,vote tie
-3.240080160320641,-4.895791583166332,vote tie
-3.1993987975951903,-4.895791583166332,vote tie
-3.1587174348697387,-4.895791583166332,vote tie
-3.118036072144288,-4.895791583166332,vote tie
-3.077354709418837,-4.895791583166332,vote tie
-3.0366733466933864,-4.895791583166332,vote tie
-2.9959919839679356,-4.895791583166332,vote tie
-2.955310621242485,-4.895791583166332,vote tie
-2.9146292585170333,-4.895791583166332,vote tie
-2.8739478957915825,-4.895791583166332,vote tie
-2.8332665330661317,-4.895791583166332,vote tie
-2.792585170340681,-4.895791583166332,vote tie
-2.7519038076152302,-4.895791583166332,vote tie
-2.7112224448897795,-4.895791583166332,vote tie
-2.670541082164328,-4.895791583166332,vote tie
-2.629859719438877,-4.895791583166332,vote tie
-2.5891783567134263,-4.895791583166332,vote tie
-2.5484969939879756,-4.895791583166332,vote tie
-2.507815631262525,-4.895791583166332,vote tie
-2.467134268537073,-4.895791583166332,vote tie
-2.4264529058116224,-4.895791583166332,vote tie
-2.3857715430861717,-4.895791583166332,vote tie
-2.345090180360721,-4.895791583166332,vote tie
-2.30440881763527,-4.895791583166332,vote tie
-2.2637274549098194,-4.895791583166332,vote tie
-3.240080160320641,-4.852905811623247,vote tie
-3.1993987975951903,-4.852905811623247,vote tie
-3.1587174348697387,-4.852905811623247,vote tie
-3.118036072144288,-4.852905811623247,vote tie
-3.077354709418837,-4.852905811623247,vote tie
-3.0366733466933864,-4.852905811623247,vote tie
-2.9959919839679356,-4.852905811623247,vote tie
-2.955310621242485,-4.852905811623247,vote tie
-2.9146292585170333,-4.852905811623247,vote tie
-2.8739478957915825,-4.852905811623247,vote tie
-2.8332665330661317,-4.852905811623247,vote tie
-2.792585170340681,-4.852905811623247,vote tie
-2.7519038076152302,-4.852905811623247,vote tie
-2.7112224448897795,-4.852905811623247,vote tie
-2.670541082164328,-4.852905811623247,vote tie
-2.629859719438877,-4.852905811623247,vote tie
-2.5891783567134263,-4.852905811623247,vote tie
-2.5484969939879756,-4.852905811623247,vote tie
-2.507815631262525,-4.852905811623247,vote tie
-2.467134268537073,-4.852905811623247,vote tie
-2.4264529058116224,-4.852905811623247,vote tie
-2.3857715430861717,-4.852905811623247,vote tie
-2.345090180360721,-4.852905811623247,vote tie
-2.30440881763527,-4.852905811623247,vote tie
-2.2637274549098194,-4.852905811623247,vote tie
-3.280761523046092,-4.81002004008016,vote tie
-3.240080160320641,-4.81002004008016,vote tie
-3.1993987975951903,-4.81002004008016,vote tie
-3.1587174348697387,-4.81002004008016,vote tie
-3.118036072144288,-4.81002004008016,vote tie
-3.077354709418837,-4.81002004008016,vote tie
-3.0366733466933864,-4.81002004008016,vote tie
-2.9959919839679356,-4.81002004008016,vote tie
-2.955310621242485,-4.81002004008016,vote tie
-2.9146292585170333,-4.81002004008016,vote tie
-2.8739478957915825,-4.81002004008016,vote tie
-2.8332665330661317,-4.81002004008016,vote tie
-2.792585170340681,-4.81002004008016,vote tie
-2.7519038076152302,-4.81002004008016,vote tie
-2.7112224448897795,-4.81002004008016,vote tie
-2.670541082164328,-4.81002004008016,vote tie
-2.629859719438877,-4.81002004008016,vote tie
-2.5891783567134263,-4.81002004008016,vote tie
-2.5484969939879756,-4.81002004008016,vote tie
-2.507815631262525,-4.81002004008016,vote tie
-2.467134268537073,-4.81002004008016,vote tie
-2.4264529058116224,-4.81002004008016,vote tie
-2.3857715430861717,-4.81002004008016,vote tie
-2.345090180360721,-4.81002004008016,vote tie
-2.30440881763527,-4.81002004008016,vote tie
-3.3214428857715426,-4.767134268537074,vote tie
-3.280761523046092,-4.767134268537074,vote tie
-3.240080160320641,-4.767134268537074,vote tie
-3.1993987975951903,-4.767134268537074,vote tie
-3.1587174348697387,-4.767134268537074,vote tie
-3.118036072144288,-4.767134268537074,vote tie
-3.077354709418837,-4.767134268537074,vote tie
-3.0366733466933864,-4.767134268537074,vote tie
-2.9959919839679356,-4.767134268537074,vote tie
-2.955310621242485,-4.767134268537074,vote tie
-2.9146292585170333,-4.767134268537074,vote tie
-2.8739478957915825,-4.767134268537074,vote tie
-2.8332665330661317,-4.767134268537074,vote tie
-2.792585170340681,-4.767134268537074,vote tie
-2.7519038076152302,-4.767134268537074,vote tie
-2.7112224448897795,-4.767134268537074,vote tie
-2.670541082164328,-4.767134268537074,vote tie
-2.629859719438877,-4.767134268537074,vote tie
-2.5891783567134263,-4.767134268537074,vote tie
-2.5484969939879756,-4.767134268537074,vote tie
-2.507815631262525,-4.767134268537074,vote tie
-2.467134268537073,-4.767134268537074,vote tie
-2.4264529058116224,-4.767134268537074,vote tie
-2.3857715430861717,-4.767134268537074,vote tie
-2.345090180360721,-4.767134268537074,vote tie
-3.3621242484969933,-4.7242484969939875,vote tie
-3.3214428857715426,-4.7242484969939875,vote tie
-3.280761523046092,-4.7242484969939875,vote tie
-3.240080160320641,-4.7242484969939875,vote tie
-3.1993987975951903,-4.7242484969939875,vote tie
-3.1587174348697387,-4.7242484969939875,vote tie
-3.118036072144288,-4.7242484969939875,vote tie
-3.077354709418837,-4.7242484969939875,vote tie
-3.0366733466933864,-4.7242484969939875,vote tie
-2.9959919839679356,-4.7242484969939875,vote tie
-2.955310621242485,-4.7242484969939875,vote tie
-2.9146292585170333,-4.7242484969939875,vote tie
-2.8739478957915825,-4.7242484969939875,vote tie
-2.8332665330661317,-4.7242484969939875,vote tie
-2.792585170340681,-4.7242484969939875,vote tie
-2.7519038076152302,-4.7242484969939875,vote tie
-2.7112224448897795,-4.7242484969939875,vote tie
-2.670541082164328,-4.7242484969939875,vote tie
-2.629859719438877,-4.7242484969939875,vote tie
-2.5891783567134263,-4.7242484969939875,vote tie
-2.5484969939879756,-4.7242484969939875,vote tie
-2.507815631262525,-4.7242484969939875,vote tie
-2.467134268537073,-4.7242484969939875,vote tie
-2.4264529058116224,-4.7242484969939875,vote tie
-2.3857715430861717,-4.7242484969939875,vote tie
-3.280761523046092,-4.681362725450901,vote tie
-3.240080160320641,-4.681362725450901,vote tie
-3.1993987975951903,-4.681362725450901,vote tie
-3.1587174348697387,-4.681362725450901,vote tie
-3.118036072144288,-4.681362725450901,vote tie
-3.077354709418837,-4.681362725450901,vote tie
-3.0366733466933864,-4.681362725450901,vote tie
-2.9959919839679356,-4.681362725450901,vote tie
-2.955310621242485,-4.681362725450901,vote tie
-2.9146292585170333,-4.681362725450901,vote tie
-2.8739478957915825,-4.681362725450901,vote tie
-2.8332665330661317,-4.681362725450901,vote tie
-2.792585170340681,-4.681362725450901,vote tie
-2.7519038076152302,-4.681362725450901,vote tie
-2.7112224448897795,-4.681362725450901,vote tie
-2.670541082164328,-4.681362725450901,vote tie
-2.629859719438877,-4.681362725450901,vote tie
-2.5891783567134263,-4.681362725450901,vote tie
-2.5484969939879756,-4.681362725450901,vote tie
-2.507815631262525,-4.681362725450901,vote tie
-2.467134268537073,-4.681362725450901,vote tie
-2.4264529058116224,-4.681362725450901,vote tie
-3.240080160320641,-4.638476953907816,vote tie
-3.1993987975951903,-4.638476953907816,vote tie
-3.1587174348697387,-4.638476953907816,vote tie
-3.118036072144288,-4.638476953907816,vote tie
-3.077354709418837,-4.638476953907816,vote tie
-3.0366733466933864,-4.638476953907816,vote tie
-2.9959919839679356,-4.638476953907816,vote tie
-2.955310621242485,-4.638476953907816,vote tie
-2.9146292585170333,-4.638476953907816,vote tie
-2.8739478957915825,-4.638476953907816,vote tie
-2.8332665330661317,-4.638476953907816,vote tie
-2.792585170340681,-4.638476953907816,vote tie
-2.7519038076152302,-4.638476953907816,vote tie
-2.7112224448897795,-4.638476953907816,vote tie
-2.670541082164328,-4.638476953907816,vote tie
-2.629859719438877,-4.638476953907816,vote tie
-2.5891783567134263,-4.638476953907816,vote tie
-2.5484969939879756,-4.638476953907816,vote tie
-2.507815631262525,-4.638476953907816,vote tie
-2.467134268537073,-4.638476953907816,vote tie
-3.1993987975951903,-4.595591182364729,vote tie
-3.1587174348697387,-4.595591182364729,vote tie
-3.118036072144288,-4.595591182364729,vote tie
-3.077354709418837,-4.595591182364729,vote tie
-3.0366733466933864,-4.595591182364729,vote tie
-2.9959919839679356,-4.595591182364729,vote tie
-2.955310621242485,-4.595591182364729,vote tie
-2.9146292585170333,-4.595591182364729,vote tie
-2.8739478957915825,-4.595591182364729,vote tie
-2.8332665330661317,-4.595591182364729,vote tie
-2.792585170340681,-4.595591182364729,vote tie
-2.7519038076152302,-4.595591182364729,vote tie
-2.7112224448897795,-4.595591182364729,vote tie
-2.670541082164328,-4.595591182364729,vote tie
-2.629859719438877,-4.595591182364729,vote tie
-2.5891783567134263,-4.595591182364729,vote tie
-2.5484969939879756,-4.595591182364729,vote tie
-2.507815631262525,-4.595591182364729,vote tie
-3.1587174348697387,-4.552705410821643,vote tie
-3.118036072144288,-4.552705410821643,vote tie
-3.077354709418837,-4.552705410821643,vote tie
-3.0366733466933864,-4.552705410821643,vote tie
-2.9959919839679356,-4.552705410821643,vote tie
-2.955310621242485,-4.552705410821643,vote tie
-2.9146292585170333,-4.552705410821643,vote tie
-2.8739478957915825,-4.552705410821643,vote tie
-2.8332665330661317,-4.552705410821643,vote tie
-2.792585170340681,-4.552705410821643,vote tie
-2.7519038076152302,-4.552705410821643,vote tie
-2.7112224448897795,-4.552705410821643,vote tie
-2.670541082164328,-4.552705410821643,vote tie
-2.629859719438877,-4.552705410821643,vote tie
-2.5891783567134263,-4.552705410821643,vote tie
-2.5484969939879756,-4.552705410821643,vote tie
-2.507815631262525,-4.552705410821643,vote tie
-3.118036072144288,-4.509819639278557,vote tie
-3.077354709418837,-4.509819639278557,vote tie
-3.0366733466933864,-4.509819639278557,vote tie
-2.9959919839679356,-4.509819639278557,vote tie
-2.955310621242485,-4.509819639278557,vote tie
-2.9146292585170333,-4.509819639278557,vote tie
-2.8739478957915825,-4.509819639278557,vote tie
-2.8332665330661317,-4.509819639278557,vote tie
-2.792585170340681,-4.509819639278557,vote tie
-2.7519038076152302,-4.509819639278557,vote tie
-2.7112224448897795,-4.509819639278557,vote tie
-2.670541082164328,-4.509819639278557,vote tie
-2.629859719438877,-4.509819639278557,vote tie
-2.5891783567134263,-4.509819639278557,vote tie
-2.5484969939879756,-4.509819639278557,vote tie
-3.077354709418837,-4.466933867735471,vote tie
-3.0366733466933864,-4.466933867735471,vote tie
-2.9959919839679356,-4.466933867735471,vote tie
-2.955310621242485,-4.466933867735471,vote tie
-2.9146292585170333,-4.466933867735471,vote tie
-2.8739478957915825,-4.466933867735471,vote tie
-2.8332665330661317,-4.466933867735471,vote tie
-2.792585170340681,-4.466933867735471,vote tie
-2.7519038076152302,-4.466933867735471,vote tie
-2.7112224448897795,-4.466933867735471,vote tie
-2.670541082164328,-4.466933867735471,vote tie
-2.629859719438877,-4.466933867735471,vote tie
-2.5891783567134263,-4.466933867735471,vote tie
-3.0366733466933864,-4.424048096192385,vote tie
-2.9959919839679356,-4.424048096192385,vote tie
-2.955310621242485,-4.424048096192385,vote tie
-2.9146292585170333,-4.424048096192385,vote tie
-2.8739478957915825,-4.424048096192385,vote tie
-2.8332665330661317,-4.424048096192385,vote tie
-2.792585170340681,-4.424048096192385,vote tie
-2.7519038076152302,-4.424048096192385,vote tie
-2.7112224448897795,-4.424048096192385,vote tie
-2.670541082164328,-4.424048096192385,vote tie
-2.629859719438877,-4.424048096192385,vote tie
-2.9959919839679356,-4.381162324649298,vote tie
-2.955310621242485,-4.381162324649298,vote tie
-2.9146292585170333,-4.381162324649298,vote tie
-2.8739478957915825,-4.381162324649298,vote tie
-2.8332665330661317,-4.381162324649298,vote tie
-2.792585170340681,-4.381162324649298,vote tie
-2.7519038076152302,-4.381162324649298,vote tie
-2.7112224448897795,-4.381162324649298,vote tie
-2.670541082164328,-4.381162324649298,vote tie
-2.9146292585170333,-4.338276553106212,vote tie
-2.8739478957915825,-4.338276553106212,vote tie
-2.8332665330661317,-4.338276553106212,vote tie
-2.792585170340681,-4.338276553106212,vote tie
-2.7519038076152302,-4.338276553106212,vote tie
-2.7112224448897795,-4.338276553106212,vote tie
-2.8739478957915825,-4.295390781563126,vote tie
-2.8332665330661317,-4.295390781563126,vote tie
-2.792585170340681,-4.295390781563126,vote tie
-2.7519038076152302,-4.295390781563126,vote tie
-2.8332665330661317,-4.25250501002004,vote tie
-2.792585170340681,-4.25250501002004,vote tie
-2.792585170340681,-4.209619238476954,vote tie
-4.013026052104208,-3.9951903807615228,vote tie
-3.9723446893787573,-3.9951903807615228,vote tie
-4.053707414829659,-3.9523046092184364,vote tie
-4.013026052104208,-3.9523046092184364,vote tie
-3.9723446893787573,-3.9523046092184364,vote tie
-3.9316633266533065,-3.9523046092184364,vote tie
-4.0943887775551095,-3.909418837675351,vote tie
-4.053707414829659,-3.909418837675351,vote tie
-4.013026052104208,-3.909418837675351,vote tie
-3.9723446893787573,-3.909418837675351,vote tie
-3.9316633266533065,-3.909418837675351,vote tie
-4.135070140280561,-3.8665330661322646,vote tie
-4.0943887775551095,-3.8665330661322646,vote tie
-4.053707414829659,-3.8665330661322646,vote tie
-4.013026052104208,-3.8665330661322646,vote tie
-3.9723446893787573,-3.8665330661322646,vote tie
-3.9316633266533065,-3.8665330661322646,vote tie
-3.890981963927855,-3.8665330661322646,vote tie
-4.175751503006012,-3.823647294589178,vote tie
-4.135070140280561,-3.823647294589178,vote tie
-4.0943887775551095,-3.823647294589178,vote tie
-4.053707414829659,-3.823647294589178,vote tie
-4.013026052104208,-3.823647294589178,vote tie
-3.9723446893787573,-3.823647294589178,vote tie
-3.9316633266533065,-3.823647294589178,vote tie
-3.890981963927855,-3.823647294589178,vote tie
-3.850300601202404,-3.823647294589178,vote tie
-4.216432865731463,-3.780761523046092,vote tie
-4.175751503006012,-3.780761523046092,vote tie
-4.135070140280561,-3.780761523046092,vote tie
-4.0943887775551095,-3.780761523046092,vote tie
-4.053707414829659,-3.780761523046092,vote tie
-4.013026052104208,-3.780761523046092,vote tie
-3.9723446893787573,-3.780761523046092,vote tie
-3.9316633266533065,-3.780761523046092,vote tie
-3.890981963927855,-3.780761523046092,vote tie
-3.850300601202404,-3.780761523046092,vote tie
-3.8096192384769534,-3.780761523046092,vote tie
-4.2571142284569135,-3.7378757515030054,vote tie
-4.216432865731463,-3.7378757515030054,vote tie
-4.175751503006012,-3.7378757515030054,vote tie
-4.135070140280561,-3.7378757515030054,vote tie
-4.0943887775551095,-3.7378757515030054,vote tie
-4.053707414829659,-3.7378757515030054,vote tie
-4.013026052104208,-3.7378757515030054,vote tie
-3.9723446893787573,-3.7378757515030054,vote tie
-3.9316633266533065,-3.7378757515030054,vote tie
-3.890981963927855,-3.7378757515030054,vote tie
-3.850300601202404,-3.7378757515030054,vote tie
-3.8096192384769534,-3.7378757515030054,vote tie
-4.297795591182364,-3.69498997995992,vote tie
-4.2571142284569135,-3.69498997995992,vote tie
-4.216432865731463,-3.69498997995992,vote tie
-4.175751503006012,-3.69498997995992,vote tie
-4.135070140280561,-3.69498997995992,vote tie
-4.0943887775551095,-3.69498997995992,vote tie
-4.053707414829659,-3.69498997995992,vote tie
-4.013026052104208,-3.69498997995992,vote tie
-3.9723446893787573,-3.69498997995992,vote tie
-3.9316633266533065,-3.69498997995992,vote tie
-3.890981963927855,-3.69498997995992,vote tie
-3.850300601202404,-3.69498997995992,vote tie
-3.8096192384769534,-3.69498997995992,vote tie
-3.7689378757515026,-3.69498997995992,vote tie
-4.338476953907815,-3.6521042084168336,vote tie
-4.297795591182364,-3.6521042084168336,vote tie
-4.2571142284569135,-3.6521042084168336,vote tie
-4.216432865731463,-3.6521042084168336,vote tie
-4.175751503006012,-3.6521042084168336,vote tie
-4.135070140280561,-3.6521042084168336,vote tie
-4.0943887775551095,-3.6521042084168336,vote tie
-4.053707414829659,-3.6521042084168336,vote tie
-4.013026052104208,-3.6521042084168336,vote tie
-3.9723446893787573,-3.6521042084168336,vote tie
-3.9316633266533065,-3.6521042084168336,vote tie
-3.890981963927855,-3.6521042084168336,vote tie
-3.850300601202404,-3.6521042084168336,vote tie
-3.8096192384769534,-3.6521042084168336,vote tie
-3.7689378757515026,-3.6521042084168336,vote tie
-3.728256513026052,-3.6521042084168336,vote tie
-4.379158316633267,-3.609218436873747,vote tie
-4.338476953907815,-3.609218436873747,vote tie
-4.297795591182364,-3.609218436873747,vote tie
-4.2571142284569135,-3.609218436873747,vote tie
-4.216432865731463,-3.609218436873747,vote tie
-4.175751503006012,-3.609218436873747,vote tie
-4.135070140280561,-3.609218436873747,vote tie
-4.0943887775551095,-3.609218436873747,vote tie
-4.053707414829659,-3.609218436873747,vote tie
-4.013026052104208,-3.609218436873747,vote tie
-3.9723446893787573,-3.609218436873747,vote tie
-3.9316633266533065,-3.609218436873747,vote tie
-3.890981963927855,-3.609218436873747,vote tie
-3.850300601202404,-3.609218436873747,vote tie
-3.8096192384769534,-3.609218436873747,vote tie
-3.7689378757515026,-3.609218436873747,vote tie
-3.728256513026052,-3.609218436873747,vote tie
-3.687575150300601,-3.609218436873747,vote tie
-4.419839679358717,-3.566332665330661,vote tie
-4.379158316633267,-3.566332665330661,vote tie
-4.338476953907815,-3.566332665330661,vote tie
-4.297795591182364,-3.566332665330661,vote tie
-4.2571142284569135,-3.566332665330661,vote tie
-4.216432865731463,-3.566332665330661,vote tie
-4.175751503006012,-3.566332665330661,vote tie
-4.135070140280561,-3.566332665330661,vote tie
-4.0943887775551095,-3.566332665330661,vote tie
-4.053707414829659,-3.566332665330661,vote tie
-4.013026052104208,-3.566332665330661,vote tie
-3.9723446893787573,-3.566332665330661,vote tie
-3.9316633266533065,-3.566332665330661,vote tie
-3.890981963927855,-3.566332665330661,vote tie
-3.850300601202404,-3.566332665330661,vote tie
-3.8096192384769534,-3.566332665330661,vote tie
-3.7689378757515026,-3.566332665330661,vote tie
-3.728256513026052,-3.566332665330661,vote tie
-3.687575150300601,-3.566332665330661,vote tie
-4.419839679358717,-3.5234468937875754,vote tie
-4.379158316633267,-3.5234468937875754,vote tie
-4.338476953907815,-3.5234468937875754,vote tie
-4.297795591182364,-3.5234468937875754,vote tie
-4.2571142284569135,-3.5234468937875754,vote tie
-4.216432865731463,-3.5234468937875754,vote tie
-4.175751503006012,-3.5234468937875754,vote tie
-4.135070140280561,-3.5234468937875754,vote tie
-4.0943887775551095,-3.5234468937875754,vote tie
-4.053707414829659,-3.5234468937875754,vote tie
-4.013026052104208,-3.5234468937875754,vote tie
-3.9723446893787573,-3.5234468937875754,vote tie
-3.9316633266533065,-3.5234468937875754,vote tie
-3.890981963927855,-3.5234468937875754,vote tie
-3.850300601202404,-3.5234468937875754,vote tie
-3.8096192384769534,-3.5234468937875754,vote tie
-3.7689378757515026,-3.5234468937875754,vote tie
-3.728256513026052,-3.5234468937875754,vote tie
-3.687575150300601,-3.5234468937875754,vote tie
-4.460521042084168,-3.480561122244489,vote tie
-4.419839679358717,-3.480561122244489,vote tie
-4.379158316633267,-3.480561122244489,vote tie
-4.338476953907815,-3.480561122244489,vote tie
-4.297795591182364,-3.480561122244489,vote tie
-4.2571142284569135,-3.480561122244489,vote tie
-4.216432865731463,-3.480561122244489,vote tie
-4.175751503006012,-3.480561122244489,vote tie
-4.135070140280561,-3.480561122244489,vote tie
-4.0943887775551095,-3.480561122244489,vote tie
-4.053707414829659,-3.480561122244489,vote tie
-4.013026052104208,-3.480561122244489,vote tie
-3.9723446893787573,-3.480561122244489,vote tie
-3.9316633266533065,-3.480561122244489,vote tie
-3.890981963927855,-3.480561122244489,vote tie
-3.850300601202404,-3.480561122244489,vote tie
-3.8096192384769534,-3.480561122244489,vote tie
-3.7689378757515026,-3.480561122244489,vote tie
-3.728256513026052,-3.480561122244489,vote tie
-4.501202404809619,-3.4376753507014026,vote tie
-4.460521042084168,-3.4376753507014026,vote tie
-4.419839679358717,-3.4376753507014026,vote tie
-4.379158316633267,-3.4376753507014026,vote tie
-4.338476953907815,-3.4376753507014026,vote tie
-4.297795591182364,-3.4376753507014026,vote tie
-4.2571142284569135,-3.4376753507014026,vote tie
-4.216432865731463,-3.4376753507014026,vote tie
-4.175751503006012,-3.4376753507014026,vote tie
-4.135070140280561,-3.4376753507014026,vote tie
-4.0943887775551095,-3.4376753507014026,vote tie
-4.053707414829659,-3.4376753507014026,vote tie
-4.013026052104208,-3.4376753507014026,vote tie
-3.9723446893787573,-3.4376753507014026,vote tie
-3.9316633266533065,-3.4376753507014026,vote tie
-3.890981963927855,-3.4376753507014026,vote tie
-3.850300601202404,-3.4376753507014026,vote tie
-3.8096192384769534,-3.4376753507014026,vote tie
-3.7689378757515026,-3.4376753507014026,vote tie
-4.54188376753507,-3.3947895791583163,vote tie
-4.501202404809619,-3.3947895791583163,vote tie
-4.460521042084168,-3.3947895791583163,vote tie
-4.419839679358717,-3.3947895791583163,vote tie
-4.379158316633267,-3.3947895791583163,vote tie
-4.338476953907815,-3.3947895791583163,vote tie
-4.297795591182364,-3.3947895791583163,vote tie
-4.2571142284569135,-3.3947895791583163,vote tie
-4.216432865731463,-3.3947895791583163,vote tie
-4.175751503006012,-3.3947895791583163,vote tie
-4.135070140280561,-3.3947895791583163,vote tie
-4.0943887775551095,-3.3947895791583163,vote tie
-4.053707414829659,-3.3947895791583163,vote tie
-4.013026052104208,-3.3947895791583163,vote tie
-3.9723446893787573,-3.3947895791583163,vote tie
-3.9316633266533065,-3.3947895791583163,vote tie
-3.890981963927855,-3.3947895791583163,vote tie
-3.850300601202404,-3.3947895791583163,vote tie
-3.8096192384769534,-3.3947895791583163,vote tie
-4.58256513026052,-3.35190380761523,vote tie
-4.54188376753507,-3.35190380761523,vote tie
-4.501202404809619,-3.35190380761523,vote tie
-4.460521042084168,-3.35190380761523,vote tie
-4.419839679358717,-3.35190380761523,vote tie
-4.379158316633267,-3.35190380761523,vote tie
-4.338476953907815,-3.35190380761523,vote tie
-4.297795591182364,-3.35190380761523,vote tie
-4.2571142284569135,-3.35190380761523,vote tie
-4.216432865731463,-3.35190380761523,vote tie
-4.175751503006012,-3.35190380761523,vote tie
-4.135070140280561,-3.35190380761523,vote tie
-4.0943887775551095,-3.35190380761523,vote tie
-4.053707414829659,-3.35190380761523,vote tie
-4.013026052104208,-3.35190380761523,vote tie
-3.9723446893787573,-3.35190380761523,vote tie
-3.9316633266533065,-3.35190380761523,vote tie
-3.890981963927855,-3.35190380761523,vote tie
-3.850300601202404,-3.35190380761523,vote tie
-4.623246492985972,-3.3090180360721444,vote tie
-4.58256513026052,-3.3090180360721444,vote tie
-4.54188376753507,-3.3090180360721444,vote tie
-4.501202404809619,-3.3090180360721444,vote tie
-4.460521042084168,-3.3090180360721444,vote tie
-4.419839679358717,-3.3090180360721444,vote tie
-4.379158316633267,-3.3090180360721444,vote tie
-4.338476953907815,-3.3090180360721444,vote tie
-4.297795591182364,-3.3090180360721444,vote tie
-4.2571142284569135,-3.3090180360721444,vote tie
-4.216432865731463,-3.3090180360721444,vote tie
-4.175751503006012,-3.3090180360721444,vote tie
-4.135070140280561,-3.3090180360721444,vote tie
-4.0943887775551095,-3.3090180360721444,vote tie
-4.053707414829659,-3.3090180360721444,vote tie
-4.013026052104208,-3.3090180360721444,vote tie
-3.9723446893787573,-3.3090180360721444,vote tie
-3.9316633266533065,-3.3090180360721444,vote tie
-3.890981963927855,-3.3090180360721444,vote tie
-4.663927855711423,-3.266132264529058,vote tie
-4.623246492985972,-3.266132264529058,vote tie
-4.58256513026052,-3.266132264529058,vote tie
-4.54188376753507,-3.266132264529058,vote tie
-4.501202404809619,-3.266132264529058,vote tie
-4.460521042084168,-3.266132264529058,vote tie
-4.419839679358717,-3.266132264529058,vote tie
-4.379158316633267,-3.266132264529058,vote tie
-4.338476953907815,-3.266132264529058,vote tie
-4.297795591182364,-3.266132264529058,vote tie
-4.2571142284569135,-3.266132264529058,vote tie
-4.216432865731463,-3.266132264529058,vote tie
-4.175751503006012,-3.266132264529058,vote tie
-4.135070140280561,-3.266132264529058,vote tie
-4.0943887775551095,-3.266132264529058,vote tie
-4.053707414829659,-3.266132264529058,vote tie
-4.013026052104208,-3.266132264529058,vote tie
-3.9723446893787573,-3.266132264529058,vote tie
-3.9316633266533065,-3.266132264529058,vote tie
-4.7046092184368735,-3.2232464929859717,vote tie
-4.663927855711423,-3.2232464929859717,vote tie
-4.623246492985972,-3.2232464929859717,vote tie
-4.58256513026052,-3.2232464929859717,vote tie
-4.54188376753507,-3.2232464929859717,vote tie
-4.501202404809619,-3.2232464929859717,vote tie
-4.460521042084168,-3.2232464929859717,vote tie
-4.419839679358717,-3.2232464929859717,vote tie
-4.379158316633267,-3.2232464929859717,vote tie
-4.338476953907815,-3.2232464929859717,vote tie
-4.297795591182364,-3.2232464929859717,vote tie
-4.2571142284569135,-3.2232464929859717,vote tie
-4.216432865731463,-3.2232464929859717,vote tie
-4.175751503006012,-3.2232464929859717,vote tie
-4.135070140280561,-3.2232464929859717,vote tie
-4.0943887775551095,-3.2232464929859717,vote tie
-4.053707414829659,-3.2232464929859717,vote tie
-4.013026052104208,-3.2232464929859717,vote tie
-3.9723446893787573,-3.2232464929859717,vote tie
-4.745290581162324,-3.180360721442886,vote tie
-4.7046092184368735,-3.180360721442886,vote tie
-4.663927855711423,-3.180360721442886,vote tie
-4.623246492985972,-3.180360721442886,vote tie
-4.58256513026052,-3.180360721442886,vote tie
-4.54188376753507,-3.180360721442886,vote tie
-4.501202404809619,-3.180360721442886,vote tie
-4.460521042084168,-3.180360721442886,vote tie
-4.419839679358717,-3.180360721442886,vote tie
-4.379158316633267,-3.180360721442886,vote tie
-4.338476953907815,-3.180360721442886,vote tie
-4.297795591182364,-3.180360721442886,vote tie
-4.2571142284569135,-3.180360721442886,vote tie
-4.216432865731463,-3.180360721442886,vote tie
-4.175751503006012,-3.180360721442886,vote tie
-4.135070140280561,-3.180360721442886,vote tie
-4.0943887775551095,-3.180360721442886,vote tie
-4.053707414829659,-3.180360721442886,vote tie
-4.013026052104208,-3.180360721442886,vote tie
-4.785971943887775,-3.137474949899799,vote tie
-4.745290581162324,-3.137474949899799,vote tie
-4.7046092184368735,-3.137474949899799,vote tie
-4.663927855711423,-3.137474949899799,vote tie
-4.623246492985972,-3.137474949899799,vote tie
-4.58256513026052,-3.137474949899799,vote tie
-4.54188376753507,-3.137474949899799,vote tie
-4.501202404809619,-3.137474949899799,vote tie
-4.460521042084168,-3.137474949899799,vote tie
-4.419839679358717,-3.137474949899799,vote tie
-4.379158316633267,-3.137474949899799,vote tie
-4.338476953907815,-3.137474949899799,vote tie
-4.297795591182364,-3.137474949899799,vote tie
-4.2571142284569135,-3.137474949899799,vote tie
-4.216432865731463,-3.137474949899799,vote tie
-4.175751503006012,-3.137474949899799,vote tie
-4.135070140280561,-3.137474949899799,vote tie
-4.0943887775551095,-3.137474949899799,vote tie
-4.053707414829659,-3.137474949899799,vote tie
-4.826653306613226,-3.0945891783567134,vote tie
-4.785971943887775,-3.0945891783567134,vote tie
-4.745290581162324,-3.0945891783567134,vote tie
-4.7046092184368735,-3.0945891783567134,vote tie
-4.663927855711423,-3.0945891783567134,vote tie
-4.623246492985972,-3.0945891783567134,vote tie
-4.58256513026052,-3.0945891783567134,vote tie
-4.54188376753507,-3.0945891783567134,vote tie
-4.501202404809619,-3.0945891783567134,vote tie
-4.460521042084168,-3.0945891783567134,vote tie
-4.419839679358717,-3.0945891783567134,vote tie
-4.379158316633267,-3.0945891783567134,vote tie
-4.338476953907815,-3.0945891783567134,vote tie
-4.297795591182364,-3.0945891783567134,vote tie
-4.2571142284569135,-3.0945891783567134,vote tie
-4.216432865731463,-3.0945891783567134,vote tie
-4.175751503006012,-3.0945891783567134,vote tie
-4.135070140280561,-3.0945891783567134,vote tie
-4.0943887775551095,-3.0945891783567134,vote tie
-4.867334669338677,-3.051703406813628,vote tie
-4.826653306613226,-3.051703406813628,vote tie
-4.785971943887775,-3.051703406813628,vote tie
-4.745290581162324,-3.051703406813628,vote tie
-4.7046092184368735,-3.051703406813628,vote tie
-4.663927855711423,-3.051703406813628,vote tie
-4.623246492985972,-3.051703406813628,vote tie
-4.58256513026052,-3.051703406813628,vote tie
-4.54188376753507,-3.051703406813628,vote tie
-4.501202404809619,-3.051703406813628,vote tie
-4.460521042084168,-3.051703406813628,vote tie
-4.419839679358717,-3.051703406813628,vote tie
-4.379158316633267,-3.051703406813628,vote tie
-4.338476953907815,-3.051703406813628,vote tie
-4.297795591182364,-3.051703406813628,vote tie
-4.2571142284569135,-3.051703406813628,vote tie
-4.216432865731463,-3.051703406813628,vote tie
-4.175751503006012,-3.051703406813628,vote tie
-4.135070140280561,-3.051703406813628,vote tie
-4.0943887775551095,-3.051703406813628,vote tie
-4.908016032064128,-3.0088176352705407,vote tie
-4.867334669338677,-3.0088176352705407,vote tie
-4.826653306613226,-3.0088176352705407,vote tie
-4.785971943887775,-3.0088176352705407,vote tie
-4.745290581162324,-3.0088176352705407,vote tie
-4.7046092184368735,-3.0088176352705407,vote tie
-4.663927855711423,-3.0088176352705407,vote tie
-4.623246492985972,-3.0088176352705407,vote tie
-4.58256513026052,-3.0088176352705407,vote tie
-4.54188376753507,-3.0088176352705407,vote tie
-4.501202404809619,-3.0088176352705407,vote tie
-4.460521042084168,-3.0088176352705407,vote tie
-4.419839679358717,-3.0088176352705407,vote tie
-4.379158316633267,-3.0088176352705407,vote tie
-4.338476953907815,-3.0088176352705407,vote tie
-4.297795591182364,-3.0088176352705407,vote tie
-4.2571142284569135,-3.0088176352705407,vote tie
-4.216432865731463,-3.0088176352705407,vote tie
-4.175751503006012,-3.0088176352705407,vote tie
-4.135070140280561,-3.0088176352705407,vote tie
-4.948697394789579,-2.965931863727455,vote tie
-4.908016032064128,-2.965931863727455,vote tie
-4.867334669338677,-2.965931863727455,vote tie
-4.826653306613226,-2.965931863727455,vote tie
-4.785971943887775,-2.965931863727455,vote tie
-4.745290581162324,-2.965931863727455,vote tie
-4.7046092184368735,-2.965931863727455,vote tie
-4.663927855711423,-2.965931863727455,vote tie
-4.623246492985972,-2.965931863727455,vote tie
-4.58256513026052,-2.965931863727455,vote tie
-4.54188376753507,-2.965931863727455,vote tie
-4.501202404809619,-2.965931863727455,vote tie
-4.460521042084168,-2.965931863727455,vote tie
-4.419839679358717,-2.965931863727455,vote tie
-4.379158316633267,-2.965931863727455,vote tie
-4.338476953907815,-2.965931863727455,vote tie
-4.297795591182364,-2.965931863727455,vote tie
-4.2571142284569135,-2.965931863727455,vote tie
-4.216432865731463,-2.965931863727455,vote tie
-4.175751503006012,-2.965931863727455,vote tie
-4.98937875751503,-2.923046092184368,vote tie
-4.948697394789579,-2.923046092184368,vote tie
-4.908016032064128,-2.923046092184368,vote tie
-4.867334669338677,-2.923046092184368,vote tie
-4.826653306613226,-2.923046092184368,vote tie
-4.785971943887775,-2.923046092184368,vote tie
-4.745290581162324,-2.923046092184368,vote tie
-4.7046092184368735,-2.923046092184368,vote tie
-4.663927855711423,-2.923046092184368,vote tie
-4.623246492985972,-2.923046092184368,vote tie
-4.58256513026052,-2.923046092184368,vote tie
-4.54188376753507,-2.923046092184368,vote tie
-4.501202404809619,-2.923046092184368,vote tie
-4.460521042084168,-2.923046092184368,vote tie
-4.419839679358717,-2.923046092184368,vote tie
-4.379158316633267,-2.923046092184368,vote tie
-4.338476953907815,-2.923046092184368,vote tie
-4.297795591182364,-2.923046092184368,vote tie
-4.2571142284569135,-2.923046092184368,vote tie
-4.216432865731463,-2.923046092184368,vote tie
-5.03006012024048,-2.8801603206412825,vote tie
-4.98937875751503,-2.8801603206412825,vote tie
-4.948697394789579,-2.8801603206412825,vote tie
-4.908016032064128,-2.8801603206412825,vote tie
-4.867334669338677,-2.8801603206412825,vote tie
-4.826653306613226,-2.8801603206412825,vote tie
-4.785971943887775,-2.8801603206412825,vote tie
-4.745290581162324,-2.8801603206412825,vote tie
-4.7046092184368735,-2.8801603206412825,vote tie
-4.663927855711423,-2.8801603206412825,vote tie
-4.623246492985972,-2.8801603206412825,vote tie
-4.58256513026052,-2.8801603206412825,vote tie
-4.54188376753507,-2.8801603206412825,vote tie
-4.501202404809619,-2.8801603206412825,vote tie
-4.460521042084168,-2.8801603206412825,vote tie
-4.419839679358717,-2.8801603206412825,vote tie
-4.379158316633267,-2.8801603206412825,vote tie
-4.338476953907815,-2.8801603206412825,vote tie
-4.297795591182364,-2.8801603206412825,vote tie
-4.2571142284569135,-2.8801603206412825,vote tie
-5.03006012024048,-2.837274549098197,vote tie
-4.98937875751503,-2.837274549098197,vote tie
-4.948697394789579,-2.837274549098197,vote tie
-4.908016032064128,-2.837274549098197,vote tie
-4.867334669338677,-2.837274549098197,vote tie
-4.826653306613226,-2.837274549098197,vote tie
-4.785971943887775,-2.837274549098197,vote tie
-4.745290581162324,-2.837274549098197,vote tie
-4.7046092184368735,-2.837274549098197,vote tie
-4.663927855711423,-2.837274549098197,vote tie
-4.623246492985972,-2.837274549098197,vote tie
-4.58256513026052,-2.837274549098197,vote tie
-4.54188376753507,-2.837274549098197,vote tie
-4.501202404809619,-2.837274549098197,vote tie
-4.460521042084168,-2.837274549098197,vote tie
-4.419839679358717,-2.837274549098197,vote tie
-4.379158316633267,-2.837274549098197,vote tie
-4.338476953907815,-2.837274549098197,vote tie
-4.297795591182364,-2.837274549098197,vote tie
-5.070741482965931,-2.7943887775551097,vote tie
-5.03006012024048,-2.7943887775551097,vote tie
-4.98937875751503,-2.7943887775551097,vote tie
-4.948697394789579,-2.7943887775551097,vote tie
-4.908016032064128,-2.7943887775551097,vote tie
-4.867334669338677,-2.7943887775551097,vote tie
-4.826653306613226,-2.7943887775551097,vote tie
-4.785971943887775,-2.7943887775551097,vote tie
-4.745290581162324,-2.7943887775551097,vote tie
-4.7046092184368735,-2.7943887775551097,vote tie
-4.663927855711423,-2.7943887775551097,vote tie
-4.623246492985972,-2.7943887775551097,vote tie
-4.58256513026052,-2.7943887775551097,vote tie
-4.54188376753507,-2.7943887775551097,vote tie
-4.501202404809619,-2.7943887775551097,vote tie
-4.460521042084168,-2.7943887775551097,vote tie
-4.419839679358717,-2.7943887775551097,vote tie
-4.379158316633267,-2.7943887775551097,vote tie
-4.338476953907815,-2.7943887775551097,vote tie
-5.111422845691383,-2.7515030060120242,vote tie
-5.070741482965931,-2.7515030060120242,vote tie
-5.03006012024048,-2.7515030060120242,vote tie
-4.98937875751503,-2.7515030060120242,vote tie
-4.948697394789579,-2.7515030060120242,vote tie
-4.908016032064128,-2.7515030060120242,vote tie
-4.867334669338677,-2.7515030060120242,vote tie
-4.826653306613226,-2.7515030060120242,vote tie
-4.785971943887775,-2.7515030060120242,vote tie
-4.745290581162324,-2.7515030060120242,vote tie
-4.7046092184368735,-2.7515030060120242,vote tie
-4.663927855711423,-2.7515030060120242,vote tie
-4.623246492985972,-2.7515030060120242,vote tie
-4.58256513026052,-2.7515030060120242,vote tie
-4.54188376753507,-2.7515030060120242,vote tie
-4.501202404809619,-2.7515030060120242,vote tie
-4.460521042084168,-2.7515030060120242,vote tie
-4.419839679358717,-2.7515030060120242,vote tie
-4.379158316633267,-2.7515030060120242,vote tie
-5.152104208416834,-2.708617234468937,vote tie
-5.111422845691383,-2.708617234468937,vote tie
-5.070741482965931,-2.708617234468937,vote tie
-5.03006012024048,-2.708617234468937,vote tie
-4.98937875751503,-2.708617234468937,vote tie
-4.948697394789579,-2.708617234468937,vote tie
-4.908016032064128,-2.708617234468937,vote tie
-4.867334669338677,-2.708617234468937,vote tie
-4.826653306613226,-2.708617234468937,vote tie
-4.785971943887775,-2.708617234468937,vote tie
-4.745290581162324,-2.708617234468937,vote tie
-4.7046092184368735,-2.708617234468937,vote tie
-4.663927855711423,-2.708617234468937,vote tie
-4.623246492985972,-2.708617234468937,vote tie
-4.58256513026052,-2.708617234468937,vote tie
-4.54188376753507,-2.708617234468937,vote tie
-4.501202404809619,-2.708617234468937,vote tie
-4.460521042084168,-2.708617234468937,vote tie
-4.419839679358717,-2.708617234468937,vote tie
-5.192785571142284,-2.6657314629258515,vote tie
-5.152104208416834,-2.6657314629258515,vote tie
-5.111422845691383,-2.6657314629258515,vote tie
-5.070741482965931,-2.6657314629258515,vote tie
-5.03006012024048,-2.6657314629258515,vote tie
-4.98937875751503,-2.6657314629258515,vote tie
-4.948697394789579,-2.6657314629258515,vote tie
-4.908016032064128,-2.6657314629258515,vote tie
-4.867334669338677,-2.6657314629258515,vote tie
-4.826653306613226,-2.6657314629258515,vote tie
-4.785971943887775,-2.6657314629258515,vote tie
-4.745290581162324,-2.6657314629258515,vote tie
-4.7046092184368735,-2.6657314629258515,vote tie
-4.663927855711423,-2.6657314629258515,vote tie
-4.623246492985972,-2.6657314629258515,vote tie
-4.58256513026052,-2.6657314629258515,vote tie
-4.54188376753507,-2.6657314629258515,vote tie
-4.501202404809619,-2.6657314629258515,vote tie
-4.460521042084168,-2.6657314629258515,vote tie
-5.233466933867735,-2.622845691382766,vote tie
-5.192785571142284,-2.622845691382766,vote tie
-5.152104208416834,-2.622845691382766,vote tie
-5.111422845691383,-2.622845691382766,vote tie
-5.070741482965931,-2.622845691382766,vote tie
-5.03006012024048,-2.622845691382766,vote tie
-4.98937875751503,-2.622845691382766,vote tie
-4.948697394789579,-2.622845691382766,vote tie
-4.908016032064128,-2.622845691382766,vote tie
-4.867334669338677,-2.622845691382766,vote tie
-4.826653306613226,-2.622845691382766,vote tie
-4.785971943887775,-2.622845691382766,vote tie
-4.745290581162324,-2.622845691382766,vote tie
-4.7046092184368735,-2.622845691382766,vote tie
-4.663927855711423,-2.622845691382766,vote tie
-4.623246492985972,-2.622845691382766,vote tie
-4.58256513026052,-2.622845691382766,vote tie
-4.54188376753507,-2.622845691382766,vote tie
-4.501202404809619,-2.622845691382766,vote tie
-5.274148296593186,-2.5799599198396788,vote tie
-5.233466933867735,-2.5799599198396788,vote tie
-5.192785571142284,-2.5799599198396788,vote tie
-5.152104208416834,-2.5799599198396788,vote tie
-5.111422845691383,-2.5799599198396788,vote tie
-5.070741482965931,-2.5799599198396788,vote tie
-5.03006012024048,-2.5799599198396788,vote tie
-4.98937875751503,-2.5799599198396788,vote tie
-4.948697394789579,-2.5799599198396788,vote tie
-4.908016032064128,-2.5799599198396788,vote tie
-4.867334669338677,-2.5799599198396788,vote tie
-4.826653306613226,-2.5799599198396788,vote tie
-4.785971943887775,-2.5799599198396788,vote tie
-4.745290581162324,-2.5799599198396788,vote tie
-4.7046092184368735,-2.5799599198396788,vote tie
-4.663927855711423,-2.5799599198396788,vote tie
-4.623246492985972,-2.5799599198396788,vote tie
-4.58256513026052,-2.5799599198396788,vote tie
-4.54188376753507,-2.5799599198396788,vote tie
-5.3148296593186375,-2.5370741482965933,vote tie
-5.274148296593186,-2.5370741482965933,vote tie
-5.233466933867735,-2.5370741482965933,vote tie
-5.192785571142284,-2.5370741482965933,vote tie
-5.152104208416834,-2.5370741482965933,vote tie
-5.111422845691383,-2.5370741482965933,vote tie
-5.070741482965931,-2.5370741482965933,vote tie
-5.03006012024048,-2.5370741482965933,vote tie
-4.98937875751503,-2.5370741482965933,vote tie
-4.948697394789579,-2.5370741482965933,vote tie
-4.908016032064128,-2.5370741482965933,vote tie
-4.867334669338677,-2.5370741482965933,vote tie
-4.826653306613226,-2.5370741482965933,vote tie
-4.785971943887775,-2.5370741482965933,vote tie
-4.745290581162324,-2.5370741482965933,vote tie
-4.7046092184368735,-2.5370741482965933,vote tie
-4.663927855711423,-2.5370741482965933,vote tie
-4.623246492985972,-2.5370741482965933,vote tie
-4.58256513026052,-2.5370741482965933,vote tie
-5.355511022044088,-2.494188376753506,vote tie
-5.3148296593186375,-2.494188376753506,vote tie
-5.274148296593186,-2.494188376753506,vote tie
-5.233466933867735,-2.494188376753506,vote tie
-5.192785571142284,-2.494188376753506,vote tie
-5.152104208416834,-2.494188376753506,vote tie
-5.111422845691383,-2.494188376753506,vote tie
-5.070741482965931,-2.494188376753506,vote tie
-5.03006012024048,-2.494188376753506,vote tie
-4.98937875751503,-2.494188376753506,vote tie
-4.948697394789579,-2.494188376753506,vote tie
-4.908016032064128,-2.494188376753506,vote tie
-4.867334669338677,-2.494188376753506,vote tie
-4.826653306613226,-2.494188376753506,vote tie
-4.785971943887775,-2.494188376753506,vote tie
-4.745290581162324,-2.494188376753506,vote tie
-4.7046092184368735,-2.494188376753506,vote tie
-4.663927855711423,-2.494188376753506,vote tie
-4.623246492985972,-2.494188376753506,vote tie
-5.396192384769539,-2.4513026052104205,vote tie
-5.355511022044088,-2.4513026052104205,vote tie
-5.3148296593186375,-2.4513026052104205,vote tie
-5.274148296593186,-2.4513026052104205,vote tie
-5.233466933867735,-2.4513026052104205,vote tie
-5.192785571142284,-2.4513026052104205,vote tie
-5.152104208416834,-2.4513026052104205,vote tie
-5.111422845691383,-2.4513026052104205,vote tie
-5.070741482965931,-2.4513026052104205,vote tie
-5.03006012024048,-2.4513026052104205,vote tie
-4.98937875751503,-2.4513026052104205,vote tie
-4.948697394789579,-2.4513026052104205,vote tie
-4.908016032064128,-2.4513026052104205,vote tie
-4.867334669338677,-2.4513026052104205,vote tie
-4.826653306613226,-2.4513026052104205,vote tie
-4.785971943887775,-2.4513026052104205,vote tie
-4.745290581162324,-2.4513026052104205,vote tie
-4.7046092184368735,-2.4513026052104205,vote tie
-4.663927855711423,-2.4513026052104205,vote tie
-5.43687374749499,-2.408416833667335,vote tie
-5.396192384769539,-2.408416833667335,vote tie
-5.355511022044088,-2.408416833667335,vote tie
-5.3148296593186375,-2.408416833667335,vote tie
-5.274148296593186,-2.408416833667335,vote tie
-5.233466933867735,-2.408416833667335,vote tie
-5.192785571142284,-2.408416833667335,vote tie
-5.152104208416834,-2.408416833667335,vote tie
-5.111422845691383,-2.408416833667335,vote tie
-5.070741482965931,-2.408416833667335,vote tie
-5.03006012024048,-2.408416833667335,vote tie
-4.98937875751503,-2.408416833667335,vote tie
-4.948697394789579,-2.408416833667335,vote tie
-4.908016032064128,-2.408416833667335,vote tie
-4.867334669338677,-2.408416833667335,vote tie
-4.826653306613226,-2.408416833667335,vote tie
-4.785971943887775,-2.408416833667335,vote tie
-4.745290581162324,-2.408416833667335,vote tie
-4.7046092184368735,-2.408416833667335,vote tie
-5.4775551102204405,-2.365531062124248,vote tie
-5.43687374749499,-2.365531062124248,vote tie
-5.396192384769539,-2.365531062124248,vote tie
-5.355511022044088,-2.365531062124248,vote tie
-5.3148296593186375,-2.365531062124248,vote tie
-5.274148296593186,-2.365531062124248,vote tie
-5.233466933867735,-2.365531062124248,vote tie
-5.192785571142284,-2.365531062124248,vote tie
-5.152104208416834,-2.365531062124248,vote tie
-5.111422845691383,-2.365531062124248,vote tie
-5.070741482965931,-2.365531062124248,vote tie
-5.03006012024048,-2.365531062124248,vote tie
-4.98937875751503,-2.365531062124248,vote tie
-4.948697394789579,-2.365531062124248,vote tie
-4.908016032064128,-2.365531062124248,vote tie
-4.867334669338677,-2.365531062124248,vote tie
-4.826653306613226,-2.365531062124248,vote tie
-4.785971943887775,-2.365531062124248,vote tie
-4.745290581162324,-2.365531062124248,vote tie
-5.518236472945891,-2.3226452905811623,vote tie
-5.4775551102204405,-2.3226452905811623,vote tie
-5.43687374749499,-2.3226452905811623,vote tie
-5.396192384769539,-2.3226452905811623,vote tie
-5.355511022044088,-2.3226452905811623,vote tie
-5.3148296593186375,-2.3226452905811623,vote tie
-5.274148296593186,-2.3226452905811623,vote tie
-5.233466933867735,-2.3226452905811623,vote tie
-5.192785571142284,-2.3226452905811623,vote tie
-5.152104208416834,-2.3226452905811623,vote tie
-5.111422845691383,-2.3226452905811623,vote tie
-5.070741482965931,-2.3226452905811623,vote tie
-5.03006012024048,-2.3226452905811623,vote tie
-4.98937875751503,-2.3226452905811623,vote tie
-4.948697394789579,-2.3226452905811623,vote tie
-4.908016032064128,-2.3226452905811623,vote tie
-4.867334669338677,-2.3226452905811623,vote tie
-4.826653306613226,-2.3226452905811623,vote tie
-4.785971943887775,-2.3226452905811623,vote tie
-5.558917835671343,-2.279759519038077,vote tie
-5.518236472945891,-2.279759519038077,vote tie
-5.4775551102204405,-2.279759519038077,vote tie
-5.43687374749499,-2.279759519038077,vote tie
-5.396192384769539,-2.279759519038077,vote tie
-5.355511022044088,-2.279759519038077,vote tie
-5.3148296593186375,-2.279759519038077,vote tie
-5.274148296593186,-2.279759519038077,vote tie
-5.233466933867735,-2.279759519038077,vote tie
-5.192785571142284,-2.279759519038077,vote tie
-5.152104208416834,-2.279759519038077,vote tie
-5.111422845691383,-2.279759519038077,vote tie
-5.070741482965931,-2.279759519038077,vote tie
-5.03006012024048,-2.279759519038077,vote tie
-4.98937875751503,-2.279759519038077,vote tie
-4.948697394789579,-2.279759519038077,vote tie
-4.908016032064128,-2.279759519038077,vote tie
-4.867334669338677,-2.279759519038077,vote tie
-4.826653306613226,-2.279759519038077,vote tie
-5.599599198396794,-2.2368737474949896,vote tie
-5.558917835671343,-2.2368737474949896,vote tie
-5.518236472945891,-2.2368737474949896,vote tie
-5.4775551102204405,-2.2368737474949896,vote tie
-5.43687374749499,-2.2368737474949896,vote tie
-5.396192384769539,-2.2368737474949896,vote tie
-5.355511022044088,-2.2368737474949896,vote tie
-5.3148296593186375,-2.2368737474949896,vote tie
-5.274148296593186,-2.2368737474949896,vote tie
-5.233466933867735,-2.2368737474949896,vote tie
-5.192785571142284,-2.2368737474949896,vote tie
-5.152104208416834,-2.2368737474949896,vote tie
-5.111422845691383,-2.2368737474949896,vote tie
-5.070741482965931,-2.2368737474949896,vote tie
-5.03006012024048,-2.2368737474949896,vote tie
-4.98937875751503,-2.2368737474949896,vote tie
-4.948697394789579,-2.2368737474949896,vote tie
-4.908016032064128,-2.2368737474949896,vote tie
-4.867334669338677,-2.2368737474949896,vote tie
-5.640280561122244,-2.193987975951904,vote tie
-5.599599198396794,-2.193987975951904,vote tie
-5.558917835671343,-2.193987975951904,vote tie
-5.518236472945891,-2.193987975951904,vote tie
-5.4775551102204405,-2.193987975951904,vote tie
-5.43687374749499,-2.193987975951904,vote tie
-5.396192384769539,-2.193987975951904,vote tie
-5.355511022044088,-2.193987975951904,vote tie
-5.3148296593186375,-2.193987975951904,vote tie
-5.274148296593186,-2.193987975951904,vote tie
-5.233466933867735,-2.193987975951904,vote tie
-5.192785571142284,-2.193987975951904,vote tie
-5.152104208416834,-2.193987975951904,vote tie
-5.111422845691383,-2.193987975951904,vote tie
-5.070741482965931,-2.193987975951904,vote tie
-5.03006012024048,-2.193987975951904,vote tie
-4.98937875751503,-2.193987975951904,vote tie
-4.948697394789579,-2.193987975951904,vote tie
-4.908016032064128,-2.193987975951904,vote tie
-5.640280561122244,-2.151102204408817,vote tie
-5.599599198396794,-2.151102204408817,vote tie
-5.558917835671343,-2.151102204408817,vote tie
-5.518236472945891,-2.151102204408817,vote tie
-5.4775551102204405,-2.151102204408817,vote tie
-5.43687374749499,-2.151102204408817,vote tie
-5.396192384769539,-2.151102204408817,vote tie
-5.355511022044088,-2.151102204408817,vote tie
-5.3148296593186375,-2.151102204408817,vote tie
-5.274148296593186,-2.151102204408817,vote tie
-5.233466933867735,-2.151102204408817,vote tie
-5.192785571142284,-2.151102204408817,vote tie
-5.152104208416834,-2.151102204408817,vote tie
-5.111422845691383,-2.151102204408817,vote tie
-5.070741482965931,-2.151102204408817,vote tie
-5.03006012024048,-2.151102204408817,vote tie
-4.98937875751503,-2.151102204408817,vote tie
-4.948697394789579,-2.151102204408817,vote tie
-5.680961923847695,-2.1082164328657313,vote tie
-5.640280561122244,-2.1082164328657313,vote tie
-5.599599198396794,-2.1082164328657313,vote tie
-5.558917835671343,-2.1082164328657313,vote tie
-5.518236472945891,-2.1082164328657313,vote tie
-5.4775551102204405,-2.1082164328657313,vote tie
-5.43687374749499,-2.1082164328657313,vote tie
-5.396192384769539,-2.1082164328657313,vote tie
-5.355511022044088,-2.1082164328657313,vote tie
-5.3148296593186375,-2.1082164328657313,vote tie
-5.274148296593186,-2.1082164328657313,vote tie
-5.233466933867735,-2.1082164328657313,vote tie
-5.192785571142284,-2.1082164328657313,vote tie
-5.152104208416834,-2.1082164328657313,vote tie
-5.111422845691383,-2.1082164328657313,vote tie
-5.070741482965931,-2.1082164328657313,vote tie
-5.03006012024048,-2.1082164328657313,vote tie
-4.98937875751503,-2.1082164328657313,vote tie
-4.948697394789579,-2.1082164328657313,vote tie
-5.721643286573146,-2.065330661322646,vote tie
-5.680961923847695,-2.065330661322646,vote tie
-5.640280561122244,-2.065330661322646,vote tie
-5.599599198396794,-2.065330661322646,vote tie
-5.558917835671343,-2.065330661322646,vote tie
-5.518236472945891,-2.065330661322646,vote tie
-5.4775551102204405,-2.065330661322646,vote tie
-5.43687374749499,-2.065330661322646,vote tie
-5.396192384769539,-2.065330661322646,vote tie
-5.355511022044088,-2.065330661322646,vote tie
-5.3148296593186375,-2.065330661322646,vote tie
-5.274148296593186,-2.065330661322646,vote tie
-5.233466933867735,-2.065330661322646,vote tie
-5.192785571142284,-2.065330661322646,vote tie
-5.152104208416834,-2.065330661322646,vote tie
-5.111422845691383,-2.065330661322646,vote tie
-5.070741482965931,-2.065330661322646,vote tie
-5.03006012024048,-2.065330661322646,vote tie
-4.98937875751503,-2.065330661322646,vote tie
-5.762324649298597,-2.0224448897795586,vote tie
-5.721643286573146,-2.0224448897795586,vote tie
-5.680961923847695,-2.0224448897795586,vote tie
-5.640280561122244,-2.0224448897795586,vote tie
-5.599599198396794,-2.0224448897795586,vote tie
-5.558917835671343,-2.0224448897795586,vote tie
-5.518236472945891,-2.0224448897795586,vote tie
-5.4775551102204405,-2.0224448897795586,vote tie
-5.43687374749499,-2.0224448897795586,vote tie
-5.396192384769539,-2.0224448897795586,vote tie
-5.355511022044088,-2.0224448897795586,vote tie
-5.3148296593186375,-2.0224448897795586,vote tie
-5.274148296593186,-2.0224448897795586,vote tie
-5.233466933867735,-2.0224448897795586,vote tie
-5.192785571142284,-2.0224448897795586,vote tie
-5.152104208416834,-2.0224448897795586,vote tie
-5.111422845691383,-2.0224448897795586,vote tie
-5.070741482965931,-2.0224448897795586,vote tie
-5.03006012024048,-2.0224448897795586,vote tie
-5.803006012024048,-1.9795591182364731,vote tie
-5.762324649298597,-1.9795591182364731,vote tie
-5.721643286573146,-1.9795591182364731,vote tie
-5.680961923847695,-1.9795591182364731,vote tie
-5.640280561122244,-1.9795591182364731,vote tie
-5.599599198396794,-1.9795591182364731,vote tie
-5.558917835671343,-1.9795591182364731,vote tie
-5.518236472945891,-1.9795591182364731,vote tie
-5.4775551102204405,-1.9795591182364731,vote tie
-5.43687374749499,-1.9795591182364731,vote tie
-5.396192384769539,-1.9795591182364731,vote tie
-5.355511022044088,-1.9795591182364731,vote tie
-5.3148296593186375,-1.9795591182364731,vote tie
-5.274148296593186,-1.9795591182364731,vote tie
-5.233466933867735,-1.9795591182364731,vote tie
-5.192785571142284,-1.9795591182364731,vote tie
-5.152104208416834,-1.9795591182364731,vote tie
-5.111422845691383,-1.9795591182364731,vote tie
-5.070741482965931,-1.9795591182364731,vote tie
-5.843687374749499,-1.9366733466933859,vote tie
-5.803006012024048,-1.9366733466933859,vote tie
-5.762324649298597,-1.9366733466933859,vote tie
-5.721643286573146,-1.9366733466933859,vote tie
-5.680961923847695,-1.9366733466933859,vote tie
-5.640280561122244,-1.9366733466933859,vote tie
-5.599599198396794,-1.9366733466933859,vote tie
-5.558917835671343,-1.9366733466933859,vote tie
-5.518236472945891,-1.9366733466933859,vote tie
-5.4775551102204405,-1.9366733466933859,vote tie
-5.43687374749499,-1.9366733466933859,vote tie
-5.396192384769539,-1.9366733466933859,vote tie
-5.355511022044088,-1.9366733466933859,vote tie
-5.3148296593186375,-1.9366733466933859,vote tie
-5.274148296593186,-1.9366733466933859,vote tie
-5.233466933867735,-1.9366733466933859,vote tie
-5.192785571142284,-1.9366733466933859,vote tie
-5.152104208416834,-1.9366733466933859,vote tie
-5.111422845691383,-1.9366733466933859,vote tie
-5.88436873747495,-1.8937875751503004,vote tie
-5.843687374749499,-1.8937875751503004,vote tie
-5.803006012024048,-1.8937875751503004,vote tie
-5.762324649298597,-1.8937875751503004,vote tie
-5.721643286573146,-1.8937875751503004,vote tie
-5.680961923847695,-1.8937875751503004,vote tie
-5.640280561122244,-1.8937875751503004,vote tie
-5.599599198396794,-1.8937875751503004,vote tie
-5.558917835671343,-1.8937875751503004,vote tie
-5.518236472945891,-1.8937875751503004,vote tie
-5.4775551102204405,-1.8937875751503004,vote tie
-5.43687374749499,-1.8937875751503004,vote tie
-5.396192384769539,-1.8937875751503004,vote tie
-5.355511022044088,-1.8937875751503004,vote tie
-5.3148296593186375,-1.8937875751503004,vote tie
-5.274148296593186,-1.8937875751503004,vote tie
-5.233466933867735,-1.8937875751503004,vote tie
-5.192785571142284,-1.8937875751503004,vote tie
-5.152104208416834,-1.8937875751503004,vote tie
-5.925050100200401,-1.850901803607215,vote tie
-5.88436873747495,-1.850901803607215,vote tie
-5.843687374749499,-1.850901803607215,vote tie
-5.803006012024048,-1.850901803607215,vote tie
-5.762324649298597,-1.850901803607215,vote tie
-5.721643286573146,-1.850901803607215,vote tie
-5.680961923847695,-1.850901803607215,vote tie
-5.640280561122244,-1.850901803607215,vote tie
-5.599599198396794,-1.850901803607215,vote tie
-5.558917835671343,-1.850901803607215,vote tie
-5.518236472945891,-1.850901803607215,vote tie
-5.4775551102204405,-1.850901803607215,vote tie
-5.43687374749499,-1.850901803607215,vote tie
-5.396192384769539,-1.850901803607215,vote tie
-5.355511022044088,-1.850901803607215,vote tie
-5.3148296593186375,-1.850901803607215,vote tie
-5.274148296593186,-1.850901803607215,vote tie
-5.233466933867735,-1.850901803607215,vote tie
-5.192785571142284,-1.850901803607215,vote tie
-5.965731462925851,-1.8080160320641276,vote tie
-5.925050100200401,-1.8080160320641276,vote tie
-5.88436873747495,-1.8080160320641276,vote tie
-5.843687374749499,-1.8080160320641276,vote tie
-5.803006012024048,-1.8080160320641276,vote tie
-5.762324649298597,-1.8080160320641276,vote tie
-5.721643286573146,-1.8080160320641276,vote tie
-5.680961923847695,-1.8080160320641276,vote tie
-5.640280561122244,-1.8080160320641276,vote tie
-5.599599198396794,-1.8080160320641276,vote tie
-5.558917835671343,-1.8080160320641276,vote tie
-5.518236472945891,-1.8080160320641276,vote tie
-5.4775551102204405,-1.8080160320641276,vote tie
-5.43687374749499,-1.8080160320641276,vote tie
-5.396192384769539,-1.8080160320641276,vote tie
-5.355511022044088,-1.8080160320641276,vote tie
-5.3148296593186375,-1.8080160320641276,vote tie
-5.274148296593186,-1.8080160320641276,vote tie
-5.233466933867735,-1.8080160320641276,vote tie
-6.006412825651302,-1.7651302605210422,vote tie
-5.965731462925851,-1.7651302605210422,vote tie
-5.925050100200401,-1.7651302605210422,vote tie
-5.88436873747495,-1.7651302605210422,vote tie
-5.843687374749499,-1.7651302605210422,vote tie
-5.803006012024048,-1.7651302605210422,vote tie
-5.762324649298597,-1.7651302605210422,vote tie
-5.721643286573146,-1.7651302605210422,vote tie
-5.680961923847695,-1.7651302605210422,vote tie
-5.640280561122244,-1.7651302605210422,vote tie
-5.599599198396794,-1.7651302605210422,vote tie
-5.558917835671343,-1.7651302605210422,vote tie
-5.518236472945891,-1.7651302605210422,vote tie
-5.4775551102204405,-1.7651302605210422,vote tie
-5.43687374749499,-1.7651302605210422,vote tie
-5.396192384769539,-1.7651302605210422,vote tie
-5.355511022044088,-1.7651302605210422,vote tie
-5.3148296593186375,-1.7651302605210422,vote tie
-5.274148296593186,-1.7651302605210422,vote tie
-6.047094188376754,-1.7222444889779567,vote tie
-6.006412825651302,-1.7222444889779567,vote tie
-5.965731462925851,-1.7222444889779567,vote tie
-5.925050100200401,-1.7222444889779567,vote tie
-5.88436873747495,-1.7222444889779567,vote tie
-5.843687374749499,-1.7222444889779567,vote tie
-5.803006012024048,-1.7222444889779567,vote tie
-5.762324649298597,-1.7222444889779567,vote tie
-5.721643286573146,-1.7222444889779567,vote tie
-5.680961923847695,-1.7222444889779567,vote tie
-5.640280561122244,-1.7222444889779567,vote tie
-5.599599198396794,-1.7222444889779567,vote tie
-5.558917835671343,-1.7222444889779567,vote tie
-5.518236472945891,-1.7222444889779567,vote tie
-5.4775551102204405,-1.7222444889779567,vote tie
-5.43687374749499,-1.7222444889779567,vote tie
-5.396192384769539,-1.7222444889779567,vote tie
-5.355511022044088,-1.7222444889779567,vote tie
-5.3148296593186375,-1.7222444889779567,vote tie
-6.0877755511022045,-1.6793587174348694,vote tie
-6.047094188376754,-1.6793587174348694,vote tie
-6.006412825651302,-1.6793587174348694,vote tie
-5.965731462925851,-1.6793587174348694,vote tie
-5.925050100200401,-1.6793587174348694,vote tie
-5.88436873747495,-1.6793587174348694,vote tie
-5.843687374749499,-1.6793587174348694,vote tie
-5.803006012024048,-1.6793587174348694,vote tie
-5.762324649298597,-1.6793587174348694,vote tie
-5.721643286573146,-1.6793587174348694,vote tie
-5.680961923847695,-1.6793587174348694,vote tie
-5.640280561122244,-1.6793587174348694,vote tie
-5.599599198396794,-1.6793587174348694,vote tie
-5.558917835671343,-1.6793587174348694,vote tie
-5.518236472945891,-1.6793587174348694,vote tie
-5.4775551102204405,-1.6793587174348694,vote tie
-5.43687374749499,-1.6793587174348694,vote tie
-5.396192384769539,-1.6793587174348694,vote tie
-5.355511022044088,-1.6793587174348694,vote tie
-6.128456913827655,-1.636472945891784,vote tie
-6.0877755511022045,-1.636472945891784,vote tie
-6.047094188376754,-1.636472945891784,vote tie
-6.006412825651302,-1.636472945891784,vote tie
-5.965731462925851,-1.636472945891784,vote tie
-5.925050100200401,-1.636472945891784,vote tie
-5.88436873747495,-1.636472945891784,vote tie
-5.843687374749499,-1.636472945891784,vote tie
-5.803006012024048,-1.636472945891784,vote tie
-5.762324649298597,-1.636472945891784,vote tie
-5.721643286573146,-1.636472945891784,vote tie
-5.680961923847695,-1.636472945891784,vote tie
-5.640280561122244,-1.636472945891784,vote tie
-5.599599198396794,-1.636472945891784,vote tie
-5.558917835671343,-1.636472945891784,vote tie
-5.518236472945891,-1.636472945891784,vote tie
-5.4775551102204405,-1.636472945891784,vote tie
-5.43687374749499,-1.636472945891784,vote tie
-5.396192384769539,-1.636472945891784,vote tie
-6.169138276553106,-1.5935871743486967,vote tie
-6.128456913827655,-1.5935871743486967,vote tie
-6.0877755511022045,-1.5935871743486967,vote tie
-6.047094188376754,-1.5935871743486967,vote tie
-6.006412825651302,-1.5935871743486967,vote tie
-5.965731462925851,-1.5935871743486967,vote tie
-5.925050100200401,-1.5935871743486967,vote tie
-5.88436873747495,-1.5935871743486967,vote tie
-5.843687374749499,-1.5935871743486967,vote tie
-5.803006012024048,-1.5935871743486967,vote tie
-5.762324649298597,-1.5935871743486967,vote tie
-5.721643286573146,-1.5935871743486967,vote tie
-5.680961923847695,-1.5935871743486967,vote tie
-5.640280561122244,-1.5935871743486967,vote tie
-5.599599198396794,-1.5935871743486967,vote tie
-5.558917835671343,-1.5935871743486967,vote tie
-5.518236472945891,-1.5935871743486967,vote tie
-5.4775551102204405,-1.5935871743486967,vote tie
-5.43687374749499,-1.5935871743486967,vote tie
-6.209819639278557,-1.5507014028056112,vote tie
-6.169138276553106,-1.5507014028056112,vote tie
-6.128456913827655,-1.5507014028056112,vote tie
-6.0877755511022045,-1.5507014028056112,vote tie
-6.047094188376754,-1.5507014028056112,vote tie
-6.006412825651302,-1.5507014028056112,vote tie
-5.965731462925851,-1.5507014028056112,vote tie
-5.925050100200401,-1.5507014028056112,vote tie
-5.88436873747495,-1.5507014028056112,vote tie
-5.843687374749499,-1.5507014028056112,vote tie
-5.803006012024048,-1.5507014028056112,vote tie
-5.762324649298597,-1.5507014028056112,vote tie
-5.721643286573146,-1.5507014028056112,vote tie
-5.680961923847695,-1.5507014028056112,vote tie
-5.640280561122244,-1.5507014028056112,vote tie
-5.599599198396794,-1.5507014028056112,vote tie
-5.558917835671343,-1.5507014028056112,vote tie
-5.518236472945891,-1.5507014028056112,vote tie
-5.4775551102204405,-1.5507014028056112,vote tie
-6.2505010020040075,-1.5078156312625257,vote tie
-6.209819639278557,-1.5078156312625257,vote tie
-6.169138276553106,-1.5078156312625257,vote tie
-6.128456913827655,-1.5078156312625257,vote tie
-6.0877755511022045,-1.5078156312625257,vote tie
-6.047094188376754,-1.5078156312625257,vote tie
-6.006412825651302,-1.5078156312625257,vote tie
-5.965731462925851,-1.5078156312625257,vote tie
-5.925050100200401,-1.5078156312625257,vote tie
-5.88436873747495,-1.5078156312625257,vote tie
-5.843687374749499,-1.5078156312625257,vote tie
-5.803006012024048,-1.5078156312625257,vote tie
-5.762324649298597,-1.5078156312625257,vote tie
-5.721643286573146,-1.5078156312625257,vote tie
-5.680961923847695,-1.5078156312625257,vote tie
-5.640280561122244,-1.5078156312625257,vote tie
-5.599599198396794,-1.5078156312625257,vote tie
-5.558917835671343,-1.5078156312625257,vote tie
-5.518236472945891,-1.5078156312625257,vote tie
-6.2505010020040075,-1.4649298597194385,vote tie
-6.209819639278557,-1.4649298597194385,vote tie
-6.169138276553106,-1.4649298597194385,vote tie
-6.128456913827655,-1.4649298597194385,vote tie
-6.0877755511022045,-1.4649298597194385,vote tie
-6.047094188376754,-1.4649298597194385,vote tie
-6.006412825651302,-1.4649298597194385,vote tie
-5.965731462925851,-1.4649298597194385,vote tie
-5.925050100200401,-1.4649298597194385,vote tie
-5.88436873747495,-1.4649298597194385,vote tie
-5.843687374749499,-1.4649298597194385,vote tie
-5.803006012024048,-1.4649298597194385,vote tie
-5.762324649298597,-1.4649298597194385,vote tie
-5.721643286573146,-1.4649298597194385,vote tie
-5.680961923847695,-1.4649298597194385,vote tie
-5.640280561122244,-1.4649298597194385,vote tie
-5.599599198396794,-1.4649298597194385,vote tie
-5.558917835671343,-1.4649298597194385,vote tie
-6.291182364729459,-1.422044088176353,vote tie
-6.2505010020040075,-1.422044088176353,vote tie
-6.209819639278557,-1.422044088176353,vote tie
-6.169138276553106,-1.422044088176353,vote tie
-6.128456913827655,-1.422044088176353,vote tie
-6.0877755511022045,-1.422044088176353,vote tie
-6.047094188376754,-1.422044088176353,vote tie
-6.006412825651302,-1.422044088176353,vote tie
-5.965731462925851,-1.422044088176353,vote tie
-5.925050100200401,-1.422044088176353,vote tie
-5.88436873747495,-1.422044088176353,vote tie
-5.843687374749499,-1.422044088176353,vote tie
-5.803006012024048,-1.422044088176353,vote tie
-5.762324649298597,-1.422044088176353,vote tie
-5.721643286573146,-1.422044088176353,vote tie
-5.680961923847695,-1.422044088176353,vote tie
-5.640280561122244,-1.422044088176353,vote tie
-5.599599198396794,-1.422044088176353,vote tie
-6.33186372745491,-1.3791583166332657,vote tie
-6.291182364729459,-1.3791583166332657,vote tie
-6.2505010020040075,-1.3791583166332657,vote tie
-6.209819639278557,-1.3791583166332657,vote tie
-6.169138276553106,-1.3791583166332657,vote tie
-6.128456913827655,-1.3791583166332657,vote tie
-6.0877755511022045,-1.3791583166332657,vote tie
-6.047094188376754,-1.3791583166332657,vote tie
-6.006412825651302,-1.3791583166332657,vote tie
-5.965731462925851,-1.3791583166332657,vote tie
-5.925050100200401,-1.3791583166332657,vote tie
-5.88436873747495,-1.3791583166332657,vote tie
-5.843687374749499,-1.3791583166332657,vote tie
-5.803006012024048,-1.3791583166332657,vote tie
-5.762324649298597,-1.3791583166332657,vote tie
-5.721643286573146,-1.3791583166332657,vote tie
-5.680961923847695,-1.3791583166332657,vote tie
-5.640280561122244,-1.3791583166332657,vote tie
-6.372545090180361,-1.3362725450901802,vote tie
-6.33186372745491,-1.3362725450901802,vote tie
-6.291182364729459,-1.3362725450901802,vote tie
-6.2505010020040075,-1.3362725450901802,vote tie
-6.209819639278557,-1.3362725450901802,vote tie
-6.169138276553106,-1.3362725450901802,vote tie
-6.128456913827655,-1.3362725450901802,vote tie
-6.0877755511022045,-1.3362725450901802,vote tie
-6.047094188376754,-1.3362725450901802,vote tie
-6.006412825651302,-1.3362725450901802,vote tie
-5.965731462925851,-1.3362725450901802,vote tie
-5.925050100200401,-1.3362725450901802,vote tie
-5.88436873747495,-1.3362725450901802,vote tie
-5.843687374749499,-1.3362725450901802,vote tie
-5.803006012024048,-1.3362725450901802,vote tie
-5.762324649298597,-1.3362725450901802,vote tie
-5.721643286573146,-1.3362725450901802,vote tie
-5.680961923847695,-1.3362725450901802,vote tie
-6.413226452905811,-1.2933867735470947,vote tie
-6.372545090180361,-1.2933867735470947,vote tie
-6.33186372745491,-1.2933867735470947,vote tie
-6.291182364729459,-1.2933867735470947,vote tie
-6.2505010020040075,-1.2933867735470947,vote tie
-6.209819639278557,-1.2933867735470947,vote tie
-6.169138276553106,-1.2933867735470947,vote tie
-6.128456913827655,-1.2933867735470947,vote tie
-6.0877755511022045,-1.2933867735470947,vote tie
-6.047094188376754,-1.2933867735470947,vote tie
-6.006412825651302,-1.2933867735470947,vote tie
-5.965731462925851,-1.2933867735470947,vote tie
-5.925050100200401,-1.2933867735470947,vote tie
-5.88436873747495,-1.2933867735470947,vote tie
-5.843687374749499,-1.2933867735470947,vote tie
-5.803006012024048,-1.2933867735470947,vote tie
-5.762324649298597,-1.2933867735470947,vote tie
-5.721643286573146,-1.2933867735470947,vote tie
-6.453907815631263,-1.2505010020040075,vote tie
-6.413226452905811,-1.2505010020040075,vote tie
-6.372545090180361,-1.2505010020040075,vote tie
-6.33186372745491,-1.2505010020040075,vote tie
-6.291182364729459,-1.2505010020040075,vote tie
-6.2505010020040075,-1.2505010020040075,vote tie
-6.209819639278557,-1.2505010020040075,vote tie
-6.169138276553106,-1.2505010020040075,vote tie
-6.128456913827655,-1.2505010020040075,vote tie
-6.0877755511022045,-1.2505010020040075,vote tie
-6.047094188376754,-1.2505010020040075,vote tie
-6.006412825651302,-1.2505010020040075,vote tie
-5.965731462925851,-1.2505010020040075,vote tie
-5.925050100200401,-1.2505010020040075,vote tie
-5.88436873747495,-1.2505010020040075,vote tie
-5.843687374749499,-1.2505010020040075,vote tie
-5.803006012024048,-1.2505010020040075,vote tie
-5.762324649298597,-1.2505010020040075,vote tie
-6.494589178356714,-1.207615230460922,vote tie
-6.453907815631263,-1.207615230460922,vote tie
-6.413226452905811,-1.207615230460922,vote tie
-6.372545090180361,-1.207615230460922,vote tie
-6.33186372745491,-1.207615230460922,vote tie
-6.291182364729459,-1.207615230460922,vote tie
-6.2505010020040075,-1.207615230460922,vote tie
-6.209819639278557,-1.207615230460922,vote tie
-6.169138276553106,-1.207615230460922,vote tie
-6.128456913827655,-1.207615230460922,vote tie
-6.0877755511022045,-1.207615230460922,vote tie
-6.047094188376754,-1.207615230460922,vote tie
-6.006412825651302,-1.207615230460922,vote tie
-5.965731462925851,-1.207615230460922,vote tie
-5.925050100200401,-1.207615230460922,vote tie
-5.88436873747495,-1.207615230460922,vote tie
-5.843687374749499,-1.207615230460922,vote tie
-5.803006012024048,-1.207615230460922,vote tie
-6.5352705410821645,-1.1647294589178365,vote tie
-6.494589178356714,-1.1647294589178365,vote tie
-6.453907815631263,-1.1647294589178365,vote tie
-6.413226452905811,-1.1647294589178365,vote tie
-6.372545090180361,-1.1647294589178365,vote tie
-6.33186372745491,-1.1647294589178365,vote tie
-6.291182364729459,-1.1647294589178365,vote tie
-6.2505010020040075,-1.1647294589178365,vote tie
-6.209819639278557,-1.1647294589178365,vote tie
-6.169138276553106,-1.1647294589178365,vote tie
-6.128456913827655,-1.1647294589178365,vote tie
-6.0877755511022045,-1.1647294589178365,vote tie
-6.047094188376754,-1.1647294589178365,vote tie
-6.006412825651302,-1.1647294589178365,vote tie
-5.965731462925851,-1.1647294589178365,vote tie
-5.925050100200401,-1.1647294589178365,vote tie
-5.88436873747495,-1.1647294589178365,vote tie
-5.843687374749499,-1.1647294589178365,vote tie
-5.803006012024048,-1.1647294589178365,vote tie
-6.575951903807615,-1.1218436873747493,vote tie
-6.5352705410821645,-1.1218436873747493,vote tie
-6.494589178356714,-1.1218436873747493,vote tie
-6.453907815631263,-1.1218436873747493,vote tie
-6.413226452905811,-1.1218436873747493,vote tie
-6.372545090180361,-1.1218436873747493,vote tie
-6.33186372745491,-1.1218436873747493,vote tie
-6.291182364729459,-1.1218436873747493,vote tie
-6.2505010020040075,-1.1218436873747493,vote tie
-6.209819639278557,-1.1218436873747493,vote tie
-6.169138276553106,-1.1218436873747493,vote tie
-6.128456913827655,-1.1218436873747493,vote tie
-6.0877755511022045,-1.1218436873747493,vote tie
-6.047094188376754,-1.1218436873747493,vote tie
-6.006412825651302,-1.1218436873747493,vote tie
-5.965731462925851,-1.1218436873747493,vote tie
-5.925050100200401,-1.1218436873747493,vote tie
-5.88436873747495,-1.1218436873747493,vote tie
-5.843687374749499,-1.1218436873747493,vote tie
-6.616633266533066,-1.0789579158316638,vote tie
-6.575951903807615,-1.0789579158316638,vote tie
-6.5352705410821645,-1.0789579158316638,vote tie
-6.494589178356714,-1.0789579158316638,vote tie
-6.453907815631263,-1.0789579158316638,vote tie
-6.413226452905811,-1.0789579158316638,vote tie
-6.372545090180361,-1.0789579158316638,vote tie
-6.33186372745491,-1.0789579158316638,vote tie
-6.291182364729459,-1.0789579158316638,vote tie
-6.2505010020040075,-1.0789579158316638,vote tie
-6.209819639278557,-1.0789579158316638,vote tie
-6.169138276553106,-1.0789579158316638,vote tie
-6.128456913827655,-1.0789579158316638,vote tie
-6.0877755511022045,-1.0789579158316638,vote tie
-6.047094188376754,-1.0789579158316638,vote tie
-6.006412825651302,-1.0789579158316638,vote tie
-5.965731462925851,-1.0789579158316638,vote tie
-5.925050100200401,-1.0789579158316638,vote tie
-5.88436873747495,-1.0789579158316638,vote tie
-6.657314629258517,-1.0360721442885765,vote tie
-6.616633266533066,-1.0360721442885765,vote tie
-6.575951903807615,-1.0360721442885765,vote tie
-6.5352705410821645,-1.0360721442885765,vote tie
-6.494589178356714,-1.0360721442885765,vote tie
-6.453907815631263,-1.0360721442885765,vote tie
-6.413226452905811,-1.0360721442885765,vote tie
-6.372545090180361,-1.0360721442885765,vote tie
-6.33186372745491,-1.0360721442885765,vote tie
-6.291182364729459,-1.0360721442885765,vote tie
-6.2505010020040075,-1.0360721442885765,vote tie
-6.209819639278557,-1.0360721442885765,vote tie
-6.169138276553106,-1.0360721442885765,vote tie
-6.128456913827655,-1.0360721442885765,vote tie
-6.0877755511022045,-1.0360721442885765,vote tie
-6.047094188376754,-1.0360721442885765,vote tie
-6.006412825651302,-1.0360721442885765,vote tie
-5.965731462925851,-1.0360721442885765,vote tie
-5.925050100200401,-1.0360721442885765,vote tie
-6.697995991983968,-0.993186372745491,vote tie
-6.657314629258517,-0.993186372745491,vote tie
-6.616633266533066,-0.993186372745491,vote tie
-6.575951903807615,-0.993186372745491,vote tie
-6.5352705410821645,-0.993186372745491,vote tie
-6.494589178356714,-0.993186372745491,vote tie
-6.453907815631263,-0.993186372745491,vote tie
-6.413226452905811,-0.993186372745491,vote tie
-6.372545090180361,-0.993186372745491,vote tie
-6.33186372745491,-0.993186372745491,vote tie
-6.291182364729459,-0.993186372745491,vote tie
-6.2505010020040075,-0.993186372745491,vote tie
-6.209819639278557,-0.993186372745491,vote tie
-6.169138276553106,-0.993186372745491,vote tie
-6.128456913827655,-0.993186372745491,vote tie
-6.0877755511022045,-0.993186372745491,vote tie
-6.047094188376754,-0.993186372745491,vote tie
-6.006412825651302,-0.993186372745491,vote tie
-5.965731462925851,-0.993186372745491,vote tie
-6.738677354709418,-0.9503006012024056,vote tie
-6.697995991983968,-0.9503006012024056,vote tie
-6.657314629258517,-0.9503006012024056,vote tie
-6.616633266533066,-0.9503006012024056,vote tie
-6.575951903807615,-0.9503006012024056,vote tie
-6.5352705410821645,-0.9503006012024056,vote tie
-6.494589178356714,-0.9503006012024056,vote tie
-6.453907815631263,-0.9503006012024056,vote tie
-6.413226452905811,-0.9503006012024056,vote tie
-6.372545090180361,-0.9503006012024056,vote tie
-6.33186372745491,-0.9503006012024056,vote tie
-6.291182364729459,-0.9503006012024056,vote tie
-6.2505010020040075,-0.9503006012024056,vote tie
-6.209819639278557,-0.9503006012024056,vote tie
-6.169138276553106,-0.9503006012024056,vote tie
-6.128456913827655,-0.9503006012024056,vote tie
-6.0877755511022045,-0.9503006012024056,vote tie
-6.047094188376754,-0.9503006012024056,vote tie
-6.006412825651302,-0.9503006012024056,vote tie
-6.779358717434869,-0.9074148296593183,vote tie
-6.738677354709418,-0.9074148296593183,vote tie
-6.697995991983968,-0.9074148296593183,vote tie
-6.657314629258517,-0.9074148296593183,vote tie
-6.616633266533066,-0.9074148296593183,vote tie
-6.575951903807615,-0.9074148296593183,vote tie
-6.5352705410821645,-0.9074148296593183,vote tie
-6.494589178356714,-0.9074148296593183,vote tie
-6.453907815631263,-0.9074148296593183,vote tie
-6.413226452905811,-0.9074148296593183,vote tie
-6.372545090180361,-0.9074148296593183,vote tie
-6.33186372745491,-0.9074148296593183,vote tie
-6.291182364729459,-0.9074148296593183,vote tie
-6.2505010020040075,-0.9074148296593183,vote tie
-6.209819639278557,-0.9074148296593183,vote tie
-6.169138276553106,-0.9074148296593183,vote tie
-6.128456913827655,-0.9074148296593183,vote tie
-6.0877755511022045,-0.9074148296593183,vote tie
-6.047094188376754,-0.9074148296593183,vote tie
-6.820040080160321,-0.8645290581162328,vote tie
-6.779358717434869,-0.8645290581162328,vote tie
-6.738677354709418,-0.8645290581162328,vote tie
-6.697995991983968,-0.8645290581162328,vote tie
-6.657314629258517,-0.8645290581162328,vote tie
-6.616633266533066,-0.8645290581162328,vote tie
-6.575951903807615,-0.8645290581162328,vote tie
-6.5352705410821645,-0.8645290581162328,vote tie
-6.494589178356714,-0.8645290581162328,vote tie
-6.453907815631263,-0.8645290581162328,vote tie
-6.413226452905811,-0.8645290581162328,vote tie
-6.372545090180361,-0.8645290581162328,vote tie
-6.33186372745491,-0.8645290581162328,vote tie
-6.291182364729459,-0.8645290581162328,vote tie
-6.2505010020040075,-0.8645290581162328,vote tie
-6.209819639278557,-0.8645290581162328,vote tie
-6.169138276553106,-0.8645290581162328,vote tie
-6.128456913827655,-0.8645290581162328,vote tie
-6.0877755511022045,-0.8645290581162328,vote tie
-6.8607214428857715,-0.8216432865731456,vote tie
-6.820040080160321,-0.8216432865731456,vote tie
-6.779358717434869,-0.8216432865731456,vote tie
-6.738677354709418,-0.8216432865731456,vote tie
-6.697995991983968,-0.8216432865731456,vote tie
-6.657314629258517,-0.8216432865731456,vote tie
-6.616633266533066,-0.8216432865731456,vote tie
-6.575951903807615,-0.8216432865731456,vote tie
-6.5352705410821645,-0.8216432865731456,vote tie
-6.494589178356714,-0.8216432865731456,vote tie
-6.453907815631263,-0.8216432865731456,vote tie
-6.413226452905811,-0.8216432865731456,vote tie
-6.372545090180361,-0.8216432865731456,vote tie
-6.33186372745491,-0.8216432865731456,vote tie
-6.291182364729459,-0.8216432865731456,vote tie
-6.2505010020040075,-0.8216432865731456,vote tie
-6.209819639278557,-0.8216432865731456,vote tie
-6.169138276553106,-0.8216432865731456,vote tie
-6.128456913827655,-0.8216432865731456,vote tie
-6.8607214428857715,-0.7787575150300601,vote tie
-6.820040080160321,-0.7787575150300601,vote tie
-6.779358717434869,-0.7787575150300601,vote tie
-6.738677354709418,-0.7787575150300601,vote tie
-6.697995991983968,-0.7787575150300601,vote tie
-6.657314629258517,-0.7787575150300601,vote tie
-6.616633266533066,-0.7787575150300601,vote tie
-6.575951903807615,-0.7787575150300601,vote tie
-6.5352705410821645,-0.7787575150300601,vote tie
-6.494589178356714,-0.7787575150300601,vote tie
-6.453907815631263,-0.7787575150300601,vote tie
-6.413226452905811,-0.7787575150300601,vote tie
-6.372545090180361,-0.7787575150300601,vote tie
-6.33186372745491,-0.7787575150300601,vote tie
-6.291182364729459,-0.7787575150300601,vote tie
-6.2505010020040075,-0.7787575150300601,vote tie
-6.209819639278557,-0.7787575150300601,vote tie
-6.169138276553106,-0.7787575150300601,vote tie
-6.901402805611222,-0.7358717434869746,vote tie
-6.8607214428857715,-0.7358717434869746,vote tie
-6.820040080160321,-0.7358717434869746,vote tie
-6.779358717434869,-0.7358717434869746,vote tie
-6.738677354709418,-0.7358717434869746,vote tie
-6.697995991983968,-0.7358717434869746,vote tie
-6.657314629258517,-0.7358717434869746,vote tie
-6.616633266533066,-0.7358717434869746,vote tie
-6.575951903807615,-0.7358717434869746,vote tie
-6.5352705410821645,-0.7358717434869746,vote tie
-6.494589178356714,-0.7358717434869746,vote tie
-6.453907815631263,-0.7358717434869746,vote tie
-6.413226452905811,-0.7358717434869746,vote tie
-6.372545090180361,-0.7358717434869746,vote tie
-6.33186372745491,-0.7358717434869746,vote tie
-6.291182364729459,-0.7358717434869746,vote tie
-6.2505010020040075,-0.7358717434869746,vote tie
-6.209819639278557,-0.7358717434869746,vote tie
-6.942084168336674,-0.6929859719438873,vote tie
-6.901402805611222,-0.6929859719438873,vote tie
-6.8607214428857715,-0.6929859719438873,vote tie
-6.820040080160321,-0.6929859719438873,vote tie
-6.779358717434869,-0.6929859719438873,vote tie
-6.738677354709418,-0.6929859719438873,vote tie
-6.697995991983968,-0.6929859719438873,vote tie
-6.657314629258517,-0.6929859719438873,vote tie
-6.616633266533066,-0.6929859719438873,vote tie
-6.575951903807615,-0.6929859719438873,vote tie
-6.5352705410821645,-0.6929859719438873,vote tie
-6.494589178356714,-0.6929859719438873,vote tie
-6.453907815631263,-0.6929859719438873,vote tie
-6.413226452905811,-0.6929859719438873,vote tie
-6.372545090180361,-0.6929859719438873,vote tie
-6.33186372745491,-0.6929859719438873,vote tie
-6.291182364729459,-0.6929859719438873,vote tie
-6.2505010020040075,-0.6929859719438873,vote tie
-6.982765531062125,-0.6501002004008019,vote tie
-6.942084168336674,-0.6501002004008019,vote tie
-6.901402805611222,-0.6501002004008019,vote tie
-6.8607214428857715,-0.6501002004008019,vote tie
-6.820040080160321,-0.6501002004008019,vote tie
-6.779358717434869,-0.6501002004008019,vote tie
-6.738677354709418,-0.6501002004008019,vote tie
-6.697995991983968,-0.6501002004008019,vote tie
-6.657314629258517,-0.6501002004008019,vote tie
-6.616633266533066,-0.6501002004008019,vote tie
-6.575951903807615,-0.6501002004008019,vote tie
-6.5352705410821645,-0.6501002004008019,vote tie
-6.494589178356714,-0.6501002004008019,vote tie
-6.453907815631263,-0.6501002004008019,vote tie
-6.413226452905811,-0.6501002004008019,vote tie
-6.372545090180361,-0.6501002004008019,vote tie
-6.33186372745491,-0.6501002004008019,vote tie
-6.291182364729459,-0.6501002004008019,vote tie
-7.023446893787575,-0.6072144288577146,vote tie
-6.982765531062125,-0.6072144288577146,vote tie
-6.942084168336674,-0.6072144288577146,vote tie
-6.901402805611222,-0.6072144288577146,vote tie
-6.8607214428857715,-0.6072144288577146,vote tie
-6.820040080160321,-0.6072144288577146,vote tie
-6.779358717434869,-0.6072144288577146,vote tie
-6.738677354709418,-0.6072144288577146,vote tie
-6.697995991983968,-0.6072144288577146,vote tie
-6.657314629258517,-0.6072144288577146,vote tie
-6.616633266533066,-0.6072144288577146,vote tie
-6.575951903807615,-0.6072144288577146,vote tie
-6.5352705410821645,-0.6072144288577146,vote tie
-6.494589178356714,-0.6072144288577146,vote tie
-6.453907815631263,-0.6072144288577146,vote tie
-6.413226452905811,-0.6072144288577146,vote tie
-6.372545090180361,-0.6072144288577146,vote tie
-6.33186372745491,-0.6072144288577146,vote tie
-7.064128256513026,-0.5643286573146291,vote tie
-7.023446893787575,-0.5643286573146291,vote tie
-6.982765531062125,-0.5643286573146291,vote tie
-6.942084168336674,-0.5643286573146291,vote tie
-6.901402805611222,-0.5643286573146291,vote tie
-6.8607214428857715,-0.5643286573146291,vote tie
-6.820040080160321,-0.5643286573146291,vote tie
-6.779358717434869,-0.5643286573146291,vote tie
-6.738677354709418,-0.5643286573146291,vote tie
-6.697995991983968,-0.5643286573146291,vote tie
-6.657314629258517,-0.5643286573146291,vote tie
-6.616633266533066,-0.5643286573146291,vote tie
-6.575951903807615,-0.5643286573146291,vote tie
-6.5352705410821645,-0.5643286573146291,vote tie
-6.494589178356714,-0.5643286573146291,vote tie
-6.453907815631263,-0.5643286573146291,vote tie
-6.413226452905811,-0.5643286573146291,vote tie
-6.372545090180361,-0.5643286573146291,vote tie
-7.104809619238477,-0.5214428857715436,vote tie
-7.064128256513026,-0.5214428857715436,vote tie
-7.023446893787575,-0.5214428857715436,vote tie
-6.982765531062125,-0.5214428857715436,vote tie
-6.942084168336674,-0.5214428857715436,vote tie
-6.901402805611222,-0.5214428857715436,vote tie
-6.8607214428857715,-0.5214428857715436,vote tie
-6.820040080160321,-0.5214428857715436,vote tie
-6.779358717434869,-0.5214428857715436,vote tie
-6.738677354709418,-0.5214428857715436,vote tie
-6.697995991983968,-0.5214428857715436,vote tie
-6.657314629258517,-0.5214428857715436,vote tie
-6.616633266533066,-0.5214428857715436,vote tie
-6.575951903807615,-0.5214428857715436,vote tie
-6.5352705410821645,-0.5214428857715436,vote tie
-6.494589178356714,-0.5214428857715436,vote tie
-6.453907815631263,-0.5214428857715436,vote tie
-6.413226452905811,-0.5214428857715436,vote tie
-7.145490981963928,-0.47855711422845637,vote tie
-7.104809619238477,-0.47855711422845637,vote tie
-7.064128256513026,-0.47855711422845637,vote tie
-7.023446893787575,-0.47855711422845637,vote tie
-6.982765531062125,-0.47855711422845637,vote tie
-6.942084168336674,-0.47855711422845637,vote tie
-6.901402805611222,-0.47855711422845637,vote tie
-6.8607214428857715,-0.47855711422845637,vote tie
-6.820040080160321,-0.47855711422845637,vote tie
-6.779358717434869,-0.47855711422845637,vote tie
-6.738677354709418,-0.47855711422845637,vote tie
-6.697995991983968,-0.47855711422845637,vote tie
-6.657314629258517,-0.47855711422845637,vote tie
-6.616633266533066,-0.47855711422845637,vote tie
-6.575951903807615,-0.47855711422845637,vote tie
-6.5352705410821645,-0.47855711422845637,vote tie
-6.494589178356714,-0.47855711422845637,vote tie
-6.453907815631263,-0.47855711422845637,vote tie
-7.186172344689378,-0.4356713426853709,vote tie
-7.145490981963928,-0.4356713426853709,vote tie
-7.104809619238477,-0.4356713426853709,vote tie
-7.064128256513026,-0.4356713426853709,vote tie
-7.023446893787575,-0.4356713426853709,vote tie
-6.982765531062125,-0.4356713426853709,vote tie
-6.942084168336674,-0.4356713426853709,vote tie
-6.901402805611222,-0.4356713426853709,vote tie
-6.8607214428857715,-0.4356713426853709,vote tie
-6.820040080160321,-0.4356713426853709,vote tie
-6.779358717434869,-0.4356713426853709,vote tie
-6.738677354709418,-0.4356713426853709,vote tie
-6.697995991983968,-0.4356713426853709,vote tie
-6.657314629258517,-0.4356713426853709,vote tie
-6.616633266533066,-0.4356713426853709,vote tie
-6.575951903807615,-0.4356713426853709,vote tie
-6.5352705410821645,-0.4356713426853709,vote tie
-6.494589178356714,-0.4356713426853709,vote tie
-7.226853707414829,-0.3927855711422854,vote tie
-7.186172344689378,-0.3927855711422854,vote tie
-7.145490981963928,-0.3927855711422854,vote tie
-7.104809619238477,-0.3927855711422854,vote tie
-7.064128256513026,-0.3927855711422854,vote tie
-7.023446893787575,-0.3927855711422854,vote tie
-6.982765531062125,-0.3927855711422854,vote tie
-6.942084168336674,-0.3927855711422854,vote tie
-6.901402805611222,-0.3927855711422854,vote tie
-6.8607214428857715,-0.3927855711422854,vote tie
-6.820040080160321,-0.3927855711422854,vote tie
-6.779358717434869,-0.3927855711422854,vote tie
-6.738677354709418,-0.3927855711422854,vote tie
-6.697995991983968,-0.3927855711422854,vote tie
-6.657314629258517,-0.3927855711422854,vote tie
-6.616633266533066,-0.3927855711422854,vote tie
-6.575951903807615,-0.3927855711422854,vote tie
-6.5352705410821645,-0.3927855711422854,vote tie
-7.267535070140281,-0.34989979959919815,vote tie
-7.226853707414829,-0.34989979959919815,vote tie
-7.186172344689378,-0.34989979959919815,vote tie
-7.145490981963928,-0.34989979959919815,vote tie
-7.104809619238477,-0.34989979959919815,vote tie
-7.064128256513026,-0.34989979959919815,vote tie
-7.023446893787575,-0.34989979959919815,vote tie
-6.982765531062125,-0.34989979959919815,vote tie
-6.942084168336674,-0.34989979959919815,vote tie
-6.901402805611222,-0.34989979959919815,vote tie
-6.8607214428857715,-0.34989979959919815,vote tie
-6.820040080160321,-0.34989979959919815,vote tie
-6.779358717434869,-0.34989979959919815,vote tie
-6.738677354709418,-0.34989979959919815,vote tie
-6.697995991983968,-0.34989979959919815,vote tie
-6.657314629258517,-0.34989979959919815,vote tie
-6.616633266533066,-0.34989979959919815,vote tie
-6.575951903807615,-0.34989979959919815,vote tie
-7.3082164328657315,-0.30701402805611266,vote tie
-7.267535070140281,-0.30701402805611266,vote tie
-7.226853707414829,-0.30701402805611266,vote tie
-7.186172344689378,-0.30701402805611266,vote tie
-7.145490981963928,-0.30701402805611266,vote tie
-7.104809619238477,-0.30701402805611266,vote tie
-7.064128256513026,-0.30701402805611266,vote tie
-7.023446893787575,-0.30701402805611266,vote tie
-6.982765531062125,-0.30701402805611266,vote tie
-6.942084168336674,-0.30701402805611266,vote tie
-6.901402805611222,-0.30701402805611266,vote tie
-6.8607214428857715,-0.30701402805611266,vote tie
-6.820040080160321,-0.30701402805611266,vote tie
-6.779358717434869,-0.30701402805611266,vote tie
-6.738677354709418,-0.30701402805611266,vote tie
-6.697995991983968,-0.30701402805611266,vote tie
-6.657314629258517,-0.30701402805611266,vote tie
-6.616633266533066,-0.30701402805611266,vote tie
-7.348897795591182,-0.2641282565130254,vote tie
-7.3082164328657315,-0.2641282565130254,vote tie
-7.267535070140281,-0.2641282565130254,vote tie
-7.226853707414829,-0.2641282565130254,vote tie
-7.186172344689378,-0.2641282565130254,vote tie
-7.145490981963928,-0.2641282565130254,vote tie
-7.104809619238477,-0.2641282565130254,vote tie
-7.064128256513026,-0.2641282565130254,vote tie
-7.023446893787575,-0.2641282565130254,vote tie
-6.982765531062125,-0.2641282565130254,vote tie
-6.942084168336674,-0.2641282565130254,vote tie
-6.901402805611222,-0.2641282565130254,vote tie
-6.8607214428857715,-0.2641282565130254,vote tie
-6.820040080160321,-0.2641282565130254,vote tie
-6.779358717434869,-0.2641282565130254,vote tie
-6.738677354709418,-0.2641282565130254,vote tie
-6.697995991983968,-0.2641282565130254,vote tie
-6.657314629258517,-0.2641282565130254,vote tie
-6.616633266533066,-0.2641282565130254,vote tie
-7.389579158316634,-0.22124248496993992,vote tie
-7.348897795591182,-0.22124248496993992,vote tie
-7.3082164328657315,-0.22124248496993992,vote tie
-7.267535070140281,-0.22124248496993992,vote tie
-7.226853707414829,-0.22124248496993992,vote tie
-7.186172344689378,-0.22124248496993992,vote tie
-7.145490981963928,-0.22124248496993992,vote tie
-7.104809619238477,-0.22124248496993992,vote tie
-7.064128256513026,-0.22124248496993992,vote tie
-7.023446893787575,-0.22124248496993992,vote tie
-6.982765531062125,-0.22124248496993992,vote tie
-6.942084168336674,-0.22124248496993992,vote tie
-6.901402805611222,-0.22124248496993992,vote tie
-6.8607214428857715,-0.22124248496993992,vote tie
-6.820040080160321,-0.22124248496993992,vote tie
-6.779358717434869,-0.22124248496993992,vote tie
-6.738677354709418,-0.22124248496993992,vote tie
-6.697995991983968,-0.22124248496993992,vote tie
-6.657314629258517,-0.22124248496993992,vote tie
-7.430260521042085,-0.17835671342685444,vote tie
-7.389579158316634,-0.17835671342685444,vote tie
-7.348897795591182,-0.17835671342685444,vote tie
-7.3082164328657315,-0.17835671342685444,vote tie
-7.267535070140281,-0.17835671342685444,vote tie
-7.226853707414829,-0.17835671342685444,vote tie
-7.186172344689378,-0.17835671342685444,vote tie
-7.145490981963928,-0.17835671342685444,vote tie
-7.104809619238477,-0.17835671342685444,vote tie
-7.064128256513026,-0.17835671342685444,vote tie
-7.023446893787575,-0.17835671342685444,vote tie
-6.982765531062125,-0.17835671342685444,vote tie
-6.942084168336674,-0.17835671342685444,vote tie
-6.901402805611222,-0.17835671342685444,vote tie
-6.8607214428857715,-0.17835671342685444,vote tie
-6.820040080160321,-0.17835671342685444,vote tie
-6.779358717434869,-0.17835671342685444,vote tie
-6.738677354709418,-0.17835671342685444,vote tie
-6.697995991983968,-0.17835671342685444,vote tie
-7.470941883767535,-0.13547094188376718,vote tie
-7.430260521042085,-0.13547094188376718,vote tie
-7.389579158316634,-0.13547094188376718,vote tie
-7.348897795591182,-0.13547094188376718,vote tie
-7.3082164328657315,-0.13547094188376718,vote tie
-7.267535070140281,-0.13547094188376718,vote tie
-7.226853707414829,-0.13547094188376718,vote tie
-7.186172344689378,-0.13547094188376718,vote tie
-7.145490981963928,-0.13547094188376718,vote tie
-7.104809619238477,-0.13547094188376718,vote tie
-7.064128256513026,-0.13547094188376718,vote tie
-7.023446893787575,-0.13547094188376718,vote tie
-6.982765531062125,-0.13547094188376718,vote tie
-6.942084168336674,-0.13547094188376718,vote tie
-6.901402805611222,-0.13547094188376718,vote tie
-6.8607214428857715,-0.13547094188376718,vote tie
-6.820040080160321,-0.13547094188376718,vote tie
-6.779358717434869,-0.13547094188376718,vote tie
-6.738677354709418,-0.13547094188376718,vote tie
-7.470941883767535,-0.0925851703406817,vote tie
-7.430260521042085,-0.0925851703406817,vote tie
-7.389579158316634,-0.0925851703406817,vote tie
-7.348897795591182,-0.0925851703406817,vote tie
-7.3082164328657315,-0.0925851703406817,vote tie
-7.267535070140281,-0.0925851703406817,vote tie
-7.226853707414829,-0.0925851703406817,vote tie
-7.186172344689378,-0.0925851703406817,vote tie
-7.145490981963928,-0.0925851703406817,vote tie
-7.104809619238477,-0.0925851703406817,vote tie
-7.064128256513026,-0.0925851703406817,vote tie
-7.023446893787575,-0.0925851703406817,vote tie
-6.982765531062125,-0.0925851703406817,vote tie
-6.942084168336674,-0.0925851703406817,vote tie
-6.901402805611222,-0.0925851703406817,vote tie
-6.8607214428857715,-0.0925851703406817,vote tie
-6.820040080160321,-0.0925851703406817,vote tie
-6.779358717434869,-0.0925851703406817,vote tie
-7.511623246492986,-0.04969939879759444,vote tie
-7.470941883767535,-0.04969939879759444,vote tie
-7.430260521042085,-0.04969939879759444,vote tie
-7.389579158316634,-0.04969939879759444,vote tie
-7.348897795591182,-0.04969939879759444,vote tie
-7.3082164328657315,-0.04969939879759444,vote tie
-7.267535070140281,-0.04969939879759444,vote tie
-7.226853707414829,-0.04969939879759444,vote tie
-7.186172344689378,-0.04969939879759444,vote tie
-7.145490981963928,-0.04969939879759444,vote tie
-7.104809619238477,-0.04969939879759444,vote tie
-7.064128256513026,-0.04969939879759444,vote tie
-7.023446893787575,-0.04969939879759444,vote tie
-6.982765531062125,-0.04969939879759444,vote tie
-6.942084168336674,-0.04969939879759444,vote tie
-6.901402805611222,-0.04969939879759444,vote tie
-6.8607214428857715,-0.04969939879759444,vote tie
-6.820040080160321,-0.04969939879759444,vote tie
-7.552304609218437,-0.006813627254508958,vote tie
-7.511623246492986,-0.006813627254508958,vote tie
-7.470941883767535,-0.006813627254508958,vote tie
-7.430260521042085,-0.006813627254508958,vote tie
-7.389579158316634,-0.006813627254508958,vote tie
-7.348897795591182,-0.006813627254508958,vote tie
-7.3082164328657315,-0.006813627254508958,vote tie
-7.267535070140281,-0.006813627254508958,vote tie
-7.226853707414829,-0.006813627254508958,vote tie
-7.186172344689378,-0.006813627254508958,vote tie
-7.145490981963928,-0.006813627254508958,vote tie
-7.104809619238477,-0.006813627254508958,vote tie
-7.064128256513026,-0.006813627254508958,vote tie
-7.023446893787575,-0.006813627254508958,vote tie
-6.982765531062125,-0.006813627254508958,vote tie
-6.942084168336674,-0.006813627254508958,vote tie
-6.901402805611222,-0.006813627254508958,vote tie
-6.8607214428857715,-0.006813627254508958,vote tie
-7.592985971943888,0.036072144288576524,vote tie
-7.552304609218437,0.036072144288576524,vote tie
-7.511623246492986,0.036072144288576524,vote tie
-7.470941883767535,0.036072144288576524,vote tie
-7.430260521042085,0.036072144288576524,vote tie
-7.389579158316634,0.036072144288576524,vote tie
-7.348897795591182,0.036072144288576524,vote tie
-7.3082164328657315,0.036072144288576524,vote tie
-7.267535070140281,0.036072144288576524,vote tie
-7.226853707414829,0.036072144288576524,vote tie
-7.186172344689378,0.036072144288576524,vote tie
-7.145490981963928,0.036072144288576524,vote tie
-7.104809619238477,0.036072144288576524,vote tie
-7.064128256513026,0.036072144288576524,vote tie
-7.023446893787575,0.036072144288576524,vote tie
-6.982765531062125,0.036072144288576524,vote tie
-6.942084168336674,0.036072144288576524,vote tie
-6.901402805611222,0.036072144288576524,vote tie
-7.6336673346693384,0.07895791583166378,vote tie
-7.592985971943888,0.07895791583166378,vote tie
-7.552304609218437,0.07895791583166378,vote tie
-7.511623246492986,0.07895791583166378,vote tie
-7.470941883767535,0.07895791583166378,vote tie
-7.430260521042085,0.07895791583166378,vote tie
-7.389579158316634,0.07895791583166378,vote tie
-7.348897795591182,0.07895791583166378,vote tie
-7.3082164328657315,0.07895791583166378,vote tie
-7.267535070140281,0.07895791583166378,vote tie
-7.226853707414829,0.07895791583166378,vote tie
-7.186172344689378,0.07895791583166378,vote tie
-7.145490981963928,0.07895791583166378,vote tie
-7.104809619238477,0.07895791583166378,vote tie
-7.064128256513026,0.07895791583166378,vote tie
-7.023446893787575,0.07895791583166378,vote tie
-6.982765531062125,0.07895791583166378,vote tie
-6.942084168336674,0.07895791583166378,vote tie
-7.674348697394789,0.12184368737474927,vote tie
-7.6336673346693384,0.12184368737474927,vote tie
-7.592985971943888,0.12184368737474927,vote tie
-7.552304609218437,0.12184368737474927,vote tie
-7.511623246492986,0.12184368737474927,vote tie
-7.470941883767535,0.12184368737474927,vote tie
-7.430260521042085,0.12184368737474927,vote tie
-7.389579158316634,0.12184368737474927,vote tie
-7.348897795591182,0.12184368737474927,vote tie
-7.3082164328657315,0.12184368737474927,vote tie
-7.267535070140281,0.12184368737474927,vote tie
-7.226853707414829,0.12184368737474927,vote tie
-7.186172344689378,0.12184368737474927,vote tie
-7.145490981963928,0.12184368737474927,vote tie
-7.104809619238477,0.12184368737474927,vote tie
-7.064128256513026,0.12184368737474927,vote tie
-7.023446893787575,0.12184368737474927,vote tie
-6.982765531062125,0.12184368737474927,vote tie
-7.71503006012024,0.16472945891783475,vote tie
-7.674348697394789,0.16472945891783475,vote tie
-7.6336673346693384,0.16472945891783475,vote tie
-7.592985971943888,0.16472945891783475,vote tie
-7.552304609218437,0.16472945891783475,vote tie
-7.511623246492986,0.16472945891783475,vote tie
-7.470941883767535,0.16472945891783475,vote tie
-7.430260521042085,0.16472945891783475,vote tie
-7.389579158316634,0.16472945891783475,vote tie
-7.348897795591182,0.16472945891783475,vote tie
-7.3082164328657315,0.16472945891783475,vote tie
-7.267535070140281,0.16472945891783475,vote tie
-7.226853707414829,0.16472945891783475,vote tie
-7.186172344689378,0.16472945891783475,vote tie
-7.145490981963928,0.16472945891783475,vote tie
-7.104809619238477,0.16472945891783475,vote tie
-7.064128256513026,0.16472945891783475,vote tie
-7.023446893787575,0.16472945891783475,vote tie
-7.755711422845692,0.207615230460922,vote tie
-7.71503006012024,0.207615230460922,vote tie
-7.674348697394789,0.207615230460922,vote tie
-7.6336673346693384,0.207615230460922,vote tie
-7.592985971943888,0.207615230460922,vote tie
-7.552304609218437,0.207615230460922,vote tie
-7.511623246492986,0.207615230460922,vote tie
-7.470941883767535,0.207615230460922,vote tie
-7.430260521042085,0.207615230460922,vote tie
-7.389579158316634,0.207615230460922,vote tie
-7.348897795591182,0.207615230460922,vote tie
-7.3082164328657315,0.207615230460922,vote tie
-7.267535070140281,0.207615230460922,vote tie
-7.226853707414829,0.207615230460922,vote tie
-7.186172344689378,0.207615230460922,vote tie
-7.145490981963928,0.207615230460922,vote tie
-7.104809619238477,0.207615230460922,vote tie
-7.064128256513026,0.207615230460922,vote tie
-7.796392785571142,0.2505010020040075,vote tie
-7.755711422845692,0.2505010020040075,vote tie
-7.71503006012024,0.2505010020040075,vote tie
-7.674348697394789,0.2505010020040075,vote tie
-7.6336673346693384,0.2505010020040075,vote tie
-7.592985971943888,0.2505010020040075,vote tie
-7.552304609218437,0.2505010020040075,vote tie
-7.511623246492986,0.2505010020040075,vote tie
-7.470941883767535,0.2505010020040075,vote tie
-7.430260521042085,0.2505010020040075,vote tie
-7.389579158316634,0.2505010020040075,vote tie
-7.348897795591182,0.2505010020040075,vote tie
-7.3082164328657315,0.2505010020040075,vote tie
-7.267535070140281,0.2505010020040075,vote tie
-7.226853707414829,0.2505010020040075,vote tie
-7.186172344689378,0.2505010020040075,vote tie
-7.145490981963928,0.2505010020040075,vote tie
-7.104809619238477,0.2505010020040075,vote tie
-7.837074148296593,0.29338677354709475,vote tie
-7.796392785571142,0.29338677354709475,vote tie
-7.755711422845692,0.29338677354709475,vote tie
-7.71503006012024,0.29338677354709475,vote tie
-7.674348697394789,0.29338677354709475,vote tie
-7.6336673346693384,0.29338677354709475,vote tie
-7.592985971943888,0.29338677354709475,vote tie
-7.552304609218437,0.29338677354709475,vote tie
-7.511623246492986,0.29338677354709475,vote tie
-7.470941883767535,0.29338677354709475,vote tie
-7.430260521042085,0.29338677354709475,vote tie
-7.389579158316634,0.29338677354709475,vote tie
-7.348897795591182,0.29338677354709475,vote tie
-7.3082164328657315,0.29338677354709475,vote tie
-7.267535070140281,0.29338677354709475,vote tie
-7.226853707414829,0.29338677354709475,vote tie
-7.186172344689378,0.29338677354709475,vote tie
-7.145490981963928,0.29338677354709475,vote tie
-7.877755511022045,0.33627254509018023,vote tie
-7.837074148296593,0.33627254509018023,vote tie
-7.796392785571142,0.33627254509018023,vote tie
-7.755711422845692,0.33627254509018023,vote tie
-7.71503006012024,0.33627254509018023,vote tie
-7.674348697394789,0.33627254509018023,vote tie
-7.6336673346693384,0.33627254509018023,vote tie
-7.592985971943888,0.33627254509018023,vote tie
-7.552304609218437,0.33627254509018023,vote tie
-7.511623246492986,0.33627254509018023,vote tie
-7.470941883767535,0.33627254509018023,vote tie
-7.430260521042085,0.33627254509018023,vote tie
-7.389579158316634,0.33627254509018023,vote tie
-7.348897795591182,0.33627254509018023,vote tie
-7.3082164328657315,0.33627254509018023,vote tie
-7.267535070140281,0.33627254509018023,vote tie
-7.226853707414829,0.33627254509018023,vote tie
-7.186172344689378,0.33627254509018023,vote tie
-7.9184368737474955,0.3791583166332657,vote tie
-7.877755511022045,0.3791583166332657,vote tie
-7.837074148296593,0.3791583166332657,vote tie
-7.796392785571142,0.3791583166332657,vote tie
-7.755711422845692,0.3791583166332657,vote tie
-7.71503006012024,0.3791583166332657,vote tie
-7.674348697394789,0.3791583166332657,vote tie
-7.6336673346693384,0.3791583166332657,vote tie
-7.592985971943888,0.3791583166332657,vote tie
-7.552304609218437,0.3791583166332657,vote tie
-7.511623246492986,0.3791583166332657,vote tie
-7.470941883767535,0.3791583166332657,vote tie
-7.430260521042085,0.3791583166332657,vote tie
-7.389579158316634,0.3791583166332657,vote tie
-7.348897795591182,0.3791583166332657,vote tie
-7.3082164328657315,0.3791583166332657,vote tie
-7.267535070140281,0.3791583166332657,vote tie
-7.226853707414829,0.3791583166332657,vote tie
-7.959118236472946,0.42204408817635297,vote tie
-7.9184368737474955,0.42204408817635297,vote tie
-7.877755511022045,0.42204408817635297,vote tie
-7.837074148296593,0.42204408817635297,vote tie
-7.796392785571142,0.42204408817635297,vote tie
-7.755711422845692,0.42204408817635297,vote tie
-7.71503006012024,0.42204408817635297,vote tie
-7.674348697394789,0.42204408817635297,vote tie
-7.6336673346693384,0.42204408817635297,vote tie
-7.592985971943888,0.42204408817635297,vote tie
-7.552304609218437,0.42204408817635297,vote tie
-7.511623246492986,0.42204408817635297,vote tie
-7.470941883767535,0.42204408817635297,vote tie
-7.430260521042085,0.42204408817635297,vote tie
-7.389579158316634,0.42204408817635297,vote tie
-7.348897795591182,0.42204408817635297,vote tie
-7.3082164328657315,0.42204408817635297,vote tie
-7.267535070140281,0.42204408817635297,vote tie
-7.999799599198397,0.46492985971943845,vote tie
-7.959118236472946,0.46492985971943845,vote tie
-7.9184368737474955,0.46492985971943845,vote tie
-7.877755511022045,0.46492985971943845,vote tie
-7.837074148296593,0.46492985971943845,vote tie
-7.796392785571142,0.46492985971943845,vote tie
-7.755711422845692,0.46492985971943845,vote tie
-7.71503006012024,0.46492985971943845,vote tie
-7.674348697394789,0.46492985971943845,vote tie
-7.6336673346693384,0.46492985971943845,vote tie
-7.592985971943888,0.46492985971943845,vote tie
-7.552304609218437,0.46492985971943845,vote tie
-7.511623246492986,0.46492985971943845,vote tie
-7.470941883767535,0.46492985971943845,vote tie
-7.430260521042085,0.46492985971943845,vote tie
-7.389579158316634,0.46492985971943845,vote tie
-7.348897795591182,0.46492985971943845,vote tie
-7.3082164328657315,0.46492985971943845,vote tie
-8.040480961923848,0.5078156312625257,vote tie
-7.999799599198397,0.5078156312625257,vote tie
-7.959118236472946,0.5078156312625257,vote tie
-7.9184368737474955,0.5078156312625257,vote tie
-7.877755511022045,0.5078156312625257,vote tie
-7.837074148296593,0.5078156312625257,vote tie
-7.796392785571142,0.5078156312625257,vote tie
-7.755711422845692,0.5078156312625257,vote tie
-7.71503006012024,0.5078156312625257,vote tie
-7.674348697394789,0.5078156312625257,vote tie
-7.6336673346693384,0.5078156312625257,vote tie
-7.592985971943888,0.5078156312625257,vote tie
-7.552304609218437,0.5078156312625257,vote tie
-7.511623246492986,0.5078156312625257,vote tie
-7.470941883767535,0.5078156312625257,vote tie
-7.430260521042085,0.5078156312625257,vote tie
-7.389579158316634,0.5078156312625257,vote tie
-7.348897795591182,0.5078156312625257,vote tie
-8.081162324649299,0.5507014028056112,vote tie
-8.040480961923848,0.5507014028056112,vote tie
-7.999799599198397,0.5507014028056112,vote tie
-7.959118236472946,0.5507014028056112,vote tie
-7.9184368737474955,0.5507014028056112,vote tie
-7.877755511022045,0.5507014028056112,vote tie
-7.837074148296593,0.5507014028056112,vote tie
-7.796392785571142,0.5507014028056112,vote tie
-7.755711422845692,0.5507014028056112,vote tie
-7.71503006012024,0.5507014028056112,vote tie
-7.674348697394789,0.5507014028056112,vote tie
-7.6336673346693384,0.5507014028056112,vote tie
-7.592985971943888,0.5507014028056112,vote tie
-7.552304609218437,0.5507014028056112,vote tie
-7.511623246492986,0.5507014028056112,vote tie
-7.470941883767535,0.5507014028056112,vote tie
-7.430260521042085,0.5507014028056112,vote tie
-7.389579158316634,0.5507014028056112,vote tie
-8.081162324649299,0.5935871743486967,vote tie
-8.040480961923848,0.5935871743486967,vote tie
-7.999799599198397,0.5935871743486967,vote tie
-7.959118236472946,0.5935871743486967,vote tie
-7.9184368737474955,0.5935871743486967,vote tie
-7.877755511022045,0.5935871743486967,vote tie
-7.837074148296593,0.5935871743486967,vote tie
-7.796392785571142,0.5935871743486967,vote tie
-7.755711422845692,0.5935871743486967,vote tie
-7.71503006012024,0.5935871743486967,vote tie
-7.674348697394789,0.5935871743486967,vote tie
-7.6336673346693384,0.5935871743486967,vote tie
-7.592985971943888,0.5935871743486967,vote tie
-7.552304609218437,0.5935871743486967,vote tie
-7.511623246492986,0.5935871743486967,vote tie
-7.470941883767535,0.5935871743486967,vote tie
-7.430260521042085,0.5935871743486967,vote tie
-8.12184368737475,0.6364729458917839,vote tie
-8.081162324649299,0.6364729458917839,vote tie
-8.040480961923848,0.6364729458917839,vote tie
-7.999799599198397,0.6364729458917839,vote tie
-7.959118236472946,0.6364729458917839,vote tie
-7.9184368737474955,0.6364729458917839,vote tie
-7.877755511022045,0.6364729458917839,vote tie
-7.837074148296593,0.6364729458917839,vote tie
-7.796392785571142,0.6364729458917839,vote tie
-7.755711422845692,0.6364729458917839,vote tie
-7.71503006012024,0.6364729458917839,vote tie
-7.674348697394789,0.6364729458917839,vote tie
-7.6336673346693384,0.6364729458917839,vote tie
-7.592985971943888,0.6364729458917839,vote tie
-7.552304609218437,0.6364729458917839,vote tie
-7.511623246492986,0.6364729458917839,vote tie
-7.470941883767535,0.6364729458917839,vote tie
-8.1625250501002,0.6793587174348694,vote tie
-8.12184368737475,0.6793587174348694,vote tie
-8.081162324649299,0.6793587174348694,vote tie
-8.040480961923848,0.6793587174348694,vote tie
-7.999799599198397,0.6793587174348694,vote tie
-7.959118236472946,0.6793587174348694,vote tie
-7.9184368737474955,0.6793587174348694,vote tie
-7.877755511022045,0.6793587174348694,vote tie
-7.837074148296593,0.6793587174348694,vote tie
-7.796392785571142,0.6793587174348694,vote tie
-7.755711422845692,0.6793587174348694,vote tie
-7.71503006012024,0.6793587174348694,vote tie
-7.674348697394789,0.6793587174348694,vote tie
-7.6336673346693384,0.6793587174348694,vote tie
-7.592985971943888,0.6793587174348694,vote tie
-7.552304609218437,0.6793587174348694,vote tie
-7.511623246492986,0.6793587174348694,vote tie
-7.470941883767535,0.6793587174348694,vote tie
-8.20320641282565,0.7222444889779567,vote tie
-8.1625250501002,0.7222444889779567,vote tie
-8.12184368737475,0.7222444889779567,vote tie
-8.081162324649299,0.7222444889779567,vote tie
-8.040480961923848,0.7222444889779567,vote tie
-7.999799599198397,0.7222444889779567,vote tie
-7.959118236472946,0.7222444889779567,vote tie
-7.9184368737474955,0.7222444889779567,vote tie
-7.877755511022045,0.7222444889779567,vote tie
-7.837074148296593,0.7222444889779567,vote tie
-7.796392785571142,0.7222444889779567,vote tie
-7.755711422845692,0.7222444889779567,vote tie
-7.71503006012024,0.7222444889779567,vote tie
-7.674348697394789,0.7222444889779567,vote tie
-7.6336673346693384,0.7222444889779567,vote tie
-7.592985971943888,0.7222444889779567,vote tie
-7.552304609218437,0.7222444889779567,vote tie
-7.511623246492986,0.7222444889779567,vote tie
-8.243887775551102,0.7651302605210422,vote tie
-8.20320641282565,0.7651302605210422,vote tie
-8.1625250501002,0.7651302605210422,vote tie
-8.12184368737475,0.7651302605210422,vote tie
-8.081162324649299,0.7651302605210422,vote tie
-8.040480961923848,0.7651302605210422,vote tie
-7.999799599198397,0.7651302605210422,vote tie
-7.959118236472946,0.7651302605210422,vote tie
-7.9184368737474955,0.7651302605210422,vote tie
-7.877755511022045,0.7651302605210422,vote tie
-7.837074148296593,0.7651302605210422,vote tie
-7.796392785571142,0.7651302605210422,vote tie
-7.755711422845692,0.7651302605210422,vote tie
-7.71503006012024,0.7651302605210422,vote tie
-7.674348697394789,0.7651302605210422,vote tie
-7.6336673346693384,0.7651302605210422,vote tie
-7.592985971943888,0.7651302605210422,vote tie
-7.552304609218437,0.7651302605210422,vote tie
-8.284569138276552,0.8080160320641276,vote tie
-8.243887775551102,0.8080160320641276,vote tie
-8.20320641282565,0.8080160320641276,vote tie
-8.1625250501002,0.8080160320641276,vote tie
-8.12184368737475,0.8080160320641276,vote tie
-8.081162324649299,0.8080160320641276,vote tie
-8.040480961923848,0.8080160320641276,vote tie
-7.999799599198397,0.8080160320641276,vote tie
-7.959118236472946,0.8080160320641276,vote tie
-7.9184368737474955,0.8080160320641276,vote tie
-7.877755511022045,0.8080160320641276,vote tie
-7.837074148296593,0.8080160320641276,vote tie
-7.796392785571142,0.8080160320641276,vote tie
-7.755711422845692,0.8080160320641276,vote tie
-7.71503006012024,0.8080160320641276,vote tie
-7.674348697394789,0.8080160320641276,vote tie
-7.6336673346693384,0.8080160320641276,vote tie
-7.592985971943888,0.8080160320641276,vote tie
-8.325250501002003,0.8509018036072149,vote tie
-8.284569138276552,0.8509018036072149,vote tie
-8.243887775551102,0.8509018036072149,vote tie
-8.20320641282565,0.8509018036072149,vote tie
-8.1625250501002,0.8509018036072149,vote tie
-8.12184368737475,0.8509018036072149,vote tie
-8.081162324649299,0.8509018036072149,vote tie
-8.040480961923848,0.8509018036072149,vote tie
-7.999799599198397,0.8509018036072149,vote tie
-7.959118236472946,0.8509018036072149,vote tie
-7.9184368737474955,0.8509018036072149,vote tie
-7.877755511022045,0.8509018036072149,vote tie
-7.837074148296593,0.8509018036072149,vote tie
-7.796392785571142,0.8509018036072149,vote tie
-7.755711422845692,0.8509018036072149,vote tie
-7.71503006012024,0.8509018036072149,vote tie
-7.674348697394789,0.8509018036072149,vote tie
-7.6336673346693384,0.8509018036072149,vote tie
-8.365931863727456,0.8937875751503004,vote tie
-8.325250501002003,0.8937875751503004,vote tie
-8.284569138276552,0.8937875751503004,vote tie
-8.243887775551102,0.8937875751503004,vote tie
-8.20320641282565,0.8937875751503004,vote tie
-8.1625250501002,0.8937875751503004,vote tie
-8.12184368737475,0.8937875751503004,vote tie
-8.081162324649299,0.8937875751503004,vote tie
-8.040480961923848,0.8937875751503004,vote tie
-7.999799599198397,0.8937875751503004,vote tie
-7.959118236472946,0.8937875751503004,vote tie
-7.9184368737474955,0.8937875751503004,vote tie
-7.877755511022045,0.8937875751503004,vote tie
-7.837074148296593,0.8937875751503004,vote tie
-7.796392785571142,0.8937875751503004,vote tie
-7.755711422845692,0.8937875751503004,vote tie
-7.71503006012024,0.8937875751503004,vote tie
-7.674348697394789,0.8937875751503004,vote tie
-8.406613226452906,0.9366733466933859,vote tie
-8.365931863727456,0.9366733466933859,vote tie
-8.325250501002003,0.9366733466933859,vote tie
-8.284569138276552,0.9366733466933859,vote tie
-8.243887775551102,0.9366733466933859,vote tie
-8.20320641282565,0.9366733466933859,vote tie
-8.1625250501002,0.9366733466933859,vote tie
-8.12184368737475,0.9366733466933859,vote tie
-8.081162324649299,0.9366733466933859,vote tie
-8.040480961923848,0.9366733466933859,vote tie
-7.999799599198397,0.9366733466933859,vote tie
-7.959118236472946,0.9366733466933859,vote tie
-7.9184368737474955,0.9366733466933859,vote tie
-7.877755511022045,0.9366733466933859,vote tie
-7.837074148296593,0.9366733466933859,vote tie
-7.796392785571142,0.9366733466933859,vote tie
-7.755711422845692,0.9366733466933859,vote tie
-7.71503006012024,0.9366733466933859,vote tie
-8.447294589178357,0.9795591182364731,vote tie
-8.406613226452906,0.9795591182364731,vote tie
-8.365931863727456,0.9795591182364731,vote tie
-8.325250501002003,0.9795591182364731,vote tie
-8.284569138276552,0.9795591182364731,vote tie
-8.243887775551102,0.9795591182364731,vote tie
-8.20320641282565,0.9795591182364731,vote tie
-8.1625250501002,0.9795591182364731,vote tie
-8.12184368737475,0.9795591182364731,vote tie
-8.081162324649299,0.9795591182364731,vote tie
-8.040480961923848,0.9795591182364731,vote tie
-7.999799599198397,0.9795591182364731,vote tie
-7.959118236472946,0.9795591182364731,vote tie
-7.9184368737474955,0.9795591182364731,vote tie
-7.877755511022045,0.9795591182364731,vote tie
-7.837074148296593,0.9795591182364731,vote tie
-7.796392785571142,0.9795591182364731,vote tie
-7.755711422845692,0.9795591182364731,vote tie
-8.487975951903808,1.0224448897795586,vote tie
-8.447294589178357,1.0224448897795586,vote tie
-8.406613226452906,1.0224448897795586,vote tie
-8.365931863727456,1.0224448897795586,vote tie
-8.325250501002003,1.0224448897795586,vote tie
-8.284569138276552,1.0224448897795586,vote tie
-8.243887775551102,1.0224448897795586,vote tie
-8.20320641282565,1.0224448897795586,vote tie
-8.1625250501002,1.0224448897795586,vote tie
-8.12184368737475,1.0224448897795586,vote tie
-8.081162324649299,1.0224448897795586,vote tie
-8.040480961923848,1.0224448897795586,vote tie
-7.999799599198397,1.0224448897795586,vote tie
-7.959118236472946,1.0224448897795586,vote tie
-7.9184368737474955,1.0224448897795586,vote tie
-7.877755511022045,1.0224448897795586,vote tie
-7.837074148296593,1.0224448897795586,vote tie
-7.796392785571142,1.0224448897795586,vote tie
-8.528657314629259,1.0653306613226459,vote tie
-8.487975951903808,1.0653306613226459,vote tie
-8.447294589178357,1.0653306613226459,vote tie
-8.406613226452906,1.0653306613226459,vote tie
-8.365931863727456,1.0653306613226459,vote tie
-8.325250501002003,1.0653306613226459,vote tie
-8.284569138276552,1.0653306613226459,vote tie
-8.243887775551102,1.0653306613226459,vote tie
-8.20320641282565,1.0653306613226459,vote tie
-8.1625250501002,1.0653306613226459,vote tie
-8.12184368737475,1.0653306613226459,vote tie
-8.081162324649299,1.0653306613226459,vote tie
-8.040480961923848,1.0653306613226459,vote tie
-7.999799599198397,1.0653306613226459,vote tie
-7.959118236472946,1.0653306613226459,vote tie
-7.9184368737474955,1.0653306613226459,vote tie
-7.877755511022045,1.0653306613226459,vote tie
-7.837074148296593,1.0653306613226459,vote tie
-8.56933867735471,1.1082164328657313,vote tie
-8.528657314629259,1.1082164328657313,vote tie
-8.487975951903808,1.1082164328657313,vote tie
-8.447294589178357,1.1082164328657313,vote tie
-8.406613226452906,1.1082164328657313,vote tie
-8.365931863727456,1.1082164328657313,vote tie
-8.325250501002003,1.1082164328657313,vote tie
-8.284569138276552,1.1082164328657313,vote tie
-8.243887775551102,1.1082164328657313,vote tie
-8.20320641282565,1.1082164328657313,vote tie
-8.1625250501002,1.1082164328657313,vote tie
-8.12184368737475,1.1082164328657313,vote tie
-8.081162324649299,1.1082164328657313,vote tie
-8.040480961923848,1.1082164328657313,vote tie
-7.999799599198397,1.1082164328657313,vote tie
-7.959118236472946,1.1082164328657313,vote tie
-7.9184368737474955,1.1082164328657313,vote tie
-7.877755511022045,1.1082164328657313,vote tie
-8.61002004008016,1.1511022044088168,vote tie
-8.56933867735471,1.1511022044088168,vote tie
-8.528657314629259,1.1511022044088168,vote tie
-8.487975951903808,1.1511022044088168,vote tie
-8.447294589178357,1.1511022044088168,vote tie
-8.406613226452906,1.1511022044088168,vote tie
-8.365931863727456,1.1511022044088168,vote tie
-8.325250501002003,1.1511022044088168,vote tie
-8.284569138276552,1.1511022044088168,vote tie
-8.243887775551102,1.1511022044088168,vote tie
-8.20320641282565,1.1511022044088168,vote tie
-8.1625250501002,1.1511022044088168,vote tie
-8.12184368737475,1.1511022044088168,vote tie
-8.081162324649299,1.1511022044088168,vote tie
-8.040480961923848,1.1511022044088168,vote tie
-7.999799599198397,1.1511022044088168,vote tie
-7.959118236472946,1.1511022044088168,vote tie
-7.9184368737474955,1.1511022044088168,vote tie
-8.65070140280561,1.193987975951904,vote tie
-8.61002004008016,1.193987975951904,vote tie
-8.56933867735471,1.193987975951904,vote tie
-8.528657314629259,1.193987975951904,vote tie
-8.487975951903808,1.193987975951904,vote tie
-8.447294589178357,1.193987975951904,vote tie
-8.406613226452906,1.193987975951904,vote tie
-8.365931863727456,1.193987975951904,vote tie
-8.325250501002003,1.193987975951904,vote tie
-8.284569138276552,1.193987975951904,vote tie
-8.243887775551102,1.193987975951904,vote tie
-8.20320641282565,1.193987975951904,vote tie
-8.1625250501002,1.193987975951904,vote tie
-8.12184368737475,1.193987975951904,vote tie
-8.081162324649299,1.193987975951904,vote tie
-8.040480961923848,1.193987975951904,vote tie
-7.999799599198397,1.193987975951904,vote tie
-7.959118236472946,1.193987975951904,vote tie
-8.691382765531062,1.2368737474949896,vote tie
-8.65070140280561,1.2368737474949896,vote tie
-8.61002004008016,1.2368737474949896,vote tie
-8.56933867735471,1.2368737474949896,vote tie
-8.528657314629259,1.2368737474949896,vote tie
-8.487975951903808,1.2368737474949896,vote tie
-8.447294589178357,1.2368737474949896,vote tie
-8.406613226452906,1.2368737474949896,vote tie
-8.365931863727456,1.2368737474949896,vote tie
-8.325250501002003,1.2368737474949896,vote tie
-8.284569138276552,1.2368737474949896,vote tie
-8.243887775551102,1.2368737474949896,vote tie
-8.20320641282565,1.2368737474949896,vote tie
-8.1625250501002,1.2368737474949896,vote tie
-8.12184368737475,1.2368737474949896,vote tie
-8.081162324649299,1.2368737474949896,vote tie
-8.040480961923848,1.2368737474949896,vote tie
-7.999799599198397,1.2368737474949896,vote tie
-8.691382765531062,1.2797595190380768,vote tie
-8.65070140280561,1.2797595190380768,vote tie
-8.61002004008016,1.2797595190380768,vote tie
-8.56933867735471,1.2797595190380768,vote tie
-8.528657314629259,1.2797595190380768,vote tie
-8.487975951903808,1.2797595190380768,vote tie
-8.447294589178357,1.2797595190380768,vote tie
-8.406613226452906,1.2797595190380768,vote tie
-8.365931863727456,1.2797595190380768,vote tie
-8.325250501002003,1.2797595190380768,vote tie
-8.284569138276552,1.2797595190380768,vote tie
-8.243887775551102,1.2797595190380768,vote tie
-8.20320641282565,1.2797595190380768,vote tie
-8.1625250501002,1.2797595190380768,vote tie
-8.12184368737475,1.2797595190380768,vote tie
-8.081162324649299,1.2797595190380768,vote tie
-8.040480961923848,1.2797595190380768,vote tie
-8.732064128256514,1.3226452905811623,vote tie
-8.691382765531062,1.3226452905811623,vote tie
-8.65070140280561,1.3226452905811623,vote tie
-8.61002004008016,1.3226452905811623,vote tie
-8.56933867735471,1.3226452905811623,vote tie
-8.528657314629259,1.3226452905811623,vote tie
-8.487975951903808,1.3226452905811623,vote tie
-8.447294589178357,1.3226452905811623,vote tie
-8.406613226452906,1.3226452905811623,vote tie
-8.365931863727456,1.3226452905811623,vote tie
-8.325250501002003,1.3226452905811623,vote tie
-8.284569138276552,1.3226452905811623,vote tie
-8.243887775551102,1.3226452905811623,vote tie
-8.20320641282565,1.3226452905811623,vote tie
-8.1625250501002,1.3226452905811623,vote tie
-8.12184368737475,1.3226452905811623,vote tie
-8.081162324649299,1.3226452905811623,vote tie
-8.772745490981965,1.3655310621242478,vote tie
-8.732064128256514,1.3655310621242478,vote tie
-8.691382765531062,1.3655310621242478,vote tie
-8.65070140280561,1.3655310621242478,vote tie
-8.61002004008016,1.3655310621242478,vote tie
-8.56933867735471,1.3655310621242478,vote tie
-8.528657314629259,1.3655310621242478,vote tie
-8.487975951903808,1.3655310621242478,vote tie
-8.447294589178357,1.3655310621242478,vote tie
-8.406613226452906,1.3655310621242478,vote tie
-8.365931863727456,1.3655310621242478,vote tie
-8.325250501002003,1.3655310621242478,vote tie
-8.284569138276552,1.3655310621242478,vote tie
-8.243887775551102,1.3655310621242478,vote tie
-8.20320641282565,1.3655310621242478,vote tie
-8.1625250501002,1.3655310621242478,vote tie
-8.12184368737475,1.3655310621242478,vote tie
-8.813426853707416,1.408416833667335,vote tie
-8.772745490981965,1.408416833667335,vote tie
-8.732064128256514,1.408416833667335,vote tie
-8.691382765531062,1.408416833667335,vote tie
-8.65070140280561,1.408416833667335,vote tie
-8.61002004008016,1.408416833667335,vote tie
-8.56933867735471,1.408416833667335,vote tie
-8.528657314629259,1.408416833667335,vote tie
-8.487975951903808,1.408416833667335,vote tie
-8.447294589178357,1.408416833667335,vote tie
-8.406613226452906,1.408416833667335,vote tie
-8.365931863727456,1.408416833667335,vote tie
-8.325250501002003,1.408416833667335,vote tie
-8.284569138276552,1.408416833667335,vote tie
-8.243887775551102,1.408416833667335,vote tie
-8.20320641282565,1.408416833667335,vote tie
-8.1625250501002,1.408416833667335,vote tie
-8.854108216432866,1.4513026052104205,vote tie
-8.813426853707416,1.4513026052104205,vote tie
-8.772745490981965,1.4513026052104205,vote tie
-8.732064128256514,1.4513026052104205,vote tie
-8.691382765531062,1.4513026052104205,vote tie
-8.65070140280561,1.4513026052104205,vote tie
-8.61002004008016,1.4513026052104205,vote tie
-8.56933867735471,1.4513026052104205,vote tie
-8.528657314629259,1.4513026052104205,vote tie
-8.487975951903808,1.4513026052104205,vote tie
-8.447294589178357,1.4513026052104205,vote tie
-8.406613226452906,1.4513026052104205,vote tie
-8.365931863727456,1.4513026052104205,vote tie
-8.325250501002003,1.4513026052104205,vote tie
-8.284569138276552,1.4513026052104205,vote tie
-8.243887775551102,1.4513026052104205,vote tie
-8.20320641282565,1.4513026052104205,vote tie
-8.894789579158317,1.494188376753506,vote tie
-8.854108216432866,1.494188376753506,vote tie
-8.813426853707416,1.494188376753506,vote tie
-8.772745490981965,1.494188376753506,vote tie
-8.732064128256514,1.494188376753506,vote tie
-8.691382765531062,1.494188376753506,vote tie
-8.65070140280561,1.494188376753506,vote tie
-8.61002004008016,1.494188376753506,vote tie
-8.56933867735471,1.494188376753506,vote tie
-8.528657314629259,1.494188376753506,vote tie
-8.487975951903808,1.494188376753506,vote tie
-8.447294589178357,1.494188376753506,vote tie
-8.406613226452906,1.494188376753506,vote tie
-8.365931863727456,1.494188376753506,vote tie
-8.325250501002003,1.494188376753506,vote tie
-8.284569138276552,1.494188376753506,vote tie
-8.243887775551102,1.494188376753506,vote tie
-8.935470941883768,1.5370741482965933,vote tie
-8.894789579158317,1.5370741482965933,vote tie
-8.854108216432866,1.5370741482965933,vote tie
-8.813426853707416,1.5370741482965933,vote tie
-8.772745490981965,1.5370741482965933,vote tie
-8.732064128256514,1.5370741482965933,vote tie
-8.691382765531062,1.5370741482965933,vote tie
-8.65070140280561,1.5370741482965933,vote tie
-8.61002004008016,1.5370741482965933,vote tie
-8.56933867735471,1.5370741482965933,vote tie
-8.528657314629259,1.5370741482965933,vote tie
-8.487975951903808,1.5370741482965933,vote tie
-8.447294589178357,1.5370741482965933,vote tie
-8.406613226452906,1.5370741482965933,vote tie
-8.365931863727456,1.5370741482965933,vote tie
-8.325250501002003,1.5370741482965933,vote tie
-8.284569138276552,1.5370741482965933,vote tie
-8.976152304609219,1.5799599198396788,vote tie
-8.935470941883768,1.5799599198396788,vote tie
-8.894789579158317,1.5799599198396788,vote tie
-8.854108216432866,1.5799599198396788,vote tie
-8.813426853707416,1.5799599198396788,vote tie
-8.772745490981965,1.5799599198396788,vote tie
-8.732064128256514,1.5799599198396788,vote tie
-8.691382765531062,1.5799599198396788,vote tie
-8.65070140280561,1.5799599198396788,vote tie
-8.61002004008016,1.5799599198396788,vote tie
-8.56933867735471,1.5799599198396788,vote tie
-8.528657314629259,1.5799599198396788,vote tie
-8.487975951903808,1.5799599198396788,vote tie
-8.447294589178357,1.5799599198396788,vote tie
-8.406613226452906,1.5799599198396788,vote tie
-8.365931863727456,1.5799599198396788,vote tie
-8.325250501002003,1.5799599198396788,vote tie
-9.01683366733467,1.622845691382766,vote tie
-8.976152304609219,1.622845691382766,vote tie
-8.935470941883768,1.622845691382766,vote tie
-8.894789579158317,1.622845691382766,vote tie
-8.854108216432866,1.622845691382766,vote tie
-8.813426853707416,1.622845691382766,vote tie
-8.772745490981965,1.622845691382766,vote tie
-8.732064128256514,1.622845691382766,vote tie
-8.691382765531062,1.622845691382766,vote tie
-8.65070140280561,1.622845691382766,vote tie
-8.61002004008016,1.622845691382766,vote tie
-8.56933867735471,1.622845691382766,vote tie
-8.528657314629259,1.622845691382766,vote tie
-8.487975951903808,1.622845691382766,vote tie
-8.447294589178357,1.622845691382766,vote tie
-8.406613226452906,1.622845691382766,vote tie
-8.365931863727456,1.622845691382766,vote tie
-8.325250501002003,1.622845691382766,vote tie
-9.05751503006012,1.6657314629258515,vote tie
-9.01683366733467,1.6657314629258515,vote tie
-8.976152304609219,1.6657314629258515,vote tie
-8.935470941883768,1.6657314629258515,vote tie
-8.894789579158317,1.6657314629258515,vote tie
-8.854108216432866,1.6657314629258515,vote tie
-8.813426853707416,1.6657314629258515,vote tie
-8.772745490981965,1.6657314629258515,vote tie
-8.732064128256514,1.6657314629258515,vote tie
-8.691382765531062,1.6657314629258515,vote tie
-8.65070140280561,1.6657314629258515,vote tie
-8.61002004008016,1.6657314629258515,vote tie
-8.56933867735471,1.6657314629258515,vote tie
-8.528657314629259,1.6657314629258515,vote tie
-8.487975951903808,1.6657314629258515,vote tie
-8.447294589178357,1.6657314629258515,vote tie
-8.406613226452906,1.6657314629258515,vote tie
-8.365931863727456,1.6657314629258515,vote tie
-9.098196392785571,1.708617234468937,vote tie
-9.05751503006012,1.708617234468937,vote tie
-9.01683366733467,1.708617234468937,vote tie
-8.976152304609219,1.708617234468937,vote tie
-8.935470941883768,1.708617234468937,vote tie
-8.894789579158317,1.708617234468937,vote tie
-8.854108216432866,1.708617234468937,vote tie
-8.813426853707416,1.708617234468937,vote tie
-8.772745490981965,1.708617234468937,vote tie
-8.732064128256514,1.708617234468937,vote tie
-8.691382765531062,1.708617234468937,vote tie
-8.65070140280561,1.708617234468937,vote tie
-8.61002004008016,1.708617234468937,vote tie
-8.56933867735471,1.708617234468937,vote tie
-8.528657314629259,1.708617234468937,vote tie
-8.487975951903808,1.708617234468937,vote tie
-8.447294589178357,1.708617234468937,vote tie
-8.406613226452906,1.708617234468937,vote tie
-9.138877755511022,1.7515030060120242,vote tie
-9.098196392785571,1.7515030060120242,vote tie
-9.05751503006012,1.7515030060120242,vote tie
-9.01683366733467,1.7515030060120242,vote tie
-8.976152304609219,1.7515030060120242,vote tie
-8.935470941883768,1.7515030060120242,vote tie
-8.894789579158317,1.7515030060120242,vote tie
-8.854108216432866,1.7515030060120242,vote tie
-8.813426853707416,1.7515030060120242,vote tie
-8.772745490981965,1.7515030060120242,vote tie
-8.732064128256514,1.7515030060120242,vote tie
-8.691382765531062,1.7515030060120242,vote tie
-8.65070140280561,1.7515030060120242,vote tie
-8.61002004008016,1.7515030060120242,vote tie
-8.56933867735471,1.7515030060120242,vote tie
-8.528657314629259,1.7515030060120242,vote tie
-8.487975951903808,1.7515030060120242,vote tie
-8.447294589178357,1.7515030060120242,vote tie
-9.179559118236472,1.7943887775551097,vote tie
-9.138877755511022,1.7943887775551097,vote tie
-9.098196392785571,1.7943887775551097,vote tie
-9.05751503006012,1.7943887775551097,vote tie
-9.01683366733467,1.7943887775551097,vote tie
-8.976152304609219,1.7943887775551097,vote tie
-8.935470941883768,1.7943887775551097,vote tie
-8.894789579158317,1.7943887775551097,vote tie
-8.854108216432866,1.7943887775551097,vote tie
-8.813426853707416,1.7943887775551097,vote tie
-8.772745490981965,1.7943887775551097,vote tie
-8.732064128256514,1.7943887775551097,vote tie
-8.691382765531062,1.7943887775551097,vote tie
-8.65070140280561,1.7943887775551097,vote tie
-8.61002004008016,1.7943887775551097,vote tie
-8.56933867735471,1.7943887775551097,vote tie
-8.528657314629259,1.7943887775551097,vote tie
-8.487975951903808,1.7943887775551097,vote tie
-9.220240480961923,1.837274549098197,vote tie
-9.179559118236472,1.837274549098197,vote tie
-9.138877755511022,1.837274549098197,vote tie
-9.098196392785571,1.837274549098197,vote tie
-9.05751503006012,1.837274549098197,vote tie
-9.01683366733467,1.837274549098197,vote tie
-8.976152304609219,1.837274549098197,vote tie
-8.935470941883768,1.837274549098197,vote tie
-8.894789579158317,1.837274549098197,vote tie
-8.854108216432866,1.837274549098197,vote tie
-8.813426853707416,1.837274549098197,vote tie
-8.772745490981965,1.837274549098197,vote tie
-8.732064128256514,1.837274549098197,vote tie
-8.691382765531062,1.837274549098197,vote tie
-8.65070140280561,1.837274549098197,vote tie
-8.61002004008016,1.837274549098197,vote tie
-8.56933867735471,1.837274549098197,vote tie
-8.528657314629259,1.837274549098197,vote tie
-9.260921843687376,1.8801603206412825,vote tie
-9.220240480961923,1.8801603206412825,vote tie
-9.179559118236472,1.8801603206412825,vote tie
-9.138877755511022,1.8801603206412825,vote tie
-9.098196392785571,1.8801603206412825,vote tie
-9.05751503006012,1.8801603206412825,vote tie
-9.01683366733467,1.8801603206412825,vote tie
-8.976152304609219,1.8801603206412825,vote tie
-8.935470941883768,1.8801603206412825,vote tie
-8.894789579158317,1.8801603206412825,vote tie
-8.854108216432866,1.8801603206412825,vote tie
-8.813426853707416,1.8801603206412825,vote tie
-8.772745490981965,1.8801603206412825,vote tie
-8.732064128256514,1.8801603206412825,vote tie
-8.691382765531062,1.8801603206412825,vote tie
-8.65070140280561,1.8801603206412825,vote tie
-8.61002004008016,1.8801603206412825,vote tie
-8.56933867735471,1.8801603206412825,vote tie
-9.301603206412826,1.923046092184368,vote tie
-9.260921843687376,1.923046092184368,vote tie
-9.220240480961923,1.923046092184368,vote tie
-9.179559118236472,1.923046092184368,vote tie
-9.138877755511022,1.923046092184368,vote tie
-9.098196392785571,1.923046092184368,vote tie
-9.05751503006012,1.923046092184368,vote tie
-9.01683366733467,1.923046092184368,vote tie
-8.976152304609219,1.923046092184368,vote tie
-8.935470941883768,1.923046092184368,vote tie
-8.894789579158317,1.923046092184368,vote tie
-8.854108216432866,1.923046092184368,vote tie
-8.813426853707416,1.923046092184368,vote tie
-8.772745490981965,1.923046092184368,vote tie
-8.732064128256514,1.923046092184368,vote tie
-8.691382765531062,1.923046092184368,vote tie
-8.65070140280561,1.923046092184368,vote tie
-8.61002004008016,1.923046092184368,vote tie
-9.301603206412826,1.9659318637274552,vote tie
-9.260921843687376,1.9659318637274552,vote tie
-9.220240480961923,1.9659318637274552,vote tie
-9.179559118236472,1.9659318637274552,vote tie
-9.138877755511022,1.9659318637274552,vote tie
-9.098196392785571,1.9659318637274552,vote tie
-9.05751503006012,1.9659318637274552,vote tie
-9.01683366733467,1.9659318637274552,vote tie
-8.976152304609219,1.9659318637274552,vote tie
-8.935470941883768,1.9659318637274552,vote tie
-8.894789579158317,1.9659318637274552,vote tie
-8.854108216432866,1.9659318637274552,vote tie
-8.813426853707416,1.9659318637274552,vote tie
-8.772745490981965,1.9659318637274552,vote tie
-8.732064128256514,1.9659318637274552,vote tie
-8.691382765531062,1.9659318637274552,vote tie
-8.65070140280561,1.9659318637274552,vote tie
-9.342284569138277,2.0088176352705407,vote tie
-9.301603206412826,2.0088176352705407,vote tie
-9.260921843687376,2.0088176352705407,vote tie
-9.220240480961923,2.0088176352705407,vote tie
-9.179559118236472,2.0088176352705407,vote tie
-9.138877755511022,2.0088176352705407,vote tie
-9.098196392785571,2.0088176352705407,vote tie
-9.05751503006012,2.0088176352705407,vote tie
-9.01683366733467,2.0088176352705407,vote tie
-8.976152304609219,2.0088176352705407,vote tie
-8.935470941883768,2.0088176352705407,vote tie
-8.894789579158317,2.0088176352705407,vote tie
-8.854108216432866,2.0088176352705407,vote tie
-8.813426853707416,2.0088176352705407,vote tie
-8.772745490981965,2.0088176352705407,vote tie
-8.732064128256514,2.0088176352705407,vote tie
-8.691382765531062,2.0088176352705407,vote tie
-9.382965931863728,2.051703406813626,vote tie
-9.342284569138277,2.051703406813626,vote tie
-9.301603206412826,2.051703406813626,vote tie
-9.260921843687376,2.051703406813626,vote tie
-9.220240480961923,2.051703406813626,vote tie
-9.179559118236472,2.051703406813626,vote tie
-9.138877755511022,2.051703406813626,vote tie
-9.098196392785571,2.051703406813626,vote tie
-9.05751503006012,2.051703406813626,vote tie
-9.01683366733467,2.051703406813626,vote tie
-8.976152304609219,2.051703406813626,vote tie
-8.935470941883768,2.051703406813626,vote tie
-8.894789579158317,2.051703406813626,vote tie
-8.854108216432866,2.051703406813626,vote tie
-8.813426853707416,2.051703406813626,vote tie
-8.772745490981965,2.051703406813626,vote tie
-8.732064128256514,2.051703406813626,vote tie
-9.423647294589179,2.0945891783567134,vote tie
-9.382965931863728,2.0945891783567134,vote tie
-9.342284569138277,2.0945891783567134,vote tie
-9.301603206412826,2.0945891783567134,vote tie
-9.260921843687376,2.0945891783567134,vote tie
-9.220240480961923,2.0945891783567134,vote tie
-9.179559118236472,2.0945891783567134,vote tie
-9.138877755511022,2.0945891783567134,vote tie
-9.098196392785571,2.0945891783567134,vote tie
-9.05751503006012,2.0945891783567134,vote tie
-9.01683366733467,2.0945891783567134,vote tie
-8.976152304609219,2.0945891783567134,vote tie
-8.935470941883768,2.0945891783567134,vote tie
-8.894789579158317,2.0945891783567134,vote tie
-8.854108216432866,2.0945891783567134,vote tie
-8.813426853707416,2.0945891783567134,vote tie
-8.772745490981965,2.0945891783567134,vote tie
-9.46432865731463,2.137474949899799,vote tie
-9.423647294589179,2.137474949899799,vote tie
-9.382965931863728,2.137474949899799,vote tie
-9.342284569138277,2.137474949899799,vote tie
-9.301603206412826,2.137474949899799,vote tie
-9.260921843687376,2.137474949899799,vote tie
-9.220240480961923,2.137474949899799,vote tie
-9.179559118236472,2.137474949899799,vote tie
-9.138877755511022,2.137474949899799,vote tie
-9.098196392785571,2.137474949899799,vote tie
-9.05751503006012,2.137474949899799,vote tie
-9.01683366733467,2.137474949899799,vote tie
-8.976152304609219,2.137474949899799,vote tie
-8.935470941883768,2.137474949899799,vote tie
-8.894789579158317,2.137474949899799,vote tie
-8.854108216432866,2.137474949899799,vote tie
-8.813426853707416,2.137474949899799,vote tie
-9.50501002004008,2.180360721442886,vote tie
-9.46432865731463,2.180360721442886,vote tie
-9.423647294589179,2.180360721442886,vote tie
-9.382965931863728,2.180360721442886,vote tie
-9.342284569138277,2.180360721442886,vote tie
-9.301603206412826,2.180360721442886,vote tie
-9.260921843687376,2.180360721442886,vote tie
-9.220240480961923,2.180360721442886,vote tie
-9.179559118236472,2.180360721442886,vote tie
-9.138877755511022,2.180360721442886,vote tie
-9.098196392785571,2.180360721442886,vote tie
-9.05751503006012,2.180360721442886,vote tie
-9.01683366733467,2.180360721442886,vote tie
-8.976152304609219,2.180360721442886,vote tie
-8.935470941883768,2.180360721442886,vote tie
-8.894789579158317,2.180360721442886,vote tie
-8.854108216432866,2.180360721442886,vote tie
-9.545691382765531,2.2232464929859717,vote tie
-9.50501002004008,2.2232464929859717,vote tie
-9.46432865731463,2.2232464929859717,vote tie
-9.423647294589179,2.2232464929859717,vote tie
-9.382965931863728,2.2232464929859717,vote tie
-9.342284569138277,2.2232464929859717,vote tie
-9.301603206412826,2.2232464929859717,vote tie
-9.260921843687376,2.2232464929859717,vote tie
-9.220240480961923,2.2232464929859717,vote tie
-9.179559118236472,2.2232464929859717,vote tie
-9.138877755511022,2.2232464929859717,vote tie
-9.098196392785571,2.2232464929859717,vote tie
-9.05751503006012,2.2232464929859717,vote tie
-9.01683366733467,2.2232464929859717,vote tie
-8.976152304609219,2.2232464929859717,vote tie
-8.935470941883768,2.2232464929859717,vote tie
-8.894789579158317,2.2232464929859717,vote tie
-9.586372745490982,2.266132264529057,vote tie
-9.545691382765531,2.266132264529057,vote tie
-9.50501002004008,2.266132264529057,vote tie
-9.46432865731463,2.266132264529057,vote tie
-9.423647294589179,2.266132264529057,vote tie
-9.382965931863728,2.266132264529057,vote tie
-9.342284569138277,2.266132264529057,vote tie
-9.301603206412826,2.266132264529057,vote tie
-9.260921843687376,2.266132264529057,vote tie
-9.220240480961923,2.266132264529057,vote tie
-9.179559118236472,2.266132264529057,vote tie
-9.138877755511022,2.266132264529057,vote tie
-9.098196392785571,2.266132264529057,vote tie
-9.05751503006012,2.266132264529057,vote tie
-9.01683366733467,2.266132264529057,vote tie
-8.976152304609219,2.266132264529057,vote tie
-8.935470941883768,2.266132264529057,vote tie
-9.627054108216432,2.3090180360721444,vote tie
-9.586372745490982,2.3090180360721444,vote tie
-9.545691382765531,2.3090180360721444,vote tie
-9.50501002004008,2.3090180360721444,vote tie
-9.46432865731463,2.3090180360721444,vote tie
-9.423647294589179,2.3090180360721444,vote tie
-9.382965931863728,2.3090180360721444,vote tie
-9.342284569138277,2.3090180360721444,vote tie
-9.301603206412826,2.3090180360721444,vote tie
-9.260921843687376,2.3090180360721444,vote tie
-9.220240480961923,2.3090180360721444,vote tie
-9.179559118236472,2.3090180360721444,vote tie
-9.138877755511022,2.3090180360721444,vote tie
-9.098196392785571,2.3090180360721444,vote tie
-9.05751503006012,2.3090180360721444,vote tie
-9.01683366733467,2.3090180360721444,vote tie
-8.976152304609219,2.3090180360721444,vote tie
-9.667735470941883,2.35190380761523,vote tie
-9.627054108216432,2.35190380761523,vote tie
-9.586372745490982,2.35190380761523,vote tie
-9.545691382765531,2.35190380761523,vote tie
-9.50501002004008,2.35190380761523,vote tie
-9.46432865731463,2.35190380761523,vote tie
-9.423647294589179,2.35190380761523,vote tie
-9.382965931863728,2.35190380761523,vote tie
-9.342284569138277,2.35190380761523,vote tie
-9.301603206412826,2.35190380761523,vote tie
-9.260921843687376,2.35190380761523,vote tie
-9.220240480961923,2.35190380761523,vote tie
-9.179559118236472,2.35190380761523,vote tie
-9.138877755511022,2.35190380761523,vote tie
-9.098196392785571,2.35190380761523,vote tie
-9.05751503006012,2.35190380761523,vote tie
-9.01683366733467,2.35190380761523,vote tie
-9.708416833667336,2.394789579158317,vote tie
-9.667735470941883,2.394789579158317,vote tie
-9.627054108216432,2.394789579158317,vote tie
-9.586372745490982,2.394789579158317,vote tie
-9.545691382765531,2.394789579158317,vote tie
-9.50501002004008,2.394789579158317,vote tie
-9.46432865731463,2.394789579158317,vote tie
-9.423647294589179,2.394789579158317,vote tie
-9.382965931863728,2.394789579158317,vote tie
-9.342284569138277,2.394789579158317,vote tie
-9.301603206412826,2.394789579158317,vote tie
-9.260921843687376,2.394789579158317,vote tie
-9.220240480961923,2.394789579158317,vote tie
-9.179559118236472,2.394789579158317,vote tie
-9.138877755511022,2.394789579158317,vote tie
-9.098196392785571,2.394789579158317,vote tie
-9.05751503006012,2.394789579158317,vote tie
-9.749098196392787,2.4376753507014026,vote tie
-9.708416833667336,2.4376753507014026,vote tie
-9.667735470941883,2.4376753507014026,vote tie
-9.627054108216432,2.4376753507014026,vote tie
-9.586372745490982,2.4376753507014026,vote tie
-9.545691382765531,2.4376753507014026,vote tie
-9.50501002004008,2.4376753507014026,vote tie
-9.46432865731463,2.4376753507014026,vote tie
-9.423647294589179,2.4376753507014026,vote tie
-9.382965931863728,2.4376753507014026,vote tie
-9.342284569138277,2.4376753507014026,vote tie
-9.301603206412826,2.4376753507014026,vote tie
-9.260921843687376,2.4376753507014026,vote tie
-9.220240480961923,2.4376753507014026,vote tie
-9.179559118236472,2.4376753507014026,vote tie
-9.138877755511022,2.4376753507014026,vote tie
-9.098196392785571,2.4376753507014026,vote tie
-9.789779559118237,2.480561122244488,vote tie
-9.749098196392787,2.480561122244488,vote tie
-9.708416833667336,2.480561122244488,vote tie
-9.667735470941883,2.480561122244488,vote tie
-9.627054108216432,2.480561122244488,vote tie
-9.586372745490982,2.480561122244488,vote tie
-9.545691382765531,2.480561122244488,vote tie
-9.50501002004008,2.480561122244488,vote tie
-9.46432865731463,2.480561122244488,vote tie
-9.423647294589179,2.480561122244488,vote tie
-9.382965931863728,2.480561122244488,vote tie
-9.342284569138277,2.480561122244488,vote tie
-9.301603206412826,2.480561122244488,vote tie
-9.260921843687376,2.480561122244488,vote tie
-9.220240480961923,2.480561122244488,vote tie
-9.179559118236472,2.480561122244488,vote tie
-9.138877755511022,2.480561122244488,vote tie
-9.830460921843688,2.5234468937875754,vote tie
-9.789779559118237,2.5234468937875754,vote tie
-9.749098196392787,2.5234468937875754,vote tie
-9.708416833667336,2.5234468937875754,vote tie
-9.667735470941883,2.5234468937875754,vote tie
-9.627054108216432,2.5234468937875754,vote tie
-9.586372745490982,2.5234468937875754,vote tie
-9.545691382765531,2.5234468937875754,vote tie
-9.50501002004008,2.5234468937875754,vote tie
-9.46432865731463,2.5234468937875754,vote tie
-9.423647294589179,2.5234468937875754,vote tie
-9.382965931863728,2.5234468937875754,vote tie
-9.342284569138277,2.5234468937875754,vote tie
-9.301603206412826,2.5234468937875754,vote tie
-9.260921843687376,2.5234468937875754,vote tie
-9.220240480961923,2.5234468937875754,vote tie
-9.179559118236472,2.5234468937875754,vote tie
-9.138877755511022,2.5234468937875754,vote tie
-9.871142284569139,2.566332665330661,vote tie
-9.830460921843688,2.566332665330661,vote tie
-9.789779559118237,2.566332665330661,vote tie
-9.749098196392787,2.566332665330661,vote tie
-9.708416833667336,2.566332665330661,vote tie
-9.667735470941883,2.566332665330661,vote tie
-9.627054108216432,2.566332665330661,vote tie
-9.586372745490982,2.566332665330661,vote tie
-9.545691382765531,2.566332665330661,vote tie
-9.50501002004008,2.566332665330661,vote tie
-9.46432865731463,2.566332665330661,vote tie
-9.423647294589179,2.566332665330661,vote tie
-9.382965931863728,2.566332665330661,vote tie
-9.342284569138277,2.566332665330661,vote tie
-9.301603206412826,2.566332665330661,vote tie
-9.260921843687376,2.566332665330661,vote tie
-9.220240480961923,2.566332665330661,vote tie
-9.179559118236472,2.566332665330661,vote tie
-9.91182364729459,2.609218436873748,vote tie
-9.871142284569139,2.609218436873748,vote tie
-9.830460921843688,2.609218436873748,vote tie
-9.789779559118237,2.609218436873748,vote tie
-9.749098196392787,2.609218436873748,vote tie
-9.708416833667336,2.609218436873748,vote tie
-9.667735470941883,2.609218436873748,vote tie
-9.627054108216432,2.609218436873748,vote tie
-9.586372745490982,2.609218436873748,vote tie
-9.545691382765531,2.609218436873748,vote tie
-9.50501002004008,2.609218436873748,vote tie
-9.46432865731463,2.609218436873748,vote tie
-9.423647294589179,2.609218436873748,vote tie
-9.382965931863728,2.609218436873748,vote tie
-9.342284569138277,2.609218436873748,vote tie
-9.301603206412826,2.609218436873748,vote tie
-9.260921843687376,2.609218436873748,vote tie
-9.220240480961923,2.609218436873748,vote tie
-9.91182364729459,2.6521042084168336,vote tie
-9.871142284569139,2.6521042084168336,vote tie
-9.830460921843688,2.6521042084168336,vote tie
-9.789779559118237,2.6521042084168336,vote tie
-9.749098196392787,2.6521042084168336,vote tie
-9.708416833667336,2.6521042084168336,vote tie
-9.667735470941883,2.6521042084168336,vote tie
-9.627054108216432,2.6521042084168336,vote tie
-9.586372745490982,2.6521042084168336,vote tie
-9.545691382765531,2.6521042084168336,vote tie
-9.50501002004008,2.6521042084168336,vote tie
-9.46432865731463,2.6521042084168336,vote tie
-9.423647294589179,2.6521042084168336,vote tie
-9.382965931863728,2.6521042084168336,vote tie
-9.342284569138277,2.6521042084168336,vote tie
-9.301603206412826,2.6521042084168336,vote tie
-9.260921843687376,2.6521042084168336,vote tie
-9.95250501002004,2.694989979959919,vote tie
-9.91182364729459,2.694989979959919,vote tie
-9.871142284569139,2.694989979959919,vote tie
-9.830460921843688,2.694989979959919,vote tie
-9.789779559118237,2.694989979959919,vote tie
-9.749098196392787,2.694989979959919,vote tie
-9.708416833667336,2.694989979959919,vote tie
-9.667735470941883,2.694989979959919,vote tie
-9.627054108216432,2.694989979959919,vote tie
-9.586372745490982,2.694989979959919,vote tie
-9.545691382765531,2.694989979959919,vote tie
-9.50501002004008,2.694989979959919,vote tie
-9.46432865731463,2.694989979959919,vote tie
-9.423647294589179,2.694989979959919,vote tie
-9.382965931863728,2.694989979959919,vote tie
-9.342284569138277,2.694989979959919,vote tie
-9.301603206412826,2.694989979959919,vote tie
-9.993186372745491,2.7378757515030063,vote tie
-9.95250501002004,2.7378757515030063,vote tie
-9.91182364729459,2.7378757515030063,vote tie
-9.871142284569139,2.7378757515030063,vote tie
-9.830460921843688,2.7378757515030063,vote tie
-9.789779559118237,2.7378757515030063,vote tie
-9.749098196392787,2.7378757515030063,vote tie
-9.708416833667336,2.7378757515030063,vote tie
-9.667735470941883,2.7378757515030063,vote tie
-9.627054108216432,2.7378757515030063,vote tie
-9.586372745490982,2.7378757515030063,vote tie
-9.545691382765531,2.7378757515030063,vote tie
-9.50501002004008,2.7378757515030063,vote tie
-9.46432865731463,2.7378757515030063,vote tie
-9.423647294589179,2.7378757515030063,vote tie
-9.382965931863728,2.7378757515030063,vote tie
-9.342284569138277,2.7378757515030063,vote tie
-10.033867735470942,2.780761523046092,vote tie
-9.993186372745491,2.780761523046092,vote tie
-9.95250501002004,2.780761523046092,vote tie
-9.91182364729459,2.780761523046092,vote tie
-9.871142284569139,2.780761523046092,vote tie
-9.830460921843688,2.780761523046092,vote tie
-9.789779559118237,2.780761523046092,vote tie
-9.749098196392787,2.780761523046092,vote tie
-9.708416833667336,2.780761523046092,vote tie
-9.667735470941883,2.780761523046092,vote tie
-9.627054108216432,2.780761523046092,vote tie
-9.586372745490982,2.780761523046092,vote tie
-9.545691382765531,2.780761523046092,vote tie
-9.50501002004008,2.780761523046092,vote tie
-9.46432865731463,2.780761523046092,vote tie
-9.423647294589179,2.780761523046092,vote tie
-9.382965931863728,2.780761523046092,vote tie
-10.074549098196393,2.8236472945891773,vote tie
-10.033867735470942,2.8236472945891773,vote tie
-9.993186372745491,2.8236472945891773,vote tie
-9.95250501002004,2.8236472945891773,vote tie
-9.91182364729459,2.8236472945891773,vote tie
-9.871142284569139,2.8236472945891773,vote tie
-9.830460921843688,2.8236472945891773,vote tie
-9.789779559118237,2.8236472945891773,vote tie
-9.749098196392787,2.8236472945891773,vote tie
-9.708416833667336,2.8236472945891773,vote tie
-9.667735470941883,2.8236472945891773,vote tie
-9.627054108216432,2.8236472945891773,vote tie
-9.586372745490982,2.8236472945891773,vote tie
-9.545691382765531,2.8236472945891773,vote tie
-9.50501002004008,2.8236472945891773,vote tie
-9.46432865731463,2.8236472945891773,vote tie
-9.423647294589179,2.8236472945891773,vote tie
-10.115230460921843,2.8665330661322646,vote tie
-10.074549098196393,2.8665330661322646,vote tie
-10.033867735470942,2.8665330661322646,vote tie
-9.993186372745491,2.8665330661322646,vote tie
-9.95250501002004,2.8665330661322646,vote tie
-9.91182364729459,2.8665330661322646,vote tie
-9.871142284569139,2.8665330661322646,vote tie
-9.830460921843688,2.8665330661322646,vote tie
-9.789779559118237,2.8665330661322646,vote tie
-9.749098196392787,2.8665330661322646,vote tie
-9.708416833667336,2.8665330661322646,vote tie
-9.667735470941883,2.8665330661322646,vote tie
-9.627054108216432,2.8665330661322646,vote tie
-9.586372745490982,2.8665330661322646,vote tie
-9.545691382765531,2.8665330661322646,vote tie
-9.50501002004008,2.8665330661322646,vote tie
-9.46432865731463,2.8665330661322646,vote tie
-10.155911823647294,2.90941883767535,vote tie
-10.115230460921843,2.90941883767535,vote tie
-10.074549098196393,2.90941883767535,vote tie
-10.033867735470942,2.90941883767535,vote tie
-9.993186372745491,2.90941883767535,vote tie
-9.95250501002004,2.90941883767535,vote tie
-9.91182364729459,2.90941883767535,vote tie
-9.871142284569139,2.90941883767535,vote tie
-9.830460921843688,2.90941883767535,vote tie
-9.789779559118237,2.90941883767535,vote tie
-9.749098196392787,2.90941883767535,vote tie
-9.708416833667336,2.90941883767535,vote tie
-9.667735470941883,2.90941883767535,vote tie
-9.627054108216432,2.90941883767535,vote tie
-9.586372745490982,2.90941883767535,vote tie
-9.545691382765531,2.90941883767535,vote tie
-9.50501002004008,2.90941883767535,vote tie
-10.196593186372747,2.9523046092184373,vote tie
-10.155911823647294,2.9523046092184373,vote tie
-10.115230460921843,2.9523046092184373,vote tie
-10.074549098196393,2.9523046092184373,vote tie
-10.033867735470942,2.9523046092184373,vote tie
-9.993186372745491,2.9523046092184373,vote tie
-9.95250501002004,2.9523046092184373,vote tie
-9.91182364729459,2.9523046092184373,vote tie
-9.871142284569139,2.9523046092184373,vote tie
-9.830460921843688,2.9523046092184373,vote tie
-9.789779559118237,2.9523046092184373,vote tie
-9.749098196392787,2.9523046092184373,vote tie
-9.708416833667336,2.9523046092184373,vote tie
-9.667735470941883,2.9523046092184373,vote tie
-9.627054108216432,2.9523046092184373,vote tie
-9.586372745490982,2.9523046092184373,vote tie
-9.545691382765531,2.9523046092184373,vote tie
-10.237274549098197,2.9951903807615228,vote tie
-10.196593186372747,2.9951903807615228,vote tie
-10.155911823647294,2.9951903807615228,vote tie
-10.115230460921843,2.9951903807615228,vote tie
-10.074549098196393,2.9951903807615228,vote tie
-10.033867735470942,2.9951903807615228,vote tie
-9.993186372745491,2.9951903807615228,vote tie
-9.95250501002004,2.9951903807615228,vote tie
-9.91182364729459,2.9951903807615228,vote tie
-9.871142284569139,2.9951903807615228,vote tie
-9.830460921843688,2.9951903807615228,vote tie
-9.789779559118237,2.9951903807615228,vote tie
-9.749098196392787,2.9951903807615228,vote tie
-9.708416833667336,2.9951903807615228,vote tie
-9.667735470941883,2.9951903807615228,vote tie
-9.627054108216432,2.9951903807615228,vote tie
-9.586372745490982,2.9951903807615228,vote tie
-10.277955911823648,3.0380761523046083,vote tie
-10.237274549098197,3.0380761523046083,vote tie
-10.196593186372747,3.0380761523046083,vote tie
-10.155911823647294,3.0380761523046083,vote tie
-10.115230460921843,3.0380761523046083,vote tie
-10.074549098196393,3.0380761523046083,vote tie
-10.033867735470942,3.0380761523046083,vote tie
-9.993186372745491,3.0380761523046083,vote tie
-9.95250501002004,3.0380761523046083,vote tie
-9.91182364729459,3.0380761523046083,vote tie
-9.871142284569139,3.0380761523046083,vote tie
-9.830460921843688,3.0380761523046083,vote tie
-9.789779559118237,3.0380761523046083,vote tie
-9.749098196392787,3.0380761523046083,vote tie
-9.708416833667336,3.0380761523046083,vote tie
-9.667735470941883,3.0380761523046083,vote tie
-9.627054108216432,3.0380761523046083,vote tie
-10.318637274549099,3.0809619238476955,vote tie
-10.277955911823648,3.0809619238476955,vote tie
-10.237274549098197,3.0809619238476955,vote tie
-10.196593186372747,3.0809619238476955,vote tie
-10.155911823647294,3.0809619238476955,vote tie
-10.115230460921843,3.0809619238476955,vote tie
-10.074549098196393,3.0809619238476955,vote tie
-10.033867735470942,3.0809619238476955,vote tie
-9.993186372745491,3.0809619238476955,vote tie
-9.95250501002004,3.0809619238476955,vote tie
-9.91182364729459,3.0809619238476955,vote tie
-9.871142284569139,3.0809619238476955,vote tie
-9.830460921843688,3.0809619238476955,vote tie
-9.789779559118237,3.0809619238476955,vote tie
-9.749098196392787,3.0809619238476955,vote tie
-9.708416833667336,3.0809619238476955,vote tie
-9.667735470941883,3.0809619238476955,vote tie
-10.35931863727455,3.123847695390781,vote tie
-10.318637274549099,3.123847695390781,vote tie
-10.277955911823648,3.123847695390781,vote tie
-10.237274549098197,3.123847695390781,vote tie
-10.196593186372747,3.123847695390781,vote tie
-10.155911823647294,3.123847695390781,vote tie
-10.115230460921843,3.123847695390781,vote tie
-10.074549098196393,3.123847695390781,vote tie
-10.033867735470942,3.123847695390781,vote tie
-9.993186372745491,3.123847695390781,vote tie
-9.95250501002004,3.123847695390781,vote tie
-9.91182364729459,3.123847695390781,vote tie
-9.871142284569139,3.123847695390781,vote tie
-9.830460921843688,3.123847695390781,vote tie
-9.789779559118237,3.123847695390781,vote tie
-9.749098196392787,3.123847695390781,vote tie
-9.708416833667336,3.123847695390781,vote tie
-10.4,3.1667334669338683,vote tie
-10.35931863727455,3.1667334669338683,vote tie
-10.318637274549099,3.1667334669338683,vote tie
-10.277955911823648,3.1667334669338683,vote tie
-10.237274549098197,3.1667334669338683,vote tie
-10.196593186372747,3.1667334669338683,vote tie
-10.155911823647294,3.1667334669338683,vote tie
-10.115230460921843,3.1667334669338683,vote tie
-10.074549098196393,3.1667334669338683,vote tie
-10.033867735470942,3.1667334669338683,vote tie
-9.993186372745491,3.1667334669338683,vote tie
-9.95250501002004,3.1667334669338683,vote tie
-9.91182364729459,3.1667334669338683,vote tie
-9.871142284569139,3.1667334669338683,vote tie
-9.830460921843688,3.1667334669338683,vote tie
-9.789779559118237,3.1667334669338683,vote tie
-9.749098196392787,3.1667334669338683,vote tie
-10.4,3.2096192384769537,vote tie
-10.35931863727455,3.2096192384769537,vote tie
-10.318637274549099,3.2096192384769537,vote tie
-10.277955911823648,3.2096192384769537,vote tie
-10.237274549098197,3.2096192384769537,vote tie
-10.196593186372747,3.2096192384769537,vote tie
-10.155911823647294,3.2096192384769537,vote tie
-10.115230460921843,3.2096192384769537,vote tie
-10.074549098196393,3.2096192384769537,vote tie
-10.033867735470942,3.2096192384769537,vote tie
-9.993186372745491,3.2096192384769537,vote tie
-9.95250501002004,3.2096192384769537,vote tie
-9.91182364729459,3.2096192384769537,vote tie
-9.871142284569139,3.2096192384769537,vote tie
-9.830460921843688,3.2096192384769537,vote tie
-9.789779559118237,3.2096192384769537,vote tie
-10.4,3.2525050100200392,vote tie
-10.35931863727455,3.2525050100200392,vote tie
-10.318637274549099,3.2525050100200392,vote tie
-10.277955911823648,3.2525050100200392,vote tie
-10.237274549098197,3.2525050100200392,vote tie
-10.196593186372747,3.2525050100200392,vote tie
-10.155911823647294,3.2525050100200392,vote tie
-10.115230460921843,3.2525050100200392,vote tie
-10.074549098196393,3.2525050100200392,vote tie
-10.033867735470942,3.2525050100200392,vote tie
-9.993186372745491,3.2525050100200392,vote tie
-9.95250501002004,3.2525050100200392,vote tie
-9.91182364729459,3.2525050100200392,vote tie
-9.871142284569139,3.2525050100200392,vote tie
-9.830460921843688,3.2525050100200392,vote tie
-10.4,3.2953907815631265,vote tie
-10.35931863727455,3.2953907815631265,vote tie
-10.318637274549099,3.2953907815631265,vote tie
-10.277955911823648,3.2953907815631265,vote tie
-10.237274549098197,3.2953907815631265,vote tie
-10.196593186372747,3.2953907815631265,vote tie
-10.155911823647294,3.2953907815631265,vote tie
-10.115230460921843,3.2953907815631265,vote tie
-10.074549098196393,3.2953907815631265,vote tie
-10.033867735470942,3.2953907815631265,vote tie
-9.993186372745491,3.2953907815631265,vote tie
-9.95250501002004,3.2953907815631265,vote tie
-9.91182364729459,3.2953907815631265,vote tie
-9.871142284569139,3.2953907815631265,vote tie
-10.4,3.338276553106212,vote tie
-10.35931863727455,3.338276553106212,vote tie
-10.318637274549099,3.338276553106212,vote tie
-10.277955911823648,3.338276553106212,vote tie
-10.237274549098197,3.338276553106212,vote tie
-10.196593186372747,3.338276553106212,vote tie
-10.155911823647294,3.338276553106212,vote tie
-10.115230460921843,3.338276553106212,vote tie
-10.074549098196393,3.338276553106212,vote tie
-10.033867735470942,3.338276553106212,vote tie
-9.993186372745491,3.338276553106212,vote tie
-9.95250501002004,3.338276553106212,vote tie
-9.91182364729459,3.338276553106212,vote tie
-10.4,3.3811623246492974,vote tie
-10.35931863727455,3.3811623246492974,vote tie
-10.318637274549099,3.3811623246492974,vote tie
-10.277955911823648,3.3811623246492974,vote tie
-10.237274549098197,3.3811623246492974,vote tie
-10.196593186372747,3.3811623246492974,vote tie
-10.155911823647294,3.3811623246492974,vote tie
-10.115230460921843,3.3811623246492974,vote tie
-10.074549098196393,3.3811623246492974,vote tie
-10.033867735470942,3.3811623246492974,vote tie
-9.993186372745491,3.3811623246492974,vote tie
-9.95250501002004,3.3811623246492974,vote tie
-10.4,3.4240480961923847,vote tie
-10.35931863727455,3.4240480961923847,vote tie
-10.318637274549099,3.4240480961923847,vote tie
-10.277955911823648,3.4240480961923847,vote tie
-10.237274549098197,3.4240480961923847,vote tie
-10.196593186372747,3.4240480961923847,vote tie
-10.155911823647294,3.4240480961923847,vote tie
-10.115230460921843,3.4240480961923847,vote tie
-10.074549098196393,3.4240480961923847,vote tie
-10.033867735470942,3.4240480961923847,vote tie
-9.993186372745491,3.4240480961923847,vote tie
-10.4,3.46693386773547,vote tie
-10.35931863727455,3.46693386773547,vote tie
-10.318637274549099,3.46693386773547,vote tie
-10.277955911823648,3.46693386773547,vote tie
-10.237274549098197,3.46693386773547,vote tie
-10.196593186372747,3.46693386773547,vote tie
-10.155911823647294,3.46693386773547,vote tie
-10.115230460921843,3.46693386773547,vote tie
-10.074549098196393,3.46693386773547,vote tie
-10.033867735470942,3.46693386773547,vote tie
-9.993186372745491,3.46693386773547,vote tie
-10.4,3.5098196392785574,vote tie
-10.35931863727455,3.5098196392785574,vote tie
-10.318637274549099,3.5098196392785574,vote tie
-10.277955911823648,3.5098196392785574,vote tie
-10.237274549098197,3.5098196392785574,vote tie
-10.196593186372747,3.5098196392785574,vote tie
-10.155911823647294,3.5098196392785574,vote tie
-10.115230460921843,3.5098196392785574,vote tie
-10.074549098196393,3.5098196392785574,vote tie
-10.033867735470942,3.5098196392785574,vote tie
-10.4,3.552705410821643,vote tie
-10.35931863727455,3.552705410821643,vote tie
-10.318637274549099,3.552705410821643,vote tie
-10.277955911823648,3.552705410821643,vote tie
-10.237274549098197,3.552705410821643,vote tie
-10.196593186372747,3.552705410821643,vote tie
-10.155911823647294,3.552705410821643,vote tie
-10.115230460921843,3.552705410821643,vote tie
-10.074549098196393,3.552705410821643,vote tie
-10.4,3.5955911823647284,vote tie
-10.35931863727455,3.5955911823647284,vote tie
-10.318637274549099,3.5955911823647284,vote tie
-10.277955911823648,3.5955911823647284,vote tie
-10.237274549098197,3.5955911823647284,vote tie
-10.196593186372747,3.5955911823647284,vote tie
-10.155911823647294,3.5955911823647284,vote tie
-10.115230460921843,3.5955911823647284,vote tie
-10.4,3.6384769539078157,vote tie
-10.35931863727455,3.6384769539078157,vote tie
-10.318637274549099,3.6384769539078157,vote tie
-10.277955911823648,3.6384769539078157,vote tie
-10.237274549098197,3.6384769539078157,vote tie
-10.196593186372747,3.6384769539078157,vote tie
-10.155911823647294,3.6384769539078157,vote tie
-10.4,3.681362725450901,vote tie
-10.35931863727455,3.681362725450901,vote tie
-10.318637274549099,3.681362725450901,vote tie
-10.277955911823648,3.681362725450901,vote tie
-10.237274549098197,3.681362725450901,vote tie
-10.196593186372747,3.681362725450901,vote tie
-10.4,3.7242484969939884,vote tie
-10.35931863727455,3.7242484969939884,vote tie
-10.318637274549099,3.7242484969939884,vote tie
-10.277955911823648,3.7242484969939884,vote tie
-10.237274549098197,3.7242484969939884,vote tie
-10.4,3.767134268537074,vote tie
-10.35931863727455,3.767134268537074,vote tie
-10.318637274549099,3.767134268537074,vote tie
-10.277955911823648,3.767134268537074,vote tie
-10.4,3.8100200400801594,vote tie
-10.35931863727455,3.8100200400801594,vote tie
-10.318637274549099,3.8100200400801594,vote tie
-10.4,3.8529058116232466,vote tie
-10.35931863727455,3.8529058116232466,vote tie
-10.4,3.895791583166332,vote tie
