family,parameter_name,parameter_value,alpha,epsilon,gamma,seed,episode,steps
n_step_sarsa,n,1.000,0.500,0.100,0.990,13,1,1181
n_step_sarsa,n,1.000,0.500,0.100,0.990,13,2,467
n_step_sarsa,n,1.000,0.500,0.100,0.990,13,3,294
n_step_sarsa,n,1.000,0.500,0.100,0.990,13,4,157
n_step_sarsa,n,1.000,0.500,0.100,0.990,13,5,104
n_step_sarsa,n,1.000,0.500,0.100,0.990,13,6,172
n_step_sarsa,n,1.000,0.500,0.100,0.990,13,7,50
n_step_sarsa,n,1.000,0.500,0.100,0.990,13,8,67
n_step_sarsa,n,1.000,0.500,0.100,0.990,13,9,72
n_step_sarsa,n,1.000,0.500,0.100,0.990,13,10,446
n_step_sarsa,n,1.000,0.500,0.100,0.990,13,11,123
n_step_sarsa,n,1.000,0.500,0.100,0.990,13,12,72
n_step_sarsa,n,1.000,0.500,0.100,0.990,13,13,216
n_step_sarsa,n,1.000,0.500,0.100,0.990,13,14,202
n_step_sarsa,n,1.000,0.500,0.100,0.990,13,15,55
n_step_sarsa,n,1.000,0.500,0.100,0.990,13,16,196
n_step_sarsa,n,1.000,0.500,0.100,0.990,13,17,29
n_step_sarsa,n,1.000,0.500,0.100,0.990,13,18,26
n_step_sarsa,n,1.000,0.500,0.100,0.990,13,19,148
n_step_sarsa,n,1.000,0.500,0.100,0.990,13,20,45
n_step_sarsa,n,1.000,0.500,0.100,0.990,13,21,189
n_step_sarsa,n,1.000,0.500,0.100,0.990,13,22,41
n_step_sarsa,n,1.000,0.500,0.100,0.990,13,23,104
n_step_sarsa,n,1.000,0.500,0.100,0.990,13,24,96
n_step_sarsa,n,1.000,0.500,0.100,0.990,13,25,28
n_step_sarsa,n,1.000,0.500,0.100,0.990,13,26,94
n_step_sarsa,n,1.000,0.500,0.100,0.990,13,27,30
n_step_sarsa,n,1.000,0.500,0.100,0.990,13,28,24
n_step_sarsa,n,1.000,0.500,0.100,0.990,13,29,35
n_step_sarsa,n,1.000,0.500,0.100,0.990,13,30,133
n_step_sarsa,n,1.000,0.500,0.100,0.990,13,31,20
n_step_sarsa,n,1.000,0.500,0.100,0.990,13,32,25
n_step_sarsa,n,1.000,0.500,0.100,0.990,13,33,20
n_step_sarsa,n,1.000,0.500,0.100,0.990,13,34,80
n_step_sarsa,n,1.000,0.500,0.100,0.990,13,35,43
n_step_sarsa,n,1.000,0.500,0.100,0.990,13,36,52
n_step_sarsa,n,1.000,0.500,0.100,0.990,13,37,32
n_step_sarsa,n,1.000,0.500,0.100,0.990,13,38,25
n_step_sarsa,n,1.000,0.500,0.100,0.990,13,39,35
n_step_sarsa,n,1.000,0.500,0.100,0.990,13,40,26
n_step_sarsa,n,1.000,0.500,0.100,0.990,13,41,28
n_step_sarsa,n,1.000,0.500,0.100,0.990,13,42,69
n_step_sarsa,n,1.000,0.500,0.100,0.990,13,43,48
n_step_sarsa,n,1.000,0.500,0.100,0.990,13,44,49
n_step_sarsa,n,1.000,0.500,0.100,0.990,13,45,48
n_step_sarsa,n,1.000,0.500,0.100,0.990,13,46,57
n_step_sarsa,n,1.000,0.500,0.100,0.990,13,47,48
n_step_sarsa,n,1.000,0.500,0.100,0.990,13,48,46
n_step_sarsa,n,1.000,0.500,0.100,0.990,13,49,48
n_step_sarsa,n,1.000,0.500,0.100,0.990,13,50,24
n_step_sarsa,n,1.000,0.500,0.100,0.990,13,51,46
n_step_sarsa,n,1.000,0.500,0.100,0.990,13,52,37
n_step_sarsa,n,1.000,0.500,0.100,0.990,13,53,31
n_step_sarsa,n,1.000,0.500,0.100,0.990,13,54,42
n_step_sarsa,n,1.000,0.500,0.100,0.990,13,55,34
n_step_sarsa,n,1.000,0.500,0.100,0.990,13,56,22
n_step_sarsa,n,1.000,0.500,0.100,0.990,13,57,40
n_step_sarsa,n,1.000,0.500,0.100,0.990,13,58,32
n_step_sarsa,n,1.000,0.500,0.100,0.990,13,59,52
n_step_sarsa,n,1.000,0.500,0.100,0.990,13,60,43
n_step_sarsa,n,1.000,0.500,0.100,0.990,13,61,43
n_step_sarsa,n,1.000,0.500,0.100,0.990,13,62,38
n_step_sarsa,n,1.000,0.500,0.100,0.990,13,63,33
n_step_sarsa,n,1.000,0.500,0.100,0.990,13,64,43
n_step_sarsa,n,1.000,0.500,0.100,0.990,13,65,38
n_step_sarsa,n,1.000,0.500,0.100,0.990,13,66,30
n_step_sarsa,n,1.000,0.500,0.100,0.990,13,67,37
n_step_sarsa,n,1.000,0.500,0.100,0.990,13,68,19
n_step_sarsa,n,1.000,0.500,0.100,0.990,13,69,18
n_step_sarsa,n,1.000,0.500,0.100,0.990,13,70,50
n_step_sarsa,n,1.000,0.500,0.100,0.990,13,71,28
n_step_sarsa,n,1.000,0.500,0.100,0.990,13,72,23
n_step_sarsa,n,1.000,0.500,0.100,0.990,13,73,54
n_step_sarsa,n,1.000,0.500,0.100,0.990,13,74,42
n_step_sarsa,n,1.000,0.500,0.100,0.990,13,75,43
n_step_sarsa,n,1.000,0.500,0.100,0.990,13,76,29
n_step_sarsa,n,1.000,0.500,0.100,0.990,13,77,33
n_step_sarsa,n,1.000,0.500,0.100,0.990,13,78,43
n_step_sarsa,n,1.000,0.500,0.100,0.990,13,79,25
n_step_sarsa,n,1.000,0.500,0.100,0.990,13,80,38
n_step_sarsa,n,1.000,0.500,0.100,0.990,13,81,20
n_step_sarsa,n,1.000,0.500,0.100,0.990,13,82,28
n_step_sarsa,n,1.000,0.500,0.100,0.990,13,83,22
n_step_sarsa,n,1.000,0.500,0.100,0.990,13,84,33
n_step_sarsa,n,1.000,0.500,0.100,0.990,13,85,20
n_step_sarsa,n,1.000,0.500,0.100,0.990,13,86,22
n_step_sarsa,n,1.000,0.500,0.100,0.990,13,87,24
n_step_sarsa,n,1.000,0.500,0.100,0.990,13,88,41
n_step_sarsa,n,1.000,0.500,0.100,0.990,13,89,29
n_step_sarsa,n,1.000,0.500,0.100,0.990,13,90,24
n_step_sarsa,n,1.000,0.500,0.100,0.990,13,91,17
n_step_sarsa,n,1.000,0.500,0.100,0.990,13,92,26
n_step_sarsa,n,1.000,0.500,0.100,0.990,13,93,31
n_step_sarsa,n,1.000,0.500,0.100,0.990,13,94,18
n_step_sarsa,n,1.000,0.500,0.100,0.990,13,95,24
n_step_sarsa,n,1.000,0.500,0.100,0.990,13,96,19
n_step_sarsa,n,1.000,0.500,0.100,0.990,13,97,39
n_step_sarsa,n,1.000,0.500,0.100,0.990,13,98,19
n_step_sarsa,n,1.000,0.500,0.100,0.990,13,99,36
n_step_sarsa,n,1.000,0.500,0.100,0.990,13,100,27
n_step_sarsa,n,1.000,0.500,0.100,0.990,42,1,1080
n_step_sarsa,n,1.000,0.500,0.100,0.990,42,2,791
n_step_sarsa,n,1.000,0.500,0.100,0.990,42,3,177
n_step_sarsa,n,1.000,0.500,0.100,0.990,42,4,120
n_step_sarsa,n,1.000,0.500,0.100,0.990,42,5,414
n_step_sarsa,n,1.000,0.500,0.100,0.990,42,6,45
n_step_sarsa,n,1.000,0.500,0.100,0.990,42,7,68
n_step_sarsa,n,1.000,0.500,0.100,0.990,42,8,170
n_step_sarsa,n,1.000,0.500,0.100,0.990,42,9,54
n_step_sarsa,n,1.000,0.500,0.100,0.990,42,10,141
n_step_sarsa,n,1.000,0.500,0.100,0.990,42,11,159
n_step_sarsa,n,1.000,0.500,0.100,0.990,42,12,72
n_step_sarsa,n,1.000,0.500,0.100,0.990,42,13,291
n_step_sarsa,n,1.000,0.500,0.100,0.990,42,14,35
n_step_sarsa,n,1.000,0.500,0.100,0.990,42,15,161
n_step_sarsa,n,1.000,0.500,0.100,0.990,42,16,151
n_step_sarsa,n,1.000,0.500,0.100,0.990,42,17,49
n_step_sarsa,n,1.000,0.500,0.100,0.990,42,18,246
n_step_sarsa,n,1.000,0.500,0.100,0.990,42,19,100
n_step_sarsa,n,1.000,0.500,0.100,0.990,42,20,60
n_step_sarsa,n,1.000,0.500,0.100,0.990,42,21,54
n_step_sarsa,n,1.000,0.500,0.100,0.990,42,22,48
n_step_sarsa,n,1.000,0.500,0.100,0.990,42,23,64
n_step_sarsa,n,1.000,0.500,0.100,0.990,42,24,53
n_step_sarsa,n,1.000,0.500,0.100,0.990,42,25,111
n_step_sarsa,n,1.000,0.500,0.100,0.990,42,26,73
n_step_sarsa,n,1.000,0.500,0.100,0.990,42,27,64
n_step_sarsa,n,1.000,0.500,0.100,0.990,42,28,39
n_step_sarsa,n,1.000,0.500,0.100,0.990,42,29,60
n_step_sarsa,n,1.000,0.500,0.100,0.990,42,30,29
n_step_sarsa,n,1.000,0.500,0.100,0.990,42,31,63
n_step_sarsa,n,1.000,0.500,0.100,0.990,42,32,57
n_step_sarsa,n,1.000,0.500,0.100,0.990,42,33,44
n_step_sarsa,n,1.000,0.500,0.100,0.990,42,34,24
n_step_sarsa,n,1.000,0.500,0.100,0.990,42,35,34
n_step_sarsa,n,1.000,0.500,0.100,0.990,42,36,111
n_step_sarsa,n,1.000,0.500,0.100,0.990,42,37,35
n_step_sarsa,n,1.000,0.500,0.100,0.990,42,38,25
n_step_sarsa,n,1.000,0.500,0.100,0.990,42,39,25
n_step_sarsa,n,1.000,0.500,0.100,0.990,42,40,107
n_step_sarsa,n,1.000,0.500,0.100,0.990,42,41,38
n_step_sarsa,n,1.000,0.500,0.100,0.990,42,42,45
n_step_sarsa,n,1.000,0.500,0.100,0.990,42,43,59
n_step_sarsa,n,1.000,0.500,0.100,0.990,42,44,56
n_step_sarsa,n,1.000,0.500,0.100,0.990,42,45,45
n_step_sarsa,n,1.000,0.500,0.100,0.990,42,46,38
n_step_sarsa,n,1.000,0.500,0.100,0.990,42,47,19
n_step_sarsa,n,1.000,0.500,0.100,0.990,42,48,42
n_step_sarsa,n,1.000,0.500,0.100,0.990,42,49,34
n_step_sarsa,n,1.000,0.500,0.100,0.990,42,50,36
n_step_sarsa,n,1.000,0.500,0.100,0.990,42,51,43
n_step_sarsa,n,1.000,0.500,0.100,0.990,42,52,29
n_step_sarsa,n,1.000,0.500,0.100,0.990,42,53,26
n_step_sarsa,n,1.000,0.500,0.100,0.990,42,54,27
n_step_sarsa,n,1.000,0.500,0.100,0.990,42,55,26
n_step_sarsa,n,1.000,0.500,0.100,0.990,42,56,56
n_step_sarsa,n,1.000,0.500,0.100,0.990,42,57,23
n_step_sarsa,n,1.000,0.500,0.100,0.990,42,58,40
n_step_sarsa,n,1.000,0.500,0.100,0.990,42,59,22
n_step_sarsa,n,1.000,0.500,0.100,0.990,42,60,56
n_step_sarsa,n,1.000,0.500,0.100,0.990,42,61,32
n_step_sarsa,n,1.000,0.500,0.100,0.990,42,62,45
n_step_sarsa,n,1.000,0.500,0.100,0.990,42,63,48
n_step_sarsa,n,1.000,0.500,0.100,0.990,42,64,40
n_step_sarsa,n,1.000,0.500,0.100,0.990,42,65,17
n_step_sarsa,n,1.000,0.500,0.100,0.990,42,66,21
n_step_sarsa,n,1.000,0.500,0.100,0.990,42,67,78
n_step_sarsa,n,1.000,0.500,0.100,0.990,42,68,40
n_step_sarsa,n,1.000,0.500,0.100,0.990,42,69,18
n_step_sarsa,n,1.000,0.500,0.100,0.990,42,70,33
n_step_sarsa,n,1.000,0.500,0.100,0.990,42,71,44
n_step_sarsa,n,1.000,0.500,0.100,0.990,42,72,22
n_step_sarsa,n,1.000,0.500,0.100,0.990,42,73,23
n_step_sarsa,n,1.000,0.500,0.100,0.990,42,74,26
n_step_sarsa,n,1.000,0.500,0.100,0.990,42,75,18
n_step_sarsa,n,1.000,0.500,0.100,0.990,42,76,40
n_step_sarsa,n,1.000,0.500,0.100,0.990,42,77,40
n_step_sarsa,n,1.000,0.500,0.100,0.990,42,78,30
n_step_sarsa,n,1.000,0.500,0.100,0.990,42,79,32
n_step_sarsa,n,1.000,0.500,0.100,0.990,42,80,35
n_step_sarsa,n,1.000,0.500,0.100,0.990,42,81,20
n_step_sarsa,n,1.000,0.500,0.100,0.990,42,82,18
n_step_sarsa,n,1.000,0.500,0.100,0.990,42,83,38
n_step_sarsa,n,1.000,0.500,0.100,0.990,42,84,20
n_step_sarsa,n,1.000,0.500,0.100,0.990,42,85,32
n_step_sarsa,n,1.000,0.500,0.100,0.990,42,86,28
n_step_sarsa,n,1.000,0.500,0.100,0.990,42,87,26
n_step_sarsa,n,1.000,0.500,0.100,0.990,42,88,23
n_step_sarsa,n,1.000,0.500,0.100,0.990,42,89,29
n_step_sarsa,n,1.000,0.500,0.100,0.990,42,90,30
n_step_sarsa,n,1.000,0.500,0.100,0.990,42,91,18
n_step_sarsa,n,1.000,0.500,0.100,0.990,42,92,18
n_step_sarsa,n,1.000,0.500,0.100,0.990,42,93,32
n_step_sarsa,n,1.000,0.500,0.100,0.990,42,94,30
n_step_sarsa,n,1.000,0.500,0.100,0.990,42,95,34
n_step_sarsa,n,1.000,0.500,0.100,0.990,42,96,25
n_step_sarsa,n,1.000,0.500,0.100,0.990,42,97,27
n_step_sarsa,n,1.000,0.500,0.100,0.990,42,98,29
n_step_sarsa,n,1.000,0.500,0.100,0.990,42,99,21
n_step_sarsa,n,1.000,0.500,0.100,0.990,42,100,19
n_step_sarsa,n,1.000,0.500,0.100,0.990,123,1,1306
n_step_sarsa,n,1.000,0.500,0.100,0.990,123,2,488
n_step_sarsa,n,1.000,0.500,0.100,0.990,123,3,163
n_step_sarsa,n,1.000,0.500,0.100,0.990,123,4,222
n_step_sarsa,n,1.000,0.500,0.100,0.990,123,5,122
n_step_sarsa,n,1.000,0.500,0.100,0.990,123,6,102
n_step_sarsa,n,1.000,0.500,0.100,0.990,123,7,85
n_step_sarsa,n,1.000,0.500,0.100,0.990,123,8,126
n_step_sarsa,n,1.000,0.500,0.100,0.990,123,9,43
n_step_sarsa,n,1.000,0.500,0.100,0.990,123,10,54
n_step_sarsa,n,1.000,0.500,0.100,0.990,123,11,207
n_step_sarsa,n,1.000,0.500,0.100,0.990,123,12,276
n_step_sarsa,n,1.000,0.500,0.100,0.990,123,13,36
n_step_sarsa,n,1.000,0.500,0.100,0.990,123,14,151
n_step_sarsa,n,1.000,0.500,0.100,0.990,123,15,26
n_step_sarsa,n,1.000,0.500,0.100,0.990,123,16,239
n_step_sarsa,n,1.000,0.500,0.100,0.990,123,17,47
n_step_sarsa,n,1.000,0.500,0.100,0.990,123,18,221
n_step_sarsa,n,1.000,0.500,0.100,0.990,123,19,26
n_step_sarsa,n,1.000,0.500,0.100,0.990,123,20,55
n_step_sarsa,n,1.000,0.500,0.100,0.990,123,21,214
n_step_sarsa,n,1.000,0.500,0.100,0.990,123,22,54
n_step_sarsa,n,1.000,0.500,0.100,0.990,123,23,27
n_step_sarsa,n,1.000,0.500,0.100,0.990,123,24,23
n_step_sarsa,n,1.000,0.500,0.100,0.990,123,25,118
n_step_sarsa,n,1.000,0.500,0.100,0.990,123,26,75
n_step_sarsa,n,1.000,0.500,0.100,0.990,123,27,35
n_step_sarsa,n,1.000,0.500,0.100,0.990,123,28,68
n_step_sarsa,n,1.000,0.500,0.100,0.990,123,29,72
n_step_sarsa,n,1.000,0.500,0.100,0.990,123,30,29
n_step_sarsa,n,1.000,0.500,0.100,0.990,123,31,38
n_step_sarsa,n,1.000,0.500,0.100,0.990,123,32,28
n_step_sarsa,n,1.000,0.500,0.100,0.990,123,33,100
n_step_sarsa,n,1.000,0.500,0.100,0.990,123,34,46
n_step_sarsa,n,1.000,0.500,0.100,0.990,123,35,38
n_step_sarsa,n,1.000,0.500,0.100,0.990,123,36,64
n_step_sarsa,n,1.000,0.500,0.100,0.990,123,37,29
n_step_sarsa,n,1.000,0.500,0.100,0.990,123,38,31
n_step_sarsa,n,1.000,0.500,0.100,0.990,123,39,41
n_step_sarsa,n,1.000,0.500,0.100,0.990,123,40,45
n_step_sarsa,n,1.000,0.500,0.100,0.990,123,41,38
n_step_sarsa,n,1.000,0.500,0.100,0.990,123,42,24
n_step_sarsa,n,1.000,0.500,0.100,0.990,123,43,58
n_step_sarsa,n,1.000,0.500,0.100,0.990,123,44,37
n_step_sarsa,n,1.000,0.500,0.100,0.990,123,45,32
n_step_sarsa,n,1.000,0.500,0.100,0.990,123,46,32
n_step_sarsa,n,1.000,0.500,0.100,0.990,123,47,68
n_step_sarsa,n,1.000,0.500,0.100,0.990,123,48,68
n_step_sarsa,n,1.000,0.500,0.100,0.990,123,49,33
n_step_sarsa,n,1.000,0.500,0.100,0.990,123,50,51
n_step_sarsa,n,1.000,0.500,0.100,0.990,123,51,51
n_step_sarsa,n,1.000,0.500,0.100,0.990,123,52,26
n_step_sarsa,n,1.000,0.500,0.100,0.990,123,53,29
n_step_sarsa,n,1.000,0.500,0.100,0.990,123,54,31
n_step_sarsa,n,1.000,0.500,0.100,0.990,123,55,29
n_step_sarsa,n,1.000,0.500,0.100,0.990,123,56,46
n_step_sarsa,n,1.000,0.500,0.100,0.990,123,57,27
n_step_sarsa,n,1.000,0.500,0.100,0.990,123,58,30
n_step_sarsa,n,1.000,0.500,0.100,0.990,123,59,23
n_step_sarsa,n,1.000,0.500,0.100,0.990,123,60,19
n_step_sarsa,n,1.000,0.500,0.100,0.990,123,61,30
n_step_sarsa,n,1.000,0.500,0.100,0.990,123,62,27
n_step_sarsa,n,1.000,0.500,0.100,0.990,123,63,33
n_step_sarsa,n,1.000,0.500,0.100,0.990,123,64,43
n_step_sarsa,n,1.000,0.500,0.100,0.990,123,65,19
n_step_sarsa,n,1.000,0.500,0.100,0.990,123,66,44
n_step_sarsa,n,1.000,0.500,0.100,0.990,123,67,19
n_step_sarsa,n,1.000,0.500,0.100,0.990,123,68,25
n_step_sarsa,n,1.000,0.500,0.100,0.990,123,69,41
n_step_sarsa,n,1.000,0.500,0.100,0.990,123,70,61
n_step_sarsa,n,1.000,0.500,0.100,0.990,123,71,24
n_step_sarsa,n,1.000,0.500,0.100,0.990,123,72,49
n_step_sarsa,n,1.000,0.500,0.100,0.990,123,73,27
n_step_sarsa,n,1.000,0.500,0.100,0.990,123,74,54
n_step_sarsa,n,1.000,0.500,0.100,0.990,123,75,26
n_step_sarsa,n,1.000,0.500,0.100,0.990,123,76,31
n_step_sarsa,n,1.000,0.500,0.100,0.990,123,77,31
n_step_sarsa,n,1.000,0.500,0.100,0.990,123,78,28
n_step_sarsa,n,1.000,0.500,0.100,0.990,123,79,49
n_step_sarsa,n,1.000,0.500,0.100,0.990,123,80,57
n_step_sarsa,n,1.000,0.500,0.100,0.990,123,81,32
n_step_sarsa,n,1.000,0.500,0.100,0.990,123,82,36
n_step_sarsa,n,1.000,0.500,0.100,0.990,123,83,29
n_step_sarsa,n,1.000,0.500,0.100,0.990,123,84,28
n_step_sarsa,n,1.000,0.500,0.100,0.990,123,85,29
n_step_sarsa,n,1.000,0.500,0.100,0.990,123,86,21
n_step_sarsa,n,1.000,0.500,0.100,0.990,123,87,45
n_step_sarsa,n,1.000,0.500,0.100,0.990,123,88,34
n_step_sarsa,n,1.000,0.500,0.100,0.990,123,89,28
n_step_sarsa,n,1.000,0.500,0.100,0.990,123,90,28
n_step_sarsa,n,1.000,0.500,0.100,0.990,123,91,34
n_step_sarsa,n,1.000,0.500,0.100,0.990,123,92,20
n_step_sarsa,n,1.000,0.500,0.100,0.990,123,93,27
n_step_sarsa,n,1.000,0.500,0.100,0.990,123,94,32
n_step_sarsa,n,1.000,0.500,0.100,0.990,123,95,22
n_step_sarsa,n,1.000,0.500,0.100,0.990,123,96,30
n_step_sarsa,n,1.000,0.500,0.100,0.990,123,97,42
n_step_sarsa,n,1.000,0.500,0.100,0.990,123,98,42
n_step_sarsa,n,1.000,0.500,0.100,0.990,123,99,20
n_step_sarsa,n,1.000,0.500,0.100,0.990,123,100,18
n_step_sarsa,n,5.000,0.500,0.100,0.990,13,1,2007
n_step_sarsa,n,5.000,0.500,0.100,0.990,13,2,278
n_step_sarsa,n,5.000,0.500,0.100,0.990,13,3,301
n_step_sarsa,n,5.000,0.500,0.100,0.990,13,4,2672
n_step_sarsa,n,5.000,0.500,0.100,0.990,13,5,61
n_step_sarsa,n,5.000,0.500,0.100,0.990,13,6,212
n_step_sarsa,n,5.000,0.500,0.100,0.990,13,7,262
n_step_sarsa,n,5.000,0.500,0.100,0.990,13,8,40
n_step_sarsa,n,5.000,0.500,0.100,0.990,13,9,19
n_step_sarsa,n,5.000,0.500,0.100,0.990,13,10,17
n_step_sarsa,n,5.000,0.500,0.100,0.990,13,11,17
n_step_sarsa,n,5.000,0.500,0.100,0.990,13,12,22
n_step_sarsa,n,5.000,0.500,0.100,0.990,13,13,22
n_step_sarsa,n,5.000,0.500,0.100,0.990,13,14,18
n_step_sarsa,n,5.000,0.500,0.100,0.990,13,15,17
n_step_sarsa,n,5.000,0.500,0.100,0.990,13,16,18
n_step_sarsa,n,5.000,0.500,0.100,0.990,13,17,33
n_step_sarsa,n,5.000,0.500,0.100,0.990,13,18,110
n_step_sarsa,n,5.000,0.500,0.100,0.990,13,19,19
n_step_sarsa,n,5.000,0.500,0.100,0.990,13,20,17
n_step_sarsa,n,5.000,0.500,0.100,0.990,13,21,38
n_step_sarsa,n,5.000,0.500,0.100,0.990,13,22,26
n_step_sarsa,n,5.000,0.500,0.100,0.990,13,23,19
n_step_sarsa,n,5.000,0.500,0.100,0.990,13,24,22
n_step_sarsa,n,5.000,0.500,0.100,0.990,13,25,24
n_step_sarsa,n,5.000,0.500,0.100,0.990,13,26,17
n_step_sarsa,n,5.000,0.500,0.100,0.990,13,27,18
n_step_sarsa,n,5.000,0.500,0.100,0.990,13,28,22
n_step_sarsa,n,5.000,0.500,0.100,0.990,13,29,24
n_step_sarsa,n,5.000,0.500,0.100,0.990,13,30,26
n_step_sarsa,n,5.000,0.500,0.100,0.990,13,31,19
n_step_sarsa,n,5.000,0.500,0.100,0.990,13,32,246
n_step_sarsa,n,5.000,0.500,0.100,0.990,13,33,19
n_step_sarsa,n,5.000,0.500,0.100,0.990,13,34,30
n_step_sarsa,n,5.000,0.500,0.100,0.990,13,35,44
n_step_sarsa,n,5.000,0.500,0.100,0.990,13,36,20
n_step_sarsa,n,5.000,0.500,0.100,0.990,13,37,19
n_step_sarsa,n,5.000,0.500,0.100,0.990,13,38,24
n_step_sarsa,n,5.000,0.500,0.100,0.990,13,39,66
n_step_sarsa,n,5.000,0.500,0.100,0.990,13,40,124
n_step_sarsa,n,5.000,0.500,0.100,0.990,13,41,17
n_step_sarsa,n,5.000,0.500,0.100,0.990,13,42,17
n_step_sarsa,n,5.000,0.500,0.100,0.990,13,43,53
n_step_sarsa,n,5.000,0.500,0.100,0.990,13,44,24
n_step_sarsa,n,5.000,0.500,0.100,0.990,13,45,19
n_step_sarsa,n,5.000,0.500,0.100,0.990,13,46,21
n_step_sarsa,n,5.000,0.500,0.100,0.990,13,47,21
n_step_sarsa,n,5.000,0.500,0.100,0.990,13,48,48
n_step_sarsa,n,5.000,0.500,0.100,0.990,13,49,20
n_step_sarsa,n,5.000,0.500,0.100,0.990,13,50,38
n_step_sarsa,n,5.000,0.500,0.100,0.990,13,51,30
n_step_sarsa,n,5.000,0.500,0.100,0.990,13,52,75
n_step_sarsa,n,5.000,0.500,0.100,0.990,13,53,17
n_step_sarsa,n,5.000,0.500,0.100,0.990,13,54,17
n_step_sarsa,n,5.000,0.500,0.100,0.990,13,55,18
n_step_sarsa,n,5.000,0.500,0.100,0.990,13,56,31
n_step_sarsa,n,5.000,0.500,0.100,0.990,13,57,77
n_step_sarsa,n,5.000,0.500,0.100,0.990,13,58,35
n_step_sarsa,n,5.000,0.500,0.100,0.990,13,59,34
n_step_sarsa,n,5.000,0.500,0.100,0.990,13,60,21
n_step_sarsa,n,5.000,0.500,0.100,0.990,13,61,19
n_step_sarsa,n,5.000,0.500,0.100,0.990,13,62,20
n_step_sarsa,n,5.000,0.500,0.100,0.990,13,63,19
n_step_sarsa,n,5.000,0.500,0.100,0.990,13,64,18
n_step_sarsa,n,5.000,0.500,0.100,0.990,13,65,23
n_step_sarsa,n,5.000,0.500,0.100,0.990,13,66,21
n_step_sarsa,n,5.000,0.500,0.100,0.990,13,67,29
n_step_sarsa,n,5.000,0.500,0.100,0.990,13,68,37
n_step_sarsa,n,5.000,0.500,0.100,0.990,13,69,23
n_step_sarsa,n,5.000,0.500,0.100,0.990,13,70,23
n_step_sarsa,n,5.000,0.500,0.100,0.990,13,71,21
n_step_sarsa,n,5.000,0.500,0.100,0.990,13,72,20
n_step_sarsa,n,5.000,0.500,0.100,0.990,13,73,19
n_step_sarsa,n,5.000,0.500,0.100,0.990,13,74,354
n_step_sarsa,n,5.000,0.500,0.100,0.990,13,75,52
n_step_sarsa,n,5.000,0.500,0.100,0.990,13,76,97
n_step_sarsa,n,5.000,0.500,0.100,0.990,13,77,27
n_step_sarsa,n,5.000,0.500,0.100,0.990,13,78,36
n_step_sarsa,n,5.000,0.500,0.100,0.990,13,79,20
n_step_sarsa,n,5.000,0.500,0.100,0.990,13,80,54
n_step_sarsa,n,5.000,0.500,0.100,0.990,13,81,21
n_step_sarsa,n,5.000,0.500,0.100,0.990,13,82,24
n_step_sarsa,n,5.000,0.500,0.100,0.990,13,83,18
n_step_sarsa,n,5.000,0.500,0.100,0.990,13,84,18
n_step_sarsa,n,5.000,0.500,0.100,0.990,13,85,19
n_step_sarsa,n,5.000,0.500,0.100,0.990,13,86,18
n_step_sarsa,n,5.000,0.500,0.100,0.990,13,87,17
n_step_sarsa,n,5.000,0.500,0.100,0.990,13,88,32
n_step_sarsa,n,5.000,0.500,0.100,0.990,13,89,24
n_step_sarsa,n,5.000,0.500,0.100,0.990,13,90,23
n_step_sarsa,n,5.000,0.500,0.100,0.990,13,91,25
n_step_sarsa,n,5.000,0.500,0.100,0.990,13,92,21
n_step_sarsa,n,5.000,0.500,0.100,0.990,13,93,22
n_step_sarsa,n,5.000,0.500,0.100,0.990,13,94,20
n_step_sarsa,n,5.000,0.500,0.100,0.990,13,95,31
n_step_sarsa,n,5.000,0.500,0.100,0.990,13,96,23
n_step_sarsa,n,5.000,0.500,0.100,0.990,13,97,19
n_step_sarsa,n,5.000,0.500,0.100,0.990,13,98,17
n_step_sarsa,n,5.000,0.500,0.100,0.990,13,99,17
n_step_sarsa,n,5.000,0.500,0.100,0.990,13,100,23
n_step_sarsa,n,5.000,0.500,0.100,0.990,42,1,1622
n_step_sarsa,n,5.000,0.500,0.100,0.990,42,2,273
n_step_sarsa,n,5.000,0.500,0.100,0.990,42,3,503
n_step_sarsa,n,5.000,0.500,0.100,0.990,42,4,103
n_step_sarsa,n,5.000,0.500,0.100,0.990,42,5,21
n_step_sarsa,n,5.000,0.500,0.100,0.990,42,6,18
n_step_sarsa,n,5.000,0.500,0.100,0.990,42,7,19
n_step_sarsa,n,5.000,0.500,0.100,0.990,42,8,23
n_step_sarsa,n,5.000,0.500,0.100,0.990,42,9,25
n_step_sarsa,n,5.000,0.500,0.100,0.990,42,10,18
n_step_sarsa,n,5.000,0.500,0.100,0.990,42,11,74
n_step_sarsa,n,5.000,0.500,0.100,0.990,42,12,18
n_step_sarsa,n,5.000,0.500,0.100,0.990,42,13,20
n_step_sarsa,n,5.000,0.500,0.100,0.990,42,14,22
n_step_sarsa,n,5.000,0.500,0.100,0.990,42,15,36
n_step_sarsa,n,5.000,0.500,0.100,0.990,42,16,30
n_step_sarsa,n,5.000,0.500,0.100,0.990,42,17,23
n_step_sarsa,n,5.000,0.500,0.100,0.990,42,18,23
n_step_sarsa,n,5.000,0.500,0.100,0.990,42,19,34
n_step_sarsa,n,5.000,0.500,0.100,0.990,42,20,20
n_step_sarsa,n,5.000,0.500,0.100,0.990,42,21,32
n_step_sarsa,n,5.000,0.500,0.100,0.990,42,22,18
n_step_sarsa,n,5.000,0.500,0.100,0.990,42,23,116
n_step_sarsa,n,5.000,0.500,0.100,0.990,42,24,61
n_step_sarsa,n,5.000,0.500,0.100,0.990,42,25,41
n_step_sarsa,n,5.000,0.500,0.100,0.990,42,26,20
n_step_sarsa,n,5.000,0.500,0.100,0.990,42,27,21
n_step_sarsa,n,5.000,0.500,0.100,0.990,42,28,61
n_step_sarsa,n,5.000,0.500,0.100,0.990,42,29,68
n_step_sarsa,n,5.000,0.500,0.100,0.990,42,30,89
n_step_sarsa,n,5.000,0.500,0.100,0.990,42,31,43
n_step_sarsa,n,5.000,0.500,0.100,0.990,42,32,39
n_step_sarsa,n,5.000,0.500,0.100,0.990,42,33,116
n_step_sarsa,n,5.000,0.500,0.100,0.990,42,34,33
n_step_sarsa,n,5.000,0.500,0.100,0.990,42,35,24
n_step_sarsa,n,5.000,0.500,0.100,0.990,42,36,21
n_step_sarsa,n,5.000,0.500,0.100,0.990,42,37,37
n_step_sarsa,n,5.000,0.500,0.100,0.990,42,38,21
n_step_sarsa,n,5.000,0.500,0.100,0.990,42,39,21
n_step_sarsa,n,5.000,0.500,0.100,0.990,42,40,23
n_step_sarsa,n,5.000,0.500,0.100,0.990,42,41,21
n_step_sarsa,n,5.000,0.500,0.100,0.990,42,42,34
n_step_sarsa,n,5.000,0.500,0.100,0.990,42,43,20
n_step_sarsa,n,5.000,0.500,0.100,0.990,42,44,26
n_step_sarsa,n,5.000,0.500,0.100,0.990,42,45,22
n_step_sarsa,n,5.000,0.500,0.100,0.990,42,46,21
n_step_sarsa,n,5.000,0.500,0.100,0.990,42,47,23
n_step_sarsa,n,5.000,0.500,0.100,0.990,42,48,21
n_step_sarsa,n,5.000,0.500,0.100,0.990,42,49,43
n_step_sarsa,n,5.000,0.500,0.100,0.990,42,50,95
n_step_sarsa,n,5.000,0.500,0.100,0.990,42,51,28
n_step_sarsa,n,5.000,0.500,0.100,0.990,42,52,30
n_step_sarsa,n,5.000,0.500,0.100,0.990,42,53,31
n_step_sarsa,n,5.000,0.500,0.100,0.990,42,54,22
n_step_sarsa,n,5.000,0.500,0.100,0.990,42,55,53
n_step_sarsa,n,5.000,0.500,0.100,0.990,42,56,36
n_step_sarsa,n,5.000,0.500,0.100,0.990,42,57,23
n_step_sarsa,n,5.000,0.500,0.100,0.990,42,58,25
n_step_sarsa,n,5.000,0.500,0.100,0.990,42,59,22
n_step_sarsa,n,5.000,0.500,0.100,0.990,42,60,25
n_step_sarsa,n,5.000,0.500,0.100,0.990,42,61,28
n_step_sarsa,n,5.000,0.500,0.100,0.990,42,62,27
n_step_sarsa,n,5.000,0.500,0.100,0.990,42,63,22
n_step_sarsa,n,5.000,0.500,0.100,0.990,42,64,22
n_step_sarsa,n,5.000,0.500,0.100,0.990,42,65,22
n_step_sarsa,n,5.000,0.500,0.100,0.990,42,66,25
n_step_sarsa,n,5.000,0.500,0.100,0.990,42,67,42
n_step_sarsa,n,5.000,0.500,0.100,0.990,42,68,21
n_step_sarsa,n,5.000,0.500,0.100,0.990,42,69,33
n_step_sarsa,n,5.000,0.500,0.100,0.990,42,70,22
n_step_sarsa,n,5.000,0.500,0.100,0.990,42,71,22
n_step_sarsa,n,5.000,0.500,0.100,0.990,42,72,22
n_step_sarsa,n,5.000,0.500,0.100,0.990,42,73,31
n_step_sarsa,n,5.000,0.500,0.100,0.990,42,74,26
n_step_sarsa,n,5.000,0.500,0.100,0.990,42,75,24
n_step_sarsa,n,5.000,0.500,0.100,0.990,42,76,20
n_step_sarsa,n,5.000,0.500,0.100,0.990,42,77,21
n_step_sarsa,n,5.000,0.500,0.100,0.990,42,78,22
n_step_sarsa,n,5.000,0.500,0.100,0.990,42,79,27
n_step_sarsa,n,5.000,0.500,0.100,0.990,42,80,28
n_step_sarsa,n,5.000,0.500,0.100,0.990,42,81,31
n_step_sarsa,n,5.000,0.500,0.100,0.990,42,82,27
n_step_sarsa,n,5.000,0.500,0.100,0.990,42,83,36
n_step_sarsa,n,5.000,0.500,0.100,0.990,42,84,44
n_step_sarsa,n,5.000,0.500,0.100,0.990,42,85,19
n_step_sarsa,n,5.000,0.500,0.100,0.990,42,86,31
n_step_sarsa,n,5.000,0.500,0.100,0.990,42,87,24
n_step_sarsa,n,5.000,0.500,0.100,0.990,42,88,30
n_step_sarsa,n,5.000,0.500,0.100,0.990,42,89,22
n_step_sarsa,n,5.000,0.500,0.100,0.990,42,90,21
n_step_sarsa,n,5.000,0.500,0.100,0.990,42,91,23
n_step_sarsa,n,5.000,0.500,0.100,0.990,42,92,70
n_step_sarsa,n,5.000,0.500,0.100,0.990,42,93,508
n_step_sarsa,n,5.000,0.500,0.100,0.990,42,94,48
n_step_sarsa,n,5.000,0.500,0.100,0.990,42,95,34
n_step_sarsa,n,5.000,0.500,0.100,0.990,42,96,29
n_step_sarsa,n,5.000,0.500,0.100,0.990,42,97,46
n_step_sarsa,n,5.000,0.500,0.100,0.990,42,98,30
n_step_sarsa,n,5.000,0.500,0.100,0.990,42,99,152
n_step_sarsa,n,5.000,0.500,0.100,0.990,42,100,35
n_step_sarsa,n,5.000,0.500,0.100,0.990,123,1,2491
n_step_sarsa,n,5.000,0.500,0.100,0.990,123,2,159
n_step_sarsa,n,5.000,0.500,0.100,0.990,123,3,505
n_step_sarsa,n,5.000,0.500,0.100,0.990,123,4,65
n_step_sarsa,n,5.000,0.500,0.100,0.990,123,5,153
n_step_sarsa,n,5.000,0.500,0.100,0.990,123,6,60
n_step_sarsa,n,5.000,0.500,0.100,0.990,123,7,75
n_step_sarsa,n,5.000,0.500,0.100,0.990,123,8,56
n_step_sarsa,n,5.000,0.500,0.100,0.990,123,9,26
n_step_sarsa,n,5.000,0.500,0.100,0.990,123,10,46
n_step_sarsa,n,5.000,0.500,0.100,0.990,123,11,52
n_step_sarsa,n,5.000,0.500,0.100,0.990,123,12,105
n_step_sarsa,n,5.000,0.500,0.100,0.990,123,13,18
n_step_sarsa,n,5.000,0.500,0.100,0.990,123,14,19
n_step_sarsa,n,5.000,0.500,0.100,0.990,123,15,18
n_step_sarsa,n,5.000,0.500,0.100,0.990,123,16,22
n_step_sarsa,n,5.000,0.500,0.100,0.990,123,17,21
n_step_sarsa,n,5.000,0.500,0.100,0.990,123,18,18
n_step_sarsa,n,5.000,0.500,0.100,0.990,123,19,20
n_step_sarsa,n,5.000,0.500,0.100,0.990,123,20,35
n_step_sarsa,n,5.000,0.500,0.100,0.990,123,21,19
n_step_sarsa,n,5.000,0.500,0.100,0.990,123,22,27
n_step_sarsa,n,5.000,0.500,0.100,0.990,123,23,18
n_step_sarsa,n,5.000,0.500,0.100,0.990,123,24,19
n_step_sarsa,n,5.000,0.500,0.100,0.990,123,25,20
n_step_sarsa,n,5.000,0.500,0.100,0.990,123,26,27
n_step_sarsa,n,5.000,0.500,0.100,0.990,123,27,47
n_step_sarsa,n,5.000,0.500,0.100,0.990,123,28,180
n_step_sarsa,n,5.000,0.500,0.100,0.990,123,29,3095
n_step_sarsa,n,5.000,0.500,0.100,0.990,123,30,227
n_step_sarsa,n,5.000,0.500,0.100,0.990,123,31,51
n_step_sarsa,n,5.000,0.500,0.100,0.990,123,32,68
n_step_sarsa,n,5.000,0.500,0.100,0.990,123,33,47
n_step_sarsa,n,5.000,0.500,0.100,0.990,123,34,50
n_step_sarsa,n,5.000,0.500,0.100,0.990,123,35,71
n_step_sarsa,n,5.000,0.500,0.100,0.990,123,36,25
n_step_sarsa,n,5.000,0.500,0.100,0.990,123,37,43
n_step_sarsa,n,5.000,0.500,0.100,0.990,123,38,35
n_step_sarsa,n,5.000,0.500,0.100,0.990,123,39,29
n_step_sarsa,n,5.000,0.500,0.100,0.990,123,40,21
n_step_sarsa,n,5.000,0.500,0.100,0.990,123,41,23
n_step_sarsa,n,5.000,0.500,0.100,0.990,123,42,69
n_step_sarsa,n,5.000,0.500,0.100,0.990,123,43,34
n_step_sarsa,n,5.000,0.500,0.100,0.990,123,44,34
n_step_sarsa,n,5.000,0.500,0.100,0.990,123,45,25
n_step_sarsa,n,5.000,0.500,0.100,0.990,123,46,26
n_step_sarsa,n,5.000,0.500,0.100,0.990,123,47,32
n_step_sarsa,n,5.000,0.500,0.100,0.990,123,48,32
n_step_sarsa,n,5.000,0.500,0.100,0.990,123,49,35
n_step_sarsa,n,5.000,0.500,0.100,0.990,123,50,53
n_step_sarsa,n,5.000,0.500,0.100,0.990,123,51,52
n_step_sarsa,n,5.000,0.500,0.100,0.990,123,52,57
n_step_sarsa,n,5.000,0.500,0.100,0.990,123,53,69
n_step_sarsa,n,5.000,0.500,0.100,0.990,123,54,33
n_step_sarsa,n,5.000,0.500,0.100,0.990,123,55,27
n_step_sarsa,n,5.000,0.500,0.100,0.990,123,56,25
n_step_sarsa,n,5.000,0.500,0.100,0.990,123,57,28
n_step_sarsa,n,5.000,0.500,0.100,0.990,123,58,26
n_step_sarsa,n,5.000,0.500,0.100,0.990,123,59,28
n_step_sarsa,n,5.000,0.500,0.100,0.990,123,60,30
n_step_sarsa,n,5.000,0.500,0.100,0.990,123,61,39
n_step_sarsa,n,5.000,0.500,0.100,0.990,123,62,20
n_step_sarsa,n,5.000,0.500,0.100,0.990,123,63,30
n_step_sarsa,n,5.000,0.500,0.100,0.990,123,64,24
n_step_sarsa,n,5.000,0.500,0.100,0.990,123,65,30
n_step_sarsa,n,5.000,0.500,0.100,0.990,123,66,26
n_step_sarsa,n,5.000,0.500,0.100,0.990,123,67,25
n_step_sarsa,n,5.000,0.500,0.100,0.990,123,68,26
n_step_sarsa,n,5.000,0.500,0.100,0.990,123,69,27
n_step_sarsa,n,5.000,0.500,0.100,0.990,123,70,29
n_step_sarsa,n,5.000,0.500,0.100,0.990,123,71,20
n_step_sarsa,n,5.000,0.500,0.100,0.990,123,72,18
n_step_sarsa,n,5.000,0.500,0.100,0.990,123,73,18
n_step_sarsa,n,5.000,0.500,0.100,0.990,123,74,24
n_step_sarsa,n,5.000,0.500,0.100,0.990,123,75,18
n_step_sarsa,n,5.000,0.500,0.100,0.990,123,76,24
n_step_sarsa,n,5.000,0.500,0.100,0.990,123,77,21
n_step_sarsa,n,5.000,0.500,0.100,0.990,123,78,27
n_step_sarsa,n,5.000,0.500,0.100,0.990,123,79,23
n_step_sarsa,n,5.000,0.500,0.100,0.990,123,80,34
n_step_sarsa,n,5.000,0.500,0.100,0.990,123,81,19
n_step_sarsa,n,5.000,0.500,0.100,0.990,123,82,24
n_step_sarsa,n,5.000,0.500,0.100,0.990,123,83,67
n_step_sarsa,n,5.000,0.500,0.100,0.990,123,84,18
n_step_sarsa,n,5.000,0.500,0.100,0.990,123,85,18
n_step_sarsa,n,5.000,0.500,0.100,0.990,123,86,20
n_step_sarsa,n,5.000,0.500,0.100,0.990,123,87,24
n_step_sarsa,n,5.000,0.500,0.100,0.990,123,88,21
n_step_sarsa,n,5.000,0.500,0.100,0.990,123,89,21
n_step_sarsa,n,5.000,0.500,0.100,0.990,123,90,21
n_step_sarsa,n,5.000,0.500,0.100,0.990,123,91,25
n_step_sarsa,n,5.000,0.500,0.100,0.990,123,92,27
n_step_sarsa,n,5.000,0.500,0.100,0.990,123,93,29
n_step_sarsa,n,5.000,0.500,0.100,0.990,123,94,25
n_step_sarsa,n,5.000,0.500,0.100,0.990,123,95,34
n_step_sarsa,n,5.000,0.500,0.100,0.990,123,96,28
n_step_sarsa,n,5.000,0.500,0.100,0.990,123,97,34
n_step_sarsa,n,5.000,0.500,0.100,0.990,123,98,44
n_step_sarsa,n,5.000,0.500,0.100,0.990,123,99,31
n_step_sarsa,n,5.000,0.500,0.100,0.990,123,100,43
n_step_sarsa,n,10.000,0.500,0.100,0.990,13,1,7147
n_step_sarsa,n,10.000,0.500,0.100,0.990,13,2,663
n_step_sarsa,n,10.000,0.500,0.100,0.990,13,3,1156
n_step_sarsa,n,10.000,0.500,0.100,0.990,13,4,68
n_step_sarsa,n,10.000,0.500,0.100,0.990,13,5,345
n_step_sarsa,n,10.000,0.500,0.100,0.990,13,6,52
n_step_sarsa,n,10.000,0.500,0.100,0.990,13,7,21
n_step_sarsa,n,10.000,0.500,0.100,0.990,13,8,37
n_step_sarsa,n,10.000,0.500,0.100,0.990,13,9,21
n_step_sarsa,n,10.000,0.500,0.100,0.990,13,10,26
n_step_sarsa,n,10.000,0.500,0.100,0.990,13,11,122
n_step_sarsa,n,10.000,0.500,0.100,0.990,13,12,23
n_step_sarsa,n,10.000,0.500,0.100,0.990,13,13,28
n_step_sarsa,n,10.000,0.500,0.100,0.990,13,14,38
n_step_sarsa,n,10.000,0.500,0.100,0.990,13,15,22
n_step_sarsa,n,10.000,0.500,0.100,0.990,13,16,54
n_step_sarsa,n,10.000,0.500,0.100,0.990,13,17,153
n_step_sarsa,n,10.000,0.500,0.100,0.990,13,18,20
n_step_sarsa,n,10.000,0.500,0.100,0.990,13,19,113
n_step_sarsa,n,10.000,0.500,0.100,0.990,13,20,62
n_step_sarsa,n,10.000,0.500,0.100,0.990,13,21,29
n_step_sarsa,n,10.000,0.500,0.100,0.990,13,22,51
n_step_sarsa,n,10.000,0.500,0.100,0.990,13,23,36
n_step_sarsa,n,10.000,0.500,0.100,0.990,13,24,23
n_step_sarsa,n,10.000,0.500,0.100,0.990,13,25,40
n_step_sarsa,n,10.000,0.500,0.100,0.990,13,26,31
n_step_sarsa,n,10.000,0.500,0.100,0.990,13,27,33
n_step_sarsa,n,10.000,0.500,0.100,0.990,13,28,85
n_step_sarsa,n,10.000,0.500,0.100,0.990,13,29,32
n_step_sarsa,n,10.000,0.500,0.100,0.990,13,30,33
n_step_sarsa,n,10.000,0.500,0.100,0.990,13,31,30
n_step_sarsa,n,10.000,0.500,0.100,0.990,13,32,19
n_step_sarsa,n,10.000,0.500,0.100,0.990,13,33,18
n_step_sarsa,n,10.000,0.500,0.100,0.990,13,34,38
n_step_sarsa,n,10.000,0.500,0.100,0.990,13,35,18
n_step_sarsa,n,10.000,0.500,0.100,0.990,13,36,18
n_step_sarsa,n,10.000,0.500,0.100,0.990,13,37,20
n_step_sarsa,n,10.000,0.500,0.100,0.990,13,38,22
n_step_sarsa,n,10.000,0.500,0.100,0.990,13,39,115
n_step_sarsa,n,10.000,0.500,0.100,0.990,13,40,27
n_step_sarsa,n,10.000,0.500,0.100,0.990,13,41,33
n_step_sarsa,n,10.000,0.500,0.100,0.990,13,42,22
n_step_sarsa,n,10.000,0.500,0.100,0.990,13,43,22
n_step_sarsa,n,10.000,0.500,0.100,0.990,13,44,28
n_step_sarsa,n,10.000,0.500,0.100,0.990,13,45,22
n_step_sarsa,n,10.000,0.500,0.100,0.990,13,46,29
n_step_sarsa,n,10.000,0.500,0.100,0.990,13,47,19
n_step_sarsa,n,10.000,0.500,0.100,0.990,13,48,24
n_step_sarsa,n,10.000,0.500,0.100,0.990,13,49,22
n_step_sarsa,n,10.000,0.500,0.100,0.990,13,50,20
n_step_sarsa,n,10.000,0.500,0.100,0.990,13,51,26
n_step_sarsa,n,10.000,0.500,0.100,0.990,13,52,36
n_step_sarsa,n,10.000,0.500,0.100,0.990,13,53,27
n_step_sarsa,n,10.000,0.500,0.100,0.990,13,54,47
n_step_sarsa,n,10.000,0.500,0.100,0.990,13,55,19
n_step_sarsa,n,10.000,0.500,0.100,0.990,13,56,19
n_step_sarsa,n,10.000,0.500,0.100,0.990,13,57,29
n_step_sarsa,n,10.000,0.500,0.100,0.990,13,58,43
n_step_sarsa,n,10.000,0.500,0.100,0.990,13,59,38
n_step_sarsa,n,10.000,0.500,0.100,0.990,13,60,29
n_step_sarsa,n,10.000,0.500,0.100,0.990,13,61,18
n_step_sarsa,n,10.000,0.500,0.100,0.990,13,62,23
n_step_sarsa,n,10.000,0.500,0.100,0.990,13,63,20
n_step_sarsa,n,10.000,0.500,0.100,0.990,13,64,34
n_step_sarsa,n,10.000,0.500,0.100,0.990,13,65,22
n_step_sarsa,n,10.000,0.500,0.100,0.990,13,66,18
n_step_sarsa,n,10.000,0.500,0.100,0.990,13,67,18
n_step_sarsa,n,10.000,0.500,0.100,0.990,13,68,18
n_step_sarsa,n,10.000,0.500,0.100,0.990,13,69,19
n_step_sarsa,n,10.000,0.500,0.100,0.990,13,70,93
n_step_sarsa,n,10.000,0.500,0.100,0.990,13,71,45
n_step_sarsa,n,10.000,0.500,0.100,0.990,13,72,24
n_step_sarsa,n,10.000,0.500,0.100,0.990,13,73,20
n_step_sarsa,n,10.000,0.500,0.100,0.990,13,74,19
n_step_sarsa,n,10.000,0.500,0.100,0.990,13,75,22
n_step_sarsa,n,10.000,0.500,0.100,0.990,13,76,28
n_step_sarsa,n,10.000,0.500,0.100,0.990,13,77,19
n_step_sarsa,n,10.000,0.500,0.100,0.990,13,78,21
n_step_sarsa,n,10.000,0.500,0.100,0.990,13,79,20
n_step_sarsa,n,10.000,0.500,0.100,0.990,13,80,20
n_step_sarsa,n,10.000,0.500,0.100,0.990,13,81,22
n_step_sarsa,n,10.000,0.500,0.100,0.990,13,82,19
n_step_sarsa,n,10.000,0.500,0.100,0.990,13,83,19
n_step_sarsa,n,10.000,0.500,0.100,0.990,13,84,19
n_step_sarsa,n,10.000,0.500,0.100,0.990,13,85,23
n_step_sarsa,n,10.000,0.500,0.100,0.990,13,86,20
n_step_sarsa,n,10.000,0.500,0.100,0.990,13,87,46
n_step_sarsa,n,10.000,0.500,0.100,0.990,13,88,19
n_step_sarsa,n,10.000,0.500,0.100,0.990,13,89,27
n_step_sarsa,n,10.000,0.500,0.100,0.990,13,90,34
n_step_sarsa,n,10.000,0.500,0.100,0.990,13,91,43
n_step_sarsa,n,10.000,0.500,0.100,0.990,13,92,53
n_step_sarsa,n,10.000,0.500,0.100,0.990,13,93,82
n_step_sarsa,n,10.000,0.500,0.100,0.990,13,94,53
n_step_sarsa,n,10.000,0.500,0.100,0.990,13,95,22
n_step_sarsa,n,10.000,0.500,0.100,0.990,13,96,38
n_step_sarsa,n,10.000,0.500,0.100,0.990,13,97,39
n_step_sarsa,n,10.000,0.500,0.100,0.990,13,98,409
n_step_sarsa,n,10.000,0.500,0.100,0.990,13,99,1110
n_step_sarsa,n,10.000,0.500,0.100,0.990,13,100,207
n_step_sarsa,n,10.000,0.500,0.100,0.990,42,1,5550
n_step_sarsa,n,10.000,0.500,0.100,0.990,42,2,958
n_step_sarsa,n,10.000,0.500,0.100,0.990,42,3,577
n_step_sarsa,n,10.000,0.500,0.100,0.990,42,4,959
n_step_sarsa,n,10.000,0.500,0.100,0.990,42,5,1052
n_step_sarsa,n,10.000,0.500,0.100,0.990,42,6,237
n_step_sarsa,n,10.000,0.500,0.100,0.990,42,7,127
n_step_sarsa,n,10.000,0.500,0.100,0.990,42,8,118
n_step_sarsa,n,10.000,0.500,0.100,0.990,42,9,105
n_step_sarsa,n,10.000,0.500,0.100,0.990,42,10,19
n_step_sarsa,n,10.000,0.500,0.100,0.990,42,11,23
n_step_sarsa,n,10.000,0.500,0.100,0.990,42,12,19
n_step_sarsa,n,10.000,0.500,0.100,0.990,42,13,34
n_step_sarsa,n,10.000,0.500,0.100,0.990,42,14,19
n_step_sarsa,n,10.000,0.500,0.100,0.990,42,15,23
n_step_sarsa,n,10.000,0.500,0.100,0.990,42,16,40
n_step_sarsa,n,10.000,0.500,0.100,0.990,42,17,22
n_step_sarsa,n,10.000,0.500,0.100,0.990,42,18,19
n_step_sarsa,n,10.000,0.500,0.100,0.990,42,19,19
n_step_sarsa,n,10.000,0.500,0.100,0.990,42,20,20
n_step_sarsa,n,10.000,0.500,0.100,0.990,42,21,20
n_step_sarsa,n,10.000,0.500,0.100,0.990,42,22,19
n_step_sarsa,n,10.000,0.500,0.100,0.990,42,23,21
n_step_sarsa,n,10.000,0.500,0.100,0.990,42,24,19
n_step_sarsa,n,10.000,0.500,0.100,0.990,42,25,24
n_step_sarsa,n,10.000,0.500,0.100,0.990,42,26,20
n_step_sarsa,n,10.000,0.500,0.100,0.990,42,27,19
n_step_sarsa,n,10.000,0.500,0.100,0.990,42,28,20
n_step_sarsa,n,10.000,0.500,0.100,0.990,42,29,22
n_step_sarsa,n,10.000,0.500,0.100,0.990,42,30,21
n_step_sarsa,n,10.000,0.500,0.100,0.990,42,31,23
n_step_sarsa,n,10.000,0.500,0.100,0.990,42,32,21
n_step_sarsa,n,10.000,0.500,0.100,0.990,42,33,20
n_step_sarsa,n,10.000,0.500,0.100,0.990,42,34,19
n_step_sarsa,n,10.000,0.500,0.100,0.990,42,35,25
n_step_sarsa,n,10.000,0.500,0.100,0.990,42,36,49
n_step_sarsa,n,10.000,0.500,0.100,0.990,42,37,67
n_step_sarsa,n,10.000,0.500,0.100,0.990,42,38,89
n_step_sarsa,n,10.000,0.500,0.100,0.990,42,39,41
n_step_sarsa,n,10.000,0.500,0.100,0.990,42,40,24
n_step_sarsa,n,10.000,0.500,0.100,0.990,42,41,19
n_step_sarsa,n,10.000,0.500,0.100,0.990,42,42,31
n_step_sarsa,n,10.000,0.500,0.100,0.990,42,43,19
n_step_sarsa,n,10.000,0.500,0.100,0.990,42,44,19
n_step_sarsa,n,10.000,0.500,0.100,0.990,42,45,23
n_step_sarsa,n,10.000,0.500,0.100,0.990,42,46,22
n_step_sarsa,n,10.000,0.500,0.100,0.990,42,47,22
n_step_sarsa,n,10.000,0.500,0.100,0.990,42,48,22
n_step_sarsa,n,10.000,0.500,0.100,0.990,42,49,18
n_step_sarsa,n,10.000,0.500,0.100,0.990,42,50,18
n_step_sarsa,n,10.000,0.500,0.100,0.990,42,51,25
n_step_sarsa,n,10.000,0.500,0.100,0.990,42,52,19
n_step_sarsa,n,10.000,0.500,0.100,0.990,42,53,19
n_step_sarsa,n,10.000,0.500,0.100,0.990,42,54,18
n_step_sarsa,n,10.000,0.500,0.100,0.990,42,55,54
n_step_sarsa,n,10.000,0.500,0.100,0.990,42,56,18
n_step_sarsa,n,10.000,0.500,0.100,0.990,42,57,19
n_step_sarsa,n,10.000,0.500,0.100,0.990,42,58,30
n_step_sarsa,n,10.000,0.500,0.100,0.990,42,59,36
n_step_sarsa,n,10.000,0.500,0.100,0.990,42,60,44
n_step_sarsa,n,10.000,0.500,0.100,0.990,42,61,31
n_step_sarsa,n,10.000,0.500,0.100,0.990,42,62,19
n_step_sarsa,n,10.000,0.500,0.100,0.990,42,63,26
n_step_sarsa,n,10.000,0.500,0.100,0.990,42,64,61
n_step_sarsa,n,10.000,0.500,0.100,0.990,42,65,42
n_step_sarsa,n,10.000,0.500,0.100,0.990,42,66,35
n_step_sarsa,n,10.000,0.500,0.100,0.990,42,67,23
n_step_sarsa,n,10.000,0.500,0.100,0.990,42,68,36
n_step_sarsa,n,10.000,0.500,0.100,0.990,42,69,46
n_step_sarsa,n,10.000,0.500,0.100,0.990,42,70,53
n_step_sarsa,n,10.000,0.500,0.100,0.990,42,71,55
n_step_sarsa,n,10.000,0.500,0.100,0.990,42,72,55
n_step_sarsa,n,10.000,0.500,0.100,0.990,42,73,47
n_step_sarsa,n,10.000,0.500,0.100,0.990,42,74,31
n_step_sarsa,n,10.000,0.500,0.100,0.990,42,75,75
n_step_sarsa,n,10.000,0.500,0.100,0.990,42,76,65
n_step_sarsa,n,10.000,0.500,0.100,0.990,42,77,473
n_step_sarsa,n,10.000,0.500,0.100,0.990,42,78,160
n_step_sarsa,n,10.000,0.500,0.100,0.990,42,79,58
n_step_sarsa,n,10.000,0.500,0.100,0.990,42,80,67
n_step_sarsa,n,10.000,0.500,0.100,0.990,42,81,42
n_step_sarsa,n,10.000,0.500,0.100,0.990,42,82,41
n_step_sarsa,n,10.000,0.500,0.100,0.990,42,83,37
n_step_sarsa,n,10.000,0.500,0.100,0.990,42,84,26
n_step_sarsa,n,10.000,0.500,0.100,0.990,42,85,39
n_step_sarsa,n,10.000,0.500,0.100,0.990,42,86,27
n_step_sarsa,n,10.000,0.500,0.100,0.990,42,87,54
n_step_sarsa,n,10.000,0.500,0.100,0.990,42,88,70
n_step_sarsa,n,10.000,0.500,0.100,0.990,42,89,53
n_step_sarsa,n,10.000,0.500,0.100,0.990,42,90,36
n_step_sarsa,n,10.000,0.500,0.100,0.990,42,91,38
n_step_sarsa,n,10.000,0.500,0.100,0.990,42,92,24
n_step_sarsa,n,10.000,0.500,0.100,0.990,42,93,22
n_step_sarsa,n,10.000,0.500,0.100,0.990,42,94,25
n_step_sarsa,n,10.000,0.500,0.100,0.990,42,95,19
n_step_sarsa,n,10.000,0.500,0.100,0.990,42,96,27
n_step_sarsa,n,10.000,0.500,0.100,0.990,42,97,25
n_step_sarsa,n,10.000,0.500,0.100,0.990,42,98,22
n_step_sarsa,n,10.000,0.500,0.100,0.990,42,99,22
n_step_sarsa,n,10.000,0.500,0.100,0.990,42,100,28
n_step_sarsa,n,10.000,0.500,0.100,0.990,123,1,7282
n_step_sarsa,n,10.000,0.500,0.100,0.990,123,2,6641
n_step_sarsa,n,10.000,0.500,0.100,0.990,123,3,91
n_step_sarsa,n,10.000,0.500,0.100,0.990,123,4,67
n_step_sarsa,n,10.000,0.500,0.100,0.990,123,5,104
n_step_sarsa,n,10.000,0.500,0.100,0.990,123,6,81
n_step_sarsa,n,10.000,0.500,0.100,0.990,123,7,45
n_step_sarsa,n,10.000,0.500,0.100,0.990,123,8,22
n_step_sarsa,n,10.000,0.500,0.100,0.990,123,9,33
n_step_sarsa,n,10.000,0.500,0.100,0.990,123,10,20
n_step_sarsa,n,10.000,0.500,0.100,0.990,123,11,39
n_step_sarsa,n,10.000,0.500,0.100,0.990,123,12,18
n_step_sarsa,n,10.000,0.500,0.100,0.990,123,13,36
n_step_sarsa,n,10.000,0.500,0.100,0.990,123,14,18
n_step_sarsa,n,10.000,0.500,0.100,0.990,123,15,19
n_step_sarsa,n,10.000,0.500,0.100,0.990,123,16,18
n_step_sarsa,n,10.000,0.500,0.100,0.990,123,17,18
n_step_sarsa,n,10.000,0.500,0.100,0.990,123,18,21
n_step_sarsa,n,10.000,0.500,0.100,0.990,123,19,30
n_step_sarsa,n,10.000,0.500,0.100,0.990,123,20,19
n_step_sarsa,n,10.000,0.500,0.100,0.990,123,21,22
n_step_sarsa,n,10.000,0.500,0.100,0.990,123,22,33
n_step_sarsa,n,10.000,0.500,0.100,0.990,123,23,46
n_step_sarsa,n,10.000,0.500,0.100,0.990,123,24,70
n_step_sarsa,n,10.000,0.500,0.100,0.990,123,25,36
n_step_sarsa,n,10.000,0.500,0.100,0.990,123,26,24
n_step_sarsa,n,10.000,0.500,0.100,0.990,123,27,30
n_step_sarsa,n,10.000,0.500,0.100,0.990,123,28,35
n_step_sarsa,n,10.000,0.500,0.100,0.990,123,29,18
n_step_sarsa,n,10.000,0.500,0.100,0.990,123,30,20
n_step_sarsa,n,10.000,0.500,0.100,0.990,123,31,18
n_step_sarsa,n,10.000,0.500,0.100,0.990,123,32,21
n_step_sarsa,n,10.000,0.500,0.100,0.990,123,33,28
n_step_sarsa,n,10.000,0.500,0.100,0.990,123,34,20
n_step_sarsa,n,10.000,0.500,0.100,0.990,123,35,19
n_step_sarsa,n,10.000,0.500,0.100,0.990,123,36,20
n_step_sarsa,n,10.000,0.500,0.100,0.990,123,37,19
n_step_sarsa,n,10.000,0.500,0.100,0.990,123,38,18
n_step_sarsa,n,10.000,0.500,0.100,0.990,123,39,19
n_step_sarsa,n,10.000,0.500,0.100,0.990,123,40,20
n_step_sarsa,n,10.000,0.500,0.100,0.990,123,41,38
n_step_sarsa,n,10.000,0.500,0.100,0.990,123,42,19
n_step_sarsa,n,10.000,0.500,0.100,0.990,123,43,19
n_step_sarsa,n,10.000,0.500,0.100,0.990,123,44,25
n_step_sarsa,n,10.000,0.500,0.100,0.990,123,45,33
n_step_sarsa,n,10.000,0.500,0.100,0.990,123,46,32
n_step_sarsa,n,10.000,0.500,0.100,0.990,123,47,22
n_step_sarsa,n,10.000,0.500,0.100,0.990,123,48,42
n_step_sarsa,n,10.000,0.500,0.100,0.990,123,49,22
n_step_sarsa,n,10.000,0.500,0.100,0.990,123,50,54
n_step_sarsa,n,10.000,0.500,0.100,0.990,123,51,31
n_step_sarsa,n,10.000,0.500,0.100,0.990,123,52,43
n_step_sarsa,n,10.000,0.500,0.100,0.990,123,53,33
n_step_sarsa,n,10.000,0.500,0.100,0.990,123,54,38
n_step_sarsa,n,10.000,0.500,0.100,0.990,123,55,22
n_step_sarsa,n,10.000,0.500,0.100,0.990,123,56,30
n_step_sarsa,n,10.000,0.500,0.100,0.990,123,57,35
n_step_sarsa,n,10.000,0.500,0.100,0.990,123,58,57
n_step_sarsa,n,10.000,0.500,0.100,0.990,123,59,48
n_step_sarsa,n,10.000,0.500,0.100,0.990,123,60,34
n_step_sarsa,n,10.000,0.500,0.100,0.990,123,61,30
n_step_sarsa,n,10.000,0.500,0.100,0.990,123,62,18
n_step_sarsa,n,10.000,0.500,0.100,0.990,123,63,20
n_step_sarsa,n,10.000,0.500,0.100,0.990,123,64,43
n_step_sarsa,n,10.000,0.500,0.100,0.990,123,65,30
n_step_sarsa,n,10.000,0.500,0.100,0.990,123,66,18
n_step_sarsa,n,10.000,0.500,0.100,0.990,123,67,19
n_step_sarsa,n,10.000,0.500,0.100,0.990,123,68,22
n_step_sarsa,n,10.000,0.500,0.100,0.990,123,69,34
n_step_sarsa,n,10.000,0.500,0.100,0.990,123,70,20
n_step_sarsa,n,10.000,0.500,0.100,0.990,123,71,19
n_step_sarsa,n,10.000,0.500,0.100,0.990,123,72,18
n_step_sarsa,n,10.000,0.500,0.100,0.990,123,73,22
n_step_sarsa,n,10.000,0.500,0.100,0.990,123,74,20
n_step_sarsa,n,10.000,0.500,0.100,0.990,123,75,20
n_step_sarsa,n,10.000,0.500,0.100,0.990,123,76,40
n_step_sarsa,n,10.000,0.500,0.100,0.990,123,77,33
n_step_sarsa,n,10.000,0.500,0.100,0.990,123,78,37
n_step_sarsa,n,10.000,0.500,0.100,0.990,123,79,20
n_step_sarsa,n,10.000,0.500,0.100,0.990,123,80,91
n_step_sarsa,n,10.000,0.500,0.100,0.990,123,81,96
n_step_sarsa,n,10.000,0.500,0.100,0.990,123,82,46
n_step_sarsa,n,10.000,0.500,0.100,0.990,123,83,27
n_step_sarsa,n,10.000,0.500,0.100,0.990,123,84,24
n_step_sarsa,n,10.000,0.500,0.100,0.990,123,85,18
n_step_sarsa,n,10.000,0.500,0.100,0.990,123,86,23
n_step_sarsa,n,10.000,0.500,0.100,0.990,123,87,22
n_step_sarsa,n,10.000,0.500,0.100,0.990,123,88,18
n_step_sarsa,n,10.000,0.500,0.100,0.990,123,89,20
n_step_sarsa,n,10.000,0.500,0.100,0.990,123,90,21
n_step_sarsa,n,10.000,0.500,0.100,0.990,123,91,18
n_step_sarsa,n,10.000,0.500,0.100,0.990,123,92,21
n_step_sarsa,n,10.000,0.500,0.100,0.990,123,93,21
n_step_sarsa,n,10.000,0.500,0.100,0.990,123,94,19
n_step_sarsa,n,10.000,0.500,0.100,0.990,123,95,22
n_step_sarsa,n,10.000,0.500,0.100,0.990,123,96,21
n_step_sarsa,n,10.000,0.500,0.100,0.990,123,97,33
n_step_sarsa,n,10.000,0.500,0.100,0.990,123,98,33
n_step_sarsa,n,10.000,0.500,0.100,0.990,123,99,38
n_step_sarsa,n,10.000,0.500,0.100,0.990,123,100,41
sarsa_lambda,lambda,0.000,0.500,0.100,0.990,13,1,1181
sarsa_lambda,lambda,0.000,0.500,0.100,0.990,13,2,467
sarsa_lambda,lambda,0.000,0.500,0.100,0.990,13,3,294
sarsa_lambda,lambda,0.000,0.500,0.100,0.990,13,4,157
sarsa_lambda,lambda,0.000,0.500,0.100,0.990,13,5,104
sarsa_lambda,lambda,0.000,0.500,0.100,0.990,13,6,172
sarsa_lambda,lambda,0.000,0.500,0.100,0.990,13,7,50
sarsa_lambda,lambda,0.000,0.500,0.100,0.990,13,8,67
sarsa_lambda,lambda,0.000,0.500,0.100,0.990,13,9,72
sarsa_lambda,lambda,0.000,0.500,0.100,0.990,13,10,446
sarsa_lambda,lambda,0.000,0.500,0.100,0.990,13,11,123
sarsa_lambda,lambda,0.000,0.500,0.100,0.990,13,12,72
sarsa_lambda,lambda,0.000,0.500,0.100,0.990,13,13,216
sarsa_lambda,lambda,0.000,0.500,0.100,0.990,13,14,202
sarsa_lambda,lambda,0.000,0.500,0.100,0.990,13,15,55
sarsa_lambda,lambda,0.000,0.500,0.100,0.990,13,16,196
sarsa_lambda,lambda,0.000,0.500,0.100,0.990,13,17,29
sarsa_lambda,lambda,0.000,0.500,0.100,0.990,13,18,26
sarsa_lambda,lambda,0.000,0.500,0.100,0.990,13,19,148
sarsa_lambda,lambda,0.000,0.500,0.100,0.990,13,20,45
sarsa_lambda,lambda,0.000,0.500,0.100,0.990,13,21,189
sarsa_lambda,lambda,0.000,0.500,0.100,0.990,13,22,41
sarsa_lambda,lambda,0.000,0.500,0.100,0.990,13,23,104
sarsa_lambda,lambda,0.000,0.500,0.100,0.990,13,24,96
sarsa_lambda,lambda,0.000,0.500,0.100,0.990,13,25,28
sarsa_lambda,lambda,0.000,0.500,0.100,0.990,13,26,94
sarsa_lambda,lambda,0.000,0.500,0.100,0.990,13,27,30
sarsa_lambda,lambda,0.000,0.500,0.100,0.990,13,28,24
sarsa_lambda,lambda,0.000,0.500,0.100,0.990,13,29,35
sarsa_lambda,lambda,0.000,0.500,0.100,0.990,13,30,133
sarsa_lambda,lambda,0.000,0.500,0.100,0.990,13,31,20
sarsa_lambda,lambda,0.000,0.500,0.100,0.990,13,32,25
sarsa_lambda,lambda,0.000,0.500,0.100,0.990,13,33,20
sarsa_lambda,lambda,0.000,0.500,0.100,0.990,13,34,80
sarsa_lambda,lambda,0.000,0.500,0.100,0.990,13,35,43
sarsa_lambda,lambda,0.000,0.500,0.100,0.990,13,36,52
sarsa_lambda,lambda,0.000,0.500,0.100,0.990,13,37,32
sarsa_lambda,lambda,0.000,0.500,0.100,0.990,13,38,25
sarsa_lambda,lambda,0.000,0.500,0.100,0.990,13,39,35
sarsa_lambda,lambda,0.000,0.500,0.100,0.990,13,40,26
sarsa_lambda,lambda,0.000,0.500,0.100,0.990,13,41,28
sarsa_lambda,lambda,0.000,0.500,0.100,0.990,13,42,69
sarsa_lambda,lambda,0.000,0.500,0.100,0.990,13,43,48
sarsa_lambda,lambda,0.000,0.500,0.100,0.990,13,44,49
sarsa_lambda,lambda,0.000,0.500,0.100,0.990,13,45,48
sarsa_lambda,lambda,0.000,0.500,0.100,0.990,13,46,57
sarsa_lambda,lambda,0.000,0.500,0.100,0.990,13,47,48
sarsa_lambda,lambda,0.000,0.500,0.100,0.990,13,48,46
sarsa_lambda,lambda,0.000,0.500,0.100,0.990,13,49,48
sarsa_lambda,lambda,0.000,0.500,0.100,0.990,13,50,24
sarsa_lambda,lambda,0.000,0.500,0.100,0.990,13,51,46
sarsa_lambda,lambda,0.000,0.500,0.100,0.990,13,52,37
sarsa_lambda,lambda,0.000,0.500,0.100,0.990,13,53,31
sarsa_lambda,lambda,0.000,0.500,0.100,0.990,13,54,42
sarsa_lambda,lambda,0.000,0.500,0.100,0.990,13,55,34
sarsa_lambda,lambda,0.000,0.500,0.100,0.990,13,56,22
sarsa_lambda,lambda,0.000,0.500,0.100,0.990,13,57,40
sarsa_lambda,lambda,0.000,0.500,0.100,0.990,13,58,32
sarsa_lambda,lambda,0.000,0.500,0.100,0.990,13,59,52
sarsa_lambda,lambda,0.000,0.500,0.100,0.990,13,60,43
sarsa_lambda,lambda,0.000,0.500,0.100,0.990,13,61,43
sarsa_lambda,lambda,0.000,0.500,0.100,0.990,13,62,38
sarsa_lambda,lambda,0.000,0.500,0.100,0.990,13,63,33
sarsa_lambda,lambda,0.000,0.500,0.100,0.990,13,64,43
sarsa_lambda,lambda,0.000,0.500,0.100,0.990,13,65,38
sarsa_lambda,lambda,0.000,0.500,0.100,0.990,13,66,30
sarsa_lambda,lambda,0.000,0.500,0.100,0.990,13,67,37
sarsa_lambda,lambda,0.000,0.500,0.100,0.990,13,68,19
sarsa_lambda,lambda,0.000,0.500,0.100,0.990,13,69,18
sarsa_lambda,lambda,0.000,0.500,0.100,0.990,13,70,50
sarsa_lambda,lambda,0.000,0.500,0.100,0.990,13,71,28
sarsa_lambda,lambda,0.000,0.500,0.100,0.990,13,72,23
sarsa_lambda,lambda,0.000,0.500,0.100,0.990,13,73,54
sarsa_lambda,lambda,0.000,0.500,0.100,0.990,13,74,42
sarsa_lambda,lambda,0.000,0.500,0.100,0.990,13,75,43
sarsa_lambda,lambda,0.000,0.500,0.100,0.990,13,76,29
sarsa_lambda,lambda,0.000,0.500,0.100,0.990,13,77,33
sarsa_lambda,lambda,0.000,0.500,0.100,0.990,13,78,43
sarsa_lambda,lambda,0.000,0.500,0.100,0.990,13,79,25
sarsa_lambda,lambda,0.000,0.500,0.100,0.990,13,80,38
sarsa_lambda,lambda,0.000,0.500,0.100,0.990,13,81,20
sarsa_lambda,lambda,0.000,0.500,0.100,0.990,13,82,28
sarsa_lambda,lambda,0.000,0.500,0.100,0.990,13,83,22
sarsa_lambda,lambda,0.000,0.500,0.100,0.990,13,84,33
sarsa_lambda,lambda,0.000,0.500,0.100,0.990,13,85,20
sarsa_lambda,lambda,0.000,0.500,0.100,0.990,13,86,22
sarsa_lambda,lambda,0.000,0.500,0.100,0.990,13,87,24
sarsa_lambda,lambda,0.000,0.500,0.100,0.990,13,88,41
sarsa_lambda,lambda,0.000,0.500,0.100,0.990,13,89,29
sarsa_lambda,lambda,0.000,0.500,0.100,0.990,13,90,24
sarsa_lambda,lambda,0.000,0.500,0.100,0.990,13,91,17
sarsa_lambda,lambda,0.000,0.500,0.100,0.990,13,92,26
sarsa_lambda,lambda,0.000,0.500,0.100,0.990,13,93,31
sarsa_lambda,lambda,0.000,0.500,0.100,0.990,13,94,18
sarsa_lambda,lambda,0.000,0.500,0.100,0.990,13,95,24
sarsa_lambda,lambda,0.000,0.500,0.100,0.990,13,96,19
sarsa_lambda,lambda,0.000,0.500,0.100,0.990,13,97,39
sarsa_lambda,lambda,0.000,0.500,0.100,0.990,13,98,19
sarsa_lambda,lambda,0.000,0.500,0.100,0.990,13,99,36
sarsa_lambda,lambda,0.000,0.500,0.100,0.990,13,100,27
sarsa_lambda,lambda,0.000,0.500,0.100,0.990,42,1,1080
sarsa_lambda,lambda,0.000,0.500,0.100,0.990,42,2,791
sarsa_lambda,lambda,0.000,0.500,0.100,0.990,42,3,177
sarsa_lambda,lambda,0.000,0.500,0.100,0.990,42,4,120
sarsa_lambda,lambda,0.000,0.500,0.100,0.990,42,5,414
sarsa_lambda,lambda,0.000,0.500,0.100,0.990,42,6,45
sarsa_lambda,lambda,0.000,0.500,0.100,0.990,42,7,68
sarsa_lambda,lambda,0.000,0.500,0.100,0.990,42,8,170
sarsa_lambda,lambda,0.000,0.500,0.100,0.990,42,9,54
sarsa_lambda,lambda,0.000,0.500,0.100,0.990,42,10,141
sarsa_lambda,lambda,0.000,0.500,0.100,0.990,42,11,159
sarsa_lambda,lambda,0.000,0.500,0.100,0.990,42,12,72
sarsa_lambda,lambda,0.000,0.500,0.100,0.990,42,13,291
sarsa_lambda,lambda,0.000,0.500,0.100,0.990,42,14,35
sarsa_lambda,lambda,0.000,0.500,0.100,0.990,42,15,161
sarsa_lambda,lambda,0.000,0.500,0.100,0.990,42,16,151
sarsa_lambda,lambda,0.000,0.500,0.100,0.990,42,17,49
sarsa_lambda,lambda,0.000,0.500,0.100,0.990,42,18,246
sarsa_lambda,lambda,0.000,0.500,0.100,0.990,42,19,100
sarsa_lambda,lambda,0.000,0.500,0.100,0.990,42,20,60
sarsa_lambda,lambda,0.000,0.500,0.100,0.990,42,21,54
sarsa_lambda,lambda,0.000,0.500,0.100,0.990,42,22,48
sarsa_lambda,lambda,0.000,0.500,0.100,0.990,42,23,64
sarsa_lambda,lambda,0.000,0.500,0.100,0.990,42,24,53
sarsa_lambda,lambda,0.000,0.500,0.100,0.990,42,25,111
sarsa_lambda,lambda,0.000,0.500,0.100,0.990,42,26,73
sarsa_lambda,lambda,0.000,0.500,0.100,0.990,42,27,64
sarsa_lambda,lambda,0.000,0.500,0.100,0.990,42,28,39
sarsa_lambda,lambda,0.000,0.500,0.100,0.990,42,29,60
sarsa_lambda,lambda,0.000,0.500,0.100,0.990,42,30,29
sarsa_lambda,lambda,0.000,0.500,0.100,0.990,42,31,63
sarsa_lambda,lambda,0.000,0.500,0.100,0.990,42,32,57
sarsa_lambda,lambda,0.000,0.500,0.100,0.990,42,33,44
sarsa_lambda,lambda,0.000,0.500,0.100,0.990,42,34,24
sarsa_lambda,lambda,0.000,0.500,0.100,0.990,42,35,34
sarsa_lambda,lambda,0.000,0.500,0.100,0.990,42,36,111
sarsa_lambda,lambda,0.000,0.500,0.100,0.990,42,37,35
sarsa_lambda,lambda,0.000,0.500,0.100,0.990,42,38,25
sarsa_lambda,lambda,0.000,0.500,0.100,0.990,42,39,25
sarsa_lambda,lambda,0.000,0.500,0.100,0.990,42,40,107
sarsa_lambda,lambda,0.000,0.500,0.100,0.990,42,41,38
sarsa_lambda,lambda,0.000,0.500,0.100,0.990,42,42,45
sarsa_lambda,lambda,0.000,0.500,0.100,0.990,42,43,59
sarsa_lambda,lambda,0.000,0.500,0.100,0.990,42,44,56
sarsa_lambda,lambda,0.000,0.500,0.100,0.990,42,45,45
sarsa_lambda,lambda,0.000,0.500,0.100,0.990,42,46,38
sarsa_lambda,lambda,0.000,0.500,0.100,0.990,42,47,19
sarsa_lambda,lambda,0.000,0.500,0.100,0.990,42,48,42
sarsa_lambda,lambda,0.000,0.500,0.100,0.990,42,49,34
sarsa_lambda,lambda,0.000,0.500,0.100,0.990,42,50,36
sarsa_lambda,lambda,0.000,0.500,0.100,0.990,42,51,43
sarsa_lambda,lambda,0.000,0.500,0.100,0.990,42,52,29
sarsa_lambda,lambda,0.000,0.500,0.100,0.990,42,53,26
sarsa_lambda,lambda,0.000,0.500,0.100,0.990,42,54,27
sarsa_lambda,lambda,0.000,0.500,0.100,0.990,42,55,26
sarsa_lambda,lambda,0.000,0.500,0.100,0.990,42,56,56
sarsa_lambda,lambda,0.000,0.500,0.100,0.990,42,57,23
sarsa_lambda,lambda,0.000,0.500,0.100,0.990,42,58,40
sarsa_lambda,lambda,0.000,0.500,0.100,0.990,42,59,22
sarsa_lambda,lambda,0.000,0.500,0.100,0.990,42,60,56
sarsa_lambda,lambda,0.000,0.500,0.100,0.990,42,61,32
sarsa_lambda,lambda,0.000,0.500,0.100,0.990,42,62,45
sarsa_lambda,lambda,0.000,0.500,0.100,0.990,42,63,48
sarsa_lambda,lambda,0.000,0.500,0.100,0.990,42,64,40
sarsa_lambda,lambda,0.000,0.500,0.100,0.990,42,65,17
sarsa_lambda,lambda,0.000,0.500,0.100,0.990,42,66,21
sarsa_lambda,lambda,0.000,0.500,0.100,0.990,42,67,78
sarsa_lambda,lambda,0.000,0.500,0.100,0.990,42,68,40
sarsa_lambda,lambda,0.000,0.500,0.100,0.990,42,69,18
sarsa_lambda,lambda,0.000,0.500,0.100,0.990,42,70,33
sarsa_lambda,lambda,0.000,0.500,0.100,0.990,42,71,44
sarsa_lambda,lambda,0.000,0.500,0.100,0.990,42,72,22
sarsa_lambda,lambda,0.000,0.500,0.100,0.990,42,73,23
sarsa_lambda,lambda,0.000,0.500,0.100,0.990,42,74,26
sarsa_lambda,lambda,0.000,0.500,0.100,0.990,42,75,18
sarsa_lambda,lambda,0.000,0.500,0.100,0.990,42,76,40
sarsa_lambda,lambda,0.000,0.500,0.100,0.990,42,77,40
sarsa_lambda,lambda,0.000,0.500,0.100,0.990,42,78,30
sarsa_lambda,lambda,0.000,0.500,0.100,0.990,42,79,32
sarsa_lambda,lambda,0.000,0.500,0.100,0.990,42,80,35
sarsa_lambda,lambda,0.000,0.500,0.100,0.990,42,81,20
sarsa_lambda,lambda,0.000,0.500,0.100,0.990,42,82,18
sarsa_lambda,lambda,0.000,0.500,0.100,0.990,42,83,38
sarsa_lambda,lambda,0.000,0.500,0.100,0.990,42,84,20
sarsa_lambda,lambda,0.000,0.500,0.100,0.990,42,85,32
sarsa_lambda,lambda,0.000,0.500,0.100,0.990,42,86,28
sarsa_lambda,lambda,0.000,0.500,0.100,0.990,42,87,26
sarsa_lambda,lambda,0.000,0.500,0.100,0.990,42,88,23
sarsa_lambda,lambda,0.000,0.500,0.100,0.990,42,89,29
sarsa_lambda,lambda,0.000,0.500,0.100,0.990,42,90,30
sarsa_lambda,lambda,0.000,0.500,0.100,0.990,42,91,18
sarsa_lambda,lambda,0.000,0.500,0.100,0.990,42,92,18
sarsa_lambda,lambda,0.000,0.500,0.100,0.990,42,93,32
sarsa_lambda,lambda,0.000,0.500,0.100,0.990,42,94,30
sarsa_lambda,lambda,0.000,0.500,0.100,0.990,42,95,34
sarsa_lambda,lambda,0.000,0.500,0.100,0.990,42,96,25
sarsa_lambda,lambda,0.000,0.500,0.100,0.990,42,97,27
sarsa_lambda,lambda,0.000,0.500,0.100,0.990,42,98,29
sarsa_lambda,lambda,0.000,0.500,0.100,0.990,42,99,21
sarsa_lambda,lambda,0.000,0.500,0.100,0.990,42,100,19
sarsa_lambda,lambda,0.000,0.500,0.100,0.990,123,1,1306
sarsa_lambda,lambda,0.000,0.500,0.100,0.990,123,2,488
sarsa_lambda,lambda,0.000,0.500,0.100,0.990,123,3,163
sarsa_lambda,lambda,0.000,0.500,0.100,0.990,123,4,222
sarsa_lambda,lambda,0.000,0.500,0.100,0.990,123,5,122
sarsa_lambda,lambda,0.000,0.500,0.100,0.990,123,6,102
sarsa_lambda,lambda,0.000,0.500,0.100,0.990,123,7,85
sarsa_lambda,lambda,0.000,0.500,0.100,0.990,123,8,126
sarsa_lambda,lambda,0.000,0.500,0.100,0.990,123,9,43
sarsa_lambda,lambda,0.000,0.500,0.100,0.990,123,10,54
sarsa_lambda,lambda,0.000,0.500,0.100,0.990,123,11,207
sarsa_lambda,lambda,0.000,0.500,0.100,0.990,123,12,276
sarsa_lambda,lambda,0.000,0.500,0.100,0.990,123,13,36
sarsa_lambda,lambda,0.000,0.500,0.100,0.990,123,14,151
sarsa_lambda,lambda,0.000,0.500,0.100,0.990,123,15,26
sarsa_lambda,lambda,0.000,0.500,0.100,0.990,123,16,239
sarsa_lambda,lambda,0.000,0.500,0.100,0.990,123,17,47
sarsa_lambda,lambda,0.000,0.500,0.100,0.990,123,18,221
sarsa_lambda,lambda,0.000,0.500,0.100,0.990,123,19,26
sarsa_lambda,lambda,0.000,0.500,0.100,0.990,123,20,55
sarsa_lambda,lambda,0.000,0.500,0.100,0.990,123,21,214
sarsa_lambda,lambda,0.000,0.500,0.100,0.990,123,22,54
sarsa_lambda,lambda,0.000,0.500,0.100,0.990,123,23,27
sarsa_lambda,lambda,0.000,0.500,0.100,0.990,123,24,23
sarsa_lambda,lambda,0.000,0.500,0.100,0.990,123,25,118
sarsa_lambda,lambda,0.000,0.500,0.100,0.990,123,26,75
sarsa_lambda,lambda,0.000,0.500,0.100,0.990,123,27,35
sarsa_lambda,lambda,0.000,0.500,0.100,0.990,123,28,68
sarsa_lambda,lambda,0.000,0.500,0.100,0.990,123,29,72
sarsa_lambda,lambda,0.000,0.500,0.100,0.990,123,30,29
sarsa_lambda,lambda,0.000,0.500,0.100,0.990,123,31,38
sarsa_lambda,lambda,0.000,0.500,0.100,0.990,123,32,28
sarsa_lambda,lambda,0.000,0.500,0.100,0.990,123,33,100
sarsa_lambda,lambda,0.000,0.500,0.100,0.990,123,34,46
sarsa_lambda,lambda,0.000,0.500,0.100,0.990,123,35,38
sarsa_lambda,lambda,0.000,0.500,0.100,0.990,123,36,64
sarsa_lambda,lambda,0.000,0.500,0.100,0.990,123,37,29
sarsa_lambda,lambda,0.000,0.500,0.100,0.990,123,38,31
sarsa_lambda,lambda,0.000,0.500,0.100,0.990,123,39,41
sarsa_lambda,lambda,0.000,0.500,0.100,0.990,123,40,45
sarsa_lambda,lambda,0.000,0.500,0.100,0.990,123,41,38
sarsa_lambda,lambda,0.000,0.500,0.100,0.990,123,42,24
sarsa_lambda,lambda,0.000,0.500,0.100,0.990,123,43,58
sarsa_lambda,lambda,0.000,0.500,0.100,0.990,123,44,37
sarsa_lambda,lambda,0.000,0.500,0.100,0.990,123,45,32
sarsa_lambda,lambda,0.000,0.500,0.100,0.990,123,46,32
sarsa_lambda,lambda,0.000,0.500,0.100,0.990,123,47,68
sarsa_lambda,lambda,0.000,0.500,0.100,0.990,123,48,68
sarsa_lambda,lambda,0.000,0.500,0.100,0.990,123,49,33
sarsa_lambda,lambda,0.000,0.500,0.100,0.990,123,50,51
sarsa_lambda,lambda,0.000,0.500,0.100,0.990,123,51,51
sarsa_lambda,lambda,0.000,0.500,0.100,0.990,123,52,26
sarsa_lambda,lambda,0.000,0.500,0.100,0.990,123,53,29
sarsa_lambda,lambda,0.000,0.500,0.100,0.990,123,54,31
sarsa_lambda,lambda,0.000,0.500,0.100,0.990,123,55,29
sarsa_lambda,lambda,0.000,0.500,0.100,0.990,123,56,46
sarsa_lambda,lambda,0.000,0.500,0.100,0.990,123,57,27
sarsa_lambda,lambda,0.000,0.500,0.100,0.990,123,58,30
sarsa_lambda,lambda,0.000,0.500,0.100,0.990,123,59,23
sarsa_lambda,lambda,0.000,0.500,0.100,0.990,123,60,19
sarsa_lambda,lambda,0.000,0.500,0.100,0.990,123,61,30
sarsa_lambda,lambda,0.000,0.500,0.100,0.990,123,62,27
sarsa_lambda,lambda,0.000,0.500,0.100,0.990,123,63,33
sarsa_lambda,lambda,0.000,0.500,0.100,0.990,123,64,43
sarsa_lambda,lambda,0.000,0.500,0.100,0.990,123,65,19
sarsa_lambda,lambda,0.000,0.500,0.100,0.990,123,66,44
sarsa_lambda,lambda,0.000,0.500,0.100,0.990,123,67,19
sarsa_lambda,lambda,0.000,0.500,0.100,0.990,123,68,25
sarsa_lambda,lambda,0.000,0.500,0.100,0.990,123,69,41
sarsa_lambda,lambda,0.000,0.500,0.100,0.990,123,70,61
sarsa_lambda,lambda,0.000,0.500,0.100,0.990,123,71,24
sarsa_lambda,lambda,0.000,0.500,0.100,0.990,123,72,49
sarsa_lambda,lambda,0.000,0.500,0.100,0.990,123,73,27
sarsa_lambda,lambda,0.000,0.500,0.100,0.990,123,74,54
sarsa_lambda,lambda,0.000,0.500,0.100,0.990,123,75,26
sarsa_lambda,lambda,0.000,0.500,0.100,0.990,123,76,31
sarsa_lambda,lambda,0.000,0.500,0.100,0.990,123,77,31
sarsa_lambda,lambda,0.000,0.500,0.100,0.990,123,78,28
sarsa_lambda,lambda,0.000,0.500,0.100,0.990,123,79,49
sarsa_lambda,lambda,0.000,0.500,0.100,0.990,123,80,57
sarsa_lambda,lambda,0.000,0.500,0.100,0.990,123,81,32
sarsa_lambda,lambda,0.000,0.500,0.100,0.990,123,82,36
sarsa_lambda,lambda,0.000,0.500,0.100,0.990,123,83,29
sarsa_lambda,lambda,0.000,0.500,0.100,0.990,123,84,28
sarsa_lambda,lambda,0.000,0.500,0.100,0.990,123,85,29
sarsa_lambda,lambda,0.000,0.500,0.100,0.990,123,86,21
sarsa_lambda,lambda,0.000,0.500,0.100,0.990,123,87,45
sarsa_lambda,lambda,0.000,0.500,0.100,0.990,123,88,34
sarsa_lambda,lambda,0.000,0.500,0.100,0.990,123,89,28
sarsa_lambda,lambda,0.000,0.500,0.100,0.990,123,90,28
sarsa_lambda,lambda,0.000,0.500,0.100,0.990,123,91,34
sarsa_lambda,lambda,0.000,0.500,0.100,0.990,123,92,20
sarsa_lambda,lambda,0.000,0.500,0.100,0.990,123,93,27
sarsa_lambda,lambda,0.000,0.500,0.100,0.990,123,94,32
sarsa_lambda,lambda,0.000,0.500,0.100,0.990,123,95,22
sarsa_lambda,lambda,0.000,0.500,0.100,0.990,123,96,30
sarsa_lambda,lambda,0.000,0.500,0.100,0.990,123,97,42
sarsa_lambda,lambda,0.000,0.500,0.100,0.990,123,98,42
sarsa_lambda,lambda,0.000,0.500,0.100,0.990,123,99,20
sarsa_lambda,lambda,0.000,0.500,0.100,0.990,123,100,18
sarsa_lambda,lambda,0.100,0.500,0.100,0.990,13,1,1419
sarsa_lambda,lambda,0.100,0.500,0.100,0.990,13,2,73
sarsa_lambda,lambda,0.100,0.500,0.100,0.990,13,3,330
sarsa_lambda,lambda,0.100,0.500,0.100,0.990,13,4,393
sarsa_lambda,lambda,0.100,0.500,0.100,0.990,13,5,27
sarsa_lambda,lambda,0.100,0.500,0.100,0.990,13,6,228
sarsa_lambda,lambda,0.100,0.500,0.100,0.990,13,7,266
sarsa_lambda,lambda,0.100,0.500,0.100,0.990,13,8,213
sarsa_lambda,lambda,0.100,0.500,0.100,0.990,13,9,109
sarsa_lambda,lambda,0.100,0.500,0.100,0.990,13,10,73
sarsa_lambda,lambda,0.100,0.500,0.100,0.990,13,11,45
sarsa_lambda,lambda,0.100,0.500,0.100,0.990,13,12,81
sarsa_lambda,lambda,0.100,0.500,0.100,0.990,13,13,144
sarsa_lambda,lambda,0.100,0.500,0.100,0.990,13,14,77
sarsa_lambda,lambda,0.100,0.500,0.100,0.990,13,15,189
sarsa_lambda,lambda,0.100,0.500,0.100,0.990,13,16,119
sarsa_lambda,lambda,0.100,0.500,0.100,0.990,13,17,127
sarsa_lambda,lambda,0.100,0.500,0.100,0.990,13,18,36
sarsa_lambda,lambda,0.100,0.500,0.100,0.990,13,19,72
sarsa_lambda,lambda,0.100,0.500,0.100,0.990,13,20,28
sarsa_lambda,lambda,0.100,0.500,0.100,0.990,13,21,60
sarsa_lambda,lambda,0.100,0.500,0.100,0.990,13,22,108
sarsa_lambda,lambda,0.100,0.500,0.100,0.990,13,23,28
sarsa_lambda,lambda,0.100,0.500,0.100,0.990,13,24,241
sarsa_lambda,lambda,0.100,0.500,0.100,0.990,13,25,97
sarsa_lambda,lambda,0.100,0.500,0.100,0.990,13,26,34
sarsa_lambda,lambda,0.100,0.500,0.100,0.990,13,27,42
sarsa_lambda,lambda,0.100,0.500,0.100,0.990,13,28,36
sarsa_lambda,lambda,0.100,0.500,0.100,0.990,13,29,44
sarsa_lambda,lambda,0.100,0.500,0.100,0.990,13,30,34
sarsa_lambda,lambda,0.100,0.500,0.100,0.990,13,31,112
sarsa_lambda,lambda,0.100,0.500,0.100,0.990,13,32,39
sarsa_lambda,lambda,0.100,0.500,0.100,0.990,13,33,30
sarsa_lambda,lambda,0.100,0.500,0.100,0.990,13,34,38
sarsa_lambda,lambda,0.100,0.500,0.100,0.990,13,35,50
sarsa_lambda,lambda,0.100,0.500,0.100,0.990,13,36,32
sarsa_lambda,lambda,0.100,0.500,0.100,0.990,13,37,28
sarsa_lambda,lambda,0.100,0.500,0.100,0.990,13,38,34
sarsa_lambda,lambda,0.100,0.500,0.100,0.990,13,39,68
sarsa_lambda,lambda,0.100,0.500,0.100,0.990,13,40,22
sarsa_lambda,lambda,0.100,0.500,0.100,0.990,13,41,49
sarsa_lambda,lambda,0.100,0.500,0.100,0.990,13,42,74
sarsa_lambda,lambda,0.100,0.500,0.100,0.990,13,43,25
sarsa_lambda,lambda,0.100,0.500,0.100,0.990,13,44,25
sarsa_lambda,lambda,0.100,0.500,0.100,0.990,13,45,130
sarsa_lambda,lambda,0.100,0.500,0.100,0.990,13,46,51
sarsa_lambda,lambda,0.100,0.500,0.100,0.990,13,47,37
sarsa_lambda,lambda,0.100,0.500,0.100,0.990,13,48,30
sarsa_lambda,lambda,0.100,0.500,0.100,0.990,13,49,25
sarsa_lambda,lambda,0.100,0.500,0.100,0.990,13,50,30
sarsa_lambda,lambda,0.100,0.500,0.100,0.990,13,51,34
sarsa_lambda,lambda,0.100,0.500,0.100,0.990,13,52,69
sarsa_lambda,lambda,0.100,0.500,0.100,0.990,13,53,29
sarsa_lambda,lambda,0.100,0.500,0.100,0.990,13,54,28
sarsa_lambda,lambda,0.100,0.500,0.100,0.990,13,55,30
sarsa_lambda,lambda,0.100,0.500,0.100,0.990,13,56,26
sarsa_lambda,lambda,0.100,0.500,0.100,0.990,13,57,19
sarsa_lambda,lambda,0.100,0.500,0.100,0.990,13,58,34
sarsa_lambda,lambda,0.100,0.500,0.100,0.990,13,59,58
sarsa_lambda,lambda,0.100,0.500,0.100,0.990,13,60,42
sarsa_lambda,lambda,0.100,0.500,0.100,0.990,13,61,32
sarsa_lambda,lambda,0.100,0.500,0.100,0.990,13,62,46
sarsa_lambda,lambda,0.100,0.500,0.100,0.990,13,63,41
sarsa_lambda,lambda,0.100,0.500,0.100,0.990,13,64,20
sarsa_lambda,lambda,0.100,0.500,0.100,0.990,13,65,22
sarsa_lambda,lambda,0.100,0.500,0.100,0.990,13,66,35
sarsa_lambda,lambda,0.100,0.500,0.100,0.990,13,67,54
sarsa_lambda,lambda,0.100,0.500,0.100,0.990,13,68,28
sarsa_lambda,lambda,0.100,0.500,0.100,0.990,13,69,39
sarsa_lambda,lambda,0.100,0.500,0.100,0.990,13,70,40
sarsa_lambda,lambda,0.100,0.500,0.100,0.990,13,71,23
sarsa_lambda,lambda,0.100,0.500,0.100,0.990,13,72,27
sarsa_lambda,lambda,0.100,0.500,0.100,0.990,13,73,21
sarsa_lambda,lambda,0.100,0.500,0.100,0.990,13,74,32
sarsa_lambda,lambda,0.100,0.500,0.100,0.990,13,75,34
sarsa_lambda,lambda,0.100,0.500,0.100,0.990,13,76,35
sarsa_lambda,lambda,0.100,0.500,0.100,0.990,13,77,20
sarsa_lambda,lambda,0.100,0.500,0.100,0.990,13,78,20
sarsa_lambda,lambda,0.100,0.500,0.100,0.990,13,79,42
sarsa_lambda,lambda,0.100,0.500,0.100,0.990,13,80,41
sarsa_lambda,lambda,0.100,0.500,0.100,0.990,13,81,21
sarsa_lambda,lambda,0.100,0.500,0.100,0.990,13,82,25
sarsa_lambda,lambda,0.100,0.500,0.100,0.990,13,83,33
sarsa_lambda,lambda,0.100,0.500,0.100,0.990,13,84,27
sarsa_lambda,lambda,0.100,0.500,0.100,0.990,13,85,22
sarsa_lambda,lambda,0.100,0.500,0.100,0.990,13,86,21
sarsa_lambda,lambda,0.100,0.500,0.100,0.990,13,87,20
sarsa_lambda,lambda,0.100,0.500,0.100,0.990,13,88,27
sarsa_lambda,lambda,0.100,0.500,0.100,0.990,13,89,26
sarsa_lambda,lambda,0.100,0.500,0.100,0.990,13,90,35
sarsa_lambda,lambda,0.100,0.500,0.100,0.990,13,91,24
sarsa_lambda,lambda,0.100,0.500,0.100,0.990,13,92,22
sarsa_lambda,lambda,0.100,0.500,0.100,0.990,13,93,39
sarsa_lambda,lambda,0.100,0.500,0.100,0.990,13,94,29
sarsa_lambda,lambda,0.100,0.500,0.100,0.990,13,95,39
sarsa_lambda,lambda,0.100,0.500,0.100,0.990,13,96,25
sarsa_lambda,lambda,0.100,0.500,0.100,0.990,13,97,19
sarsa_lambda,lambda,0.100,0.500,0.100,0.990,13,98,20
sarsa_lambda,lambda,0.100,0.500,0.100,0.990,13,99,21
sarsa_lambda,lambda,0.100,0.500,0.100,0.990,13,100,20
sarsa_lambda,lambda,0.100,0.500,0.100,0.990,42,1,1412
sarsa_lambda,lambda,0.100,0.500,0.100,0.990,42,2,299
sarsa_lambda,lambda,0.100,0.500,0.100,0.990,42,3,147
sarsa_lambda,lambda,0.100,0.500,0.100,0.990,42,4,202
sarsa_lambda,lambda,0.100,0.500,0.100,0.990,42,5,262
sarsa_lambda,lambda,0.100,0.500,0.100,0.990,42,6,104
sarsa_lambda,lambda,0.100,0.500,0.100,0.990,42,7,183
sarsa_lambda,lambda,0.100,0.500,0.100,0.990,42,8,46
sarsa_lambda,lambda,0.100,0.500,0.100,0.990,42,9,114
sarsa_lambda,lambda,0.100,0.500,0.100,0.990,42,10,209
sarsa_lambda,lambda,0.100,0.500,0.100,0.990,42,11,95
sarsa_lambda,lambda,0.100,0.500,0.100,0.990,42,12,47
sarsa_lambda,lambda,0.100,0.500,0.100,0.990,42,13,37
sarsa_lambda,lambda,0.100,0.500,0.100,0.990,42,14,124
sarsa_lambda,lambda,0.100,0.500,0.100,0.990,42,15,38
sarsa_lambda,lambda,0.100,0.500,0.100,0.990,42,16,148
sarsa_lambda,lambda,0.100,0.500,0.100,0.990,42,17,89
sarsa_lambda,lambda,0.100,0.500,0.100,0.990,42,18,79
sarsa_lambda,lambda,0.100,0.500,0.100,0.990,42,19,55
sarsa_lambda,lambda,0.100,0.500,0.100,0.990,42,20,154
sarsa_lambda,lambda,0.100,0.500,0.100,0.990,42,21,29
sarsa_lambda,lambda,0.100,0.500,0.100,0.990,42,22,58
sarsa_lambda,lambda,0.100,0.500,0.100,0.990,42,23,118
sarsa_lambda,lambda,0.100,0.500,0.100,0.990,42,24,102
sarsa_lambda,lambda,0.100,0.500,0.100,0.990,42,25,148
sarsa_lambda,lambda,0.100,0.500,0.100,0.990,42,26,52
sarsa_lambda,lambda,0.100,0.500,0.100,0.990,42,27,33
sarsa_lambda,lambda,0.100,0.500,0.100,0.990,42,28,30
sarsa_lambda,lambda,0.100,0.500,0.100,0.990,42,29,24
sarsa_lambda,lambda,0.100,0.500,0.100,0.990,42,30,114
sarsa_lambda,lambda,0.100,0.500,0.100,0.990,42,31,24
sarsa_lambda,lambda,0.100,0.500,0.100,0.990,42,32,35
sarsa_lambda,lambda,0.100,0.500,0.100,0.990,42,33,28
sarsa_lambda,lambda,0.100,0.500,0.100,0.990,42,34,32
sarsa_lambda,lambda,0.100,0.500,0.100,0.990,42,35,70
sarsa_lambda,lambda,0.100,0.500,0.100,0.990,42,36,43
sarsa_lambda,lambda,0.100,0.500,0.100,0.990,42,37,33
sarsa_lambda,lambda,0.100,0.500,0.100,0.990,42,38,45
sarsa_lambda,lambda,0.100,0.500,0.100,0.990,42,39,32
sarsa_lambda,lambda,0.100,0.500,0.100,0.990,42,40,23
sarsa_lambda,lambda,0.100,0.500,0.100,0.990,42,41,51
sarsa_lambda,lambda,0.100,0.500,0.100,0.990,42,42,38
sarsa_lambda,lambda,0.100,0.500,0.100,0.990,42,43,36
sarsa_lambda,lambda,0.100,0.500,0.100,0.990,42,44,22
sarsa_lambda,lambda,0.100,0.500,0.100,0.990,42,45,33
sarsa_lambda,lambda,0.100,0.500,0.100,0.990,42,46,67
sarsa_lambda,lambda,0.100,0.500,0.100,0.990,42,47,59
sarsa_lambda,lambda,0.100,0.500,0.100,0.990,42,48,23
sarsa_lambda,lambda,0.100,0.500,0.100,0.990,42,49,28
sarsa_lambda,lambda,0.100,0.500,0.100,0.990,42,50,39
sarsa_lambda,lambda,0.100,0.500,0.100,0.990,42,51,19
sarsa_lambda,lambda,0.100,0.500,0.100,0.990,42,52,61
sarsa_lambda,lambda,0.100,0.500,0.100,0.990,42,53,48
sarsa_lambda,lambda,0.100,0.500,0.100,0.990,42,54,22
sarsa_lambda,lambda,0.100,0.500,0.100,0.990,42,55,27
sarsa_lambda,lambda,0.100,0.500,0.100,0.990,42,56,49
sarsa_lambda,lambda,0.100,0.500,0.100,0.990,42,57,27
sarsa_lambda,lambda,0.100,0.500,0.100,0.990,42,58,42
sarsa_lambda,lambda,0.100,0.500,0.100,0.990,42,59,21
sarsa_lambda,lambda,0.100,0.500,0.100,0.990,42,60,31
sarsa_lambda,lambda,0.100,0.500,0.100,0.990,42,61,56
sarsa_lambda,lambda,0.100,0.500,0.100,0.990,42,62,64
sarsa_lambda,lambda,0.100,0.500,0.100,0.990,42,63,39
sarsa_lambda,lambda,0.100,0.500,0.100,0.990,42,64,43
sarsa_lambda,lambda,0.100,0.500,0.100,0.990,42,65,40
sarsa_lambda,lambda,0.100,0.500,0.100,0.990,42,66,20
sarsa_lambda,lambda,0.100,0.500,0.100,0.990,42,67,26
sarsa_lambda,lambda,0.100,0.500,0.100,0.990,42,68,24
sarsa_lambda,lambda,0.100,0.500,0.100,0.990,42,69,22
sarsa_lambda,lambda,0.100,0.500,0.100,0.990,42,70,23
sarsa_lambda,lambda,0.100,0.500,0.100,0.990,42,71,29
sarsa_lambda,lambda,0.100,0.500,0.100,0.990,42,72,34
sarsa_lambda,lambda,0.100,0.500,0.100,0.990,42,73,25
sarsa_lambda,lambda,0.100,0.500,0.100,0.990,42,74,52
sarsa_lambda,lambda,0.100,0.500,0.100,0.990,42,75,58
sarsa_lambda,lambda,0.100,0.500,0.100,0.990,42,76,20
sarsa_lambda,lambda,0.100,0.500,0.100,0.990,42,77,38
sarsa_lambda,lambda,0.100,0.500,0.100,0.990,42,78,22
sarsa_lambda,lambda,0.100,0.500,0.100,0.990,42,79,30
sarsa_lambda,lambda,0.100,0.500,0.100,0.990,42,80,26
sarsa_lambda,lambda,0.100,0.500,0.100,0.990,42,81,44
sarsa_lambda,lambda,0.100,0.500,0.100,0.990,42,82,44
sarsa_lambda,lambda,0.100,0.500,0.100,0.990,42,83,50
sarsa_lambda,lambda,0.100,0.500,0.100,0.990,42,84,22
sarsa_lambda,lambda,0.100,0.500,0.100,0.990,42,85,25
sarsa_lambda,lambda,0.100,0.500,0.100,0.990,42,86,31
sarsa_lambda,lambda,0.100,0.500,0.100,0.990,42,87,19
sarsa_lambda,lambda,0.100,0.500,0.100,0.990,42,88,31
sarsa_lambda,lambda,0.100,0.500,0.100,0.990,42,89,28
sarsa_lambda,lambda,0.100,0.500,0.100,0.990,42,90,23
sarsa_lambda,lambda,0.100,0.500,0.100,0.990,42,91,32
sarsa_lambda,lambda,0.100,0.500,0.100,0.990,42,92,23
sarsa_lambda,lambda,0.100,0.500,0.100,0.990,42,93,35
sarsa_lambda,lambda,0.100,0.500,0.100,0.990,42,94,36
sarsa_lambda,lambda,0.100,0.500,0.100,0.990,42,95,48
sarsa_lambda,lambda,0.100,0.500,0.100,0.990,42,96,31
sarsa_lambda,lambda,0.100,0.500,0.100,0.990,42,97,18
sarsa_lambda,lambda,0.100,0.500,0.100,0.990,42,98,29
sarsa_lambda,lambda,0.100,0.500,0.100,0.990,42,99,41
sarsa_lambda,lambda,0.100,0.500,0.100,0.990,42,100,21
sarsa_lambda,lambda,0.100,0.500,0.100,0.990,123,1,1442
sarsa_lambda,lambda,0.100,0.500,0.100,0.990,123,2,323
sarsa_lambda,lambda,0.100,0.500,0.100,0.990,123,3,194
sarsa_lambda,lambda,0.100,0.500,0.100,0.990,123,4,198
sarsa_lambda,lambda,0.100,0.500,0.100,0.990,123,5,130
sarsa_lambda,lambda,0.100,0.500,0.100,0.990,123,6,186
sarsa_lambda,lambda,0.100,0.500,0.100,0.990,123,7,92
sarsa_lambda,lambda,0.100,0.500,0.100,0.990,123,8,199
sarsa_lambda,lambda,0.100,0.500,0.100,0.990,123,9,125
sarsa_lambda,lambda,0.100,0.500,0.100,0.990,123,10,132
sarsa_lambda,lambda,0.100,0.500,0.100,0.990,123,11,41
sarsa_lambda,lambda,0.100,0.500,0.100,0.990,123,12,32
sarsa_lambda,lambda,0.100,0.500,0.100,0.990,123,13,114
sarsa_lambda,lambda,0.100,0.500,0.100,0.990,123,14,22
sarsa_lambda,lambda,0.100,0.500,0.100,0.990,123,15,65
sarsa_lambda,lambda,0.100,0.500,0.100,0.990,123,16,171
sarsa_lambda,lambda,0.100,0.500,0.100,0.990,123,17,144
sarsa_lambda,lambda,0.100,0.500,0.100,0.990,123,18,38
sarsa_lambda,lambda,0.100,0.500,0.100,0.990,123,19,114
sarsa_lambda,lambda,0.100,0.500,0.100,0.990,123,20,26
sarsa_lambda,lambda,0.100,0.500,0.100,0.990,123,21,97
sarsa_lambda,lambda,0.100,0.500,0.100,0.990,123,22,25
sarsa_lambda,lambda,0.100,0.500,0.100,0.990,123,23,76
sarsa_lambda,lambda,0.100,0.500,0.100,0.990,123,24,82
sarsa_lambda,lambda,0.100,0.500,0.100,0.990,123,25,45
sarsa_lambda,lambda,0.100,0.500,0.100,0.990,123,26,60
sarsa_lambda,lambda,0.100,0.500,0.100,0.990,123,27,82
sarsa_lambda,lambda,0.100,0.500,0.100,0.990,123,28,33
sarsa_lambda,lambda,0.100,0.500,0.100,0.990,123,29,59
sarsa_lambda,lambda,0.100,0.500,0.100,0.990,123,30,46
sarsa_lambda,lambda,0.100,0.500,0.100,0.990,123,31,29
sarsa_lambda,lambda,0.100,0.500,0.100,0.990,123,32,40
sarsa_lambda,lambda,0.100,0.500,0.100,0.990,123,33,79
sarsa_lambda,lambda,0.100,0.500,0.100,0.990,123,34,33
sarsa_lambda,lambda,0.100,0.500,0.100,0.990,123,35,50
sarsa_lambda,lambda,0.100,0.500,0.100,0.990,123,36,58
sarsa_lambda,lambda,0.100,0.500,0.100,0.990,123,37,103
sarsa_lambda,lambda,0.100,0.500,0.100,0.990,123,38,49
sarsa_lambda,lambda,0.100,0.500,0.100,0.990,123,39,33
sarsa_lambda,lambda,0.100,0.500,0.100,0.990,123,40,46
sarsa_lambda,lambda,0.100,0.500,0.100,0.990,123,41,54
sarsa_lambda,lambda,0.100,0.500,0.100,0.990,123,42,36
sarsa_lambda,lambda,0.100,0.500,0.100,0.990,123,43,29
sarsa_lambda,lambda,0.100,0.500,0.100,0.990,123,44,35
sarsa_lambda,lambda,0.100,0.500,0.100,0.990,123,45,45
sarsa_lambda,lambda,0.100,0.500,0.100,0.990,123,46,26
sarsa_lambda,lambda,0.100,0.500,0.100,0.990,123,47,28
sarsa_lambda,lambda,0.100,0.500,0.100,0.990,123,48,45
sarsa_lambda,lambda,0.100,0.500,0.100,0.990,123,49,66
sarsa_lambda,lambda,0.100,0.500,0.100,0.990,123,50,43
sarsa_lambda,lambda,0.100,0.500,0.100,0.990,123,51,29
sarsa_lambda,lambda,0.100,0.500,0.100,0.990,123,52,39
sarsa_lambda,lambda,0.100,0.500,0.100,0.990,123,53,17
sarsa_lambda,lambda,0.100,0.500,0.100,0.990,123,54,32
sarsa_lambda,lambda,0.100,0.500,0.100,0.990,123,55,22
sarsa_lambda,lambda,0.100,0.500,0.100,0.990,123,56,29
sarsa_lambda,lambda,0.100,0.500,0.100,0.990,123,57,43
sarsa_lambda,lambda,0.100,0.500,0.100,0.990,123,58,22
sarsa_lambda,lambda,0.100,0.500,0.100,0.990,123,59,26
sarsa_lambda,lambda,0.100,0.500,0.100,0.990,123,60,35
sarsa_lambda,lambda,0.100,0.500,0.100,0.990,123,61,35
sarsa_lambda,lambda,0.100,0.500,0.100,0.990,123,62,22
sarsa_lambda,lambda,0.100,0.500,0.100,0.990,123,63,56
sarsa_lambda,lambda,0.100,0.500,0.100,0.990,123,64,47
sarsa_lambda,lambda,0.100,0.500,0.100,0.990,123,65,45
sarsa_lambda,lambda,0.100,0.500,0.100,0.990,123,66,21
sarsa_lambda,lambda,0.100,0.500,0.100,0.990,123,67,19
sarsa_lambda,lambda,0.100,0.500,0.100,0.990,123,68,27
sarsa_lambda,lambda,0.100,0.500,0.100,0.990,123,69,26
sarsa_lambda,lambda,0.100,0.500,0.100,0.990,123,70,41
sarsa_lambda,lambda,0.100,0.500,0.100,0.990,123,71,34
sarsa_lambda,lambda,0.100,0.500,0.100,0.990,123,72,25
sarsa_lambda,lambda,0.100,0.500,0.100,0.990,123,73,46
sarsa_lambda,lambda,0.100,0.500,0.100,0.990,123,74,21
sarsa_lambda,lambda,0.100,0.500,0.100,0.990,123,75,33
sarsa_lambda,lambda,0.100,0.500,0.100,0.990,123,76,28
sarsa_lambda,lambda,0.100,0.500,0.100,0.990,123,77,28
sarsa_lambda,lambda,0.100,0.500,0.100,0.990,123,78,20
sarsa_lambda,lambda,0.100,0.500,0.100,0.990,123,79,30
sarsa_lambda,lambda,0.100,0.500,0.100,0.990,123,80,24
sarsa_lambda,lambda,0.100,0.500,0.100,0.990,123,81,35
sarsa_lambda,lambda,0.100,0.500,0.100,0.990,123,82,30
sarsa_lambda,lambda,0.100,0.500,0.100,0.990,123,83,24
sarsa_lambda,lambda,0.100,0.500,0.100,0.990,123,84,36
sarsa_lambda,lambda,0.100,0.500,0.100,0.990,123,85,45
sarsa_lambda,lambda,0.100,0.500,0.100,0.990,123,86,24
sarsa_lambda,lambda,0.100,0.500,0.100,0.990,123,87,20
sarsa_lambda,lambda,0.100,0.500,0.100,0.990,123,88,31
sarsa_lambda,lambda,0.100,0.500,0.100,0.990,123,89,19
sarsa_lambda,lambda,0.100,0.500,0.100,0.990,123,90,33
sarsa_lambda,lambda,0.100,0.500,0.100,0.990,123,91,25
sarsa_lambda,lambda,0.100,0.500,0.100,0.990,123,92,46
sarsa_lambda,lambda,0.100,0.500,0.100,0.990,123,93,23
sarsa_lambda,lambda,0.100,0.500,0.100,0.990,123,94,44
sarsa_lambda,lambda,0.100,0.500,0.100,0.990,123,95,48
sarsa_lambda,lambda,0.100,0.500,0.100,0.990,123,96,22
sarsa_lambda,lambda,0.100,0.500,0.100,0.990,123,97,37
sarsa_lambda,lambda,0.100,0.500,0.100,0.990,123,98,18
sarsa_lambda,lambda,0.100,0.500,0.100,0.990,123,99,22
sarsa_lambda,lambda,0.100,0.500,0.100,0.990,123,100,34
sarsa_lambda,lambda,0.500,0.500,0.100,0.990,13,1,1314
sarsa_lambda,lambda,0.500,0.500,0.100,0.990,13,2,190
sarsa_lambda,lambda,0.500,0.500,0.100,0.990,13,3,50
sarsa_lambda,lambda,0.500,0.500,0.100,0.990,13,4,87
sarsa_lambda,lambda,0.500,0.500,0.100,0.990,13,5,249
sarsa_lambda,lambda,0.500,0.500,0.100,0.990,13,6,106
sarsa_lambda,lambda,0.500,0.500,0.100,0.990,13,7,252
sarsa_lambda,lambda,0.500,0.500,0.100,0.990,13,8,29
sarsa_lambda,lambda,0.500,0.500,0.100,0.990,13,9,143
sarsa_lambda,lambda,0.500,0.500,0.100,0.990,13,10,81
sarsa_lambda,lambda,0.500,0.500,0.100,0.990,13,11,87
sarsa_lambda,lambda,0.500,0.500,0.100,0.990,13,12,27
sarsa_lambda,lambda,0.500,0.500,0.100,0.990,13,13,32
sarsa_lambda,lambda,0.500,0.500,0.100,0.990,13,14,20
sarsa_lambda,lambda,0.500,0.500,0.100,0.990,13,15,181
sarsa_lambda,lambda,0.500,0.500,0.100,0.990,13,16,41
sarsa_lambda,lambda,0.500,0.500,0.100,0.990,13,17,67
sarsa_lambda,lambda,0.500,0.500,0.100,0.990,13,18,52
sarsa_lambda,lambda,0.500,0.500,0.100,0.990,13,19,32
sarsa_lambda,lambda,0.500,0.500,0.100,0.990,13,20,28
sarsa_lambda,lambda,0.500,0.500,0.100,0.990,13,21,39
sarsa_lambda,lambda,0.500,0.500,0.100,0.990,13,22,40
sarsa_lambda,lambda,0.500,0.500,0.100,0.990,13,23,20
sarsa_lambda,lambda,0.500,0.500,0.100,0.990,13,24,24
sarsa_lambda,lambda,0.500,0.500,0.100,0.990,13,25,29
sarsa_lambda,lambda,0.500,0.500,0.100,0.990,13,26,48
sarsa_lambda,lambda,0.500,0.500,0.100,0.990,13,27,31
sarsa_lambda,lambda,0.500,0.500,0.100,0.990,13,28,28
sarsa_lambda,lambda,0.500,0.500,0.100,0.990,13,29,56
sarsa_lambda,lambda,0.500,0.500,0.100,0.990,13,30,27
sarsa_lambda,lambda,0.500,0.500,0.100,0.990,13,31,84
sarsa_lambda,lambda,0.500,0.500,0.100,0.990,13,32,29
sarsa_lambda,lambda,0.500,0.500,0.100,0.990,13,33,45
sarsa_lambda,lambda,0.500,0.500,0.100,0.990,13,34,35
sarsa_lambda,lambda,0.500,0.500,0.100,0.990,13,35,35
sarsa_lambda,lambda,0.500,0.500,0.100,0.990,13,36,53
sarsa_lambda,lambda,0.500,0.500,0.100,0.990,13,37,18
sarsa_lambda,lambda,0.500,0.500,0.100,0.990,13,38,20
sarsa_lambda,lambda,0.500,0.500,0.100,0.990,13,39,25
sarsa_lambda,lambda,0.500,0.500,0.100,0.990,13,40,25
sarsa_lambda,lambda,0.500,0.500,0.100,0.990,13,41,47
sarsa_lambda,lambda,0.500,0.500,0.100,0.990,13,42,21
sarsa_lambda,lambda,0.500,0.500,0.100,0.990,13,43,26
sarsa_lambda,lambda,0.500,0.500,0.100,0.990,13,44,32
sarsa_lambda,lambda,0.500,0.500,0.100,0.990,13,45,27
sarsa_lambda,lambda,0.500,0.500,0.100,0.990,13,46,31
sarsa_lambda,lambda,0.500,0.500,0.100,0.990,13,47,20
sarsa_lambda,lambda,0.500,0.500,0.100,0.990,13,48,17
sarsa_lambda,lambda,0.500,0.500,0.100,0.990,13,49,17
sarsa_lambda,lambda,0.500,0.500,0.100,0.990,13,50,52
sarsa_lambda,lambda,0.500,0.500,0.100,0.990,13,51,29
sarsa_lambda,lambda,0.500,0.500,0.100,0.990,13,52,19
sarsa_lambda,lambda,0.500,0.500,0.100,0.990,13,53,18
sarsa_lambda,lambda,0.500,0.500,0.100,0.990,13,54,17
sarsa_lambda,lambda,0.500,0.500,0.100,0.990,13,55,36
sarsa_lambda,lambda,0.500,0.500,0.100,0.990,13,56,17
sarsa_lambda,lambda,0.500,0.500,0.100,0.990,13,57,21
sarsa_lambda,lambda,0.500,0.500,0.100,0.990,13,58,27
sarsa_lambda,lambda,0.500,0.500,0.100,0.990,13,59,24
sarsa_lambda,lambda,0.500,0.500,0.100,0.990,13,60,19
sarsa_lambda,lambda,0.500,0.500,0.100,0.990,13,61,33
sarsa_lambda,lambda,0.500,0.500,0.100,0.990,13,62,34
sarsa_lambda,lambda,0.500,0.500,0.100,0.990,13,63,46
sarsa_lambda,lambda,0.500,0.500,0.100,0.990,13,64,29
sarsa_lambda,lambda,0.500,0.500,0.100,0.990,13,65,20
sarsa_lambda,lambda,0.500,0.500,0.100,0.990,13,66,21
sarsa_lambda,lambda,0.500,0.500,0.100,0.990,13,67,43
sarsa_lambda,lambda,0.500,0.500,0.100,0.990,13,68,46
sarsa_lambda,lambda,0.500,0.500,0.100,0.990,13,69,38
sarsa_lambda,lambda,0.500,0.500,0.100,0.990,13,70,38
sarsa_lambda,lambda,0.500,0.500,0.100,0.990,13,71,42
sarsa_lambda,lambda,0.500,0.500,0.100,0.990,13,72,39
sarsa_lambda,lambda,0.500,0.500,0.100,0.990,13,73,20
sarsa_lambda,lambda,0.500,0.500,0.100,0.990,13,74,36
sarsa_lambda,lambda,0.500,0.500,0.100,0.990,13,75,42
sarsa_lambda,lambda,0.500,0.500,0.100,0.990,13,76,25
sarsa_lambda,lambda,0.500,0.500,0.100,0.990,13,77,29
sarsa_lambda,lambda,0.500,0.500,0.100,0.990,13,78,24
sarsa_lambda,lambda,0.500,0.500,0.100,0.990,13,79,20
sarsa_lambda,lambda,0.500,0.500,0.100,0.990,13,80,38
sarsa_lambda,lambda,0.500,0.500,0.100,0.990,13,81,33
sarsa_lambda,lambda,0.500,0.500,0.100,0.990,13,82,35
sarsa_lambda,lambda,0.500,0.500,0.100,0.990,13,83,24
sarsa_lambda,lambda,0.500,0.500,0.100,0.990,13,84,36
sarsa_lambda,lambda,0.500,0.500,0.100,0.990,13,85,17
sarsa_lambda,lambda,0.500,0.500,0.100,0.990,13,86,18
sarsa_lambda,lambda,0.500,0.500,0.100,0.990,13,87,20
sarsa_lambda,lambda,0.500,0.500,0.100,0.990,13,88,23
sarsa_lambda,lambda,0.500,0.500,0.100,0.990,13,89,17
sarsa_lambda,lambda,0.500,0.500,0.100,0.990,13,90,18
sarsa_lambda,lambda,0.500,0.500,0.100,0.990,13,91,17
sarsa_lambda,lambda,0.500,0.500,0.100,0.990,13,92,20
sarsa_lambda,lambda,0.500,0.500,0.100,0.990,13,93,25
sarsa_lambda,lambda,0.500,0.500,0.100,0.990,13,94,17
sarsa_lambda,lambda,0.500,0.500,0.100,0.990,13,95,20
sarsa_lambda,lambda,0.500,0.500,0.100,0.990,13,96,20
sarsa_lambda,lambda,0.500,0.500,0.100,0.990,13,97,17
sarsa_lambda,lambda,0.500,0.500,0.100,0.990,13,98,21
sarsa_lambda,lambda,0.500,0.500,0.100,0.990,13,99,18
sarsa_lambda,lambda,0.500,0.500,0.100,0.990,13,100,19
sarsa_lambda,lambda,0.500,0.500,0.100,0.990,42,1,925
sarsa_lambda,lambda,0.500,0.500,0.100,0.990,42,2,317
sarsa_lambda,lambda,0.500,0.500,0.100,0.990,42,3,293
sarsa_lambda,lambda,0.500,0.500,0.100,0.990,42,4,80
sarsa_lambda,lambda,0.500,0.500,0.100,0.990,42,5,134
sarsa_lambda,lambda,0.500,0.500,0.100,0.990,42,6,166
sarsa_lambda,lambda,0.500,0.500,0.100,0.990,42,7,38
sarsa_lambda,lambda,0.500,0.500,0.100,0.990,42,8,30
sarsa_lambda,lambda,0.500,0.500,0.100,0.990,42,9,113
sarsa_lambda,lambda,0.500,0.500,0.100,0.990,42,10,34
sarsa_lambda,lambda,0.500,0.500,0.100,0.990,42,11,83
sarsa_lambda,lambda,0.500,0.500,0.100,0.990,42,12,105
sarsa_lambda,lambda,0.500,0.500,0.100,0.990,42,13,117
sarsa_lambda,lambda,0.500,0.500,0.100,0.990,42,14,60
sarsa_lambda,lambda,0.500,0.500,0.100,0.990,42,15,88
sarsa_lambda,lambda,0.500,0.500,0.100,0.990,42,16,24
sarsa_lambda,lambda,0.500,0.500,0.100,0.990,42,17,21
sarsa_lambda,lambda,0.500,0.500,0.100,0.990,42,18,33
sarsa_lambda,lambda,0.500,0.500,0.100,0.990,42,19,135
sarsa_lambda,lambda,0.500,0.500,0.100,0.990,42,20,53
sarsa_lambda,lambda,0.500,0.500,0.100,0.990,42,21,58
sarsa_lambda,lambda,0.500,0.500,0.100,0.990,42,22,65
sarsa_lambda,lambda,0.500,0.500,0.100,0.990,42,23,49
sarsa_lambda,lambda,0.500,0.500,0.100,0.990,42,24,42
sarsa_lambda,lambda,0.500,0.500,0.100,0.990,42,25,32
sarsa_lambda,lambda,0.500,0.500,0.100,0.990,42,26,35
sarsa_lambda,lambda,0.500,0.500,0.100,0.990,42,27,31
sarsa_lambda,lambda,0.500,0.500,0.100,0.990,42,28,36
sarsa_lambda,lambda,0.500,0.500,0.100,0.990,42,29,57
sarsa_lambda,lambda,0.500,0.500,0.100,0.990,42,30,33
sarsa_lambda,lambda,0.500,0.500,0.100,0.990,42,31,31
sarsa_lambda,lambda,0.500,0.500,0.100,0.990,42,32,21
sarsa_lambda,lambda,0.500,0.500,0.100,0.990,42,33,30
sarsa_lambda,lambda,0.500,0.500,0.100,0.990,42,34,27
sarsa_lambda,lambda,0.500,0.500,0.100,0.990,42,35,27
sarsa_lambda,lambda,0.500,0.500,0.100,0.990,42,36,37
sarsa_lambda,lambda,0.500,0.500,0.100,0.990,42,37,45
sarsa_lambda,lambda,0.500,0.500,0.100,0.990,42,38,74
sarsa_lambda,lambda,0.500,0.500,0.100,0.990,42,39,29
sarsa_lambda,lambda,0.500,0.500,0.100,0.990,42,40,38
sarsa_lambda,lambda,0.500,0.500,0.100,0.990,42,41,19
sarsa_lambda,lambda,0.500,0.500,0.100,0.990,42,42,82
sarsa_lambda,lambda,0.500,0.500,0.100,0.990,42,43,21
sarsa_lambda,lambda,0.500,0.500,0.100,0.990,42,44,41
sarsa_lambda,lambda,0.500,0.500,0.100,0.990,42,45,36
sarsa_lambda,lambda,0.500,0.500,0.100,0.990,42,46,23
sarsa_lambda,lambda,0.500,0.500,0.100,0.990,42,47,20
sarsa_lambda,lambda,0.500,0.500,0.100,0.990,42,48,29
sarsa_lambda,lambda,0.500,0.500,0.100,0.990,42,49,32
sarsa_lambda,lambda,0.500,0.500,0.100,0.990,42,50,66
sarsa_lambda,lambda,0.500,0.500,0.100,0.990,42,51,38
sarsa_lambda,lambda,0.500,0.500,0.100,0.990,42,52,28
sarsa_lambda,lambda,0.500,0.500,0.100,0.990,42,53,24
sarsa_lambda,lambda,0.500,0.500,0.100,0.990,42,54,38
sarsa_lambda,lambda,0.500,0.500,0.100,0.990,42,55,35
sarsa_lambda,lambda,0.500,0.500,0.100,0.990,42,56,42
sarsa_lambda,lambda,0.500,0.500,0.100,0.990,42,57,20
sarsa_lambda,lambda,0.500,0.500,0.100,0.990,42,58,24
sarsa_lambda,lambda,0.500,0.500,0.100,0.990,42,59,60
sarsa_lambda,lambda,0.500,0.500,0.100,0.990,42,60,19
sarsa_lambda,lambda,0.500,0.500,0.100,0.990,42,61,17
sarsa_lambda,lambda,0.500,0.500,0.100,0.990,42,62,21
sarsa_lambda,lambda,0.500,0.500,0.100,0.990,42,63,18
sarsa_lambda,lambda,0.500,0.500,0.100,0.990,42,64,29
sarsa_lambda,lambda,0.500,0.500,0.100,0.990,42,65,18
sarsa_lambda,lambda,0.500,0.500,0.100,0.990,42,66,19
sarsa_lambda,lambda,0.500,0.500,0.100,0.990,42,67,23
sarsa_lambda,lambda,0.500,0.500,0.100,0.990,42,68,22
sarsa_lambda,lambda,0.500,0.500,0.100,0.990,42,69,36
sarsa_lambda,lambda,0.500,0.500,0.100,0.990,42,70,38
sarsa_lambda,lambda,0.500,0.500,0.100,0.990,42,71,23
sarsa_lambda,lambda,0.500,0.500,0.100,0.990,42,72,18
sarsa_lambda,lambda,0.500,0.500,0.100,0.990,42,73,34
sarsa_lambda,lambda,0.500,0.500,0.100,0.990,42,74,29
sarsa_lambda,lambda,0.500,0.500,0.100,0.990,42,75,24
sarsa_lambda,lambda,0.500,0.500,0.100,0.990,42,76,18
sarsa_lambda,lambda,0.500,0.500,0.100,0.990,42,77,23
sarsa_lambda,lambda,0.500,0.500,0.100,0.990,42,78,52
sarsa_lambda,lambda,0.500,0.500,0.100,0.990,42,79,20
sarsa_lambda,lambda,0.500,0.500,0.100,0.990,42,80,17
sarsa_lambda,lambda,0.500,0.500,0.100,0.990,42,81,17
sarsa_lambda,lambda,0.500,0.500,0.100,0.990,42,82,17
sarsa_lambda,lambda,0.500,0.500,0.100,0.990,42,83,26
sarsa_lambda,lambda,0.500,0.500,0.100,0.990,42,84,19
sarsa_lambda,lambda,0.500,0.500,0.100,0.990,42,85,19
sarsa_lambda,lambda,0.500,0.500,0.100,0.990,42,86,25
sarsa_lambda,lambda,0.500,0.500,0.100,0.990,42,87,18
sarsa_lambda,lambda,0.500,0.500,0.100,0.990,42,88,19
sarsa_lambda,lambda,0.500,0.500,0.100,0.990,42,89,19
sarsa_lambda,lambda,0.500,0.500,0.100,0.990,42,90,19
sarsa_lambda,lambda,0.500,0.500,0.100,0.990,42,91,19
sarsa_lambda,lambda,0.500,0.500,0.100,0.990,42,92,17
sarsa_lambda,lambda,0.500,0.500,0.100,0.990,42,93,20
sarsa_lambda,lambda,0.500,0.500,0.100,0.990,42,94,18
sarsa_lambda,lambda,0.500,0.500,0.100,0.990,42,95,17
sarsa_lambda,lambda,0.500,0.500,0.100,0.990,42,96,18
sarsa_lambda,lambda,0.500,0.500,0.100,0.990,42,97,18
sarsa_lambda,lambda,0.500,0.500,0.100,0.990,42,98,18
sarsa_lambda,lambda,0.500,0.500,0.100,0.990,42,99,23
sarsa_lambda,lambda,0.500,0.500,0.100,0.990,42,100,31
sarsa_lambda,lambda,0.500,0.500,0.100,0.990,123,1,1458
sarsa_lambda,lambda,0.500,0.500,0.100,0.990,123,2,293
sarsa_lambda,lambda,0.500,0.500,0.100,0.990,123,3,211
sarsa_lambda,lambda,0.500,0.500,0.100,0.990,123,4,30
sarsa_lambda,lambda,0.500,0.500,0.100,0.990,123,5,53
sarsa_lambda,lambda,0.500,0.500,0.100,0.990,123,6,57
sarsa_lambda,lambda,0.500,0.500,0.100,0.990,123,7,39
sarsa_lambda,lambda,0.500,0.500,0.100,0.990,123,8,62
sarsa_lambda,lambda,0.500,0.500,0.100,0.990,123,9,34
sarsa_lambda,lambda,0.500,0.500,0.100,0.990,123,10,58
sarsa_lambda,lambda,0.500,0.500,0.100,0.990,123,11,46
sarsa_lambda,lambda,0.500,0.500,0.100,0.990,123,12,59
sarsa_lambda,lambda,0.500,0.500,0.100,0.990,123,13,112
sarsa_lambda,lambda,0.500,0.500,0.100,0.990,123,14,72
sarsa_lambda,lambda,0.500,0.500,0.100,0.990,123,15,101
sarsa_lambda,lambda,0.500,0.500,0.100,0.990,123,16,21
sarsa_lambda,lambda,0.500,0.500,0.100,0.990,123,17,39
sarsa_lambda,lambda,0.500,0.500,0.100,0.990,123,18,29
sarsa_lambda,lambda,0.500,0.500,0.100,0.990,123,19,83
sarsa_lambda,lambda,0.500,0.500,0.100,0.990,123,20,28
sarsa_lambda,lambda,0.500,0.500,0.100,0.990,123,21,41
sarsa_lambda,lambda,0.500,0.500,0.100,0.990,123,22,63
sarsa_lambda,lambda,0.500,0.500,0.100,0.990,123,23,39
sarsa_lambda,lambda,0.500,0.500,0.100,0.990,123,24,25
sarsa_lambda,lambda,0.500,0.500,0.100,0.990,123,25,30
sarsa_lambda,lambda,0.500,0.500,0.100,0.990,123,26,37
sarsa_lambda,lambda,0.500,0.500,0.100,0.990,123,27,76
sarsa_lambda,lambda,0.500,0.500,0.100,0.990,123,28,28
sarsa_lambda,lambda,0.500,0.500,0.100,0.990,123,29,19
sarsa_lambda,lambda,0.500,0.500,0.100,0.990,123,30,31
sarsa_lambda,lambda,0.500,0.500,0.100,0.990,123,31,31
sarsa_lambda,lambda,0.500,0.500,0.100,0.990,123,32,46
sarsa_lambda,lambda,0.500,0.500,0.100,0.990,123,33,26
sarsa_lambda,lambda,0.500,0.500,0.100,0.990,123,34,37
sarsa_lambda,lambda,0.500,0.500,0.100,0.990,123,35,26
sarsa_lambda,lambda,0.500,0.500,0.100,0.990,123,36,28
sarsa_lambda,lambda,0.500,0.500,0.100,0.990,123,37,23
sarsa_lambda,lambda,0.500,0.500,0.100,0.990,123,38,24
sarsa_lambda,lambda,0.500,0.500,0.100,0.990,123,39,32
sarsa_lambda,lambda,0.500,0.500,0.100,0.990,123,40,26
sarsa_lambda,lambda,0.500,0.500,0.100,0.990,123,41,35
sarsa_lambda,lambda,0.500,0.500,0.100,0.990,123,42,20
sarsa_lambda,lambda,0.500,0.500,0.100,0.990,123,43,40
sarsa_lambda,lambda,0.500,0.500,0.100,0.990,123,44,60
sarsa_lambda,lambda,0.500,0.500,0.100,0.990,123,45,26
sarsa_lambda,lambda,0.500,0.500,0.100,0.990,123,46,26
sarsa_lambda,lambda,0.500,0.500,0.100,0.990,123,47,72
sarsa_lambda,lambda,0.500,0.500,0.100,0.990,123,48,36
sarsa_lambda,lambda,0.500,0.500,0.100,0.990,123,49,21
sarsa_lambda,lambda,0.500,0.500,0.100,0.990,123,50,23
sarsa_lambda,lambda,0.500,0.500,0.100,0.990,123,51,57
sarsa_lambda,lambda,0.500,0.500,0.100,0.990,123,52,32
sarsa_lambda,lambda,0.500,0.500,0.100,0.990,123,53,31
sarsa_lambda,lambda,0.500,0.500,0.100,0.990,123,54,44
sarsa_lambda,lambda,0.500,0.500,0.100,0.990,123,55,32
sarsa_lambda,lambda,0.500,0.500,0.100,0.990,123,56,29
sarsa_lambda,lambda,0.500,0.500,0.100,0.990,123,57,24
sarsa_lambda,lambda,0.500,0.500,0.100,0.990,123,58,34
sarsa_lambda,lambda,0.500,0.500,0.100,0.990,123,59,20
sarsa_lambda,lambda,0.500,0.500,0.100,0.990,123,60,34
sarsa_lambda,lambda,0.500,0.500,0.100,0.990,123,61,20
sarsa_lambda,lambda,0.500,0.500,0.100,0.990,123,62,24
sarsa_lambda,lambda,0.500,0.500,0.100,0.990,123,63,19
sarsa_lambda,lambda,0.500,0.500,0.100,0.990,123,64,20
sarsa_lambda,lambda,0.500,0.500,0.100,0.990,123,65,26
sarsa_lambda,lambda,0.500,0.500,0.100,0.990,123,66,24
sarsa_lambda,lambda,0.500,0.500,0.100,0.990,123,67,29
sarsa_lambda,lambda,0.500,0.500,0.100,0.990,123,68,19
sarsa_lambda,lambda,0.500,0.500,0.100,0.990,123,69,20
sarsa_lambda,lambda,0.500,0.500,0.100,0.990,123,70,21
sarsa_lambda,lambda,0.500,0.500,0.100,0.990,123,71,18
sarsa_lambda,lambda,0.500,0.500,0.100,0.990,123,72,28
sarsa_lambda,lambda,0.500,0.500,0.100,0.990,123,73,23
sarsa_lambda,lambda,0.500,0.500,0.100,0.990,123,74,20
sarsa_lambda,lambda,0.500,0.500,0.100,0.990,123,75,18
sarsa_lambda,lambda,0.500,0.500,0.100,0.990,123,76,17
sarsa_lambda,lambda,0.500,0.500,0.100,0.990,123,77,17
sarsa_lambda,lambda,0.500,0.500,0.100,0.990,123,78,21
sarsa_lambda,lambda,0.500,0.500,0.100,0.990,123,79,22
sarsa_lambda,lambda,0.500,0.500,0.100,0.990,123,80,24
sarsa_lambda,lambda,0.500,0.500,0.100,0.990,123,81,25
sarsa_lambda,lambda,0.500,0.500,0.100,0.990,123,82,21
sarsa_lambda,lambda,0.500,0.500,0.100,0.990,123,83,24
sarsa_lambda,lambda,0.500,0.500,0.100,0.990,123,84,21
sarsa_lambda,lambda,0.500,0.500,0.100,0.990,123,85,24
sarsa_lambda,lambda,0.500,0.500,0.100,0.990,123,86,29
sarsa_lambda,lambda,0.500,0.500,0.100,0.990,123,87,33
sarsa_lambda,lambda,0.500,0.500,0.100,0.990,123,88,34
sarsa_lambda,lambda,0.500,0.500,0.100,0.990,123,89,20
sarsa_lambda,lambda,0.500,0.500,0.100,0.990,123,90,34
sarsa_lambda,lambda,0.500,0.500,0.100,0.990,123,91,21
sarsa_lambda,lambda,0.500,0.500,0.100,0.990,123,92,21
sarsa_lambda,lambda,0.500,0.500,0.100,0.990,123,93,24
sarsa_lambda,lambda,0.500,0.500,0.100,0.990,123,94,29
sarsa_lambda,lambda,0.500,0.500,0.100,0.990,123,95,27
sarsa_lambda,lambda,0.500,0.500,0.100,0.990,123,96,67
sarsa_lambda,lambda,0.500,0.500,0.100,0.990,123,97,22
sarsa_lambda,lambda,0.500,0.500,0.100,0.990,123,98,25
sarsa_lambda,lambda,0.500,0.500,0.100,0.990,123,99,20
sarsa_lambda,lambda,0.500,0.500,0.100,0.990,123,100,17
sarsa_lambda,lambda,1.000,0.500,0.100,0.990,13,1,7861
sarsa_lambda,lambda,1.000,0.500,0.100,0.990,13,2,796
sarsa_lambda,lambda,1.000,0.500,0.100,0.990,13,3,51
sarsa_lambda,lambda,1.000,0.500,0.100,0.990,13,4,26
sarsa_lambda,lambda,1.000,0.500,0.100,0.990,13,5,25
sarsa_lambda,lambda,1.000,0.500,0.100,0.990,13,6,19
sarsa_lambda,lambda,1.000,0.500,0.100,0.990,13,7,21
sarsa_lambda,lambda,1.000,0.500,0.100,0.990,13,8,18
sarsa_lambda,lambda,1.000,0.500,0.100,0.990,13,9,22
sarsa_lambda,lambda,1.000,0.500,0.100,0.990,13,10,21
sarsa_lambda,lambda,1.000,0.500,0.100,0.990,13,11,18
sarsa_lambda,lambda,1.000,0.500,0.100,0.990,13,12,18
sarsa_lambda,lambda,1.000,0.500,0.100,0.990,13,13,20
sarsa_lambda,lambda,1.000,0.500,0.100,0.990,13,14,18
sarsa_lambda,lambda,1.000,0.500,0.100,0.990,13,15,18
sarsa_lambda,lambda,1.000,0.500,0.100,0.990,13,16,38
sarsa_lambda,lambda,1.000,0.500,0.100,0.990,13,17,18
sarsa_lambda,lambda,1.000,0.500,0.100,0.990,13,18,27
sarsa_lambda,lambda,1.000,0.500,0.100,0.990,13,19,32
sarsa_lambda,lambda,1.000,0.500,0.100,0.990,13,20,20
sarsa_lambda,lambda,1.000,0.500,0.100,0.990,13,21,34
sarsa_lambda,lambda,1.000,0.500,0.100,0.990,13,22,18
sarsa_lambda,lambda,1.000,0.500,0.100,0.990,13,23,23
sarsa_lambda,lambda,1.000,0.500,0.100,0.990,13,24,28
sarsa_lambda,lambda,1.000,0.500,0.100,0.990,13,25,18
sarsa_lambda,lambda,1.000,0.500,0.100,0.990,13,26,18
sarsa_lambda,lambda,1.000,0.500,0.100,0.990,13,27,23
sarsa_lambda,lambda,1.000,0.500,0.100,0.990,13,28,23
sarsa_lambda,lambda,1.000,0.500,0.100,0.990,13,29,29
sarsa_lambda,lambda,1.000,0.500,0.100,0.990,13,30,23
sarsa_lambda,lambda,1.000,0.500,0.100,0.990,13,31,20
sarsa_lambda,lambda,1.000,0.500,0.100,0.990,13,32,20
sarsa_lambda,lambda,1.000,0.500,0.100,0.990,13,33,18
sarsa_lambda,lambda,1.000,0.500,0.100,0.990,13,34,18
sarsa_lambda,lambda,1.000,0.500,0.100,0.990,13,35,19
sarsa_lambda,lambda,1.000,0.500,0.100,0.990,13,36,20
sarsa_lambda,lambda,1.000,0.500,0.100,0.990,13,37,25
sarsa_lambda,lambda,1.000,0.500,0.100,0.990,13,38,18
sarsa_lambda,lambda,1.000,0.500,0.100,0.990,13,39,18
sarsa_lambda,lambda,1.000,0.500,0.100,0.990,13,40,18
sarsa_lambda,lambda,1.000,0.500,0.100,0.990,13,41,19
sarsa_lambda,lambda,1.000,0.500,0.100,0.990,13,42,22
sarsa_lambda,lambda,1.000,0.500,0.100,0.990,13,43,22
sarsa_lambda,lambda,1.000,0.500,0.100,0.990,13,44,20
sarsa_lambda,lambda,1.000,0.500,0.100,0.990,13,45,18
sarsa_lambda,lambda,1.000,0.500,0.100,0.990,13,46,23
sarsa_lambda,lambda,1.000,0.500,0.100,0.990,13,47,19
sarsa_lambda,lambda,1.000,0.500,0.100,0.990,13,48,21
sarsa_lambda,lambda,1.000,0.500,0.100,0.990,13,49,21
sarsa_lambda,lambda,1.000,0.500,0.100,0.990,13,50,20
sarsa_lambda,lambda,1.000,0.500,0.100,0.990,13,51,21
sarsa_lambda,lambda,1.000,0.500,0.100,0.990,13,52,23
sarsa_lambda,lambda,1.000,0.500,0.100,0.990,13,53,20
sarsa_lambda,lambda,1.000,0.500,0.100,0.990,13,54,64
sarsa_lambda,lambda,1.000,0.500,0.100,0.990,13,55,29
sarsa_lambda,lambda,1.000,0.500,0.100,0.990,13,56,24
sarsa_lambda,lambda,1.000,0.500,0.100,0.990,13,57,22
sarsa_lambda,lambda,1.000,0.500,0.100,0.990,13,58,19
sarsa_lambda,lambda,1.000,0.500,0.100,0.990,13,59,20
sarsa_lambda,lambda,1.000,0.500,0.100,0.990,13,60,20
sarsa_lambda,lambda,1.000,0.500,0.100,0.990,13,61,18
sarsa_lambda,lambda,1.000,0.500,0.100,0.990,13,62,23
sarsa_lambda,lambda,1.000,0.500,0.100,0.990,13,63,21
sarsa_lambda,lambda,1.000,0.500,0.100,0.990,13,64,19
sarsa_lambda,lambda,1.000,0.500,0.100,0.990,13,65,21
sarsa_lambda,lambda,1.000,0.500,0.100,0.990,13,66,161
sarsa_lambda,lambda,1.000,0.500,0.100,0.990,13,67,24
sarsa_lambda,lambda,1.000,0.500,0.100,0.990,13,68,27
sarsa_lambda,lambda,1.000,0.500,0.100,0.990,13,69,19
sarsa_lambda,lambda,1.000,0.500,0.100,0.990,13,70,25
sarsa_lambda,lambda,1.000,0.500,0.100,0.990,13,71,21
sarsa_lambda,lambda,1.000,0.500,0.100,0.990,13,72,18
sarsa_lambda,lambda,1.000,0.500,0.100,0.990,13,73,20
sarsa_lambda,lambda,1.000,0.500,0.100,0.990,13,74,19
sarsa_lambda,lambda,1.000,0.500,0.100,0.990,13,75,21
sarsa_lambda,lambda,1.000,0.500,0.100,0.990,13,76,22
sarsa_lambda,lambda,1.000,0.500,0.100,0.990,13,77,37
sarsa_lambda,lambda,1.000,0.500,0.100,0.990,13,78,38
sarsa_lambda,lambda,1.000,0.500,0.100,0.990,13,79,22
sarsa_lambda,lambda,1.000,0.500,0.100,0.990,13,80,22
sarsa_lambda,lambda,1.000,0.500,0.100,0.990,13,81,767
sarsa_lambda,lambda,1.000,0.500,0.100,0.990,13,82,31
sarsa_lambda,lambda,1.000,0.500,0.100,0.990,13,83,30
sarsa_lambda,lambda,1.000,0.500,0.100,0.990,13,84,21
sarsa_lambda,lambda,1.000,0.500,0.100,0.990,13,85,27
sarsa_lambda,lambda,1.000,0.500,0.100,0.990,13,86,21
sarsa_lambda,lambda,1.000,0.500,0.100,0.990,13,87,23
sarsa_lambda,lambda,1.000,0.500,0.100,0.990,13,88,22
sarsa_lambda,lambda,1.000,0.500,0.100,0.990,13,89,27
sarsa_lambda,lambda,1.000,0.500,0.100,0.990,13,90,23
sarsa_lambda,lambda,1.000,0.500,0.100,0.990,13,91,30
sarsa_lambda,lambda,1.000,0.500,0.100,0.990,13,92,25
sarsa_lambda,lambda,1.000,0.500,0.100,0.990,13,93,22
sarsa_lambda,lambda,1.000,0.500,0.100,0.990,13,94,33
sarsa_lambda,lambda,1.000,0.500,0.100,0.990,13,95,23
sarsa_lambda,lambda,1.000,0.500,0.100,0.990,13,96,22
sarsa_lambda,lambda,1.000,0.500,0.100,0.990,13,97,25
sarsa_lambda,lambda,1.000,0.500,0.100,0.990,13,98,26
sarsa_lambda,lambda,1.000,0.500,0.100,0.990,13,99,31
sarsa_lambda,lambda,1.000,0.500,0.100,0.990,13,100,23
sarsa_lambda,lambda,1.000,0.500,0.100,0.990,42,1,4878
sarsa_lambda,lambda,1.000,0.500,0.100,0.990,42,2,146
sarsa_lambda,lambda,1.000,0.500,0.100,0.990,42,3,27
sarsa_lambda,lambda,1.000,0.500,0.100,0.990,42,4,31
sarsa_lambda,lambda,1.000,0.500,0.100,0.990,42,5,21
sarsa_lambda,lambda,1.000,0.500,0.100,0.990,42,6,27
sarsa_lambda,lambda,1.000,0.500,0.100,0.990,42,7,25
sarsa_lambda,lambda,1.000,0.500,0.100,0.990,42,8,31
sarsa_lambda,lambda,1.000,0.500,0.100,0.990,42,9,22
sarsa_lambda,lambda,1.000,0.500,0.100,0.990,42,10,21
sarsa_lambda,lambda,1.000,0.500,0.100,0.990,42,11,24
sarsa_lambda,lambda,1.000,0.500,0.100,0.990,42,12,26
sarsa_lambda,lambda,1.000,0.500,0.100,0.990,42,13,21
sarsa_lambda,lambda,1.000,0.500,0.100,0.990,42,14,20
sarsa_lambda,lambda,1.000,0.500,0.100,0.990,42,15,39
sarsa_lambda,lambda,1.000,0.500,0.100,0.990,42,16,20
sarsa_lambda,lambda,1.000,0.500,0.100,0.990,42,17,22
sarsa_lambda,lambda,1.000,0.500,0.100,0.990,42,18,21
sarsa_lambda,lambda,1.000,0.500,0.100,0.990,42,19,24
sarsa_lambda,lambda,1.000,0.500,0.100,0.990,42,20,22
sarsa_lambda,lambda,1.000,0.500,0.100,0.990,42,21,24
sarsa_lambda,lambda,1.000,0.500,0.100,0.990,42,22,39
sarsa_lambda,lambda,1.000,0.500,0.100,0.990,42,23,31
sarsa_lambda,lambda,1.000,0.500,0.100,0.990,42,24,22
sarsa_lambda,lambda,1.000,0.500,0.100,0.990,42,25,22
sarsa_lambda,lambda,1.000,0.500,0.100,0.990,42,26,25
sarsa_lambda,lambda,1.000,0.500,0.100,0.990,42,27,23
sarsa_lambda,lambda,1.000,0.500,0.100,0.990,42,28,23
sarsa_lambda,lambda,1.000,0.500,0.100,0.990,42,29,21
sarsa_lambda,lambda,1.000,0.500,0.100,0.990,42,30,24
sarsa_lambda,lambda,1.000,0.500,0.100,0.990,42,31,21
sarsa_lambda,lambda,1.000,0.500,0.100,0.990,42,32,23
sarsa_lambda,lambda,1.000,0.500,0.100,0.990,42,33,26
sarsa_lambda,lambda,1.000,0.500,0.100,0.990,42,34,21
sarsa_lambda,lambda,1.000,0.500,0.100,0.990,42,35,31
sarsa_lambda,lambda,1.000,0.500,0.100,0.990,42,36,27
sarsa_lambda,lambda,1.000,0.500,0.100,0.990,42,37,23
sarsa_lambda,lambda,1.000,0.500,0.100,0.990,42,38,32
sarsa_lambda,lambda,1.000,0.500,0.100,0.990,42,39,32
sarsa_lambda,lambda,1.000,0.500,0.100,0.990,42,40,49
sarsa_lambda,lambda,1.000,0.500,0.100,0.990,42,41,67
sarsa_lambda,lambda,1.000,0.500,0.100,0.990,42,42,34
sarsa_lambda,lambda,1.000,0.500,0.100,0.990,42,43,27
sarsa_lambda,lambda,1.000,0.500,0.100,0.990,42,44,134
sarsa_lambda,lambda,1.000,0.500,0.100,0.990,42,45,365
sarsa_lambda,lambda,1.000,0.500,0.100,0.990,42,46,36
sarsa_lambda,lambda,1.000,0.500,0.100,0.990,42,47,57
sarsa_lambda,lambda,1.000,0.500,0.100,0.990,42,48,34
sarsa_lambda,lambda,1.000,0.500,0.100,0.990,42,49,20
sarsa_lambda,lambda,1.000,0.500,0.100,0.990,42,50,19
sarsa_lambda,lambda,1.000,0.500,0.100,0.990,42,51,18
sarsa_lambda,lambda,1.000,0.500,0.100,0.990,42,52,20
sarsa_lambda,lambda,1.000,0.500,0.100,0.990,42,53,18
sarsa_lambda,lambda,1.000,0.500,0.100,0.990,42,54,20
sarsa_lambda,lambda,1.000,0.500,0.100,0.990,42,55,18
sarsa_lambda,lambda,1.000,0.500,0.100,0.990,42,56,26
sarsa_lambda,lambda,1.000,0.500,0.100,0.990,42,57,22
sarsa_lambda,lambda,1.000,0.500,0.100,0.990,42,58,63
sarsa_lambda,lambda,1.000,0.500,0.100,0.990,42,59,72
sarsa_lambda,lambda,1.000,0.500,0.100,0.990,42,60,99
sarsa_lambda,lambda,1.000,0.500,0.100,0.990,42,61,50
sarsa_lambda,lambda,1.000,0.500,0.100,0.990,42,62,53
sarsa_lambda,lambda,1.000,0.500,0.100,0.990,42,63,31
sarsa_lambda,lambda,1.000,0.500,0.100,0.990,42,64,31
sarsa_lambda,lambda,1.000,0.500,0.100,0.990,42,65,49
sarsa_lambda,lambda,1.000,0.500,0.100,0.990,42,66,31
sarsa_lambda,lambda,1.000,0.500,0.100,0.990,42,67,48
sarsa_lambda,lambda,1.000,0.500,0.100,0.990,42,68,39
sarsa_lambda,lambda,1.000,0.500,0.100,0.990,42,69,240
sarsa_lambda,lambda,1.000,0.500,0.100,0.990,42,70,1437
sarsa_lambda,lambda,1.000,0.500,0.100,0.990,42,71,40
sarsa_lambda,lambda,1.000,0.500,0.100,0.990,42,72,107
sarsa_lambda,lambda,1.000,0.500,0.100,0.990,42,73,49
sarsa_lambda,lambda,1.000,0.500,0.100,0.990,42,74,43
sarsa_lambda,lambda,1.000,0.500,0.100,0.990,42,75,49
sarsa_lambda,lambda,1.000,0.500,0.100,0.990,42,76,28
sarsa_lambda,lambda,1.000,0.500,0.100,0.990,42,77,36
sarsa_lambda,lambda,1.000,0.500,0.100,0.990,42,78,23
sarsa_lambda,lambda,1.000,0.500,0.100,0.990,42,79,40
sarsa_lambda,lambda,1.000,0.500,0.100,0.990,42,80,45
sarsa_lambda,lambda,1.000,0.500,0.100,0.990,42,81,32
sarsa_lambda,lambda,1.000,0.500,0.100,0.990,42,82,36
sarsa_lambda,lambda,1.000,0.500,0.100,0.990,42,83,34
sarsa_lambda,lambda,1.000,0.500,0.100,0.990,42,84,46
sarsa_lambda,lambda,1.000,0.500,0.100,0.990,42,85,31
sarsa_lambda,lambda,1.000,0.500,0.100,0.990,42,86,30
sarsa_lambda,lambda,1.000,0.500,0.100,0.990,42,87,36
sarsa_lambda,lambda,1.000,0.500,0.100,0.990,42,88,25
sarsa_lambda,lambda,1.000,0.500,0.100,0.990,42,89,25
sarsa_lambda,lambda,1.000,0.500,0.100,0.990,42,90,28
sarsa_lambda,lambda,1.000,0.500,0.100,0.990,42,91,5485
sarsa_lambda,lambda,1.000,0.500,0.100,0.990,42,92,320
sarsa_lambda,lambda,1.000,0.500,0.100,0.990,42,93,99
sarsa_lambda,lambda,1.000,0.500,0.100,0.990,42,94,32
sarsa_lambda,lambda,1.000,0.500,0.100,0.990,42,95,18
sarsa_lambda,lambda,1.000,0.500,0.100,0.990,42,96,19
sarsa_lambda,lambda,1.000,0.500,0.100,0.990,42,97,19
sarsa_lambda,lambda,1.000,0.500,0.100,0.990,42,98,19
sarsa_lambda,lambda,1.000,0.500,0.100,0.990,42,99,23
sarsa_lambda,lambda,1.000,0.500,0.100,0.990,42,100,24
sarsa_lambda,lambda,1.000,0.500,0.100,0.990,123,1,14334
sarsa_lambda,lambda,1.000,0.500,0.100,0.990,123,2,30
sarsa_lambda,lambda,1.000,0.500,0.100,0.990,123,3,18
sarsa_lambda,lambda,1.000,0.500,0.100,0.990,123,4,18
sarsa_lambda,lambda,1.000,0.500,0.100,0.990,123,5,21
sarsa_lambda,lambda,1.000,0.500,0.100,0.990,123,6,18
sarsa_lambda,lambda,1.000,0.500,0.100,0.990,123,7,20
sarsa_lambda,lambda,1.000,0.500,0.100,0.990,123,8,20
sarsa_lambda,lambda,1.000,0.500,0.100,0.990,123,9,18
sarsa_lambda,lambda,1.000,0.500,0.100,0.990,123,10,18
sarsa_lambda,lambda,1.000,0.500,0.100,0.990,123,11,18
sarsa_lambda,lambda,1.000,0.500,0.100,0.990,123,12,18
sarsa_lambda,lambda,1.000,0.500,0.100,0.990,123,13,18
sarsa_lambda,lambda,1.000,0.500,0.100,0.990,123,14,21
sarsa_lambda,lambda,1.000,0.500,0.100,0.990,123,15,22
sarsa_lambda,lambda,1.000,0.500,0.100,0.990,123,16,34
sarsa_lambda,lambda,1.000,0.500,0.100,0.990,123,17,19
sarsa_lambda,lambda,1.000,0.500,0.100,0.990,123,18,22
sarsa_lambda,lambda,1.000,0.500,0.100,0.990,123,19,18
sarsa_lambda,lambda,1.000,0.500,0.100,0.990,123,20,23
sarsa_lambda,lambda,1.000,0.500,0.100,0.990,123,21,21
sarsa_lambda,lambda,1.000,0.500,0.100,0.990,123,22,31
sarsa_lambda,lambda,1.000,0.500,0.100,0.990,123,23,18
sarsa_lambda,lambda,1.000,0.500,0.100,0.990,123,24,18
sarsa_lambda,lambda,1.000,0.500,0.100,0.990,123,25,21
sarsa_lambda,lambda,1.000,0.500,0.100,0.990,123,26,20
sarsa_lambda,lambda,1.000,0.500,0.100,0.990,123,27,18
sarsa_lambda,lambda,1.000,0.500,0.100,0.990,123,28,18
sarsa_lambda,lambda,1.000,0.500,0.100,0.990,123,29,19
sarsa_lambda,lambda,1.000,0.500,0.100,0.990,123,30,18
sarsa_lambda,lambda,1.000,0.500,0.100,0.990,123,31,21
sarsa_lambda,lambda,1.000,0.500,0.100,0.990,123,32,21
sarsa_lambda,lambda,1.000,0.500,0.100,0.990,123,33,66
sarsa_lambda,lambda,1.000,0.500,0.100,0.990,123,34,18
sarsa_lambda,lambda,1.000,0.500,0.100,0.990,123,35,18
sarsa_lambda,lambda,1.000,0.500,0.100,0.990,123,36,19
sarsa_lambda,lambda,1.000,0.500,0.100,0.990,123,37,19
sarsa_lambda,lambda,1.000,0.500,0.100,0.990,123,38,18
sarsa_lambda,lambda,1.000,0.500,0.100,0.990,123,39,18
sarsa_lambda,lambda,1.000,0.500,0.100,0.990,123,40,26
sarsa_lambda,lambda,1.000,0.500,0.100,0.990,123,41,19
sarsa_lambda,lambda,1.000,0.500,0.100,0.990,123,42,23
sarsa_lambda,lambda,1.000,0.500,0.100,0.990,123,43,19
sarsa_lambda,lambda,1.000,0.500,0.100,0.990,123,44,24
sarsa_lambda,lambda,1.000,0.500,0.100,0.990,123,45,29
sarsa_lambda,lambda,1.000,0.500,0.100,0.990,123,46,18
sarsa_lambda,lambda,1.000,0.500,0.100,0.990,123,47,24
sarsa_lambda,lambda,1.000,0.500,0.100,0.990,123,48,21
sarsa_lambda,lambda,1.000,0.500,0.100,0.990,123,49,26
sarsa_lambda,lambda,1.000,0.500,0.100,0.990,123,50,18
sarsa_lambda,lambda,1.000,0.500,0.100,0.990,123,51,18
sarsa_lambda,lambda,1.000,0.500,0.100,0.990,123,52,32
sarsa_lambda,lambda,1.000,0.500,0.100,0.990,123,53,21
sarsa_lambda,lambda,1.000,0.500,0.100,0.990,123,54,20
sarsa_lambda,lambda,1.000,0.500,0.100,0.990,123,55,20
sarsa_lambda,lambda,1.000,0.500,0.100,0.990,123,56,21
sarsa_lambda,lambda,1.000,0.500,0.100,0.990,123,57,18
sarsa_lambda,lambda,1.000,0.500,0.100,0.990,123,58,18
sarsa_lambda,lambda,1.000,0.500,0.100,0.990,123,59,22
sarsa_lambda,lambda,1.000,0.500,0.100,0.990,123,60,18
sarsa_lambda,lambda,1.000,0.500,0.100,0.990,123,61,19
sarsa_lambda,lambda,1.000,0.500,0.100,0.990,123,62,18
sarsa_lambda,lambda,1.000,0.500,0.100,0.990,123,63,19
sarsa_lambda,lambda,1.000,0.500,0.100,0.990,123,64,18
sarsa_lambda,lambda,1.000,0.500,0.100,0.990,123,65,22
sarsa_lambda,lambda,1.000,0.500,0.100,0.990,123,66,23
sarsa_lambda,lambda,1.000,0.500,0.100,0.990,123,67,18
sarsa_lambda,lambda,1.000,0.500,0.100,0.990,123,68,20
sarsa_lambda,lambda,1.000,0.500,0.100,0.990,123,69,19
sarsa_lambda,lambda,1.000,0.500,0.100,0.990,123,70,18
sarsa_lambda,lambda,1.000,0.500,0.100,0.990,123,71,19
sarsa_lambda,lambda,1.000,0.500,0.100,0.990,123,72,18
sarsa_lambda,lambda,1.000,0.500,0.100,0.990,123,73,20
sarsa_lambda,lambda,1.000,0.500,0.100,0.990,123,74,18
sarsa_lambda,lambda,1.000,0.500,0.100,0.990,123,75,18
sarsa_lambda,lambda,1.000,0.500,0.100,0.990,123,76,20
sarsa_lambda,lambda,1.000,0.500,0.100,0.990,123,77,23
sarsa_lambda,lambda,1.000,0.500,0.100,0.990,123,78,23
sarsa_lambda,lambda,1.000,0.500,0.100,0.990,123,79,21
sarsa_lambda,lambda,1.000,0.500,0.100,0.990,123,80,660
sarsa_lambda,lambda,1.000,0.500,0.100,0.990,123,81,70
sarsa_lambda,lambda,1.000,0.500,0.100,0.990,123,82,24
sarsa_lambda,lambda,1.000,0.500,0.100,0.990,123,83,24
sarsa_lambda,lambda,1.000,0.500,0.100,0.990,123,84,23
sarsa_lambda,lambda,1.000,0.500,0.100,0.990,123,85,22
sarsa_lambda,lambda,1.000,0.500,0.100,0.990,123,86,22
sarsa_lambda,lambda,1.000,0.500,0.100,0.990,123,87,23
sarsa_lambda,lambda,1.000,0.500,0.100,0.990,123,88,37
sarsa_lambda,lambda,1.000,0.500,0.100,0.990,123,89,282
sarsa_lambda,lambda,1.000,0.500,0.100,0.990,123,90,106
sarsa_lambda,lambda,1.000,0.500,0.100,0.990,123,91,35
sarsa_lambda,lambda,1.000,0.500,0.100,0.990,123,92,18
sarsa_lambda,lambda,1.000,0.500,0.100,0.990,123,93,18
sarsa_lambda,lambda,1.000,0.500,0.100,0.990,123,94,19
sarsa_lambda,lambda,1.000,0.500,0.100,0.990,123,95,18
sarsa_lambda,lambda,1.000,0.500,0.100,0.990,123,96,31
sarsa_lambda,lambda,1.000,0.500,0.100,0.990,123,97,20
sarsa_lambda,lambda,1.000,0.500,0.100,0.990,123,98,19
sarsa_lambda,lambda,1.000,0.500,0.100,0.990,123,99,20
sarsa_lambda,lambda,1.000,0.500,0.100,0.990,123,100,23
